config,stem
fb_h0_k1_m15_d0,IMG_2188-HEIC
fb_h0_k1_m15_d0,IMG_2183-HEIC
fb_h0_k1_m15_d0,IMG_2151-HEIC
fb_h0_k1_m15_d0,IMG_2150-HEIC
fb_h0_k1_m15_d0,IMG_2202-HEIC
fb_h0_k1_m15_d0,IMG_2205-HEIC
fb_h0_k1_m15_d0,IMG_2213-HEIC
fb_h0_k1_m15_d0,IMG_2134-HEIC
fb_h0_k1_m15_d0,IMG_2152-HEIC
fb_h0_k1_m15_d0,IMG_2177-HEIC
fb_h0_k1_m15_d0,IMG_2181-HEIC
fb_h0_k1_m15_d0,IMG_2216-HEIC
fb_h0_k1_m15_d0,IMG_2206-HEIC
fb_h0_k1_m15_d0,IMG_2194-HEIC
fb_h0_k1_m15_d0,IMG_2169-HEIC
fb_h0_k1_m50_d0,IMG_2188-HEIC
fb_h0_k1_m50_d0,IMG_2183-HEIC
fb_h0_k1_m50_d0,IMG_2151-HEIC
fb_h0_k1_m50_d0,IMG_2150-HEIC
fb_h0_k1_m50_d0,IMG_2202-HEIC
fb_h0_k1_m50_d0,IMG_2205-HEIC
fb_h0_k1_m50_d0,IMG_2213-HEIC
fb_h0_k1_m50_d0,IMG_2134-HEIC
fb_h0_k1_m50_d0,IMG_2152-HEIC
fb_h0_k1_m50_d0,IMG_2177-HEIC
fb_h0_k1_m50_d0,IMG_2181-HEIC
fb_h0_k1_m50_d0,IMG_2216-HEIC
fb_h0_k1_m50_d0,IMG_2206-HEIC
fb_h0_k1_m50_d0,IMG_2194-HEIC
fb_h0_k1_m50_d0,IMG_2169-HEIC
fb_h0_k1_m50_d0,IMG_2178-HEIC
fb_h0_k1_m50_d0,IMG_2201-HEIC
fb_h0_k1_m50_d0,IMG_2184-HEIC
fb_h0_k1_m50_d0,IMG_2148-HEIC
fb_h0_k1_m50_d0,IMG_2204-HEIC
fb_h0_k1_m50_d0,IMG_2174-HEIC
fb_h0_k1_m50_d0,IMG_2195-HEIC
fb_h0_k1_m50_d0,IMG_2187-HEIC
fb_h0_k1_m50_d0,IMG_2153-HEIC
fb_h0_k1_m50_d0,IMG_2214-HEIC
fb_h0_k1_m50_d0,IMG_2203-HEIC
fb_h0_k1_m50_d0,IMG_2198-HEIC
fb_h0_k1_m50_d0,IMG_2193-HEIC
fb_h0_k1_m50_d0,IMG_2191-HEIC
fb_h0_k1_m50_d0,IMG_2168-HEIC
fb_h0_k1_m50_d0,IMG_2149-HEIC
fb_h0_k1_m50_d0,IMG_2199-HEIC
fb_h0_k1_m50_d0,IMG_2139-HEIC
fb_h0_k1_m50_d0,IMG_2180-HEIC
fb_h0_k1_m50_d0,IMG_2159-HEIC
fb_h0_k1_m50_d0,IMG_2212-HEIC
fb_h0_k1_m50_d0,IMG_2208-HEIC
fb_h0_k1_m50_d0,IMG_2158-HEIC
fb_h0_k1_m50_d0,IMG_2154-HEIC
fb_h0_k1_m50_d0,IMG_2196-HEIC
fb_h0_k1_m50_d0,IMG_2190-HEIC
fb_h0_k1_m50_d0,IMG_2197-HEIC
fb_h0_k1_m50_d0,IMG_2170-HEIC
fb_h0_k1_m50_d0,IMG_2182-HEIC
fb_h0_k1_m50_d0,IMG_2131-HEIC
fb_h0_k1_m50_d0,IMG_2211-HEIC
fb_h0_k1_m50_d0,IMG_2179-HEIC
fb_h0_k1_m50_d0,IMG_2175-HEIC
fb_h0_k1_m50_d0,IMG_2133-HEIC
fb_h0_k1_m50_d0,IMG_2185-HEIC
fb_h0_k1_mall_d0,IMG_2188-HEIC
fb_h0_k1_mall_d0,IMG_2183-HEIC
fb_h0_k1_mall_d0,IMG_2151-HEIC
fb_h0_k1_mall_d0,IMG_2150-HEIC
fb_h0_k1_mall_d0,IMG_2202-HEIC
fb_h0_k1_mall_d0,IMG_2205-HEIC
fb_h0_k1_mall_d0,IMG_2213-HEIC
fb_h0_k1_mall_d0,IMG_2134-HEIC
fb_h0_k1_mall_d0,IMG_2152-HEIC
fb_h0_k1_mall_d0,IMG_2177-HEIC
fb_h0_k1_mall_d0,IMG_2181-HEIC
fb_h0_k1_mall_d0,IMG_2216-HEIC
fb_h0_k1_mall_d0,IMG_2206-HEIC
fb_h0_k1_mall_d0,IMG_2194-HEIC
fb_h0_k1_mall_d0,IMG_2169-HEIC
fb_h0_k1_mall_d0,IMG_2178-HEIC
fb_h0_k1_mall_d0,IMG_2201-HEIC
fb_h0_k1_mall_d0,IMG_2184-HEIC
fb_h0_k1_mall_d0,IMG_2148-HEIC
fb_h0_k1_mall_d0,IMG_2204-HEIC
fb_h0_k1_mall_d0,IMG_2174-HEIC
fb_h0_k1_mall_d0,IMG_2195-HEIC
fb_h0_k1_mall_d0,IMG_2187-HEIC
fb_h0_k1_mall_d0,IMG_2153-HEIC
fb_h0_k1_mall_d0,IMG_2214-HEIC
fb_h0_k1_mall_d0,IMG_2203-HEIC
fb_h0_k1_mall_d0,IMG_2198-HEIC
fb_h0_k1_mall_d0,IMG_2193-HEIC
fb_h0_k1_mall_d0,IMG_2191-HEIC
fb_h0_k1_mall_d0,IMG_2168-HEIC
fb_h0_k1_mall_d0,IMG_2149-HEIC
fb_h0_k1_mall_d0,IMG_2199-HEIC
fb_h0_k1_mall_d0,IMG_2139-HEIC
fb_h0_k1_mall_d0,IMG_2180-HEIC
fb_h0_k1_mall_d0,IMG_2159-HEIC
fb_h0_k1_mall_d0,IMG_2212-HEIC
fb_h0_k1_mall_d0,IMG_2208-HEIC
fb_h0_k1_mall_d0,IMG_2158-HEIC
fb_h0_k1_mall_d0,IMG_2154-HEIC
fb_h0_k1_mall_d0,IMG_2196-HEIC
fb_h0_k1_mall_d0,IMG_2190-HEIC
fb_h0_k1_mall_d0,IMG_2197-HEIC
fb_h0_k1_mall_d0,IMG_2170-HEIC
fb_h0_k1_mall_d0,IMG_2182-HEIC
fb_h0_k1_mall_d0,IMG_2131-HEIC
fb_h0_k1_mall_d0,IMG_2211-HEIC
fb_h0_k1_mall_d0,IMG_2179-HEIC
fb_h0_k1_mall_d0,IMG_2175-HEIC
fb_h0_k1_mall_d0,IMG_2133-HEIC
fb_h0_k1_mall_d0,IMG_2185-HEIC
fb_h0_k1_mall_d0,IMG_2209-HEIC
fb_h0_k1_mall_d0,IMG_2138-HEIC
fb_h0_k1_mall_d0,IMG_2176-HEIC
fb_h0_k1_mall_d0,IMG_2189-HEIC
fb_h0_k1_mall_d0,IMG_2155-HEIC
fb_h0_k1_mall_d0,IMG_2156-HEIC
fb_h0_k1_mall_d0,IMG_2132-HEIC
fb_h0_k1_m15_d1,IMG_1970
fb_h0_k1_m15_d1,IMG_1929
fb_h0_k1_m15_d1,IMG_4003
fb_h0_k1_m15_d1,IMG_3975
fb_h0_k1_m15_d1,IMG_2048
fb_h0_k1_m15_d1,IMG_1996
fb_h0_k1_m15_d1,IMG_3926
fb_h0_k1_m15_d1,IMG_2014
fb_h0_k1_m15_d1,IMG_3920
fb_h0_k1_m15_d1,IMG_3924
fb_h0_k1_m15_d1,IMG_3929
fb_h0_k1_m15_d1,IMG_2044
fb_h0_k1_m15_d1,IMG_1958
fb_h0_k1_m15_d1,IMG_3981
fb_h0_k1_m15_d1,IMG_2018
fb_h0_k1_m50_d1,IMG_1970
fb_h0_k1_m50_d1,IMG_1929
fb_h0_k1_m50_d1,IMG_4003
fb_h0_k1_m50_d1,IMG_3975
fb_h0_k1_m50_d1,IMG_2048
fb_h0_k1_m50_d1,IMG_1996
fb_h0_k1_m50_d1,IMG_3926
fb_h0_k1_m50_d1,IMG_2014
fb_h0_k1_m50_d1,IMG_3920
fb_h0_k1_m50_d1,IMG_3924
fb_h0_k1_m50_d1,IMG_3929
fb_h0_k1_m50_d1,IMG_2044
fb_h0_k1_m50_d1,IMG_1958
fb_h0_k1_m50_d1,IMG_3981
fb_h0_k1_m50_d1,IMG_2018
fb_h0_k1_m50_d1,IMG_4034
fb_h0_k1_m50_d1,IMG_1965
fb_h0_k1_m50_d1,IMG_4032
fb_h0_k1_m50_d1,IMG_4002
fb_h0_k1_m50_d1,IMG_3918
fb_h0_k1_m50_d1,IMG_3995
fb_h0_k1_m50_d1,IMG_1961
fb_h0_k1_m50_d1,IMG_2053
fb_h0_k1_m50_d1,IMG_4020
fb_h0_k1_m50_d1,IMG_2030
fb_h0_k1_m50_d1,IMG_1956
fb_h0_k1_m50_d1,IMG_2052
fb_h0_k1_m50_d1,IMG_2019
fb_h0_k1_m50_d1,IMG_2026
fb_h0_k1_m50_d1,IMG_1969
fb_h0_k1_m50_d1,IMG_2024
fb_h0_k1_m50_d1,IMG_1971
fb_h0_k1_m50_d1,IMG_4026
fb_h0_k1_m50_d1,IMG_1998
fb_h0_k1_m50_d1,IMG_3928
fb_h0_k1_m50_d1,IMG_2015
fb_h0_k1_m50_d1,IMG_1964
fb_h0_k1_m50_d1,IMG_3984
fb_h0_k1_m50_d1,IMG_3965
fb_h0_k1_m50_d1,IMG_2002
fb_h0_k1_m50_d1,IMG_3999
fb_h0_k1_m50_d1,IMG_1908
fb_h0_k1_m50_d1,IMG_2039
fb_h0_k1_m50_d1,IMG_3997
fb_h0_k1_m50_d1,IMG_1957
fb_h0_k1_m50_d1,IMG_3996
fb_h0_k1_m50_d1,IMG_3994
fb_h0_k1_m50_d1,IMG_2050
fb_h0_k1_m50_d1,IMG_3932
fb_h0_k1_m50_d1,IMG_4012
fb_h0_k1_mall_d1,IMG_1970
fb_h0_k1_mall_d1,IMG_1929
fb_h0_k1_mall_d1,IMG_4003
fb_h0_k1_mall_d1,IMG_3975
fb_h0_k1_mall_d1,IMG_2048
fb_h0_k1_mall_d1,IMG_1996
fb_h0_k1_mall_d1,IMG_3926
fb_h0_k1_mall_d1,IMG_2014
fb_h0_k1_mall_d1,IMG_3920
fb_h0_k1_mall_d1,IMG_3924
fb_h0_k1_mall_d1,IMG_3929
fb_h0_k1_mall_d1,IMG_2044
fb_h0_k1_mall_d1,IMG_1958
fb_h0_k1_mall_d1,IMG_3981
fb_h0_k1_mall_d1,IMG_2018
fb_h0_k1_mall_d1,IMG_4034
fb_h0_k1_mall_d1,IMG_1965
fb_h0_k1_mall_d1,IMG_4032
fb_h0_k1_mall_d1,IMG_4002
fb_h0_k1_mall_d1,IMG_3918
fb_h0_k1_mall_d1,IMG_3995
fb_h0_k1_mall_d1,IMG_1961
fb_h0_k1_mall_d1,IMG_2053
fb_h0_k1_mall_d1,IMG_4020
fb_h0_k1_mall_d1,IMG_2030
fb_h0_k1_mall_d1,IMG_1956
fb_h0_k1_mall_d1,IMG_2052
fb_h0_k1_mall_d1,IMG_2019
fb_h0_k1_mall_d1,IMG_2026
fb_h0_k1_mall_d1,IMG_1969
fb_h0_k1_mall_d1,IMG_2024
fb_h0_k1_mall_d1,IMG_1971
fb_h0_k1_mall_d1,IMG_4026
fb_h0_k1_mall_d1,IMG_1998
fb_h0_k1_mall_d1,IMG_3928
fb_h0_k1_mall_d1,IMG_2015
fb_h0_k1_mall_d1,IMG_1964
fb_h0_k1_mall_d1,IMG_3984
fb_h0_k1_mall_d1,IMG_3965
fb_h0_k1_mall_d1,IMG_2002
fb_h0_k1_mall_d1,IMG_3999
fb_h0_k1_mall_d1,IMG_1908
fb_h0_k1_mall_d1,IMG_2039
fb_h0_k1_mall_d1,IMG_3997
fb_h0_k1_mall_d1,IMG_1957
fb_h0_k1_mall_d1,IMG_3996
fb_h0_k1_mall_d1,IMG_3994
fb_h0_k1_mall_d1,IMG_2050
fb_h0_k1_mall_d1,IMG_3932
fb_h0_k1_mall_d1,IMG_4012
fb_h0_k1_mall_d1,IMG_2047
fb_h0_k1_mall_d1,IMG_4014
fb_h0_k1_mall_d1,IMG_2051
fb_h0_k1_mall_d1,IMG_2025
fb_h0_k1_mall_d1,IMG_2011
fb_h0_k1_mall_d1,IMG_2012
fb_h0_k1_mall_d1,IMG_4029
fb_h0_k1_mall_d1,IMG_4025
fb_h0_k1_mall_d1,IMG_1968
fb_h0_k1_mall_d1,IMG_4013
fb_h0_k1_mall_d1,IMG_1999
fb_h0_k1_mall_d1,IMG_2054
fb_h0_k1_mall_d1,IMG_3982
fb_h0_k1_mall_d1,IMG_1916
fb_h0_k1_mall_d1,IMG_2057
fb_h0_k1_mall_d1,IMG_2046
fb_h0_k1_mall_d1,IMG_2023
fb_h0_k1_mall_d1,IMG_2040
fb_h0_k1_mall_d1,IMG_2055
fb_h0_k1_mall_d1,IMG_4019
fb_h0_k1_mall_d1,IMG_2022
fb_h0_k1_mall_d1,IMG_4047
fb_h0_k1_mall_d1,IMG_1960
fb_h0_k1_mall_d1,IMG_3961
fb_h0_k1_mall_d1,IMG_4004
fb_h0_k1_mall_d1,IMG_4001
fb_h0_k1_mall_d1,IMG_3998
fb_h0_k1_mall_d1,IMG_2037
fb_h0_k1_mall_d1,IMG_3925
fb_h0_k1_mall_d1,IMG_3986
fb_h0_k1_mall_d1,IMG_1913
fb_h0_k1_mall_d1,IMG_1966
fb_h0_k1_mall_d1,IMG_3976
fb_h0_k1_mall_d1,IMG_2056
fb_h0_k1_mall_d1,IMG_4033
fb_h0_k1_mall_d1,IMG_2038
fb_h0_k1_mall_d1,IMG_3923
fb_h0_k1_mall_d1,IMG_1914
fb_h0_k1_mall_d1,IMG_3983
fb_h0_k1_mall_d1,IMG_1997
fb_h0_k1_mall_d1,IMG_3993
fb_h0_k1_mall_d1,IMG_1925
fb_h0_k1_mall_d1,IMG_4011
fb_h0_k1_mall_d1,IMG_4053
fb_h0_k1_mall_d1,IMG_2049
fb_h0_k1_mall_d1,IMG_3992
fb_h0_k1_mall_d1,IMG_1917
fb_h0_k1_mall_d1,IMG_2031
fb_h0_k1_mall_d1,IMG_4015
fb_h0_k1_mall_d1,IMG_3931
fb_h0_k1_mall_d1,IMG_2043
fb_h0_k1_mall_d1,IMG_2001
fb_h0_k1_mall_d1,IMG_2016
fb_h0_k1_mall_d1,IMG_1915
fb_h0_k1_mall_d1,IMG_2013
fb_h0_k1_mall_d1,IMG_4005
fb_h0_k1_mall_d1,IMG_1928
fb_h0_k1_mall_d1,IMG_1993
fb_h0_k1_mall_d1,IMG_4058
fb_h0_k1_mall_d1,IMG_3978
fb_h0_k1_mall_d1,IMG_4041
fb_h0_k1_mall_d1,IMG_2010
fb_h0_k1_mall_d1,IMG_3987
fb_h0_k1_mall_d1,IMG_3977
fb_h0_k1_mall_d1,IMG_3930
fb_h0_k1_mall_d1,IMG_3980
fb_h0_k1_mall_d1,IMG_4024
fb_h0_k1_mall_d1,IMG_1909
fb_h0_k1_mall_d1,IMG_2042
fb_h0_k1_mall_d1,IMG_1962
fb_h0_k1_mall_d1,IMG_1923
fb_h0_k1_mall_d1,IMG_1924
fb_h0_k1_mall_d1,IMG_1963
fb_h0_k1_mall_d1,IMG_3921
fb_h0_k1_mall_d1,IMG_3963
fb_h0_k1_mall_d1,IMG_1918
fb_h0_k1_mall_d1,IMG_3962
fb_h0_k1_mall_d1,IMG_2045
fb_h0_k1_mall_d1,IMG_2009
fb_h0_k1_mall_d1,IMG_1922
fb_h0_k1_mall_d1,IMG_3919
fb_h0_k1_mall_d1,IMG_2032
fb_h0_k1_mall_d1,IMG_4031
fb_h0_k1_mall_d1,IMG_1912
fb_h0_k1_mall_d1,IMG_1959
fb_h0_k2_m15_d0,IMG_0759-HEIC
fb_h0_k2_m15_d0,IMG_0766-HEIC
fb_h0_k2_m15_d0,IMG_0752-HEIC
fb_h0_k2_m15_d0,IMG_2336-HEIC
fb_h0_k2_m15_d0,IMG_2242-HEIC
fb_h0_k2_m15_d0,IMG_2341-HEIC
fb_h0_k2_m15_d0,IMG_2346-HEIC
fb_h0_k2_m15_d0,IMG_2256-HEIC
fb_h0_k2_m15_d0,IMG_2247-HEIC
fb_h0_k2_m15_d0,IMG_2382-HEIC
fb_h0_k2_m15_d0,IMG_2252-HEIC
fb_h0_k2_m15_d0,IMG_2258-HEIC
fb_h0_k2_m15_d0,IMG_2383-HEIC
fb_h0_k2_m15_d0,IMG_2334-HEIC
fb_h0_k2_m15_d0,IMG_0768-HEIC
fb_h0_k2_m15_d0,IMG_2131-HEIC
fb_h0_k2_m15_d0,IMG_2149-HEIC
fb_h0_k2_m15_d0,IMG_2178-HEIC
fb_h0_k2_m15_d0,IMG_2204-HEIC
fb_h0_k2_m15_d0,IMG_2174-HEIC
fb_h0_k2_m15_d0,IMG_2180-HEIC
fb_h0_k2_m15_d0,IMG_2189-HEIC
fb_h0_k2_m15_d0,IMG_2214-HEIC
fb_h0_k2_m15_d0,IMG_2158-HEIC
fb_h0_k2_m15_d0,IMG_2209-HEIC
fb_h0_k2_m15_d0,IMG_2198-HEIC
fb_h0_k2_m15_d0,IMG_2184-HEIC
fb_h0_k2_m15_d0,IMG_2156-HEIC
fb_h0_k2_m15_d0,IMG_2159-HEIC
fb_h0_k2_m15_d0,IMG_2168-HEIC
fb_h0_k2_m50_d0,IMG_0759-HEIC
fb_h0_k2_m50_d0,IMG_0766-HEIC
fb_h0_k2_m50_d0,IMG_0752-HEIC
fb_h0_k2_m50_d0,IMG_2336-HEIC
fb_h0_k2_m50_d0,IMG_2242-HEIC
fb_h0_k2_m50_d0,IMG_2341-HEIC
fb_h0_k2_m50_d0,IMG_2346-HEIC
fb_h0_k2_m50_d0,IMG_2256-HEIC
fb_h0_k2_m50_d0,IMG_2247-HEIC
fb_h0_k2_m50_d0,IMG_2382-HEIC
fb_h0_k2_m50_d0,IMG_2252-HEIC
fb_h0_k2_m50_d0,IMG_2258-HEIC
fb_h0_k2_m50_d0,IMG_2383-HEIC
fb_h0_k2_m50_d0,IMG_2334-HEIC
fb_h0_k2_m50_d0,IMG_0768-HEIC
fb_h0_k2_m50_d0,IMG_0772-HEIC
fb_h0_k2_m50_d0,IMG_2273-HEIC
fb_h0_k2_m50_d0,IMG_2259-HEIC
fb_h0_k2_m50_d0,IMG_2389-HEIC
fb_h0_k2_m50_d0,IMG_0760-HEIC
fb_h0_k2_m50_d0,IMG_2249-HEIC
fb_h0_k2_m50_d0,IMG_2296-HEIC
fb_h0_k2_m50_d0,IMG_2289-HEIC
fb_h0_k2_m50_d0,IMG_2248-HEIC
fb_h0_k2_m50_d0,IMG_2347-HEIC
fb_h0_k2_m50_d0,IMG_2308-HEIC
fb_h0_k2_m50_d0,IMG_2290-HEIC
fb_h0_k2_m50_d0,IMG_0770-HEIC
fb_h0_k2_m50_d0,IMG_2270-HEIC
fb_h0_k2_m50_d0,IMG_0755-HEIC
fb_h0_k2_m50_d0,IMG_2257-HEIC
fb_h0_k2_m50_d0,IMG_2274-HEIC
fb_h0_k2_m50_d0,IMG_2311-HEIC
fb_h0_k2_m50_d0,IMG_0740-HEIC
fb_h0_k2_m50_d0,IMG_0758-HEIC
fb_h0_k2_m50_d0,IMG_2333-HEIC
fb_h0_k2_m50_d0,IMG_2345-HEIC
fb_h0_k2_m50_d0,IMG_2286-HEIC
fb_h0_k2_m50_d0,IMG_2305-HEIC
fb_h0_k2_m50_d0,IMG_2239-HEIC
fb_h0_k2_m50_d0,IMG_0743-HEIC
fb_h0_k2_m50_d0,IMG_0756-HEIC
fb_h0_k2_m50_d0,IMG_0771-HEIC
fb_h0_k2_m50_d0,IMG_2351-HEIC
fb_h0_k2_m50_d0,IMG_2255-HEIC
fb_h0_k2_m50_d0,IMG_2381-HEIC
fb_h0_k2_m50_d0,IMG_2287-HEIC
fb_h0_k2_m50_d0,IMG_2310-HEIC
fb_h0_k2_m50_d0,IMG_2332-HEIC
fb_h0_k2_m50_d0,IMG_2253-HEIC
fb_h0_k2_m50_d0,IMG_2131-HEIC
fb_h0_k2_m50_d0,IMG_2149-HEIC
fb_h0_k2_m50_d0,IMG_2178-HEIC
fb_h0_k2_m50_d0,IMG_2204-HEIC
fb_h0_k2_m50_d0,IMG_2174-HEIC
fb_h0_k2_m50_d0,IMG_2180-HEIC
fb_h0_k2_m50_d0,IMG_2189-HEIC
fb_h0_k2_m50_d0,IMG_2214-HEIC
fb_h0_k2_m50_d0,IMG_2158-HEIC
fb_h0_k2_m50_d0,IMG_2209-HEIC
fb_h0_k2_m50_d0,IMG_2198-HEIC
fb_h0_k2_m50_d0,IMG_2184-HEIC
fb_h0_k2_m50_d0,IMG_2156-HEIC
fb_h0_k2_m50_d0,IMG_2159-HEIC
fb_h0_k2_m50_d0,IMG_2168-HEIC
fb_h0_k2_m50_d0,IMG_2182-HEIC
fb_h0_k2_m50_d0,IMG_2185-HEIC
fb_h0_k2_m50_d0,IMG_2152-HEIC
fb_h0_k2_m50_d0,IMG_2183-HEIC
fb_h0_k2_m50_d0,IMG_2205-HEIC
fb_h0_k2_m50_d0,IMG_2132-HEIC
fb_h0_k2_m50_d0,IMG_2155-HEIC
fb_h0_k2_m50_d0,IMG_2133-HEIC
fb_h0_k2_m50_d0,IMG_2194-HEIC
fb_h0_k2_m50_d0,IMG_2208-HEIC
fb_h0_k2_m50_d0,IMG_2134-HEIC
fb_h0_k2_m50_d0,IMG_2199-HEIC
fb_h0_k2_m50_d0,IMG_2188-HEIC
fb_h0_k2_m50_d0,IMG_2169-HEIC
fb_h0_k2_m50_d0,IMG_2206-HEIC
fb_h0_k2_m50_d0,IMG_2196-HEIC
fb_h0_k2_m50_d0,IMG_2202-HEIC
fb_h0_k2_m50_d0,IMG_2177-HEIC
fb_h0_k2_m50_d0,IMG_2213-HEIC
fb_h0_k2_m50_d0,IMG_2201-HEIC
fb_h0_k2_m50_d0,IMG_2195-HEIC
fb_h0_k2_m50_d0,IMG_2179-HEIC
fb_h0_k2_m50_d0,IMG_2216-HEIC
fb_h0_k2_m50_d0,IMG_2175-HEIC
fb_h0_k2_m50_d0,IMG_2197-HEIC
fb_h0_k2_m50_d0,IMG_2154-HEIC
fb_h0_k2_m50_d0,IMG_2153-HEIC
fb_h0_k2_m50_d0,IMG_2148-HEIC
fb_h0_k2_m50_d0,IMG_2181-HEIC
fb_h0_k2_m50_d0,IMG_2193-HEIC
fb_h0_k2_m50_d0,IMG_2211-HEIC
fb_h0_k2_m50_d0,IMG_2191-HEIC
fb_h0_k2_m50_d0,IMG_2138-HEIC
fb_h0_k2_m50_d0,IMG_2151-HEIC
fb_h0_k2_m50_d0,IMG_2190-HEIC
fb_h0_k2_mall_d0,IMG_0759-HEIC
fb_h0_k2_mall_d0,IMG_0766-HEIC
fb_h0_k2_mall_d0,IMG_0752-HEIC
fb_h0_k2_mall_d0,IMG_2336-HEIC
fb_h0_k2_mall_d0,IMG_2242-HEIC
fb_h0_k2_mall_d0,IMG_2341-HEIC
fb_h0_k2_mall_d0,IMG_2346-HEIC
fb_h0_k2_mall_d0,IMG_2256-HEIC
fb_h0_k2_mall_d0,IMG_2247-HEIC
fb_h0_k2_mall_d0,IMG_2382-HEIC
fb_h0_k2_mall_d0,IMG_2252-HEIC
fb_h0_k2_mall_d0,IMG_2258-HEIC
fb_h0_k2_mall_d0,IMG_2383-HEIC
fb_h0_k2_mall_d0,IMG_2334-HEIC
fb_h0_k2_mall_d0,IMG_0768-HEIC
fb_h0_k2_mall_d0,IMG_0772-HEIC
fb_h0_k2_mall_d0,IMG_2273-HEIC
fb_h0_k2_mall_d0,IMG_2259-HEIC
fb_h0_k2_mall_d0,IMG_2389-HEIC
fb_h0_k2_mall_d0,IMG_0760-HEIC
fb_h0_k2_mall_d0,IMG_2249-HEIC
fb_h0_k2_mall_d0,IMG_2296-HEIC
fb_h0_k2_mall_d0,IMG_2289-HEIC
fb_h0_k2_mall_d0,IMG_2248-HEIC
fb_h0_k2_mall_d0,IMG_2347-HEIC
fb_h0_k2_mall_d0,IMG_2308-HEIC
fb_h0_k2_mall_d0,IMG_2290-HEIC
fb_h0_k2_mall_d0,IMG_0770-HEIC
fb_h0_k2_mall_d0,IMG_2270-HEIC
fb_h0_k2_mall_d0,IMG_0755-HEIC
fb_h0_k2_mall_d0,IMG_2257-HEIC
fb_h0_k2_mall_d0,IMG_2274-HEIC
fb_h0_k2_mall_d0,IMG_2311-HEIC
fb_h0_k2_mall_d0,IMG_0740-HEIC
fb_h0_k2_mall_d0,IMG_0758-HEIC
fb_h0_k2_mall_d0,IMG_2333-HEIC
fb_h0_k2_mall_d0,IMG_2345-HEIC
fb_h0_k2_mall_d0,IMG_2286-HEIC
fb_h0_k2_mall_d0,IMG_2305-HEIC
fb_h0_k2_mall_d0,IMG_2239-HEIC
fb_h0_k2_mall_d0,IMG_0743-HEIC
fb_h0_k2_mall_d0,IMG_0756-HEIC
fb_h0_k2_mall_d0,IMG_0771-HEIC
fb_h0_k2_mall_d0,IMG_2351-HEIC
fb_h0_k2_mall_d0,IMG_2255-HEIC
fb_h0_k2_mall_d0,IMG_2381-HEIC
fb_h0_k2_mall_d0,IMG_2287-HEIC
fb_h0_k2_mall_d0,IMG_2310-HEIC
fb_h0_k2_mall_d0,IMG_2332-HEIC
fb_h0_k2_mall_d0,IMG_2253-HEIC
fb_h0_k2_mall_d0,IMG_2291-HEIC
fb_h0_k2_mall_d0,IMG_2330-HEIC
fb_h0_k2_mall_d0,IMG_0763-HEIC
fb_h0_k2_mall_d0,IMG_2380-HEIC
fb_h0_k2_mall_d0,IMG_2306-HEIC
fb_h0_k2_mall_d0,IMG_2339-HEIC
fb_h0_k2_mall_d0,IMG_2302-HEIC
fb_h0_k2_mall_d0,IMG_0765-HEIC
fb_h0_k2_mall_d0,IMG_2340-HEIC
fb_h0_k2_mall_d0,IMG_2331-HEIC
fb_h0_k2_mall_d0,IMG_0773-HEIC
fb_h0_k2_mall_d0,IMG_0737-HEIC
fb_h0_k2_mall_d0,IMG_2337-HEIC
fb_h0_k2_mall_d0,IMG_2243-HEIC
fb_h0_k2_mall_d0,IMG_2390-HEIC
fb_h0_k2_mall_d0,IMG_2338-HEIC
fb_h0_k2_mall_d0,IMG_2303-HEIC
fb_h0_k2_mall_d0,IMG_0767-HEIC
fb_h0_k2_mall_d0,IMG_2384-HEIC
fb_h0_k2_mall_d0,IMG_2244-HEIC
fb_h0_k2_mall_d0,IMG_2293-HEIC
fb_h0_k2_mall_d0,IMG_2245-HEIC
fb_h0_k2_mall_d0,IMG_2329-HEIC
fb_h0_k2_mall_d0,IMG_2352-HEIC
fb_h0_k2_mall_d0,IMG_2385-HEIC
fb_h0_k2_mall_d0,IMG_0757-HEIC
fb_h0_k2_mall_d0,IMG_2309-HEIC
fb_h0_k2_mall_d0,IMG_2295-HEIC
fb_h0_k2_mall_d0,IMG_2304-HEIC
fb_h0_k2_mall_d0,IMG_2240-HEIC
fb_h0_k2_mall_d0,IMG_2391-HEIC
fb_h0_k2_mall_d0,IMG_0754-HEIC
fb_h0_k2_mall_d0,IMG_2335-HEIC
fb_h0_k2_mall_d0,IMG_0742-HEIC
fb_h0_k2_mall_d0,IMG_0761-HEIC
fb_h0_k2_mall_d0,IMG_2343-HEIC
fb_h0_k2_mall_d0,IMG_2386-HEIC
fb_h0_k2_mall_d0,IMG_2254-HEIC
fb_h0_k2_mall_d0,IMG_2349-HEIC
fb_h0_k2_mall_d0,IMG_0769-HEIC
fb_h0_k2_mall_d0,IMG_2251-HEIC
fb_h0_k2_mall_d0,IMG_2342-HEIC
fb_h0_k2_mall_d0,IMG_2288-HEIC
fb_h0_k2_mall_d0,IMG_2307-HEIC
fb_h0_k2_mall_d0,IMG_0751-HEIC
fb_h0_k2_mall_d0,IMG_2241-HEIC
fb_h0_k2_mall_d0,IMG_2285-HEIC
fb_h0_k2_mall_d0,IMG_0741-HEIC
fb_h0_k2_mall_d0,IMG_2246-HEIC
fb_h0_k2_mall_d0,IMG_2294-HEIC
fb_h0_k2_mall_d0,IMG_0764-HEIC
fb_h0_k2_mall_d0,IMG_2131-HEIC
fb_h0_k2_mall_d0,IMG_2149-HEIC
fb_h0_k2_mall_d0,IMG_2178-HEIC
fb_h0_k2_mall_d0,IMG_2204-HEIC
fb_h0_k2_mall_d0,IMG_2174-HEIC
fb_h0_k2_mall_d0,IMG_2180-HEIC
fb_h0_k2_mall_d0,IMG_2189-HEIC
fb_h0_k2_mall_d0,IMG_2214-HEIC
fb_h0_k2_mall_d0,IMG_2158-HEIC
fb_h0_k2_mall_d0,IMG_2209-HEIC
fb_h0_k2_mall_d0,IMG_2198-HEIC
fb_h0_k2_mall_d0,IMG_2184-HEIC
fb_h0_k2_mall_d0,IMG_2156-HEIC
fb_h0_k2_mall_d0,IMG_2159-HEIC
fb_h0_k2_mall_d0,IMG_2168-HEIC
fb_h0_k2_mall_d0,IMG_2182-HEIC
fb_h0_k2_mall_d0,IMG_2185-HEIC
fb_h0_k2_mall_d0,IMG_2152-HEIC
fb_h0_k2_mall_d0,IMG_2183-HEIC
fb_h0_k2_mall_d0,IMG_2205-HEIC
fb_h0_k2_mall_d0,IMG_2132-HEIC
fb_h0_k2_mall_d0,IMG_2155-HEIC
fb_h0_k2_mall_d0,IMG_2133-HEIC
fb_h0_k2_mall_d0,IMG_2194-HEIC
fb_h0_k2_mall_d0,IMG_2208-HEIC
fb_h0_k2_mall_d0,IMG_2134-HEIC
fb_h0_k2_mall_d0,IMG_2199-HEIC
fb_h0_k2_mall_d0,IMG_2188-HEIC
fb_h0_k2_mall_d0,IMG_2169-HEIC
fb_h0_k2_mall_d0,IMG_2206-HEIC
fb_h0_k2_mall_d0,IMG_2196-HEIC
fb_h0_k2_mall_d0,IMG_2202-HEIC
fb_h0_k2_mall_d0,IMG_2177-HEIC
fb_h0_k2_mall_d0,IMG_2213-HEIC
fb_h0_k2_mall_d0,IMG_2201-HEIC
fb_h0_k2_mall_d0,IMG_2195-HEIC
fb_h0_k2_mall_d0,IMG_2179-HEIC
fb_h0_k2_mall_d0,IMG_2216-HEIC
fb_h0_k2_mall_d0,IMG_2175-HEIC
fb_h0_k2_mall_d0,IMG_2197-HEIC
fb_h0_k2_mall_d0,IMG_2154-HEIC
fb_h0_k2_mall_d0,IMG_2153-HEIC
fb_h0_k2_mall_d0,IMG_2148-HEIC
fb_h0_k2_mall_d0,IMG_2181-HEIC
fb_h0_k2_mall_d0,IMG_2193-HEIC
fb_h0_k2_mall_d0,IMG_2211-HEIC
fb_h0_k2_mall_d0,IMG_2191-HEIC
fb_h0_k2_mall_d0,IMG_2138-HEIC
fb_h0_k2_mall_d0,IMG_2151-HEIC
fb_h0_k2_mall_d0,IMG_2190-HEIC
fb_h0_k2_mall_d0,IMG_2139-HEIC
fb_h0_k2_mall_d0,IMG_2176-HEIC
fb_h0_k2_mall_d0,IMG_2212-HEIC
fb_h0_k2_mall_d0,IMG_2150-HEIC
fb_h0_k2_mall_d0,IMG_2170-HEIC
fb_h0_k2_mall_d0,IMG_2187-HEIC
fb_h0_k2_mall_d0,IMG_2203-HEIC
fb_h0_k2_m15_d1,IMG_2338-HEIC
fb_h0_k2_m15_d1,IMG_0766-HEIC
fb_h0_k2_m15_d1,IMG_0763-HEIC
fb_h0_k2_m15_d1,IMG_2334-HEIC
fb_h0_k2_m15_d1,IMG_0771-HEIC
fb_h0_k2_m15_d1,IMG_0737-HEIC
fb_h0_k2_m15_d1,IMG_2255-HEIC
fb_h0_k2_m15_d1,IMG_2336-HEIC
fb_h0_k2_m15_d1,IMG_2303-HEIC
fb_h0_k2_m15_d1,IMG_0759-HEIC
fb_h0_k2_m15_d1,IMG_2391-HEIC
fb_h0_k2_m15_d1,IMG_2311-HEIC
fb_h0_k2_m15_d1,IMG_2349-HEIC
fb_h0_k2_m15_d1,IMG_2340-HEIC
fb_h0_k2_m15_d1,IMG_0769-HEIC
fb_h0_k2_m15_d1,IMG_2053
fb_h0_k2_m15_d1,IMG_1997
fb_h0_k2_m15_d1,IMG_3998
fb_h0_k2_m15_d1,IMG_3995
fb_h0_k2_m15_d1,IMG_2010
fb_h0_k2_m15_d1,IMG_1960
fb_h0_k2_m15_d1,IMG_2009
fb_h0_k2_m15_d1,IMG_2055
fb_h0_k2_m15_d1,IMG_3986
fb_h0_k2_m15_d1,IMG_4026
fb_h0_k2_m15_d1,IMG_1958
fb_h0_k2_m15_d1,IMG_4019
fb_h0_k2_m15_d1,IMG_2046
fb_h0_k2_m15_d1,IMG_2022
fb_h0_k2_m15_d1,IMG_1961
fb_h0_k2_m50_d1,IMG_2338-HEIC
fb_h0_k2_m50_d1,IMG_0766-HEIC
fb_h0_k2_m50_d1,IMG_0763-HEIC
fb_h0_k2_m50_d1,IMG_2334-HEIC
fb_h0_k2_m50_d1,IMG_0771-HEIC
fb_h0_k2_m50_d1,IMG_0737-HEIC
fb_h0_k2_m50_d1,IMG_2255-HEIC
fb_h0_k2_m50_d1,IMG_2336-HEIC
fb_h0_k2_m50_d1,IMG_2303-HEIC
fb_h0_k2_m50_d1,IMG_0759-HEIC
fb_h0_k2_m50_d1,IMG_2391-HEIC
fb_h0_k2_m50_d1,IMG_2311-HEIC
fb_h0_k2_m50_d1,IMG_2349-HEIC
fb_h0_k2_m50_d1,IMG_2340-HEIC
fb_h0_k2_m50_d1,IMG_0769-HEIC
fb_h0_k2_m50_d1,IMG_2351-HEIC
fb_h0_k2_m50_d1,IMG_0772-HEIC
fb_h0_k2_m50_d1,IMG_2293-HEIC
fb_h0_k2_m50_d1,IMG_2240-HEIC
fb_h0_k2_m50_d1,IMG_2249-HEIC
fb_h0_k2_m50_d1,IMG_2259-HEIC
fb_h0_k2_m50_d1,IMG_2248-HEIC
fb_h0_k2_m50_d1,IMG_2383-HEIC
fb_h0_k2_m50_d1,IMG_0761-HEIC
fb_h0_k2_m50_d1,IMG_2389-HEIC
fb_h0_k2_m50_d1,IMG_2294-HEIC
fb_h0_k2_m50_d1,IMG_0760-HEIC
fb_h0_k2_m50_d1,IMG_2332-HEIC
fb_h0_k2_m50_d1,IMG_2247-HEIC
fb_h0_k2_m50_d1,IMG_2341-HEIC
fb_h0_k2_m50_d1,IMG_0770-HEIC
fb_h0_k2_m50_d1,IMG_2331-HEIC
fb_h0_k2_m50_d1,IMG_0752-HEIC
fb_h0_k2_m50_d1,IMG_2257-HEIC
fb_h0_k2_m50_d1,IMG_2288-HEIC
fb_h0_k2_m50_d1,IMG_0764-HEIC
fb_h0_k2_m50_d1,IMG_2289-HEIC
fb_h0_k2_m50_d1,IMG_2296-HEIC
fb_h0_k2_m50_d1,IMG_2335-HEIC
fb_h0_k2_m50_d1,IMG_2306-HEIC
fb_h0_k2_m50_d1,IMG_2381-HEIC
fb_h0_k2_m50_d1,IMG_2291-HEIC
fb_h0_k2_m50_d1,IMG_2307-HEIC
fb_h0_k2_m50_d1,IMG_2333-HEIC
fb_h0_k2_m50_d1,IMG_0755-HEIC
fb_h0_k2_m50_d1,IMG_0754-HEIC
fb_h0_k2_m50_d1,IMG_0742-HEIC
fb_h0_k2_m50_d1,IMG_2386-HEIC
fb_h0_k2_m50_d1,IMG_2384-HEIC
fb_h0_k2_m50_d1,IMG_2258-HEIC
fb_h0_k2_m50_d1,IMG_2053
fb_h0_k2_m50_d1,IMG_1997
fb_h0_k2_m50_d1,IMG_3998
fb_h0_k2_m50_d1,IMG_3995
fb_h0_k2_m50_d1,IMG_2010
fb_h0_k2_m50_d1,IMG_1960
fb_h0_k2_m50_d1,IMG_2009
fb_h0_k2_m50_d1,IMG_2055
fb_h0_k2_m50_d1,IMG_3986
fb_h0_k2_m50_d1,IMG_4026
fb_h0_k2_m50_d1,IMG_1958
fb_h0_k2_m50_d1,IMG_4019
fb_h0_k2_m50_d1,IMG_2046
fb_h0_k2_m50_d1,IMG_2022
fb_h0_k2_m50_d1,IMG_1961
fb_h0_k2_m50_d1,IMG_3932
fb_h0_k2_m50_d1,IMG_4013
fb_h0_k2_m50_d1,IMG_2049
fb_h0_k2_m50_d1,IMG_1962
fb_h0_k2_m50_d1,IMG_3918
fb_h0_k2_m50_d1,IMG_2023
fb_h0_k2_m50_d1,IMG_2040
fb_h0_k2_m50_d1,IMG_4002
fb_h0_k2_m50_d1,IMG_4020
fb_h0_k2_m50_d1,IMG_3980
fb_h0_k2_m50_d1,IMG_2042
fb_h0_k2_m50_d1,IMG_3930
fb_h0_k2_m50_d1,IMG_3983
fb_h0_k2_m50_d1,IMG_2050
fb_h0_k2_m50_d1,IMG_3976
fb_h0_k2_m50_d1,IMG_3987
fb_h0_k2_m50_d1,IMG_4004
fb_h0_k2_m50_d1,IMG_2057
fb_h0_k2_m50_d1,IMG_1912
fb_h0_k2_m50_d1,IMG_3996
fb_h0_k2_m50_d1,IMG_4011
fb_h0_k2_m50_d1,IMG_1922
fb_h0_k2_m50_d1,IMG_2052
fb_h0_k2_m50_d1,IMG_2019
fb_h0_k2_m50_d1,IMG_1925
fb_h0_k2_m50_d1,IMG_3928
fb_h0_k2_m50_d1,IMG_3919
fb_h0_k2_m50_d1,IMG_3924
fb_h0_k2_m50_d1,IMG_3997
fb_h0_k2_m50_d1,IMG_2012
fb_h0_k2_m50_d1,IMG_3975
fb_h0_k2_m50_d1,IMG_1971
fb_h0_k2_m50_d1,IMG_2048
fb_h0_k2_m50_d1,IMG_3962
fb_h0_k2_m50_d1,IMG_3923
fb_h0_k2_mall_d1,IMG_2338-HEIC
fb_h0_k2_mall_d1,IMG_0766-HEIC
fb_h0_k2_mall_d1,IMG_0763-HEIC
fb_h0_k2_mall_d1,IMG_2334-HEIC
fb_h0_k2_mall_d1,IMG_0771-HEIC
fb_h0_k2_mall_d1,IMG_0737-HEIC
fb_h0_k2_mall_d1,IMG_2255-HEIC
fb_h0_k2_mall_d1,IMG_2336-HEIC
fb_h0_k2_mall_d1,IMG_2303-HEIC
fb_h0_k2_mall_d1,IMG_0759-HEIC
fb_h0_k2_mall_d1,IMG_2391-HEIC
fb_h0_k2_mall_d1,IMG_2311-HEIC
fb_h0_k2_mall_d1,IMG_2349-HEIC
fb_h0_k2_mall_d1,IMG_2340-HEIC
fb_h0_k2_mall_d1,IMG_0769-HEIC
fb_h0_k2_mall_d1,IMG_2351-HEIC
fb_h0_k2_mall_d1,IMG_0772-HEIC
fb_h0_k2_mall_d1,IMG_2293-HEIC
fb_h0_k2_mall_d1,IMG_2240-HEIC
fb_h0_k2_mall_d1,IMG_2249-HEIC
fb_h0_k2_mall_d1,IMG_2259-HEIC
fb_h0_k2_mall_d1,IMG_2248-HEIC
fb_h0_k2_mall_d1,IMG_2383-HEIC
fb_h0_k2_mall_d1,IMG_0761-HEIC
fb_h0_k2_mall_d1,IMG_2389-HEIC
fb_h0_k2_mall_d1,IMG_2294-HEIC
fb_h0_k2_mall_d1,IMG_0760-HEIC
fb_h0_k2_mall_d1,IMG_2332-HEIC
fb_h0_k2_mall_d1,IMG_2247-HEIC
fb_h0_k2_mall_d1,IMG_2341-HEIC
fb_h0_k2_mall_d1,IMG_0770-HEIC
fb_h0_k2_mall_d1,IMG_2331-HEIC
fb_h0_k2_mall_d1,IMG_0752-HEIC
fb_h0_k2_mall_d1,IMG_2257-HEIC
fb_h0_k2_mall_d1,IMG_2288-HEIC
fb_h0_k2_mall_d1,IMG_0764-HEIC
fb_h0_k2_mall_d1,IMG_2289-HEIC
fb_h0_k2_mall_d1,IMG_2296-HEIC
fb_h0_k2_mall_d1,IMG_2335-HEIC
fb_h0_k2_mall_d1,IMG_2306-HEIC
fb_h0_k2_mall_d1,IMG_2381-HEIC
fb_h0_k2_mall_d1,IMG_2291-HEIC
fb_h0_k2_mall_d1,IMG_2307-HEIC
fb_h0_k2_mall_d1,IMG_2333-HEIC
fb_h0_k2_mall_d1,IMG_0755-HEIC
fb_h0_k2_mall_d1,IMG_0754-HEIC
fb_h0_k2_mall_d1,IMG_0742-HEIC
fb_h0_k2_mall_d1,IMG_2386-HEIC
fb_h0_k2_mall_d1,IMG_2384-HEIC
fb_h0_k2_mall_d1,IMG_2258-HEIC
fb_h0_k2_mall_d1,IMG_0751-HEIC
fb_h0_k2_mall_d1,IMG_2253-HEIC
fb_h0_k2_mall_d1,IMG_2274-HEIC
fb_h0_k2_mall_d1,IMG_2308-HEIC
fb_h0_k2_mall_d1,IMG_0773-HEIC
fb_h0_k2_mall_d1,IMG_0768-HEIC
fb_h0_k2_mall_d1,IMG_2254-HEIC
fb_h0_k2_mall_d1,IMG_2287-HEIC
fb_h0_k2_mall_d1,IMG_0741-HEIC
fb_h0_k2_mall_d1,IMG_2352-HEIC
fb_h0_k2_mall_d1,IMG_2305-HEIC
fb_h0_k2_mall_d1,IMG_2270-HEIC
fb_h0_k2_mall_d1,IMG_2345-HEIC
fb_h0_k2_mall_d1,IMG_2380-HEIC
fb_h0_k2_mall_d1,IMG_2295-HEIC
fb_h0_k2_mall_d1,IMG_2309-HEIC
fb_h0_k2_mall_d1,IMG_2290-HEIC
fb_h0_k2_mall_d1,IMG_2251-HEIC
fb_h0_k2_mall_d1,IMG_0765-HEIC
fb_h0_k2_mall_d1,IMG_2273-HEIC
fb_h0_k2_mall_d1,IMG_2342-HEIC
fb_h0_k2_mall_d1,IMG_2390-HEIC
fb_h0_k2_mall_d1,IMG_2343-HEIC
fb_h0_k2_mall_d1,IMG_0756-HEIC
fb_h0_k2_mall_d1,IMG_2304-HEIC
fb_h0_k2_mall_d1,IMG_0740-HEIC
fb_h0_k2_mall_d1,IMG_2347-HEIC
fb_h0_k2_mall_d1,IMG_2243-HEIC
fb_h0_k2_mall_d1,IMG_2244-HEIC
fb_h0_k2_mall_d1,IMG_2239-HEIC
fb_h0_k2_mall_d1,IMG_2346-HEIC
fb_h0_k2_mall_d1,IMG_0758-HEIC
fb_h0_k2_mall_d1,IMG_2339-HEIC
fb_h0_k2_mall_d1,IMG_2256-HEIC
fb_h0_k2_mall_d1,IMG_0743-HEIC
fb_h0_k2_mall_d1,IMG_2302-HEIC
fb_h0_k2_mall_d1,IMG_2382-HEIC
fb_h0_k2_mall_d1,IMG_2252-HEIC
fb_h0_k2_mall_d1,IMG_2285-HEIC
fb_h0_k2_mall_d1,IMG_2286-HEIC
fb_h0_k2_mall_d1,IMG_2310-HEIC
fb_h0_k2_mall_d1,IMG_2337-HEIC
fb_h0_k2_mall_d1,IMG_2241-HEIC
fb_h0_k2_mall_d1,IMG_2329-HEIC
fb_h0_k2_mall_d1,IMG_2246-HEIC
fb_h0_k2_mall_d1,IMG_2330-HEIC
fb_h0_k2_mall_d1,IMG_2245-HEIC
fb_h0_k2_mall_d1,IMG_0767-HEIC
fb_h0_k2_mall_d1,IMG_2385-HEIC
fb_h0_k2_mall_d1,IMG_0757-HEIC
fb_h0_k2_mall_d1,IMG_2242-HEIC
fb_h0_k2_mall_d1,IMG_2053
fb_h0_k2_mall_d1,IMG_1997
fb_h0_k2_mall_d1,IMG_3998
fb_h0_k2_mall_d1,IMG_3995
fb_h0_k2_mall_d1,IMG_2010
fb_h0_k2_mall_d1,IMG_1960
fb_h0_k2_mall_d1,IMG_2009
fb_h0_k2_mall_d1,IMG_2055
fb_h0_k2_mall_d1,IMG_3986
fb_h0_k2_mall_d1,IMG_4026
fb_h0_k2_mall_d1,IMG_1958
fb_h0_k2_mall_d1,IMG_4019
fb_h0_k2_mall_d1,IMG_2046
fb_h0_k2_mall_d1,IMG_2022
fb_h0_k2_mall_d1,IMG_1961
fb_h0_k2_mall_d1,IMG_3932
fb_h0_k2_mall_d1,IMG_4013
fb_h0_k2_mall_d1,IMG_2049
fb_h0_k2_mall_d1,IMG_1962
fb_h0_k2_mall_d1,IMG_3918
fb_h0_k2_mall_d1,IMG_2023
fb_h0_k2_mall_d1,IMG_2040
fb_h0_k2_mall_d1,IMG_4002
fb_h0_k2_mall_d1,IMG_4020
fb_h0_k2_mall_d1,IMG_3980
fb_h0_k2_mall_d1,IMG_2042
fb_h0_k2_mall_d1,IMG_3930
fb_h0_k2_mall_d1,IMG_3983
fb_h0_k2_mall_d1,IMG_2050
fb_h0_k2_mall_d1,IMG_3976
fb_h0_k2_mall_d1,IMG_3987
fb_h0_k2_mall_d1,IMG_4004
fb_h0_k2_mall_d1,IMG_2057
fb_h0_k2_mall_d1,IMG_1912
fb_h0_k2_mall_d1,IMG_3996
fb_h0_k2_mall_d1,IMG_4011
fb_h0_k2_mall_d1,IMG_1922
fb_h0_k2_mall_d1,IMG_2052
fb_h0_k2_mall_d1,IMG_2019
fb_h0_k2_mall_d1,IMG_1925
fb_h0_k2_mall_d1,IMG_3928
fb_h0_k2_mall_d1,IMG_3919
fb_h0_k2_mall_d1,IMG_3924
fb_h0_k2_mall_d1,IMG_3997
fb_h0_k2_mall_d1,IMG_2012
fb_h0_k2_mall_d1,IMG_3975
fb_h0_k2_mall_d1,IMG_1971
fb_h0_k2_mall_d1,IMG_2048
fb_h0_k2_mall_d1,IMG_3962
fb_h0_k2_mall_d1,IMG_3923
fb_h0_k2_mall_d1,IMG_1999
fb_h0_k2_mall_d1,IMG_1957
fb_h0_k2_mall_d1,IMG_4058
fb_h0_k2_mall_d1,IMG_2014
fb_h0_k2_mall_d1,IMG_4003
fb_h0_k2_mall_d1,IMG_1917
fb_h0_k2_mall_d1,IMG_3984
fb_h0_k2_mall_d1,IMG_2051
fb_h0_k2_mall_d1,IMG_2045
fb_h0_k2_mall_d1,IMG_3929
fb_h0_k2_mall_d1,IMG_2044
fb_h0_k2_mall_d1,IMG_3999
fb_h0_k2_mall_d1,IMG_2013
fb_h0_k2_mall_d1,IMG_2018
fb_h0_k2_mall_d1,IMG_4025
fb_h0_k2_mall_d1,IMG_4033
fb_h0_k2_mall_d1,IMG_2026
fb_h0_k2_mall_d1,IMG_1964
fb_h0_k2_mall_d1,IMG_3978
fb_h0_k2_mall_d1,IMG_2037
fb_h0_k2_mall_d1,IMG_4015
fb_h0_k2_mall_d1,IMG_2032
fb_h0_k2_mall_d1,IMG_1916
fb_h0_k2_mall_d1,IMG_3977
fb_h0_k2_mall_d1,IMG_2056
fb_h0_k2_mall_d1,IMG_4001
fb_h0_k2_mall_d1,IMG_1928
fb_h0_k2_mall_d1,IMG_4041
fb_h0_k2_mall_d1,IMG_4034
fb_h0_k2_mall_d1,IMG_3921
fb_h0_k2_mall_d1,IMG_1968
fb_h0_k2_mall_d1,IMG_3926
fb_h0_k2_mall_d1,IMG_2031
fb_h0_k2_mall_d1,IMG_1966
fb_h0_k2_mall_d1,IMG_1996
fb_h0_k2_mall_d1,IMG_2002
fb_h0_k2_mall_d1,IMG_3925
fb_h0_k2_mall_d1,IMG_3961
fb_h0_k2_mall_d1,IMG_3963
fb_h0_k2_mall_d1,IMG_3993
fb_h0_k2_mall_d1,IMG_2038
fb_h0_k2_mall_d1,IMG_4032
fb_h0_k2_mall_d1,IMG_4014
fb_h0_k2_mall_d1,IMG_4029
fb_h0_k2_mall_d1,IMG_1993
fb_h0_k2_mall_d1,IMG_2024
fb_h0_k2_mall_d1,IMG_2054
fb_h0_k2_mall_d1,IMG_3965
fb_h0_k2_mall_d1,IMG_1923
fb_h0_k2_mall_d1,IMG_3994
fb_h0_k2_mall_d1,IMG_2016
fb_h0_k2_mall_d1,IMG_1998
fb_h0_k2_mall_d1,IMG_1969
fb_h0_k2_mall_d1,IMG_1915
fb_h0_k2_mall_d1,IMG_3982
fb_h0_k2_mall_d1,IMG_3931
fb_h0_k2_mall_d1,IMG_3981
fb_h0_k2_mall_d1,IMG_1965
fb_h0_k2_mall_d1,IMG_2011
fb_h0_k2_mall_d1,IMG_2043
fb_h0_k2_mall_d1,IMG_3920
fb_h0_k2_mall_d1,IMG_2039
fb_h0_k2_mall_d1,IMG_1970
fb_h0_k2_mall_d1,IMG_3992
fb_h0_k2_mall_d1,IMG_1913
fb_h0_k2_mall_d1,IMG_4047
fb_h0_k2_mall_d1,IMG_1929
fb_h0_k2_mall_d1,IMG_4024
fb_h0_k2_mall_d1,IMG_4012
fb_h0_k2_mall_d1,IMG_2030
fb_h0_k2_mall_d1,IMG_4031
fb_h0_k2_mall_d1,IMG_1918
fb_h0_k2_mall_d1,IMG_1963
fb_h0_k2_mall_d1,IMG_2025
fb_h0_k2_mall_d1,IMG_2015
fb_h0_k2_mall_d1,IMG_2001
fb_h0_k2_mall_d1,IMG_1909
fb_h0_k2_mall_d1,IMG_4005
fb_h0_k2_mall_d1,IMG_2047
fb_h0_k2_mall_d1,IMG_1959
fb_h0_k2_mall_d1,IMG_1924
fb_h0_k2_mall_d1,IMG_1914
fb_h0_k2_mall_d1,IMG_1956
fb_h0_k2_mall_d1,IMG_4053
fb_h0_k2_mall_d1,IMG_1908
fb_h0_k4_m15_d0,IMG_2088
fb_h0_k4_m15_d0,IMG_2063
fb_h0_k4_m15_d0,IMG_2077
fb_h0_k4_m15_d0,IMG_4186
fb_h0_k4_m15_d0,IMG_4220
fb_h0_k4_m15_d0,IMG_2083
fb_h0_k4_m15_d0,IMG_4182
fb_h0_k4_m15_d0,IMG_2082
fb_h0_k4_m15_d0,IMG_2072
fb_h0_k4_m15_d0,IMG_4159
fb_h0_k4_m15_d0,IMG_4064
fb_h0_k4_m15_d0,IMG_4113
fb_h0_k4_m15_d0,IMG_4115
fb_h0_k4_m15_d0,IMG_4134
fb_h0_k4_m15_d0,IMG_4156
fb_h0_k4_m15_d0,IMG_0159
fb_h0_k4_m15_d0,IMG_0192
fb_h0_k4_m15_d0,IMG_0078
fb_h0_k4_m15_d0,IMG_0238
fb_h0_k4_m15_d0,IMG_0074
fb_h0_k4_m15_d0,IMG_0185
fb_h0_k4_m15_d0,IMG_0116-HEIC
fb_h0_k4_m15_d0,IMG_0090
fb_h0_k4_m15_d0,IMG_0178
fb_h0_k4_m15_d0,IMG_0175
fb_h0_k4_m15_d0,IMG_0111-HEIC
fb_h0_k4_m15_d0,IMG_0177
fb_h0_k4_m15_d0,IMG_0072
fb_h0_k4_m15_d0,IMG_0070
fb_h0_k4_m15_d0,IMG_0108-HEIC
fb_h0_k4_m15_d0,IMG_2246-HEIC
fb_h0_k4_m15_d0,IMG_2304-HEIC
fb_h0_k4_m15_d0,IMG_0770-HEIC
fb_h0_k4_m15_d0,IMG_0761-HEIC
fb_h0_k4_m15_d0,IMG_2244-HEIC
fb_h0_k4_m15_d0,IMG_0758-HEIC
fb_h0_k4_m15_d0,IMG_2270-HEIC
fb_h0_k4_m15_d0,IMG_0740-HEIC
fb_h0_k4_m15_d0,IMG_2346-HEIC
fb_h0_k4_m15_d0,IMG_2332-HEIC
fb_h0_k4_m15_d0,IMG_2380-HEIC
fb_h0_k4_m15_d0,IMG_2243-HEIC
fb_h0_k4_m15_d0,IMG_2334-HEIC
fb_h0_k4_m15_d0,IMG_2342-HEIC
fb_h0_k4_m15_d0,IMG_2302-HEIC
fb_h0_k4_m15_d0,IMG_2178-HEIC
fb_h0_k4_m15_d0,IMG_2153-HEIC
fb_h0_k4_m15_d0,IMG_2174-HEIC
fb_h0_k4_m15_d0,IMG_2194-HEIC
fb_h0_k4_m15_d0,IMG_2183-HEIC
fb_h0_k4_m15_d0,IMG_2202-HEIC
fb_h0_k4_m15_d0,IMG_2151-HEIC
fb_h0_k4_m15_d0,IMG_2159-HEIC
fb_h0_k4_m15_d0,IMG_2201-HEIC
fb_h0_k4_m15_d0,IMG_2182-HEIC
fb_h0_k4_m15_d0,IMG_2154-HEIC
fb_h0_k4_m15_d0,IMG_2150-HEIC
fb_h0_k4_m15_d0,IMG_2168-HEIC
fb_h0_k4_m15_d0,IMG_2184-HEIC
fb_h0_k4_m15_d0,IMG_2188-HEIC
fb_h0_k4_m50_d0,IMG_2088
fb_h0_k4_m50_d0,IMG_2063
fb_h0_k4_m50_d0,IMG_2077
fb_h0_k4_m50_d0,IMG_4186
fb_h0_k4_m50_d0,IMG_4220
fb_h0_k4_m50_d0,IMG_2083
fb_h0_k4_m50_d0,IMG_4182
fb_h0_k4_m50_d0,IMG_2082
fb_h0_k4_m50_d0,IMG_2072
fb_h0_k4_m50_d0,IMG_4159
fb_h0_k4_m50_d0,IMG_4064
fb_h0_k4_m50_d0,IMG_4113
fb_h0_k4_m50_d0,IMG_4115
fb_h0_k4_m50_d0,IMG_4134
fb_h0_k4_m50_d0,IMG_4156
fb_h0_k4_m50_d0,IMG_4089
fb_h0_k4_m50_d0,IMG_4095
fb_h0_k4_m50_d0,IMG_4104
fb_h0_k4_m50_d0,IMG_4067
fb_h0_k4_m50_d0,IMG_2078
fb_h0_k4_m50_d0,IMG_4169
fb_h0_k4_m50_d0,IMG_2059
fb_h0_k4_m50_d0,IMG_2060
fb_h0_k4_m50_d0,IMG_4117
fb_h0_k4_m50_d0,IMG_4163
fb_h0_k4_m50_d0,IMG_2089
fb_h0_k4_m50_d0,IMG_4168
fb_h0_k4_m50_d0,IMG_4176
fb_h0_k4_m50_d0,IMG_2101
fb_h0_k4_m50_d0,IMG_2095
fb_h0_k4_m50_d0,IMG_4146
fb_h0_k4_m50_d0,IMG_4090
fb_h0_k4_m50_d0,IMG_4256
fb_h0_k4_m50_d0,IMG_2131
fb_h0_k4_m50_d0,IMG_2084
fb_h0_k4_m50_d0,IMG_4109
fb_h0_k4_m50_d0,IMG_4187
fb_h0_k4_m50_d0,IMG_2117
fb_h0_k4_m50_d0,IMG_4120
fb_h0_k4_m50_d0,IMG_4068
fb_h0_k4_m50_d0,IMG_4185
fb_h0_k4_m50_d0,IMG_2105
fb_h0_k4_m50_d0,IMG_2071
fb_h0_k4_m50_d0,IMG_4116
fb_h0_k4_m50_d0,IMG_4165
fb_h0_k4_m50_d0,IMG_4157
fb_h0_k4_m50_d0,IMG_4096
fb_h0_k4_m50_d0,IMG_4071
fb_h0_k4_m50_d0,IMG_4194
fb_h0_k4_m50_d0,IMG_2085
fb_h0_k4_m50_d0,IMG_0159
fb_h0_k4_m50_d0,IMG_0192
fb_h0_k4_m50_d0,IMG_0078
fb_h0_k4_m50_d0,IMG_0238
fb_h0_k4_m50_d0,IMG_0074
fb_h0_k4_m50_d0,IMG_0185
fb_h0_k4_m50_d0,IMG_0116-HEIC
fb_h0_k4_m50_d0,IMG_0090
fb_h0_k4_m50_d0,IMG_0178
fb_h0_k4_m50_d0,IMG_0175
fb_h0_k4_m50_d0,IMG_0111-HEIC
fb_h0_k4_m50_d0,IMG_0177
fb_h0_k4_m50_d0,IMG_0072
fb_h0_k4_m50_d0,IMG_0070
fb_h0_k4_m50_d0,IMG_0108-HEIC
fb_h0_k4_m50_d0,IMG_0174
fb_h0_k4_m50_d0,IMG_0187-HEIC
fb_h0_k4_m50_d0,IMG_0198
fb_h0_k4_m50_d0,IMG_0263
fb_h0_k4_m50_d0,IMG_0256
fb_h0_k4_m50_d0,IMG_0273
fb_h0_k4_m50_d0,IMG_0084
fb_h0_k4_m50_d0,IMG_0109-HEIC
fb_h0_k4_m50_d0,IMG_0235
fb_h0_k4_m50_d0,IMG_0260
fb_h0_k4_m50_d0,IMG_0091
fb_h0_k4_m50_d0,IMG_0083-HEIC
fb_h0_k4_m50_d0,IMG_0279
fb_h0_k4_m50_d0,IMG_0142
fb_h0_k4_m50_d0,IMG_0073
fb_h0_k4_m50_d0,IMG_0230
fb_h0_k4_m50_d0,IMG_0104-HEIC
fb_h0_k4_m50_d0,IMG_0173
fb_h0_k4_m50_d0,IMG_0095
fb_h0_k4_m50_d0,IMG_0218
fb_h0_k4_m50_d0,IMG_0102
fb_h0_k4_m50_d0,IMG_0220
fb_h0_k4_m50_d0,IMG_0179
fb_h0_k4_m50_d0,IMG_0211
fb_h0_k4_m50_d0,IMG_0136
fb_h0_k4_m50_d0,IMG_0126-HEIC
fb_h0_k4_m50_d0,IMG_0165
fb_h0_k4_m50_d0,IMG_0077
fb_h0_k4_m50_d0,IMG_0267
fb_h0_k4_m50_d0,IMG_0210
fb_h0_k4_m50_d0,IMG_0257
fb_h0_k4_m50_d0,IMG_0089
fb_h0_k4_m50_d0,IMG_0204
fb_h0_k4_m50_d0,IMG_0106-HEIC
fb_h0_k4_m50_d0,IMG_0182-HEIC
fb_h0_k4_m50_d0,IMG_2246-HEIC
fb_h0_k4_m50_d0,IMG_2304-HEIC
fb_h0_k4_m50_d0,IMG_0770-HEIC
fb_h0_k4_m50_d0,IMG_0761-HEIC
fb_h0_k4_m50_d0,IMG_2244-HEIC
fb_h0_k4_m50_d0,IMG_0758-HEIC
fb_h0_k4_m50_d0,IMG_2270-HEIC
fb_h0_k4_m50_d0,IMG_0740-HEIC
fb_h0_k4_m50_d0,IMG_2346-HEIC
fb_h0_k4_m50_d0,IMG_2332-HEIC
fb_h0_k4_m50_d0,IMG_2380-HEIC
fb_h0_k4_m50_d0,IMG_2243-HEIC
fb_h0_k4_m50_d0,IMG_2334-HEIC
fb_h0_k4_m50_d0,IMG_2342-HEIC
fb_h0_k4_m50_d0,IMG_2302-HEIC
fb_h0_k4_m50_d0,IMG_0737-HEIC
fb_h0_k4_m50_d0,IMG_2303-HEIC
fb_h0_k4_m50_d0,IMG_2329-HEIC
fb_h0_k4_m50_d0,IMG_2239-HEIC
fb_h0_k4_m50_d0,IMG_2242-HEIC
fb_h0_k4_m50_d0,IMG_2305-HEIC
fb_h0_k4_m50_d0,IMG_0772-HEIC
fb_h0_k4_m50_d0,IMG_2337-HEIC
fb_h0_k4_m50_d0,IMG_0771-HEIC
fb_h0_k4_m50_d0,IMG_2258-HEIC
fb_h0_k4_m50_d0,IMG_2293-HEIC
fb_h0_k4_m50_d0,IMG_0773-HEIC
fb_h0_k4_m50_d0,IMG_0756-HEIC
fb_h0_k4_m50_d0,IMG_0763-HEIC
fb_h0_k4_m50_d0,IMG_0765-HEIC
fb_h0_k4_m50_d0,IMG_0755-HEIC
fb_h0_k4_m50_d0,IMG_2383-HEIC
fb_h0_k4_m50_d0,IMG_2309-HEIC
fb_h0_k4_m50_d0,IMG_2287-HEIC
fb_h0_k4_m50_d0,IMG_2306-HEIC
fb_h0_k4_m50_d0,IMG_2240-HEIC
fb_h0_k4_m50_d0,IMG_2386-HEIC
fb_h0_k4_m50_d0,IMG_2390-HEIC
fb_h0_k4_m50_d0,IMG_0757-HEIC
fb_h0_k4_m50_d0,IMG_0767-HEIC
fb_h0_k4_m50_d0,IMG_2352-HEIC
fb_h0_k4_m50_d0,IMG_0759-HEIC
fb_h0_k4_m50_d0,IMG_2349-HEIC
fb_h0_k4_m50_d0,IMG_2251-HEIC
fb_h0_k4_m50_d0,IMG_0764-HEIC
fb_h0_k4_m50_d0,IMG_2310-HEIC
fb_h0_k4_m50_d0,IMG_2343-HEIC
fb_h0_k4_m50_d0,IMG_2249-HEIC
fb_h0_k4_m50_d0,IMG_2247-HEIC
fb_h0_k4_m50_d0,IMG_2307-HEIC
fb_h0_k4_m50_d0,IMG_2178-HEIC
fb_h0_k4_m50_d0,IMG_2153-HEIC
fb_h0_k4_m50_d0,IMG_2174-HEIC
fb_h0_k4_m50_d0,IMG_2194-HEIC
fb_h0_k4_m50_d0,IMG_2183-HEIC
fb_h0_k4_m50_d0,IMG_2202-HEIC
fb_h0_k4_m50_d0,IMG_2151-HEIC
fb_h0_k4_m50_d0,IMG_2159-HEIC
fb_h0_k4_m50_d0,IMG_2201-HEIC
fb_h0_k4_m50_d0,IMG_2182-HEIC
fb_h0_k4_m50_d0,IMG_2154-HEIC
fb_h0_k4_m50_d0,IMG_2150-HEIC
fb_h0_k4_m50_d0,IMG_2168-HEIC
fb_h0_k4_m50_d0,IMG_2184-HEIC
fb_h0_k4_m50_d0,IMG_2188-HEIC
fb_h0_k4_m50_d0,IMG_2155-HEIC
fb_h0_k4_m50_d0,IMG_2156-HEIC
fb_h0_k4_m50_d0,IMG_2195-HEIC
fb_h0_k4_m50_d0,IMG_2131-HEIC
fb_h0_k4_m50_d0,IMG_2158-HEIC
fb_h0_k4_m50_d0,IMG_2209-HEIC
fb_h0_k4_m50_d0,IMG_2138-HEIC
fb_h0_k4_m50_d0,IMG_2175-HEIC
fb_h0_k4_m50_d0,IMG_2216-HEIC
fb_h0_k4_m50_d0,IMG_2203-HEIC
fb_h0_k4_m50_d0,IMG_2179-HEIC
fb_h0_k4_m50_d0,IMG_2149-HEIC
fb_h0_k4_m50_d0,IMG_2193-HEIC
fb_h0_k4_m50_d0,IMG_2181-HEIC
fb_h0_k4_m50_d0,IMG_2213-HEIC
fb_h0_k4_m50_d0,IMG_2152-HEIC
fb_h0_k4_m50_d0,IMG_2205-HEIC
fb_h0_k4_m50_d0,IMG_2191-HEIC
fb_h0_k4_m50_d0,IMG_2177-HEIC
fb_h0_k4_m50_d0,IMG_2133-HEIC
fb_h0_k4_m50_d0,IMG_2169-HEIC
fb_h0_k4_m50_d0,IMG_2134-HEIC
fb_h0_k4_m50_d0,IMG_2132-HEIC
fb_h0_k4_m50_d0,IMG_2199-HEIC
fb_h0_k4_m50_d0,IMG_2196-HEIC
fb_h0_k4_m50_d0,IMG_2139-HEIC
fb_h0_k4_m50_d0,IMG_2208-HEIC
fb_h0_k4_m50_d0,IMG_2148-HEIC
fb_h0_k4_m50_d0,IMG_2214-HEIC
fb_h0_k4_m50_d0,IMG_2185-HEIC
fb_h0_k4_m50_d0,IMG_2206-HEIC
fb_h0_k4_m50_d0,IMG_2180-HEIC
fb_h0_k4_m50_d0,IMG_2212-HEIC
fb_h0_k4_m50_d0,IMG_2211-HEIC
fb_h0_k4_m50_d0,IMG_2189-HEIC
fb_h0_k4_mall_d0,IMG_2088
fb_h0_k4_mall_d0,IMG_2063
fb_h0_k4_mall_d0,IMG_2077
fb_h0_k4_mall_d0,IMG_4186
fb_h0_k4_mall_d0,IMG_4220
fb_h0_k4_mall_d0,IMG_2083
fb_h0_k4_mall_d0,IMG_4182
fb_h0_k4_mall_d0,IMG_2082
fb_h0_k4_mall_d0,IMG_2072
fb_h0_k4_mall_d0,IMG_4159
fb_h0_k4_mall_d0,IMG_4064
fb_h0_k4_mall_d0,IMG_4113
fb_h0_k4_mall_d0,IMG_4115
fb_h0_k4_mall_d0,IMG_4134
fb_h0_k4_mall_d0,IMG_4156
fb_h0_k4_mall_d0,IMG_4089
fb_h0_k4_mall_d0,IMG_4095
fb_h0_k4_mall_d0,IMG_4104
fb_h0_k4_mall_d0,IMG_4067
fb_h0_k4_mall_d0,IMG_2078
fb_h0_k4_mall_d0,IMG_4169
fb_h0_k4_mall_d0,IMG_2059
fb_h0_k4_mall_d0,IMG_2060
fb_h0_k4_mall_d0,IMG_4117
fb_h0_k4_mall_d0,IMG_4163
fb_h0_k4_mall_d0,IMG_2089
fb_h0_k4_mall_d0,IMG_4168
fb_h0_k4_mall_d0,IMG_4176
fb_h0_k4_mall_d0,IMG_2101
fb_h0_k4_mall_d0,IMG_2095
fb_h0_k4_mall_d0,IMG_4146
fb_h0_k4_mall_d0,IMG_4090
fb_h0_k4_mall_d0,IMG_4256
fb_h0_k4_mall_d0,IMG_2131
fb_h0_k4_mall_d0,IMG_2084
fb_h0_k4_mall_d0,IMG_4109
fb_h0_k4_mall_d0,IMG_4187
fb_h0_k4_mall_d0,IMG_2117
fb_h0_k4_mall_d0,IMG_4120
fb_h0_k4_mall_d0,IMG_4068
fb_h0_k4_mall_d0,IMG_4185
fb_h0_k4_mall_d0,IMG_2105
fb_h0_k4_mall_d0,IMG_2071
fb_h0_k4_mall_d0,IMG_4116
fb_h0_k4_mall_d0,IMG_4165
fb_h0_k4_mall_d0,IMG_4157
fb_h0_k4_mall_d0,IMG_4096
fb_h0_k4_mall_d0,IMG_4071
fb_h0_k4_mall_d0,IMG_4194
fb_h0_k4_mall_d0,IMG_2085
fb_h0_k4_mall_d0,IMG_4193
fb_h0_k4_mall_d0,IMG_4075
fb_h0_k4_mall_d0,IMG_4219
fb_h0_k4_mall_d0,IMG_4110
fb_h0_k4_mall_d0,IMG_4098
fb_h0_k4_mall_d0,IMG_4154
fb_h0_k4_mall_d0,IMG_4152
fb_h0_k4_mall_d0,IMG_4123
fb_h0_k4_mall_d0,IMG_4181
fb_h0_k4_mall_d0,IMG_4201
fb_h0_k4_mall_d0,IMG_4262
fb_h0_k4_mall_d0,IMG_4091
fb_h0_k4_mall_d0,IMG_2103
fb_h0_k4_mall_d0,IMG_2130
fb_h0_k4_mall_d0,IMG_4112
fb_h0_k4_mall_d0,IMG_4147
fb_h0_k4_mall_d0,IMG_4065
fb_h0_k4_mall_d0,IMG_4118
fb_h0_k4_mall_d0,IMG_2080
fb_h0_k4_mall_d0,IMG_4111
fb_h0_k4_mall_d0,IMG_4172
fb_h0_k4_mall_d0,IMG_2133
fb_h0_k4_mall_d0,IMG_4114
fb_h0_k4_mall_d0,IMG_2106
fb_h0_k4_mall_d0,IMG_2081
fb_h0_k4_mall_d0,IMG_2110
fb_h0_k4_mall_d0,IMG_4066
fb_h0_k4_mall_d0,IMG_2067
fb_h0_k4_mall_d0,IMG_4162
fb_h0_k4_mall_d0,IMG_4148
fb_h0_k4_mall_d0,IMG_4145
fb_h0_k4_mall_d0,IMG_2134
fb_h0_k4_mall_d0,IMG_4170
fb_h0_k4_mall_d0,IMG_4218
fb_h0_k4_mall_d0,IMG_4191
fb_h0_k4_mall_d0,IMG_2061
fb_h0_k4_mall_d0,IMG_2058
fb_h0_k4_mall_d0,IMG_4153
fb_h0_k4_mall_d0,IMG_2069
fb_h0_k4_mall_d0,IMG_4213
fb_h0_k4_mall_d0,IMG_2073
fb_h0_k4_mall_d0,IMG_4164
fb_h0_k4_mall_d0,IMG_4183
fb_h0_k4_mall_d0,IMG_2075
fb_h0_k4_mall_d0,IMG_4190
fb_h0_k4_mall_d0,IMG_2135
fb_h0_k4_mall_d0,IMG_4203
fb_h0_k4_mall_d0,IMG_2116
fb_h0_k4_mall_d0,IMG_4189
fb_h0_k4_mall_d0,IMG_4151
fb_h0_k4_mall_d0,IMG_4155
fb_h0_k4_mall_d0,IMG_2070
fb_h0_k4_mall_d0,IMG_2104
fb_h0_k4_mall_d0,IMG_4105
fb_h0_k4_mall_d0,IMG_4192
fb_h0_k4_mall_d0,IMG_4106
fb_h0_k4_mall_d0,IMG_2108
fb_h0_k4_mall_d0,IMG_4143
fb_h0_k4_mall_d0,IMG_4144
fb_h0_k4_mall_d0,IMG_4069
fb_h0_k4_mall_d0,IMG_4085
fb_h0_k4_mall_d0,IMG_2132
fb_h0_k4_mall_d0,IMG_2109
fb_h0_k4_mall_d0,IMG_4072
fb_h0_k4_mall_d0,IMG_4180
fb_h0_k4_mall_d0,IMG_4073
fb_h0_k4_mall_d0,IMG_4178
fb_h0_k4_mall_d0,IMG_2074
fb_h0_k4_mall_d0,IMG_2115
fb_h0_k4_mall_d0,IMG_2100
fb_h0_k4_mall_d0,IMG_4184
fb_h0_k4_mall_d0,IMG_4221
fb_h0_k4_mall_d0,IMG_2119
fb_h0_k4_mall_d0,IMG_4150
fb_h0_k4_mall_d0,IMG_4161
fb_h0_k4_mall_d0,IMG_2120
fb_h0_k4_mall_d0,IMG_4202
fb_h0_k4_mall_d0,IMG_4087
fb_h0_k4_mall_d0,IMG_2122
fb_h0_k4_mall_d0,IMG_2066
fb_h0_k4_mall_d0,IMG_2076
fb_h0_k4_mall_d0,IMG_4070
fb_h0_k4_mall_d0,IMG_2079
fb_h0_k4_mall_d0,IMG_2062
fb_h0_k4_mall_d0,IMG_4149
fb_h0_k4_mall_d0,IMG_4174
fb_h0_k4_mall_d0,IMG_2064
fb_h0_k4_mall_d0,IMG_4188
fb_h0_k4_mall_d0,IMG_4086
fb_h0_k4_mall_d0,IMG_4088
fb_h0_k4_mall_d0,IMG_2068
fb_h0_k4_mall_d0,IMG_4200
fb_h0_k4_mall_d0,IMG_4179
fb_h0_k4_mall_d0,IMG_2107
fb_h0_k4_mall_d0,IMG_2121
fb_h0_k4_mall_d0,IMG_4103
fb_h0_k4_mall_d0,IMG_2102
fb_h0_k4_mall_d0,IMG_0159
fb_h0_k4_mall_d0,IMG_0192
fb_h0_k4_mall_d0,IMG_0078
fb_h0_k4_mall_d0,IMG_0238
fb_h0_k4_mall_d0,IMG_0074
fb_h0_k4_mall_d0,IMG_0185
fb_h0_k4_mall_d0,IMG_0116-HEIC
fb_h0_k4_mall_d0,IMG_0090
fb_h0_k4_mall_d0,IMG_0178
fb_h0_k4_mall_d0,IMG_0175
fb_h0_k4_mall_d0,IMG_0111-HEIC
fb_h0_k4_mall_d0,IMG_0177
fb_h0_k4_mall_d0,IMG_0072
fb_h0_k4_mall_d0,IMG_0070
fb_h0_k4_mall_d0,IMG_0108-HEIC
fb_h0_k4_mall_d0,IMG_0174
fb_h0_k4_mall_d0,IMG_0187-HEIC
fb_h0_k4_mall_d0,IMG_0198
fb_h0_k4_mall_d0,IMG_0263
fb_h0_k4_mall_d0,IMG_0256
fb_h0_k4_mall_d0,IMG_0273
fb_h0_k4_mall_d0,IMG_0084
fb_h0_k4_mall_d0,IMG_0109-HEIC
fb_h0_k4_mall_d0,IMG_0235
fb_h0_k4_mall_d0,IMG_0260
fb_h0_k4_mall_d0,IMG_0091
fb_h0_k4_mall_d0,IMG_0083-HEIC
fb_h0_k4_mall_d0,IMG_0279
fb_h0_k4_mall_d0,IMG_0142
fb_h0_k4_mall_d0,IMG_0073
fb_h0_k4_mall_d0,IMG_0230
fb_h0_k4_mall_d0,IMG_0104-HEIC
fb_h0_k4_mall_d0,IMG_0173
fb_h0_k4_mall_d0,IMG_0095
fb_h0_k4_mall_d0,IMG_0218
fb_h0_k4_mall_d0,IMG_0102
fb_h0_k4_mall_d0,IMG_0220
fb_h0_k4_mall_d0,IMG_0179
fb_h0_k4_mall_d0,IMG_0211
fb_h0_k4_mall_d0,IMG_0136
fb_h0_k4_mall_d0,IMG_0126-HEIC
fb_h0_k4_mall_d0,IMG_0165
fb_h0_k4_mall_d0,IMG_0077
fb_h0_k4_mall_d0,IMG_0267
fb_h0_k4_mall_d0,IMG_0210
fb_h0_k4_mall_d0,IMG_0257
fb_h0_k4_mall_d0,IMG_0089
fb_h0_k4_mall_d0,IMG_0204
fb_h0_k4_mall_d0,IMG_0106-HEIC
fb_h0_k4_mall_d0,IMG_0182-HEIC
fb_h0_k4_mall_d0,IMG_0153
fb_h0_k4_mall_d0,IMG_0066
fb_h0_k4_mall_d0,IMG_0209
fb_h0_k4_mall_d0,IMG_0080
fb_h0_k4_mall_d0,IMG_0105-HEIC
fb_h0_k4_mall_d0,IMG_0284
fb_h0_k4_mall_d0,IMG_0069
fb_h0_k4_mall_d0,IMG_0219
fb_h0_k4_mall_d0,IMG_0148
fb_h0_k4_mall_d0,IMG_0223
fb_h0_k4_mall_d0,IMG_0184
fb_h0_k4_mall_d0,IMG_0262
fb_h0_k4_mall_d0,IMG_2246-HEIC
fb_h0_k4_mall_d0,IMG_2304-HEIC
fb_h0_k4_mall_d0,IMG_0770-HEIC
fb_h0_k4_mall_d0,IMG_0761-HEIC
fb_h0_k4_mall_d0,IMG_2244-HEIC
fb_h0_k4_mall_d0,IMG_0758-HEIC
fb_h0_k4_mall_d0,IMG_2270-HEIC
fb_h0_k4_mall_d0,IMG_0740-HEIC
fb_h0_k4_mall_d0,IMG_2346-HEIC
fb_h0_k4_mall_d0,IMG_2332-HEIC
fb_h0_k4_mall_d0,IMG_2380-HEIC
fb_h0_k4_mall_d0,IMG_2243-HEIC
fb_h0_k4_mall_d0,IMG_2334-HEIC
fb_h0_k4_mall_d0,IMG_2342-HEIC
fb_h0_k4_mall_d0,IMG_2302-HEIC
fb_h0_k4_mall_d0,IMG_0737-HEIC
fb_h0_k4_mall_d0,IMG_2303-HEIC
fb_h0_k4_mall_d0,IMG_2329-HEIC
fb_h0_k4_mall_d0,IMG_2239-HEIC
fb_h0_k4_mall_d0,IMG_2242-HEIC
fb_h0_k4_mall_d0,IMG_2305-HEIC
fb_h0_k4_mall_d0,IMG_0772-HEIC
fb_h0_k4_mall_d0,IMG_2337-HEIC
fb_h0_k4_mall_d0,IMG_0771-HEIC
fb_h0_k4_mall_d0,IMG_2258-HEIC
fb_h0_k4_mall_d0,IMG_2293-HEIC
fb_h0_k4_mall_d0,IMG_0773-HEIC
fb_h0_k4_mall_d0,IMG_0756-HEIC
fb_h0_k4_mall_d0,IMG_0763-HEIC
fb_h0_k4_mall_d0,IMG_0765-HEIC
fb_h0_k4_mall_d0,IMG_0755-HEIC
fb_h0_k4_mall_d0,IMG_2383-HEIC
fb_h0_k4_mall_d0,IMG_2309-HEIC
fb_h0_k4_mall_d0,IMG_2287-HEIC
fb_h0_k4_mall_d0,IMG_2306-HEIC
fb_h0_k4_mall_d0,IMG_2240-HEIC
fb_h0_k4_mall_d0,IMG_2386-HEIC
fb_h0_k4_mall_d0,IMG_2390-HEIC
fb_h0_k4_mall_d0,IMG_0757-HEIC
fb_h0_k4_mall_d0,IMG_0767-HEIC
fb_h0_k4_mall_d0,IMG_2352-HEIC
fb_h0_k4_mall_d0,IMG_0759-HEIC
fb_h0_k4_mall_d0,IMG_2349-HEIC
fb_h0_k4_mall_d0,IMG_2251-HEIC
fb_h0_k4_mall_d0,IMG_0764-HEIC
fb_h0_k4_mall_d0,IMG_2310-HEIC
fb_h0_k4_mall_d0,IMG_2343-HEIC
fb_h0_k4_mall_d0,IMG_2249-HEIC
fb_h0_k4_mall_d0,IMG_2247-HEIC
fb_h0_k4_mall_d0,IMG_2307-HEIC
fb_h0_k4_mall_d0,IMG_2347-HEIC
fb_h0_k4_mall_d0,IMG_2336-HEIC
fb_h0_k4_mall_d0,IMG_2391-HEIC
fb_h0_k4_mall_d0,IMG_2351-HEIC
fb_h0_k4_mall_d0,IMG_0741-HEIC
fb_h0_k4_mall_d0,IMG_2285-HEIC
fb_h0_k4_mall_d0,IMG_2345-HEIC
fb_h0_k4_mall_d0,IMG_2274-HEIC
fb_h0_k4_mall_d0,IMG_2340-HEIC
fb_h0_k4_mall_d0,IMG_2289-HEIC
fb_h0_k4_mall_d0,IMG_0752-HEIC
fb_h0_k4_mall_d0,IMG_2256-HEIC
fb_h0_k4_mall_d0,IMG_0768-HEIC
fb_h0_k4_mall_d0,IMG_0766-HEIC
fb_h0_k4_mall_d0,IMG_2255-HEIC
fb_h0_k4_mall_d0,IMG_2290-HEIC
fb_h0_k4_mall_d0,IMG_2311-HEIC
fb_h0_k4_mall_d0,IMG_0769-HEIC
fb_h0_k4_mall_d0,IMG_2331-HEIC
fb_h0_k4_mall_d0,IMG_2384-HEIC
fb_h0_k4_mall_d0,IMG_2248-HEIC
fb_h0_k4_mall_d0,IMG_2341-HEIC
fb_h0_k4_mall_d0,IMG_2296-HEIC
fb_h0_k4_mall_d0,IMG_2382-HEIC
fb_h0_k4_mall_d0,IMG_2241-HEIC
fb_h0_k4_mall_d0,IMG_2291-HEIC
fb_h0_k4_mall_d0,IMG_2339-HEIC
fb_h0_k4_mall_d0,IMG_2330-HEIC
fb_h0_k4_mall_d0,IMG_2294-HEIC
fb_h0_k4_mall_d0,IMG_2288-HEIC
fb_h0_k4_mall_d0,IMG_2308-HEIC
fb_h0_k4_mall_d0,IMG_2333-HEIC
fb_h0_k4_mall_d0,IMG_2338-HEIC
fb_h0_k4_mall_d0,IMG_2385-HEIC
fb_h0_k4_mall_d0,IMG_0754-HEIC
fb_h0_k4_mall_d0,IMG_2252-HEIC
fb_h0_k4_mall_d0,IMG_2295-HEIC
fb_h0_k4_mall_d0,IMG_2259-HEIC
fb_h0_k4_mall_d0,IMG_2381-HEIC
fb_h0_k4_mall_d0,IMG_2286-HEIC
fb_h0_k4_mall_d0,IMG_2254-HEIC
fb_h0_k4_mall_d0,IMG_0743-HEIC
fb_h0_k4_mall_d0,IMG_0760-HEIC
fb_h0_k4_mall_d0,IMG_2253-HEIC
fb_h0_k4_mall_d0,IMG_2245-HEIC
fb_h0_k4_mall_d0,IMG_0742-HEIC
fb_h0_k4_mall_d0,IMG_2273-HEIC
fb_h0_k4_mall_d0,IMG_2257-HEIC
fb_h0_k4_mall_d0,IMG_0751-HEIC
fb_h0_k4_mall_d0,IMG_2389-HEIC
fb_h0_k4_mall_d0,IMG_2335-HEIC
fb_h0_k4_mall_d0,IMG_2178-HEIC
fb_h0_k4_mall_d0,IMG_2153-HEIC
fb_h0_k4_mall_d0,IMG_2174-HEIC
fb_h0_k4_mall_d0,IMG_2194-HEIC
fb_h0_k4_mall_d0,IMG_2183-HEIC
fb_h0_k4_mall_d0,IMG_2202-HEIC
fb_h0_k4_mall_d0,IMG_2151-HEIC
fb_h0_k4_mall_d0,IMG_2159-HEIC
fb_h0_k4_mall_d0,IMG_2201-HEIC
fb_h0_k4_mall_d0,IMG_2182-HEIC
fb_h0_k4_mall_d0,IMG_2154-HEIC
fb_h0_k4_mall_d0,IMG_2150-HEIC
fb_h0_k4_mall_d0,IMG_2168-HEIC
fb_h0_k4_mall_d0,IMG_2184-HEIC
fb_h0_k4_mall_d0,IMG_2188-HEIC
fb_h0_k4_mall_d0,IMG_2155-HEIC
fb_h0_k4_mall_d0,IMG_2156-HEIC
fb_h0_k4_mall_d0,IMG_2195-HEIC
fb_h0_k4_mall_d0,IMG_2131-HEIC
fb_h0_k4_mall_d0,IMG_2158-HEIC
fb_h0_k4_mall_d0,IMG_2209-HEIC
fb_h0_k4_mall_d0,IMG_2138-HEIC
fb_h0_k4_mall_d0,IMG_2175-HEIC
fb_h0_k4_mall_d0,IMG_2216-HEIC
fb_h0_k4_mall_d0,IMG_2203-HEIC
fb_h0_k4_mall_d0,IMG_2179-HEIC
fb_h0_k4_mall_d0,IMG_2149-HEIC
fb_h0_k4_mall_d0,IMG_2193-HEIC
fb_h0_k4_mall_d0,IMG_2181-HEIC
fb_h0_k4_mall_d0,IMG_2213-HEIC
fb_h0_k4_mall_d0,IMG_2152-HEIC
fb_h0_k4_mall_d0,IMG_2205-HEIC
fb_h0_k4_mall_d0,IMG_2191-HEIC
fb_h0_k4_mall_d0,IMG_2177-HEIC
fb_h0_k4_mall_d0,IMG_2133-HEIC
fb_h0_k4_mall_d0,IMG_2169-HEIC
fb_h0_k4_mall_d0,IMG_2134-HEIC
fb_h0_k4_mall_d0,IMG_2132-HEIC
fb_h0_k4_mall_d0,IMG_2199-HEIC
fb_h0_k4_mall_d0,IMG_2196-HEIC
fb_h0_k4_mall_d0,IMG_2139-HEIC
fb_h0_k4_mall_d0,IMG_2208-HEIC
fb_h0_k4_mall_d0,IMG_2148-HEIC
fb_h0_k4_mall_d0,IMG_2214-HEIC
fb_h0_k4_mall_d0,IMG_2185-HEIC
fb_h0_k4_mall_d0,IMG_2206-HEIC
fb_h0_k4_mall_d0,IMG_2180-HEIC
fb_h0_k4_mall_d0,IMG_2212-HEIC
fb_h0_k4_mall_d0,IMG_2211-HEIC
fb_h0_k4_mall_d0,IMG_2189-HEIC
fb_h0_k4_mall_d0,IMG_2176-HEIC
fb_h0_k4_mall_d0,IMG_2198-HEIC
fb_h0_k4_mall_d0,IMG_2197-HEIC
fb_h0_k4_mall_d0,IMG_2187-HEIC
fb_h0_k4_mall_d0,IMG_2170-HEIC
fb_h0_k4_mall_d0,IMG_2204-HEIC
fb_h0_k4_mall_d0,IMG_2190-HEIC
fb_h0_k4_m15_d1,IMG_0106-HEIC
fb_h0_k4_m15_d1,IMG_0260
fb_h0_k4_m15_d1,IMG_0173
fb_h0_k4_m15_d1,IMG_0111-HEIC
fb_h0_k4_m15_d1,IMG_0284
fb_h0_k4_m15_d1,IMG_0136
fb_h0_k4_m15_d1,IMG_0105-HEIC
fb_h0_k4_m15_d1,IMG_0175
fb_h0_k4_m15_d1,IMG_0209
fb_h0_k4_m15_d1,IMG_0083-HEIC
fb_h0_k4_m15_d1,IMG_0235
fb_h0_k4_m15_d1,IMG_0257
fb_h0_k4_m15_d1,IMG_0185
fb_h0_k4_m15_d1,IMG_0256
fb_h0_k4_m15_d1,IMG_0095
fb_h0_k4_m15_d1,IMG_1968
fb_h0_k4_m15_d1,IMG_1964
fb_h0_k4_m15_d1,IMG_4041
fb_h0_k4_m15_d1,IMG_4002
fb_h0_k4_m15_d1,IMG_1917
fb_h0_k4_m15_d1,IMG_3961
fb_h0_k4_m15_d1,IMG_1916
fb_h0_k4_m15_d1,IMG_2037
fb_h0_k4_m15_d1,IMG_2032
fb_h0_k4_m15_d1,IMG_3929
fb_h0_k4_m15_d1,IMG_2048
fb_h0_k4_m15_d1,IMG_2042
fb_h0_k4_m15_d1,IMG_1912
fb_h0_k4_m15_d1,IMG_3996
fb_h0_k4_m15_d1,IMG_3980
fb_h0_k4_m15_d1,IMG_9984
fb_h0_k4_m15_d1,IMG_9988
fb_h0_k4_m15_d1,IMG_9973
fb_h0_k4_m15_d1,IMG_9894
fb_h0_k4_m15_d1,IMG_9970
fb_h0_k4_m15_d1,IMG_9965
fb_h0_k4_m15_d1,IMG_9972
fb_h0_k4_m15_d1,IMG_9900
fb_h0_k4_m15_d1,IMG_9918
fb_h0_k4_m15_d1,IMG_9926
fb_h0_k4_m15_d1,IMG_9969
fb_h0_k4_m15_d1,IMG_9939
fb_h0_k4_m15_d1,IMG_9977
fb_h0_k4_m15_d1,IMG_9931
fb_h0_k4_m15_d1,IMG_9944
fb_h0_k4_m15_d1,IMG_2185-HEIC
fb_h0_k4_m15_d1,IMG_2184-HEIC
fb_h0_k4_m15_d1,IMG_2213-HEIC
fb_h0_k4_m15_d1,IMG_2159-HEIC
fb_h0_k4_m15_d1,IMG_2175-HEIC
fb_h0_k4_m15_d1,IMG_2187-HEIC
fb_h0_k4_m15_d1,IMG_2177-HEIC
fb_h0_k4_m15_d1,IMG_2179-HEIC
fb_h0_k4_m15_d1,IMG_2178-HEIC
fb_h0_k4_m15_d1,IMG_2206-HEIC
fb_h0_k4_m15_d1,IMG_2204-HEIC
fb_h0_k4_m15_d1,IMG_2208-HEIC
fb_h0_k4_m15_d1,IMG_2149-HEIC
fb_h0_k4_m15_d1,IMG_2176-HEIC
fb_h0_k4_m15_d1,IMG_2134-HEIC
fb_h0_k4_m50_d1,IMG_0106-HEIC
fb_h0_k4_m50_d1,IMG_0260
fb_h0_k4_m50_d1,IMG_0173
fb_h0_k4_m50_d1,IMG_0111-HEIC
fb_h0_k4_m50_d1,IMG_0284
fb_h0_k4_m50_d1,IMG_0136
fb_h0_k4_m50_d1,IMG_0105-HEIC
fb_h0_k4_m50_d1,IMG_0175
fb_h0_k4_m50_d1,IMG_0209
fb_h0_k4_m50_d1,IMG_0083-HEIC
fb_h0_k4_m50_d1,IMG_0235
fb_h0_k4_m50_d1,IMG_0257
fb_h0_k4_m50_d1,IMG_0185
fb_h0_k4_m50_d1,IMG_0256
fb_h0_k4_m50_d1,IMG_0095
fb_h0_k4_m50_d1,IMG_0066
fb_h0_k4_m50_d1,IMG_0109-HEIC
fb_h0_k4_m50_d1,IMG_0116-HEIC
fb_h0_k4_m50_d1,IMG_0148
fb_h0_k4_m50_d1,IMG_0069
fb_h0_k4_m50_d1,IMG_0178
fb_h0_k4_m50_d1,IMG_0126-HEIC
fb_h0_k4_m50_d1,IMG_0074
fb_h0_k4_m50_d1,IMG_0179
fb_h0_k4_m50_d1,IMG_0142
fb_h0_k4_m50_d1,IMG_0273
fb_h0_k4_m50_d1,IMG_0089
fb_h0_k4_m50_d1,IMG_0184
fb_h0_k4_m50_d1,IMG_0192
fb_h0_k4_m50_d1,IMG_0210
fb_h0_k4_m50_d1,IMG_0108-HEIC
fb_h0_k4_m50_d1,IMG_0230
fb_h0_k4_m50_d1,IMG_0077
fb_h0_k4_m50_d1,IMG_0174
fb_h0_k4_m50_d1,IMG_0153
fb_h0_k4_m50_d1,IMG_0218
fb_h0_k4_m50_d1,IMG_0080
fb_h0_k4_m50_d1,IMG_0182-HEIC
fb_h0_k4_m50_d1,IMG_0223
fb_h0_k4_m50_d1,IMG_0159
fb_h0_k4_m50_d1,IMG_0072
fb_h0_k4_m50_d1,IMG_0238
fb_h0_k4_m50_d1,IMG_0267
fb_h0_k4_m50_d1,IMG_0084
fb_h0_k4_m50_d1,IMG_0090
fb_h0_k4_m50_d1,IMG_0220
fb_h0_k4_m50_d1,IMG_0204
fb_h0_k4_m50_d1,IMG_0091
fb_h0_k4_m50_d1,IMG_0070
fb_h0_k4_m50_d1,IMG_0165
fb_h0_k4_m50_d1,IMG_1968
fb_h0_k4_m50_d1,IMG_1964
fb_h0_k4_m50_d1,IMG_4041
fb_h0_k4_m50_d1,IMG_4002
fb_h0_k4_m50_d1,IMG_1917
fb_h0_k4_m50_d1,IMG_3961
fb_h0_k4_m50_d1,IMG_1916
fb_h0_k4_m50_d1,IMG_2037
fb_h0_k4_m50_d1,IMG_2032
fb_h0_k4_m50_d1,IMG_3929
fb_h0_k4_m50_d1,IMG_2048
fb_h0_k4_m50_d1,IMG_2042
fb_h0_k4_m50_d1,IMG_1912
fb_h0_k4_m50_d1,IMG_3996
fb_h0_k4_m50_d1,IMG_3980
fb_h0_k4_m50_d1,IMG_2011
fb_h0_k4_m50_d1,IMG_2026
fb_h0_k4_m50_d1,IMG_3984
fb_h0_k4_m50_d1,IMG_2015
fb_h0_k4_m50_d1,IMG_3999
fb_h0_k4_m50_d1,IMG_4034
fb_h0_k4_m50_d1,IMG_2024
fb_h0_k4_m50_d1,IMG_1958
fb_h0_k4_m50_d1,IMG_1915
fb_h0_k4_m50_d1,IMG_2002
fb_h0_k4_m50_d1,IMG_2046
fb_h0_k4_m50_d1,IMG_4026
fb_h0_k4_m50_d1,IMG_1925
fb_h0_k4_m50_d1,IMG_3925
fb_h0_k4_m50_d1,IMG_3983
fb_h0_k4_m50_d1,IMG_2045
fb_h0_k4_m50_d1,IMG_4005
fb_h0_k4_m50_d1,IMG_3994
fb_h0_k4_m50_d1,IMG_1923
fb_h0_k4_m50_d1,IMG_2043
fb_h0_k4_m50_d1,IMG_4032
fb_h0_k4_m50_d1,IMG_1998
fb_h0_k4_m50_d1,IMG_4031
fb_h0_k4_m50_d1,IMG_1924
fb_h0_k4_m50_d1,IMG_3997
fb_h0_k4_m50_d1,IMG_4029
fb_h0_k4_m50_d1,IMG_1913
fb_h0_k4_m50_d1,IMG_4011
fb_h0_k4_m50_d1,IMG_1960
fb_h0_k4_m50_d1,IMG_2055
fb_h0_k4_m50_d1,IMG_2031
fb_h0_k4_m50_d1,IMG_3978
fb_h0_k4_m50_d1,IMG_2025
fb_h0_k4_m50_d1,IMG_1970
fb_h0_k4_m50_d1,IMG_4024
fb_h0_k4_m50_d1,IMG_9984
fb_h0_k4_m50_d1,IMG_9988
fb_h0_k4_m50_d1,IMG_9973
fb_h0_k4_m50_d1,IMG_9894
fb_h0_k4_m50_d1,IMG_9970
fb_h0_k4_m50_d1,IMG_9965
fb_h0_k4_m50_d1,IMG_9972
fb_h0_k4_m50_d1,IMG_9900
fb_h0_k4_m50_d1,IMG_9918
fb_h0_k4_m50_d1,IMG_9926
fb_h0_k4_m50_d1,IMG_9969
fb_h0_k4_m50_d1,IMG_9939
fb_h0_k4_m50_d1,IMG_9977
fb_h0_k4_m50_d1,IMG_9931
fb_h0_k4_m50_d1,IMG_9944
fb_h0_k4_m50_d1,IMG_9893
fb_h0_k4_m50_d1,IMG_9921
fb_h0_k4_m50_d1,IMG_9983
fb_h0_k4_m50_d1,IMG_9927
fb_h0_k4_m50_d1,IMG_9980
fb_h0_k4_m50_d1,IMG_9888
fb_h0_k4_m50_d1,IMG_9898
fb_h0_k4_m50_d1,IMG_9986
fb_h0_k4_m50_d1,IMG_9890
fb_h0_k4_m50_d1,IMG_9902
fb_h0_k4_m50_d1,IMG_9940
fb_h0_k4_m50_d1,IMG_9987
fb_h0_k4_m50_d1,IMG_9915
fb_h0_k4_m50_d1,IMG_9906
fb_h0_k4_m50_d1,IMG_9959
fb_h0_k4_m50_d1,IMG_9920
fb_h0_k4_m50_d1,IMG_9943
fb_h0_k4_m50_d1,IMG_9941
fb_h0_k4_m50_d1,IMG_9923
fb_h0_k4_m50_d1,IMG_9942
fb_h0_k4_m50_d1,IMG_9958
fb_h0_k4_m50_d1,IMG_9949
fb_h0_k4_m50_d1,IMG_9948
fb_h0_k4_m50_d1,IMG_9925
fb_h0_k4_m50_d1,IMG_9889
fb_h0_k4_m50_d1,IMG_9955
fb_h0_k4_m50_d1,IMG_9896
fb_h0_k4_m50_d1,IMG_9886
fb_h0_k4_m50_d1,IMG_9962
fb_h0_k4_m50_d1,IMG_9924
fb_h0_k4_m50_d1,IMG_9957
fb_h0_k4_m50_d1,IMG_9919
fb_h0_k4_m50_d1,IMG_9933
fb_h0_k4_m50_d1,IMG_9908
fb_h0_k4_m50_d1,IMG_9912-HEIC
fb_h0_k4_m50_d1,IMG_2185-HEIC
fb_h0_k4_m50_d1,IMG_2184-HEIC
fb_h0_k4_m50_d1,IMG_2213-HEIC
fb_h0_k4_m50_d1,IMG_2159-HEIC
fb_h0_k4_m50_d1,IMG_2175-HEIC
fb_h0_k4_m50_d1,IMG_2187-HEIC
fb_h0_k4_m50_d1,IMG_2177-HEIC
fb_h0_k4_m50_d1,IMG_2179-HEIC
fb_h0_k4_m50_d1,IMG_2178-HEIC
fb_h0_k4_m50_d1,IMG_2206-HEIC
fb_h0_k4_m50_d1,IMG_2204-HEIC
fb_h0_k4_m50_d1,IMG_2208-HEIC
fb_h0_k4_m50_d1,IMG_2149-HEIC
fb_h0_k4_m50_d1,IMG_2176-HEIC
fb_h0_k4_m50_d1,IMG_2134-HEIC
fb_h0_k4_m50_d1,IMG_2133-HEIC
fb_h0_k4_m50_d1,IMG_2189-HEIC
fb_h0_k4_m50_d1,IMG_2211-HEIC
fb_h0_k4_m50_d1,IMG_2199-HEIC
fb_h0_k4_m50_d1,IMG_2182-HEIC
fb_h0_k4_m50_d1,IMG_2197-HEIC
fb_h0_k4_m50_d1,IMG_2148-HEIC
fb_h0_k4_m50_d1,IMG_2205-HEIC
fb_h0_k4_m50_d1,IMG_2155-HEIC
fb_h0_k4_m50_d1,IMG_2139-HEIC
fb_h0_k4_m50_d1,IMG_2138-HEIC
fb_h0_k4_m50_d1,IMG_2181-HEIC
fb_h0_k4_m50_d1,IMG_2150-HEIC
fb_h0_k4_m50_d1,IMG_2180-HEIC
fb_h0_k4_m50_d1,IMG_2151-HEIC
fb_h0_k4_m50_d1,IMG_2169-HEIC
fb_h0_k4_m50_d1,IMG_2131-HEIC
fb_h0_k4_m50_d1,IMG_2194-HEIC
fb_h0_k4_m50_d1,IMG_2216-HEIC
fb_h0_k4_m50_d1,IMG_2195-HEIC
fb_h0_k4_m50_d1,IMG_2212-HEIC
fb_h0_k4_m50_d1,IMG_2203-HEIC
fb_h0_k4_m50_d1,IMG_2132-HEIC
fb_h0_k4_m50_d1,IMG_2156-HEIC
fb_h0_k4_m50_d1,IMG_2193-HEIC
fb_h0_k4_m50_d1,IMG_2188-HEIC
fb_h0_k4_m50_d1,IMG_2168-HEIC
fb_h0_k4_m50_d1,IMG_2191-HEIC
fb_h0_k4_m50_d1,IMG_2170-HEIC
fb_h0_k4_m50_d1,IMG_2202-HEIC
fb_h0_k4_m50_d1,IMG_2158-HEIC
fb_h0_k4_m50_d1,IMG_2198-HEIC
fb_h0_k4_m50_d1,IMG_2214-HEIC
fb_h0_k4_m50_d1,IMG_2196-HEIC
fb_h0_k4_m50_d1,IMG_2152-HEIC
fb_h0_k4_mall_d1,IMG_0106-HEIC
fb_h0_k4_mall_d1,IMG_0260
fb_h0_k4_mall_d1,IMG_0173
fb_h0_k4_mall_d1,IMG_0111-HEIC
fb_h0_k4_mall_d1,IMG_0284
fb_h0_k4_mall_d1,IMG_0136
fb_h0_k4_mall_d1,IMG_0105-HEIC
fb_h0_k4_mall_d1,IMG_0175
fb_h0_k4_mall_d1,IMG_0209
fb_h0_k4_mall_d1,IMG_0083-HEIC
fb_h0_k4_mall_d1,IMG_0235
fb_h0_k4_mall_d1,IMG_0257
fb_h0_k4_mall_d1,IMG_0185
fb_h0_k4_mall_d1,IMG_0256
fb_h0_k4_mall_d1,IMG_0095
fb_h0_k4_mall_d1,IMG_0066
fb_h0_k4_mall_d1,IMG_0109-HEIC
fb_h0_k4_mall_d1,IMG_0116-HEIC
fb_h0_k4_mall_d1,IMG_0148
fb_h0_k4_mall_d1,IMG_0069
fb_h0_k4_mall_d1,IMG_0178
fb_h0_k4_mall_d1,IMG_0126-HEIC
fb_h0_k4_mall_d1,IMG_0074
fb_h0_k4_mall_d1,IMG_0179
fb_h0_k4_mall_d1,IMG_0142
fb_h0_k4_mall_d1,IMG_0273
fb_h0_k4_mall_d1,IMG_0089
fb_h0_k4_mall_d1,IMG_0184
fb_h0_k4_mall_d1,IMG_0192
fb_h0_k4_mall_d1,IMG_0210
fb_h0_k4_mall_d1,IMG_0108-HEIC
fb_h0_k4_mall_d1,IMG_0230
fb_h0_k4_mall_d1,IMG_0077
fb_h0_k4_mall_d1,IMG_0174
fb_h0_k4_mall_d1,IMG_0153
fb_h0_k4_mall_d1,IMG_0218
fb_h0_k4_mall_d1,IMG_0080
fb_h0_k4_mall_d1,IMG_0182-HEIC
fb_h0_k4_mall_d1,IMG_0223
fb_h0_k4_mall_d1,IMG_0159
fb_h0_k4_mall_d1,IMG_0072
fb_h0_k4_mall_d1,IMG_0238
fb_h0_k4_mall_d1,IMG_0267
fb_h0_k4_mall_d1,IMG_0084
fb_h0_k4_mall_d1,IMG_0090
fb_h0_k4_mall_d1,IMG_0220
fb_h0_k4_mall_d1,IMG_0204
fb_h0_k4_mall_d1,IMG_0091
fb_h0_k4_mall_d1,IMG_0070
fb_h0_k4_mall_d1,IMG_0165
fb_h0_k4_mall_d1,IMG_0102
fb_h0_k4_mall_d1,IMG_0262
fb_h0_k4_mall_d1,IMG_0177
fb_h0_k4_mall_d1,IMG_0073
fb_h0_k4_mall_d1,IMG_0187-HEIC
fb_h0_k4_mall_d1,IMG_0104-HEIC
fb_h0_k4_mall_d1,IMG_0198
fb_h0_k4_mall_d1,IMG_0078
fb_h0_k4_mall_d1,IMG_0279
fb_h0_k4_mall_d1,IMG_0219
fb_h0_k4_mall_d1,IMG_0263
fb_h0_k4_mall_d1,IMG_0211
fb_h0_k4_mall_d1,IMG_1968
fb_h0_k4_mall_d1,IMG_1964
fb_h0_k4_mall_d1,IMG_4041
fb_h0_k4_mall_d1,IMG_4002
fb_h0_k4_mall_d1,IMG_1917
fb_h0_k4_mall_d1,IMG_3961
fb_h0_k4_mall_d1,IMG_1916
fb_h0_k4_mall_d1,IMG_2037
fb_h0_k4_mall_d1,IMG_2032
fb_h0_k4_mall_d1,IMG_3929
fb_h0_k4_mall_d1,IMG_2048
fb_h0_k4_mall_d1,IMG_2042
fb_h0_k4_mall_d1,IMG_1912
fb_h0_k4_mall_d1,IMG_3996
fb_h0_k4_mall_d1,IMG_3980
fb_h0_k4_mall_d1,IMG_2011
fb_h0_k4_mall_d1,IMG_2026
fb_h0_k4_mall_d1,IMG_3984
fb_h0_k4_mall_d1,IMG_2015
fb_h0_k4_mall_d1,IMG_3999
fb_h0_k4_mall_d1,IMG_4034
fb_h0_k4_mall_d1,IMG_2024
fb_h0_k4_mall_d1,IMG_1958
fb_h0_k4_mall_d1,IMG_1915
fb_h0_k4_mall_d1,IMG_2002
fb_h0_k4_mall_d1,IMG_2046
fb_h0_k4_mall_d1,IMG_4026
fb_h0_k4_mall_d1,IMG_1925
fb_h0_k4_mall_d1,IMG_3925
fb_h0_k4_mall_d1,IMG_3983
fb_h0_k4_mall_d1,IMG_2045
fb_h0_k4_mall_d1,IMG_4005
fb_h0_k4_mall_d1,IMG_3994
fb_h0_k4_mall_d1,IMG_1923
fb_h0_k4_mall_d1,IMG_2043
fb_h0_k4_mall_d1,IMG_4032
fb_h0_k4_mall_d1,IMG_1998
fb_h0_k4_mall_d1,IMG_4031
fb_h0_k4_mall_d1,IMG_1924
fb_h0_k4_mall_d1,IMG_3997
fb_h0_k4_mall_d1,IMG_4029
fb_h0_k4_mall_d1,IMG_1913
fb_h0_k4_mall_d1,IMG_4011
fb_h0_k4_mall_d1,IMG_1960
fb_h0_k4_mall_d1,IMG_2055
fb_h0_k4_mall_d1,IMG_2031
fb_h0_k4_mall_d1,IMG_3978
fb_h0_k4_mall_d1,IMG_2025
fb_h0_k4_mall_d1,IMG_1970
fb_h0_k4_mall_d1,IMG_4024
fb_h0_k4_mall_d1,IMG_1999
fb_h0_k4_mall_d1,IMG_4047
fb_h0_k4_mall_d1,IMG_3981
fb_h0_k4_mall_d1,IMG_1993
fb_h0_k4_mall_d1,IMG_2016
fb_h0_k4_mall_d1,IMG_2010
fb_h0_k4_mall_d1,IMG_3931
fb_h0_k4_mall_d1,IMG_1969
fb_h0_k4_mall_d1,IMG_2030
fb_h0_k4_mall_d1,IMG_4003
fb_h0_k4_mall_d1,IMG_3924
fb_h0_k4_mall_d1,IMG_1914
fb_h0_k4_mall_d1,IMG_3926
fb_h0_k4_mall_d1,IMG_2019
fb_h0_k4_mall_d1,IMG_4004
fb_h0_k4_mall_d1,IMG_3993
fb_h0_k4_mall_d1,IMG_2023
fb_h0_k4_mall_d1,IMG_1963
fb_h0_k4_mall_d1,IMG_2038
fb_h0_k4_mall_d1,IMG_4015
fb_h0_k4_mall_d1,IMG_2050
fb_h0_k4_mall_d1,IMG_2053
fb_h0_k4_mall_d1,IMG_4014
fb_h0_k4_mall_d1,IMG_3998
fb_h0_k4_mall_d1,IMG_3962
fb_h0_k4_mall_d1,IMG_1996
fb_h0_k4_mall_d1,IMG_2049
fb_h0_k4_mall_d1,IMG_2056
fb_h0_k4_mall_d1,IMG_3923
fb_h0_k4_mall_d1,IMG_3975
fb_h0_k4_mall_d1,IMG_2014
fb_h0_k4_mall_d1,IMG_3919
fb_h0_k4_mall_d1,IMG_1959
fb_h0_k4_mall_d1,IMG_4012
fb_h0_k4_mall_d1,IMG_3928
fb_h0_k4_mall_d1,IMG_3963
fb_h0_k4_mall_d1,IMG_2039
fb_h0_k4_mall_d1,IMG_2009
fb_h0_k4_mall_d1,IMG_2044
fb_h0_k4_mall_d1,IMG_4025
fb_h0_k4_mall_d1,IMG_3982
fb_h0_k4_mall_d1,IMG_4001
fb_h0_k4_mall_d1,IMG_3920
fb_h0_k4_mall_d1,IMG_3930
fb_h0_k4_mall_d1,IMG_2013
fb_h0_k4_mall_d1,IMG_2047
fb_h0_k4_mall_d1,IMG_1957
fb_h0_k4_mall_d1,IMG_3965
fb_h0_k4_mall_d1,IMG_4058
fb_h0_k4_mall_d1,IMG_4013
fb_h0_k4_mall_d1,IMG_4033
fb_h0_k4_mall_d1,IMG_1997
fb_h0_k4_mall_d1,IMG_2001
fb_h0_k4_mall_d1,IMG_4019
fb_h0_k4_mall_d1,IMG_3932
fb_h0_k4_mall_d1,IMG_1966
fb_h0_k4_mall_d1,IMG_3976
fb_h0_k4_mall_d1,IMG_1909
fb_h0_k4_mall_d1,IMG_2054
fb_h0_k4_mall_d1,IMG_3995
fb_h0_k4_mall_d1,IMG_4020
fb_h0_k4_mall_d1,IMG_1961
fb_h0_k4_mall_d1,IMG_1971
fb_h0_k4_mall_d1,IMG_1956
fb_h0_k4_mall_d1,IMG_3921
fb_h0_k4_mall_d1,IMG_2051
fb_h0_k4_mall_d1,IMG_1928
fb_h0_k4_mall_d1,IMG_3992
fb_h0_k4_mall_d1,IMG_3986
fb_h0_k4_mall_d1,IMG_3987
fb_h0_k4_mall_d1,IMG_3977
fb_h0_k4_mall_d1,IMG_2022
fb_h0_k4_mall_d1,IMG_2018
fb_h0_k4_mall_d1,IMG_1922
fb_h0_k4_mall_d1,IMG_3918
fb_h0_k4_mall_d1,IMG_1965
fb_h0_k4_mall_d1,IMG_2012
fb_h0_k4_mall_d1,IMG_4053
fb_h0_k4_mall_d1,IMG_1908
fb_h0_k4_mall_d1,IMG_1929
fb_h0_k4_mall_d1,IMG_2040
fb_h0_k4_mall_d1,IMG_1918
fb_h0_k4_mall_d1,IMG_2052
fb_h0_k4_mall_d1,IMG_1962
fb_h0_k4_mall_d1,IMG_2057
fb_h0_k4_mall_d1,IMG_9984
fb_h0_k4_mall_d1,IMG_9988
fb_h0_k4_mall_d1,IMG_9973
fb_h0_k4_mall_d1,IMG_9894
fb_h0_k4_mall_d1,IMG_9970
fb_h0_k4_mall_d1,IMG_9965
fb_h0_k4_mall_d1,IMG_9972
fb_h0_k4_mall_d1,IMG_9900
fb_h0_k4_mall_d1,IMG_9918
fb_h0_k4_mall_d1,IMG_9926
fb_h0_k4_mall_d1,IMG_9969
fb_h0_k4_mall_d1,IMG_9939
fb_h0_k4_mall_d1,IMG_9977
fb_h0_k4_mall_d1,IMG_9931
fb_h0_k4_mall_d1,IMG_9944
fb_h0_k4_mall_d1,IMG_9893
fb_h0_k4_mall_d1,IMG_9921
fb_h0_k4_mall_d1,IMG_9983
fb_h0_k4_mall_d1,IMG_9927
fb_h0_k4_mall_d1,IMG_9980
fb_h0_k4_mall_d1,IMG_9888
fb_h0_k4_mall_d1,IMG_9898
fb_h0_k4_mall_d1,IMG_9986
fb_h0_k4_mall_d1,IMG_9890
fb_h0_k4_mall_d1,IMG_9902
fb_h0_k4_mall_d1,IMG_9940
fb_h0_k4_mall_d1,IMG_9987
fb_h0_k4_mall_d1,IMG_9915
fb_h0_k4_mall_d1,IMG_9906
fb_h0_k4_mall_d1,IMG_9959
fb_h0_k4_mall_d1,IMG_9920
fb_h0_k4_mall_d1,IMG_9943
fb_h0_k4_mall_d1,IMG_9941
fb_h0_k4_mall_d1,IMG_9923
fb_h0_k4_mall_d1,IMG_9942
fb_h0_k4_mall_d1,IMG_9958
fb_h0_k4_mall_d1,IMG_9949
fb_h0_k4_mall_d1,IMG_9948
fb_h0_k4_mall_d1,IMG_9925
fb_h0_k4_mall_d1,IMG_9889
fb_h0_k4_mall_d1,IMG_9955
fb_h0_k4_mall_d1,IMG_9896
fb_h0_k4_mall_d1,IMG_9886
fb_h0_k4_mall_d1,IMG_9962
fb_h0_k4_mall_d1,IMG_9924
fb_h0_k4_mall_d1,IMG_9957
fb_h0_k4_mall_d1,IMG_9919
fb_h0_k4_mall_d1,IMG_9933
fb_h0_k4_mall_d1,IMG_9908
fb_h0_k4_mall_d1,IMG_9912-HEIC
fb_h0_k4_mall_d1,IMG_9991
fb_h0_k4_mall_d1,IMG_9922
fb_h0_k4_mall_d1,IMG_9911
fb_h0_k4_mall_d1,IMG_9895
fb_h0_k4_mall_d1,IMG_9947
fb_h0_k4_mall_d1,IMG_9892
fb_h0_k4_mall_d1,IMG_9953
fb_h0_k4_mall_d1,IMG_9985
fb_h0_k4_mall_d1,IMG_9905
fb_h0_k4_mall_d1,IMG_9917
fb_h0_k4_mall_d1,IMG_9928
fb_h0_k4_mall_d1,IMG_9956
fb_h0_k4_mall_d1,IMG_9897
fb_h0_k4_mall_d1,IMG_9903
fb_h0_k4_mall_d1,IMG_9968
fb_h0_k4_mall_d1,IMG_9899
fb_h0_k4_mall_d1,IMG_9914-HEIC
fb_h0_k4_mall_d1,IMG_9887
fb_h0_k4_mall_d1,IMG_9990
fb_h0_k4_mall_d1,IMG_9960
fb_h0_k4_mall_d1,IMG_9946
fb_h0_k4_mall_d1,IMG_9961
fb_h0_k4_mall_d1,IMG_9910
fb_h0_k4_mall_d1,IMG_9951
fb_h0_k4_mall_d1,IMG_9904
fb_h0_k4_mall_d1,IMG_9989
fb_h0_k4_mall_d1,IMG_9885
fb_h0_k4_mall_d1,IMG_9891
fb_h0_k4_mall_d1,IMG_9963
fb_h0_k4_mall_d1,IMG_9907
fb_h0_k4_mall_d1,IMG_9929
fb_h0_k4_mall_d1,IMG_9916
fb_h0_k4_mall_d1,IMG_2185-HEIC
fb_h0_k4_mall_d1,IMG_2184-HEIC
fb_h0_k4_mall_d1,IMG_2213-HEIC
fb_h0_k4_mall_d1,IMG_2159-HEIC
fb_h0_k4_mall_d1,IMG_2175-HEIC
fb_h0_k4_mall_d1,IMG_2187-HEIC
fb_h0_k4_mall_d1,IMG_2177-HEIC
fb_h0_k4_mall_d1,IMG_2179-HEIC
fb_h0_k4_mall_d1,IMG_2178-HEIC
fb_h0_k4_mall_d1,IMG_2206-HEIC
fb_h0_k4_mall_d1,IMG_2204-HEIC
fb_h0_k4_mall_d1,IMG_2208-HEIC
fb_h0_k4_mall_d1,IMG_2149-HEIC
fb_h0_k4_mall_d1,IMG_2176-HEIC
fb_h0_k4_mall_d1,IMG_2134-HEIC
fb_h0_k4_mall_d1,IMG_2133-HEIC
fb_h0_k4_mall_d1,IMG_2189-HEIC
fb_h0_k4_mall_d1,IMG_2211-HEIC
fb_h0_k4_mall_d1,IMG_2199-HEIC
fb_h0_k4_mall_d1,IMG_2182-HEIC
fb_h0_k4_mall_d1,IMG_2197-HEIC
fb_h0_k4_mall_d1,IMG_2148-HEIC
fb_h0_k4_mall_d1,IMG_2205-HEIC
fb_h0_k4_mall_d1,IMG_2155-HEIC
fb_h0_k4_mall_d1,IMG_2139-HEIC
fb_h0_k4_mall_d1,IMG_2138-HEIC
fb_h0_k4_mall_d1,IMG_2181-HEIC
fb_h0_k4_mall_d1,IMG_2150-HEIC
fb_h0_k4_mall_d1,IMG_2180-HEIC
fb_h0_k4_mall_d1,IMG_2151-HEIC
fb_h0_k4_mall_d1,IMG_2169-HEIC
fb_h0_k4_mall_d1,IMG_2131-HEIC
fb_h0_k4_mall_d1,IMG_2194-HEIC
fb_h0_k4_mall_d1,IMG_2216-HEIC
fb_h0_k4_mall_d1,IMG_2195-HEIC
fb_h0_k4_mall_d1,IMG_2212-HEIC
fb_h0_k4_mall_d1,IMG_2203-HEIC
fb_h0_k4_mall_d1,IMG_2132-HEIC
fb_h0_k4_mall_d1,IMG_2156-HEIC
fb_h0_k4_mall_d1,IMG_2193-HEIC
fb_h0_k4_mall_d1,IMG_2188-HEIC
fb_h0_k4_mall_d1,IMG_2168-HEIC
fb_h0_k4_mall_d1,IMG_2191-HEIC
fb_h0_k4_mall_d1,IMG_2170-HEIC
fb_h0_k4_mall_d1,IMG_2202-HEIC
fb_h0_k4_mall_d1,IMG_2158-HEIC
fb_h0_k4_mall_d1,IMG_2198-HEIC
fb_h0_k4_mall_d1,IMG_2214-HEIC
fb_h0_k4_mall_d1,IMG_2196-HEIC
fb_h0_k4_mall_d1,IMG_2152-HEIC
fb_h0_k4_mall_d1,IMG_2209-HEIC
fb_h0_k4_mall_d1,IMG_2174-HEIC
fb_h0_k4_mall_d1,IMG_2154-HEIC
fb_h0_k4_mall_d1,IMG_2183-HEIC
fb_h0_k4_mall_d1,IMG_2190-HEIC
fb_h0_k4_mall_d1,IMG_2153-HEIC
fb_h0_k4_mall_d1,IMG_2201-HEIC
fb_h0_k7_m15_d0,IMG_2615-HEIC
fb_h0_k7_m15_d0,IMG_2491-HEIC
fb_h0_k7_m15_d0,IMG_2522-HEIC
fb_h0_k7_m15_d0,IMG_2525-HEIC
fb_h0_k7_m15_d0,IMG_2589-HEIC
fb_h0_k7_m15_d0,IMG_2564-HEIC
fb_h0_k7_m15_d0,IMG_2571-HEIC
fb_h0_k7_m15_d0,IMG_2537-HEIC
fb_h0_k7_m15_d0,IMG_2534-HEIC
fb_h0_k7_m15_d0,IMG_2636-HEIC
fb_h0_k7_m15_d0,IMG_2513-HEIC
fb_h0_k7_m15_d0,IMG_2648-HEIC
fb_h0_k7_m15_d0,IMG_2545-HEIC
fb_h0_k7_m15_d0,IMG_2599-HEIC
fb_h0_k7_m15_d0,IMG_2584-HEIC
fb_h0_k7_m15_d0,IMG_2095
fb_h0_k7_m15_d0,IMG_4180
fb_h0_k7_m15_d0,IMG_4151
fb_h0_k7_m15_d0,IMG_4157
fb_h0_k7_m15_d0,IMG_4168
fb_h0_k7_m15_d0,IMG_4072
fb_h0_k7_m15_d0,IMG_4096
fb_h0_k7_m15_d0,IMG_2100
fb_h0_k7_m15_d0,IMG_4218
fb_h0_k7_m15_d0,IMG_4148
fb_h0_k7_m15_d0,IMG_4169
fb_h0_k7_m15_d0,IMG_4146
fb_h0_k7_m15_d0,IMG_4069
fb_h0_k7_m15_d0,IMG_4152
fb_h0_k7_m15_d0,IMG_2088
fb_h0_k7_m15_d0,IMG_0089
fb_h0_k7_m15_d0,IMG_0230
fb_h0_k7_m15_d0,IMG_0257
fb_h0_k7_m15_d0,IMG_0177
fb_h0_k7_m15_d0,IMG_0209
fb_h0_k7_m15_d0,IMG_0184
fb_h0_k7_m15_d0,IMG_0174
fb_h0_k7_m15_d0,IMG_0116-HEIC
fb_h0_k7_m15_d0,IMG_0105-HEIC
fb_h0_k7_m15_d0,IMG_0256
fb_h0_k7_m15_d0,IMG_0084
fb_h0_k7_m15_d0,IMG_0187-HEIC
fb_h0_k7_m15_d0,IMG_0070
fb_h0_k7_m15_d0,IMG_0220
fb_h0_k7_m15_d0,IMG_0108-HEIC
fb_h0_k7_m15_d0,IMG_0773-HEIC
fb_h0_k7_m15_d0,IMG_2385-HEIC
fb_h0_k7_m15_d0,IMG_2304-HEIC
fb_h0_k7_m15_d0,IMG_2303-HEIC
fb_h0_k7_m15_d0,IMG_2391-HEIC
fb_h0_k7_m15_d0,IMG_2274-HEIC
fb_h0_k7_m15_d0,IMG_2296-HEIC
fb_h0_k7_m15_d0,IMG_2342-HEIC
fb_h0_k7_m15_d0,IMG_2345-HEIC
fb_h0_k7_m15_d0,IMG_2244-HEIC
fb_h0_k7_m15_d0,IMG_0761-HEIC
fb_h0_k7_m15_d0,IMG_0763-HEIC
fb_h0_k7_m15_d0,IMG_0756-HEIC
fb_h0_k7_m15_d0,IMG_2347-HEIC
fb_h0_k7_m15_d0,IMG_2241-HEIC
fb_h0_k7_m15_d0,IMG_2025
fb_h0_k7_m15_d0,IMG_3930
fb_h0_k7_m15_d0,IMG_2010
fb_h0_k7_m15_d0,IMG_4025
fb_h0_k7_m15_d0,IMG_4001
fb_h0_k7_m15_d0,IMG_3993
fb_h0_k7_m15_d0,IMG_4015
fb_h0_k7_m15_d0,IMG_2043
fb_h0_k7_m15_d0,IMG_2053
fb_h0_k7_m15_d0,IMG_1962
fb_h0_k7_m15_d0,IMG_3920
fb_h0_k7_m15_d0,IMG_2031
fb_h0_k7_m15_d0,IMG_4005
fb_h0_k7_m15_d0,IMG_4047
fb_h0_k7_m15_d0,IMG_1923
fb_h0_k7_m15_d0,IMG_9986
fb_h0_k7_m15_d0,IMG_9983
fb_h0_k7_m15_d0,IMG_9990
fb_h0_k7_m15_d0,IMG_9965
fb_h0_k7_m15_d0,IMG_9933
fb_h0_k7_m15_d0,IMG_9896
fb_h0_k7_m15_d0,IMG_9897
fb_h0_k7_m15_d0,IMG_9886
fb_h0_k7_m15_d0,IMG_9925
fb_h0_k7_m15_d0,IMG_9912-HEIC
fb_h0_k7_m15_d0,IMG_9922
fb_h0_k7_m15_d0,IMG_9927
fb_h0_k7_m15_d0,IMG_9905
fb_h0_k7_m15_d0,IMG_9899
fb_h0_k7_m15_d0,IMG_9980
fb_h0_k7_m15_d0,IMG_2211-HEIC
fb_h0_k7_m15_d0,IMG_2194-HEIC
fb_h0_k7_m15_d0,IMG_2205-HEIC
fb_h0_k7_m15_d0,IMG_2208-HEIC
fb_h0_k7_m15_d0,IMG_2187-HEIC
fb_h0_k7_m15_d0,IMG_2169-HEIC
fb_h0_k7_m15_d0,IMG_2216-HEIC
fb_h0_k7_m15_d0,IMG_2179-HEIC
fb_h0_k7_m15_d0,IMG_2189-HEIC
fb_h0_k7_m15_d0,IMG_2149-HEIC
fb_h0_k7_m15_d0,IMG_2174-HEIC
fb_h0_k7_m15_d0,IMG_2178-HEIC
fb_h0_k7_m15_d0,IMG_2150-HEIC
fb_h0_k7_m15_d0,IMG_2183-HEIC
fb_h0_k7_m15_d0,IMG_2131-HEIC
fb_h0_k7_m50_d0,IMG_2615-HEIC
fb_h0_k7_m50_d0,IMG_2491-HEIC
fb_h0_k7_m50_d0,IMG_2522-HEIC
fb_h0_k7_m50_d0,IMG_2525-HEIC
fb_h0_k7_m50_d0,IMG_2589-HEIC
fb_h0_k7_m50_d0,IMG_2564-HEIC
fb_h0_k7_m50_d0,IMG_2571-HEIC
fb_h0_k7_m50_d0,IMG_2537-HEIC
fb_h0_k7_m50_d0,IMG_2534-HEIC
fb_h0_k7_m50_d0,IMG_2636-HEIC
fb_h0_k7_m50_d0,IMG_2513-HEIC
fb_h0_k7_m50_d0,IMG_2648-HEIC
fb_h0_k7_m50_d0,IMG_2545-HEIC
fb_h0_k7_m50_d0,IMG_2599-HEIC
fb_h0_k7_m50_d0,IMG_2584-HEIC
fb_h0_k7_m50_d0,IMG_2523-HEIC
fb_h0_k7_m50_d0,IMG_2595-HEIC
fb_h0_k7_m50_d0,IMG_2550-HEIC
fb_h0_k7_m50_d0,IMG_2593-HEIC
fb_h0_k7_m50_d0,IMG_2577-HEIC
fb_h0_k7_m50_d0,IMG_2700-HEIC
fb_h0_k7_m50_d0,IMG_2680-HEIC
fb_h0_k7_m50_d0,IMG_2619-HEIC
fb_h0_k7_m50_d0,IMG_2482-HEIC
fb_h0_k7_m50_d0,IMG_2524-HEIC
fb_h0_k7_m50_d0,IMG_2686-HEIC
fb_h0_k7_m50_d0,IMG_2701-HEIC
fb_h0_k7_m50_d0,IMG_2635-HEIC
fb_h0_k7_m50_d0,IMG_2572-HEIC
fb_h0_k7_m50_d0,IMG_2579-HEIC
fb_h0_k7_m50_d0,IMG_2570-HEIC
fb_h0_k7_m50_d0,IMG_2576-HEIC
fb_h0_k7_m50_d0,IMG_2666-HEIC
fb_h0_k7_m50_d0,IMG_2660-HEIC
fb_h0_k7_m50_d0,IMG_2674-HEIC
fb_h0_k7_m50_d0,IMG_2504-HEIC
fb_h0_k7_m50_d0,IMG_2446-HEIC
fb_h0_k7_m50_d0,IMG_2620-HEIC
fb_h0_k7_m50_d0,IMG_2598-HEIC
fb_h0_k7_m50_d0,IMG_2590-HEIC
fb_h0_k7_m50_d0,IMG_2616-HEIC
fb_h0_k7_m50_d0,IMG_2580-HEIC
fb_h0_k7_m50_d0,IMG_2637-HEIC
fb_h0_k7_m50_d0,IMG_2585-HEIC
fb_h0_k7_m50_d0,IMG_2488-HEIC
fb_h0_k7_m50_d0,IMG_2634-HEIC
fb_h0_k7_m50_d0,IMG_2492-HEIC
fb_h0_k7_m50_d0,IMG_2578-HEIC
fb_h0_k7_m50_d0,IMG_2610-HEIC
fb_h0_k7_m50_d0,IMG_2583-HEIC
fb_h0_k7_m50_d0,IMG_2095
fb_h0_k7_m50_d0,IMG_4180
fb_h0_k7_m50_d0,IMG_4151
fb_h0_k7_m50_d0,IMG_4157
fb_h0_k7_m50_d0,IMG_4168
fb_h0_k7_m50_d0,IMG_4072
fb_h0_k7_m50_d0,IMG_4096
fb_h0_k7_m50_d0,IMG_2100
fb_h0_k7_m50_d0,IMG_4218
fb_h0_k7_m50_d0,IMG_4148
fb_h0_k7_m50_d0,IMG_4169
fb_h0_k7_m50_d0,IMG_4146
fb_h0_k7_m50_d0,IMG_4069
fb_h0_k7_m50_d0,IMG_4152
fb_h0_k7_m50_d0,IMG_2088
fb_h0_k7_m50_d0,IMG_4144
fb_h0_k7_m50_d0,IMG_4098
fb_h0_k7_m50_d0,IMG_2110
fb_h0_k7_m50_d0,IMG_4192
fb_h0_k7_m50_d0,IMG_4156
fb_h0_k7_m50_d0,IMG_2064
fb_h0_k7_m50_d0,IMG_4103
fb_h0_k7_m50_d0,IMG_4087
fb_h0_k7_m50_d0,IMG_4110
fb_h0_k7_m50_d0,IMG_4155
fb_h0_k7_m50_d0,IMG_4067
fb_h0_k7_m50_d0,IMG_2060
fb_h0_k7_m50_d0,IMG_4182
fb_h0_k7_m50_d0,IMG_4089
fb_h0_k7_m50_d0,IMG_4109
fb_h0_k7_m50_d0,IMG_4143
fb_h0_k7_m50_d0,IMG_2108
fb_h0_k7_m50_d0,IMG_2101
fb_h0_k7_m50_d0,IMG_4085
fb_h0_k7_m50_d0,IMG_4179
fb_h0_k7_m50_d0,IMG_4104
fb_h0_k7_m50_d0,IMG_4213
fb_h0_k7_m50_d0,IMG_2079
fb_h0_k7_m50_d0,IMG_2084
fb_h0_k7_m50_d0,IMG_2081
fb_h0_k7_m50_d0,IMG_4116
fb_h0_k7_m50_d0,IMG_2130
fb_h0_k7_m50_d0,IMG_4262
fb_h0_k7_m50_d0,IMG_4200
fb_h0_k7_m50_d0,IMG_4095
fb_h0_k7_m50_d0,IMG_2083
fb_h0_k7_m50_d0,IMG_4170
fb_h0_k7_m50_d0,IMG_2067
fb_h0_k7_m50_d0,IMG_2115
fb_h0_k7_m50_d0,IMG_2116
fb_h0_k7_m50_d0,IMG_0089
fb_h0_k7_m50_d0,IMG_0230
fb_h0_k7_m50_d0,IMG_0257
fb_h0_k7_m50_d0,IMG_0177
fb_h0_k7_m50_d0,IMG_0209
fb_h0_k7_m50_d0,IMG_0184
fb_h0_k7_m50_d0,IMG_0174
fb_h0_k7_m50_d0,IMG_0116-HEIC
fb_h0_k7_m50_d0,IMG_0105-HEIC
fb_h0_k7_m50_d0,IMG_0256
fb_h0_k7_m50_d0,IMG_0084
fb_h0_k7_m50_d0,IMG_0187-HEIC
fb_h0_k7_m50_d0,IMG_0070
fb_h0_k7_m50_d0,IMG_0220
fb_h0_k7_m50_d0,IMG_0108-HEIC
fb_h0_k7_m50_d0,IMG_0210
fb_h0_k7_m50_d0,IMG_0083-HEIC
fb_h0_k7_m50_d0,IMG_0182-HEIC
fb_h0_k7_m50_d0,IMG_0109-HEIC
fb_h0_k7_m50_d0,IMG_0106-HEIC
fb_h0_k7_m50_d0,IMG_0136
fb_h0_k7_m50_d0,IMG_0238
fb_h0_k7_m50_d0,IMG_0284
fb_h0_k7_m50_d0,IMG_0260
fb_h0_k7_m50_d0,IMG_0142
fb_h0_k7_m50_d0,IMG_0279
fb_h0_k7_m50_d0,IMG_0148
fb_h0_k7_m50_d0,IMG_0192
fb_h0_k7_m50_d0,IMG_0178
fb_h0_k7_m50_d0,IMG_0077
fb_h0_k7_m50_d0,IMG_0091
fb_h0_k7_m50_d0,IMG_0102
fb_h0_k7_m50_d0,IMG_0211
fb_h0_k7_m50_d0,IMG_0175
fb_h0_k7_m50_d0,IMG_0153
fb_h0_k7_m50_d0,IMG_0263
fb_h0_k7_m50_d0,IMG_0104-HEIC
fb_h0_k7_m50_d0,IMG_0273
fb_h0_k7_m50_d0,IMG_0074
fb_h0_k7_m50_d0,IMG_0185
fb_h0_k7_m50_d0,IMG_0218
fb_h0_k7_m50_d0,IMG_0095
fb_h0_k7_m50_d0,IMG_0073
fb_h0_k7_m50_d0,IMG_0173
fb_h0_k7_m50_d0,IMG_0235
fb_h0_k7_m50_d0,IMG_0219
fb_h0_k7_m50_d0,IMG_0159
fb_h0_k7_m50_d0,IMG_0179
fb_h0_k7_m50_d0,IMG_0090
fb_h0_k7_m50_d0,IMG_0126-HEIC
fb_h0_k7_m50_d0,IMG_0773-HEIC
fb_h0_k7_m50_d0,IMG_2385-HEIC
fb_h0_k7_m50_d0,IMG_2304-HEIC
fb_h0_k7_m50_d0,IMG_2303-HEIC
fb_h0_k7_m50_d0,IMG_2391-HEIC
fb_h0_k7_m50_d0,IMG_2274-HEIC
fb_h0_k7_m50_d0,IMG_2296-HEIC
fb_h0_k7_m50_d0,IMG_2342-HEIC
fb_h0_k7_m50_d0,IMG_2345-HEIC
fb_h0_k7_m50_d0,IMG_2244-HEIC
fb_h0_k7_m50_d0,IMG_0761-HEIC
fb_h0_k7_m50_d0,IMG_0763-HEIC
fb_h0_k7_m50_d0,IMG_0756-HEIC
fb_h0_k7_m50_d0,IMG_2347-HEIC
fb_h0_k7_m50_d0,IMG_2241-HEIC
fb_h0_k7_m50_d0,IMG_2389-HEIC
fb_h0_k7_m50_d0,IMG_2270-HEIC
fb_h0_k7_m50_d0,IMG_2305-HEIC
fb_h0_k7_m50_d0,IMG_2245-HEIC
fb_h0_k7_m50_d0,IMG_2341-HEIC
fb_h0_k7_m50_d0,IMG_0765-HEIC
fb_h0_k7_m50_d0,IMG_2288-HEIC
fb_h0_k7_m50_d0,IMG_2246-HEIC
fb_h0_k7_m50_d0,IMG_0770-HEIC
fb_h0_k7_m50_d0,IMG_2293-HEIC
fb_h0_k7_m50_d0,IMG_0737-HEIC
fb_h0_k7_m50_d0,IMG_2249-HEIC
fb_h0_k7_m50_d0,IMG_2380-HEIC
fb_h0_k7_m50_d0,IMG_2287-HEIC
fb_h0_k7_m50_d0,IMG_0767-HEIC
fb_h0_k7_m50_d0,IMG_0771-HEIC
fb_h0_k7_m50_d0,IMG_0772-HEIC
fb_h0_k7_m50_d0,IMG_2329-HEIC
fb_h0_k7_m50_d0,IMG_2349-HEIC
fb_h0_k7_m50_d0,IMG_2306-HEIC
fb_h0_k7_m50_d0,IMG_2351-HEIC
fb_h0_k7_m50_d0,IMG_2308-HEIC
fb_h0_k7_m50_d0,IMG_0766-HEIC
fb_h0_k7_m50_d0,IMG_2352-HEIC
fb_h0_k7_m50_d0,IMG_2286-HEIC
fb_h0_k7_m50_d0,IMG_2302-HEIC
fb_h0_k7_m50_d0,IMG_2273-HEIC
fb_h0_k7_m50_d0,IMG_2242-HEIC
fb_h0_k7_m50_d0,IMG_2311-HEIC
fb_h0_k7_m50_d0,IMG_2335-HEIC
fb_h0_k7_m50_d0,IMG_2339-HEIC
fb_h0_k7_m50_d0,IMG_2285-HEIC
fb_h0_k7_m50_d0,IMG_0743-HEIC
fb_h0_k7_m50_d0,IMG_2340-HEIC
fb_h0_k7_m50_d0,IMG_2243-HEIC
fb_h0_k7_m50_d0,IMG_2025
fb_h0_k7_m50_d0,IMG_3930
fb_h0_k7_m50_d0,IMG_2010
fb_h0_k7_m50_d0,IMG_4025
fb_h0_k7_m50_d0,IMG_4001
fb_h0_k7_m50_d0,IMG_3993
fb_h0_k7_m50_d0,IMG_4015
fb_h0_k7_m50_d0,IMG_2043
fb_h0_k7_m50_d0,IMG_2053
fb_h0_k7_m50_d0,IMG_1962
fb_h0_k7_m50_d0,IMG_3920
fb_h0_k7_m50_d0,IMG_2031
fb_h0_k7_m50_d0,IMG_4005
fb_h0_k7_m50_d0,IMG_4047
fb_h0_k7_m50_d0,IMG_1923
fb_h0_k7_m50_d0,IMG_1914
fb_h0_k7_m50_d0,IMG_3919
fb_h0_k7_m50_d0,IMG_4024
fb_h0_k7_m50_d0,IMG_4034
fb_h0_k7_m50_d0,IMG_3925
fb_h0_k7_m50_d0,IMG_3918
fb_h0_k7_m50_d0,IMG_4020
fb_h0_k7_m50_d0,IMG_3983
fb_h0_k7_m50_d0,IMG_1924
fb_h0_k7_m50_d0,IMG_1913
fb_h0_k7_m50_d0,IMG_1912
fb_h0_k7_m50_d0,IMG_2013
fb_h0_k7_m50_d0,IMG_3929
fb_h0_k7_m50_d0,IMG_1909
fb_h0_k7_m50_d0,IMG_4053
fb_h0_k7_m50_d0,IMG_2001
fb_h0_k7_m50_d0,IMG_2011
fb_h0_k7_m50_d0,IMG_1996
fb_h0_k7_m50_d0,IMG_2009
fb_h0_k7_m50_d0,IMG_2019
fb_h0_k7_m50_d0,IMG_4032
fb_h0_k7_m50_d0,IMG_3981
fb_h0_k7_m50_d0,IMG_1908
fb_h0_k7_m50_d0,IMG_1960
fb_h0_k7_m50_d0,IMG_1965
fb_h0_k7_m50_d0,IMG_1916
fb_h0_k7_m50_d0,IMG_2014
fb_h0_k7_m50_d0,IMG_2045
fb_h0_k7_m50_d0,IMG_3963
fb_h0_k7_m50_d0,IMG_4013
fb_h0_k7_m50_d0,IMG_2037
fb_h0_k7_m50_d0,IMG_1959
fb_h0_k7_m50_d0,IMG_4058
fb_h0_k7_m50_d0,IMG_2039
fb_h0_k7_m50_d0,IMG_4029
fb_h0_k7_m50_d0,IMG_9986
fb_h0_k7_m50_d0,IMG_9983
fb_h0_k7_m50_d0,IMG_9990
fb_h0_k7_m50_d0,IMG_9965
fb_h0_k7_m50_d0,IMG_9933
fb_h0_k7_m50_d0,IMG_9896
fb_h0_k7_m50_d0,IMG_9897
fb_h0_k7_m50_d0,IMG_9886
fb_h0_k7_m50_d0,IMG_9925
fb_h0_k7_m50_d0,IMG_9912-HEIC
fb_h0_k7_m50_d0,IMG_9922
fb_h0_k7_m50_d0,IMG_9927
fb_h0_k7_m50_d0,IMG_9905
fb_h0_k7_m50_d0,IMG_9899
fb_h0_k7_m50_d0,IMG_9980
fb_h0_k7_m50_d0,IMG_9961
fb_h0_k7_m50_d0,IMG_9951
fb_h0_k7_m50_d0,IMG_9888
fb_h0_k7_m50_d0,IMG_9900
fb_h0_k7_m50_d0,IMG_9939
fb_h0_k7_m50_d0,IMG_9908
fb_h0_k7_m50_d0,IMG_9893
fb_h0_k7_m50_d0,IMG_9890
fb_h0_k7_m50_d0,IMG_9962
fb_h0_k7_m50_d0,IMG_9906
fb_h0_k7_m50_d0,IMG_9892
fb_h0_k7_m50_d0,IMG_9973
fb_h0_k7_m50_d0,IMG_9969
fb_h0_k7_m50_d0,IMG_9919
fb_h0_k7_m50_d0,IMG_9917
fb_h0_k7_m50_d0,IMG_9918
fb_h0_k7_m50_d0,IMG_9984
fb_h0_k7_m50_d0,IMG_9968
fb_h0_k7_m50_d0,IMG_9972
fb_h0_k7_m50_d0,IMG_9907
fb_h0_k7_m50_d0,IMG_9955
fb_h0_k7_m50_d0,IMG_9894
fb_h0_k7_m50_d0,IMG_9915
fb_h0_k7_m50_d0,IMG_9943
fb_h0_k7_m50_d0,IMG_9885
fb_h0_k7_m50_d0,IMG_9914-HEIC
fb_h0_k7_m50_d0,IMG_9904
fb_h0_k7_m50_d0,IMG_9898
fb_h0_k7_m50_d0,IMG_9924
fb_h0_k7_m50_d0,IMG_9923
fb_h0_k7_m50_d0,IMG_9928
fb_h0_k7_m50_d0,IMG_9956
fb_h0_k7_m50_d0,IMG_9970
fb_h0_k7_m50_d0,IMG_9944
fb_h0_k7_m50_d0,IMG_9947
fb_h0_k7_m50_d0,IMG_2211-HEIC
fb_h0_k7_m50_d0,IMG_2194-HEIC
fb_h0_k7_m50_d0,IMG_2205-HEIC
fb_h0_k7_m50_d0,IMG_2208-HEIC
fb_h0_k7_m50_d0,IMG_2187-HEIC
fb_h0_k7_m50_d0,IMG_2169-HEIC
fb_h0_k7_m50_d0,IMG_2216-HEIC
fb_h0_k7_m50_d0,IMG_2179-HEIC
fb_h0_k7_m50_d0,IMG_2189-HEIC
fb_h0_k7_m50_d0,IMG_2149-HEIC
fb_h0_k7_m50_d0,IMG_2174-HEIC
fb_h0_k7_m50_d0,IMG_2178-HEIC
fb_h0_k7_m50_d0,IMG_2150-HEIC
fb_h0_k7_m50_d0,IMG_2183-HEIC
fb_h0_k7_m50_d0,IMG_2131-HEIC
fb_h0_k7_m50_d0,IMG_2213-HEIC
fb_h0_k7_m50_d0,IMG_2191-HEIC
fb_h0_k7_m50_d0,IMG_2209-HEIC
fb_h0_k7_m50_d0,IMG_2198-HEIC
fb_h0_k7_m50_d0,IMG_2203-HEIC
fb_h0_k7_m50_d0,IMG_2138-HEIC
fb_h0_k7_m50_d0,IMG_2151-HEIC
fb_h0_k7_m50_d0,IMG_2190-HEIC
fb_h0_k7_m50_d0,IMG_2168-HEIC
fb_h0_k7_m50_d0,IMG_2185-HEIC
fb_h0_k7_m50_d0,IMG_2195-HEIC
fb_h0_k7_m50_d0,IMG_2206-HEIC
fb_h0_k7_m50_d0,IMG_2202-HEIC
fb_h0_k7_m50_d0,IMG_2182-HEIC
fb_h0_k7_m50_d0,IMG_2156-HEIC
fb_h0_k7_m50_d0,IMG_2134-HEIC
fb_h0_k7_m50_d0,IMG_2204-HEIC
fb_h0_k7_m50_d0,IMG_2153-HEIC
fb_h0_k7_m50_d0,IMG_2148-HEIC
fb_h0_k7_m50_d0,IMG_2180-HEIC
fb_h0_k7_m50_d0,IMG_2155-HEIC
fb_h0_k7_m50_d0,IMG_2197-HEIC
fb_h0_k7_m50_d0,IMG_2177-HEIC
fb_h0_k7_m50_d0,IMG_2201-HEIC
fb_h0_k7_m50_d0,IMG_2188-HEIC
fb_h0_k7_m50_d0,IMG_2152-HEIC
fb_h0_k7_m50_d0,IMG_2158-HEIC
fb_h0_k7_m50_d0,IMG_2139-HEIC
fb_h0_k7_m50_d0,IMG_2193-HEIC
fb_h0_k7_m50_d0,IMG_2175-HEIC
fb_h0_k7_m50_d0,IMG_2154-HEIC
fb_h0_k7_m50_d0,IMG_2214-HEIC
fb_h0_k7_m50_d0,IMG_2159-HEIC
fb_h0_k7_m50_d0,IMG_2170-HEIC
fb_h0_k7_m50_d0,IMG_2196-HEIC
fb_h0_k7_mall_d0,IMG_2615-HEIC
fb_h0_k7_mall_d0,IMG_2491-HEIC
fb_h0_k7_mall_d0,IMG_2522-HEIC
fb_h0_k7_mall_d0,IMG_2525-HEIC
fb_h0_k7_mall_d0,IMG_2589-HEIC
fb_h0_k7_mall_d0,IMG_2564-HEIC
fb_h0_k7_mall_d0,IMG_2571-HEIC
fb_h0_k7_mall_d0,IMG_2537-HEIC
fb_h0_k7_mall_d0,IMG_2534-HEIC
fb_h0_k7_mall_d0,IMG_2636-HEIC
fb_h0_k7_mall_d0,IMG_2513-HEIC
fb_h0_k7_mall_d0,IMG_2648-HEIC
fb_h0_k7_mall_d0,IMG_2545-HEIC
fb_h0_k7_mall_d0,IMG_2599-HEIC
fb_h0_k7_mall_d0,IMG_2584-HEIC
fb_h0_k7_mall_d0,IMG_2523-HEIC
fb_h0_k7_mall_d0,IMG_2595-HEIC
fb_h0_k7_mall_d0,IMG_2550-HEIC
fb_h0_k7_mall_d0,IMG_2593-HEIC
fb_h0_k7_mall_d0,IMG_2577-HEIC
fb_h0_k7_mall_d0,IMG_2700-HEIC
fb_h0_k7_mall_d0,IMG_2680-HEIC
fb_h0_k7_mall_d0,IMG_2619-HEIC
fb_h0_k7_mall_d0,IMG_2482-HEIC
fb_h0_k7_mall_d0,IMG_2524-HEIC
fb_h0_k7_mall_d0,IMG_2686-HEIC
fb_h0_k7_mall_d0,IMG_2701-HEIC
fb_h0_k7_mall_d0,IMG_2635-HEIC
fb_h0_k7_mall_d0,IMG_2572-HEIC
fb_h0_k7_mall_d0,IMG_2579-HEIC
fb_h0_k7_mall_d0,IMG_2570-HEIC
fb_h0_k7_mall_d0,IMG_2576-HEIC
fb_h0_k7_mall_d0,IMG_2666-HEIC
fb_h0_k7_mall_d0,IMG_2660-HEIC
fb_h0_k7_mall_d0,IMG_2674-HEIC
fb_h0_k7_mall_d0,IMG_2504-HEIC
fb_h0_k7_mall_d0,IMG_2446-HEIC
fb_h0_k7_mall_d0,IMG_2620-HEIC
fb_h0_k7_mall_d0,IMG_2598-HEIC
fb_h0_k7_mall_d0,IMG_2590-HEIC
fb_h0_k7_mall_d0,IMG_2616-HEIC
fb_h0_k7_mall_d0,IMG_2580-HEIC
fb_h0_k7_mall_d0,IMG_2637-HEIC
fb_h0_k7_mall_d0,IMG_2585-HEIC
fb_h0_k7_mall_d0,IMG_2488-HEIC
fb_h0_k7_mall_d0,IMG_2634-HEIC
fb_h0_k7_mall_d0,IMG_2492-HEIC
fb_h0_k7_mall_d0,IMG_2578-HEIC
fb_h0_k7_mall_d0,IMG_2610-HEIC
fb_h0_k7_mall_d0,IMG_2583-HEIC
fb_h0_k7_mall_d0,IMG_2496-HEIC
fb_h0_k7_mall_d0,IMG_2536-HEIC
fb_h0_k7_mall_d0,IMG_2541-HEIC
fb_h0_k7_mall_d0,IMG_2588-HEIC
fb_h0_k7_mall_d0,IMG_2489-HEIC
fb_h0_k7_mall_d0,IMG_2495-HEIC
fb_h0_k7_mall_d0,IMG_2478-HEIC
fb_h0_k7_mall_d0,IMG_2582-HEIC
fb_h0_k7_mall_d0,IMG_2618-HEIC
fb_h0_k7_mall_d0,IMG_2539-HEIC
fb_h0_k7_mall_d0,IMG_2526-HEIC
fb_h0_k7_mall_d0,IMG_2540-HEIC
fb_h0_k7_mall_d0,IMG_2597-HEIC
fb_h0_k7_mall_d0,IMG_2592-HEIC
fb_h0_k7_mall_d0,IMG_2591-HEIC
fb_h0_k7_mall_d0,IMG_2395-HEIC
fb_h0_k7_mall_d0,IMG_2494-HEIC
fb_h0_k7_mall_d0,IMG_2647-HEIC
fb_h0_k7_mall_d0,IMG_2594-HEIC
fb_h0_k7_mall_d0,IMG_2476-HEIC
fb_h0_k7_mall_d0,IMG_2638-HEIC
fb_h0_k7_mall_d0,IMG_2481-HEIC
fb_h0_k7_mall_d0,IMG_2535-HEIC
fb_h0_k7_mall_d0,IMG_2567-HEIC
fb_h0_k7_mall_d0,IMG_2521-HEIC
fb_h0_k7_mall_d0,IMG_2603-HEIC
fb_h0_k7_mall_d0,IMG_2586-HEIC
fb_h0_k7_mall_d0,IMG_2621-HEIC
fb_h0_k7_mall_d0,IMG_2566-HEIC
fb_h0_k7_mall_d0,IMG_2587-HEIC
fb_h0_k7_mall_d0,IMG_2542-HEIC
fb_h0_k7_mall_d0,IMG_2604-HEIC
fb_h0_k7_mall_d0,IMG_2646-HEIC
fb_h0_k7_mall_d0,IMG_2520-HEIC
fb_h0_k7_mall_d0,IMG_2417-HEIC
fb_h0_k7_mall_d0,IMG_2581-HEIC
fb_h0_k7_mall_d0,IMG_2475-HEIC
fb_h0_k7_mall_d0,IMG_2617-HEIC
fb_h0_k7_mall_d0,IMG_2644-HEIC
fb_h0_k7_mall_d0,IMG_2538-HEIC
fb_h0_k7_mall_d0,IMG_2569-HEIC
fb_h0_k7_mall_d0,IMG_2557-HEIC
fb_h0_k7_mall_d0,IMG_2477-HEIC
fb_h0_k7_mall_d0,IMG_2533-HEIC
fb_h0_k7_mall_d0,IMG_2643-HEIC
fb_h0_k7_mall_d0,IMG_2654-HEIC
fb_h0_k7_mall_d0,IMG_2480-HEIC
fb_h0_k7_mall_d0,IMG_2452-HEIC
fb_h0_k7_mall_d0,IMG_2600-HEIC
fb_h0_k7_mall_d0,IMG_2493-HEIC
fb_h0_k7_mall_d0,IMG_2519-HEIC
fb_h0_k7_mall_d0,IMG_2596-HEIC
fb_h0_k7_mall_d0,IMG_2095
fb_h0_k7_mall_d0,IMG_4180
fb_h0_k7_mall_d0,IMG_4151
fb_h0_k7_mall_d0,IMG_4157
fb_h0_k7_mall_d0,IMG_4168
fb_h0_k7_mall_d0,IMG_4072
fb_h0_k7_mall_d0,IMG_4096
fb_h0_k7_mall_d0,IMG_2100
fb_h0_k7_mall_d0,IMG_4218
fb_h0_k7_mall_d0,IMG_4148
fb_h0_k7_mall_d0,IMG_4169
fb_h0_k7_mall_d0,IMG_4146
fb_h0_k7_mall_d0,IMG_4069
fb_h0_k7_mall_d0,IMG_4152
fb_h0_k7_mall_d0,IMG_2088
fb_h0_k7_mall_d0,IMG_4144
fb_h0_k7_mall_d0,IMG_4098
fb_h0_k7_mall_d0,IMG_2110
fb_h0_k7_mall_d0,IMG_4192
fb_h0_k7_mall_d0,IMG_4156
fb_h0_k7_mall_d0,IMG_2064
fb_h0_k7_mall_d0,IMG_4103
fb_h0_k7_mall_d0,IMG_4087
fb_h0_k7_mall_d0,IMG_4110
fb_h0_k7_mall_d0,IMG_4155
fb_h0_k7_mall_d0,IMG_4067
fb_h0_k7_mall_d0,IMG_2060
fb_h0_k7_mall_d0,IMG_4182
fb_h0_k7_mall_d0,IMG_4089
fb_h0_k7_mall_d0,IMG_4109
fb_h0_k7_mall_d0,IMG_4143
fb_h0_k7_mall_d0,IMG_2108
fb_h0_k7_mall_d0,IMG_2101
fb_h0_k7_mall_d0,IMG_4085
fb_h0_k7_mall_d0,IMG_4179
fb_h0_k7_mall_d0,IMG_4104
fb_h0_k7_mall_d0,IMG_4213
fb_h0_k7_mall_d0,IMG_2079
fb_h0_k7_mall_d0,IMG_2084
fb_h0_k7_mall_d0,IMG_2081
fb_h0_k7_mall_d0,IMG_4116
fb_h0_k7_mall_d0,IMG_2130
fb_h0_k7_mall_d0,IMG_4262
fb_h0_k7_mall_d0,IMG_4200
fb_h0_k7_mall_d0,IMG_4095
fb_h0_k7_mall_d0,IMG_2083
fb_h0_k7_mall_d0,IMG_4170
fb_h0_k7_mall_d0,IMG_2067
fb_h0_k7_mall_d0,IMG_2115
fb_h0_k7_mall_d0,IMG_2116
fb_h0_k7_mall_d0,IMG_2063
fb_h0_k7_mall_d0,IMG_4090
fb_h0_k7_mall_d0,IMG_4181
fb_h0_k7_mall_d0,IMG_4174
fb_h0_k7_mall_d0,IMG_2072
fb_h0_k7_mall_d0,IMG_4190
fb_h0_k7_mall_d0,IMG_2131
fb_h0_k7_mall_d0,IMG_2073
fb_h0_k7_mall_d0,IMG_2074
fb_h0_k7_mall_d0,IMG_4106
fb_h0_k7_mall_d0,IMG_4220
fb_h0_k7_mall_d0,IMG_2080
fb_h0_k7_mall_d0,IMG_4134
fb_h0_k7_mall_d0,IMG_4193
fb_h0_k7_mall_d0,IMG_2102
fb_h0_k7_mall_d0,IMG_4073
fb_h0_k7_mall_d0,IMG_4185
fb_h0_k7_mall_d0,IMG_4154
fb_h0_k7_mall_d0,IMG_2082
fb_h0_k7_mall_d0,IMG_4256
fb_h0_k7_mall_d0,IMG_4153
fb_h0_k7_mall_d0,IMG_4161
fb_h0_k7_mall_d0,IMG_2132
fb_h0_k7_mall_d0,IMG_2066
fb_h0_k7_mall_d0,IMG_4070
fb_h0_k7_mall_d0,IMG_4219
fb_h0_k7_mall_d0,IMG_2135
fb_h0_k7_mall_d0,IMG_4145
fb_h0_k7_mall_d0,IMG_4187
fb_h0_k7_mall_d0,IMG_4120
fb_h0_k7_mall_d0,IMG_4165
fb_h0_k7_mall_d0,IMG_2109
fb_h0_k7_mall_d0,IMG_4118
fb_h0_k7_mall_d0,IMG_2121
fb_h0_k7_mall_d0,IMG_2103
fb_h0_k7_mall_d0,IMG_4202
fb_h0_k7_mall_d0,IMG_2070
fb_h0_k7_mall_d0,IMG_2122
fb_h0_k7_mall_d0,IMG_2134
fb_h0_k7_mall_d0,IMG_4188
fb_h0_k7_mall_d0,IMG_4201
fb_h0_k7_mall_d0,IMG_4172
fb_h0_k7_mall_d0,IMG_4065
fb_h0_k7_mall_d0,IMG_4071
fb_h0_k7_mall_d0,IMG_2107
fb_h0_k7_mall_d0,IMG_4113
fb_h0_k7_mall_d0,IMG_2059
fb_h0_k7_mall_d0,IMG_2076
fb_h0_k7_mall_d0,IMG_2089
fb_h0_k7_mall_d0,IMG_4115
fb_h0_k7_mall_d0,IMG_4123
fb_h0_k7_mall_d0,IMG_4112
fb_h0_k7_mall_d0,IMG_2119
fb_h0_k7_mall_d0,IMG_4105
fb_h0_k7_mall_d0,IMG_4075
fb_h0_k7_mall_d0,IMG_4189
fb_h0_k7_mall_d0,IMG_4114
fb_h0_k7_mall_d0,IMG_4221
fb_h0_k7_mall_d0,IMG_2133
fb_h0_k7_mall_d0,IMG_4184
fb_h0_k7_mall_d0,IMG_2069
fb_h0_k7_mall_d0,IMG_4186
fb_h0_k7_mall_d0,IMG_2078
fb_h0_k7_mall_d0,IMG_2105
fb_h0_k7_mall_d0,IMG_4149
fb_h0_k7_mall_d0,IMG_4064
fb_h0_k7_mall_d0,IMG_2071
fb_h0_k7_mall_d0,IMG_4147
fb_h0_k7_mall_d0,IMG_2075
fb_h0_k7_mall_d0,IMG_2061
fb_h0_k7_mall_d0,IMG_4183
fb_h0_k7_mall_d0,IMG_4086
fb_h0_k7_mall_d0,IMG_2068
fb_h0_k7_mall_d0,IMG_4164
fb_h0_k7_mall_d0,IMG_4163
fb_h0_k7_mall_d0,IMG_4191
fb_h0_k7_mall_d0,IMG_4066
fb_h0_k7_mall_d0,IMG_2106
fb_h0_k7_mall_d0,IMG_4091
fb_h0_k7_mall_d0,IMG_4088
fb_h0_k7_mall_d0,IMG_2085
fb_h0_k7_mall_d0,IMG_4178
fb_h0_k7_mall_d0,IMG_2062
fb_h0_k7_mall_d0,IMG_2058
fb_h0_k7_mall_d0,IMG_4162
fb_h0_k7_mall_d0,IMG_4150
fb_h0_k7_mall_d0,IMG_2104
fb_h0_k7_mall_d0,IMG_4068
fb_h0_k7_mall_d0,IMG_4176
fb_h0_k7_mall_d0,IMG_2117
fb_h0_k7_mall_d0,IMG_2120
fb_h0_k7_mall_d0,IMG_4159
fb_h0_k7_mall_d0,IMG_4111
fb_h0_k7_mall_d0,IMG_4194
fb_h0_k7_mall_d0,IMG_2077
fb_h0_k7_mall_d0,IMG_4203
fb_h0_k7_mall_d0,IMG_4117
fb_h0_k7_mall_d0,IMG_0089
fb_h0_k7_mall_d0,IMG_0230
fb_h0_k7_mall_d0,IMG_0257
fb_h0_k7_mall_d0,IMG_0177
fb_h0_k7_mall_d0,IMG_0209
fb_h0_k7_mall_d0,IMG_0184
fb_h0_k7_mall_d0,IMG_0174
fb_h0_k7_mall_d0,IMG_0116-HEIC
fb_h0_k7_mall_d0,IMG_0105-HEIC
fb_h0_k7_mall_d0,IMG_0256
fb_h0_k7_mall_d0,IMG_0084
fb_h0_k7_mall_d0,IMG_0187-HEIC
fb_h0_k7_mall_d0,IMG_0070
fb_h0_k7_mall_d0,IMG_0220
fb_h0_k7_mall_d0,IMG_0108-HEIC
fb_h0_k7_mall_d0,IMG_0210
fb_h0_k7_mall_d0,IMG_0083-HEIC
fb_h0_k7_mall_d0,IMG_0182-HEIC
fb_h0_k7_mall_d0,IMG_0109-HEIC
fb_h0_k7_mall_d0,IMG_0106-HEIC
fb_h0_k7_mall_d0,IMG_0136
fb_h0_k7_mall_d0,IMG_0238
fb_h0_k7_mall_d0,IMG_0284
fb_h0_k7_mall_d0,IMG_0260
fb_h0_k7_mall_d0,IMG_0142
fb_h0_k7_mall_d0,IMG_0279
fb_h0_k7_mall_d0,IMG_0148
fb_h0_k7_mall_d0,IMG_0192
fb_h0_k7_mall_d0,IMG_0178
fb_h0_k7_mall_d0,IMG_0077
fb_h0_k7_mall_d0,IMG_0091
fb_h0_k7_mall_d0,IMG_0102
fb_h0_k7_mall_d0,IMG_0211
fb_h0_k7_mall_d0,IMG_0175
fb_h0_k7_mall_d0,IMG_0153
fb_h0_k7_mall_d0,IMG_0263
fb_h0_k7_mall_d0,IMG_0104-HEIC
fb_h0_k7_mall_d0,IMG_0273
fb_h0_k7_mall_d0,IMG_0074
fb_h0_k7_mall_d0,IMG_0185
fb_h0_k7_mall_d0,IMG_0218
fb_h0_k7_mall_d0,IMG_0095
fb_h0_k7_mall_d0,IMG_0073
fb_h0_k7_mall_d0,IMG_0173
fb_h0_k7_mall_d0,IMG_0235
fb_h0_k7_mall_d0,IMG_0219
fb_h0_k7_mall_d0,IMG_0159
fb_h0_k7_mall_d0,IMG_0179
fb_h0_k7_mall_d0,IMG_0090
fb_h0_k7_mall_d0,IMG_0126-HEIC
fb_h0_k7_mall_d0,IMG_0262
fb_h0_k7_mall_d0,IMG_0204
fb_h0_k7_mall_d0,IMG_0078
fb_h0_k7_mall_d0,IMG_0080
fb_h0_k7_mall_d0,IMG_0066
fb_h0_k7_mall_d0,IMG_0111-HEIC
fb_h0_k7_mall_d0,IMG_0165
fb_h0_k7_mall_d0,IMG_0267
fb_h0_k7_mall_d0,IMG_0223
fb_h0_k7_mall_d0,IMG_0072
fb_h0_k7_mall_d0,IMG_0069
fb_h0_k7_mall_d0,IMG_0198
fb_h0_k7_mall_d0,IMG_0773-HEIC
fb_h0_k7_mall_d0,IMG_2385-HEIC
fb_h0_k7_mall_d0,IMG_2304-HEIC
fb_h0_k7_mall_d0,IMG_2303-HEIC
fb_h0_k7_mall_d0,IMG_2391-HEIC
fb_h0_k7_mall_d0,IMG_2274-HEIC
fb_h0_k7_mall_d0,IMG_2296-HEIC
fb_h0_k7_mall_d0,IMG_2342-HEIC
fb_h0_k7_mall_d0,IMG_2345-HEIC
fb_h0_k7_mall_d0,IMG_2244-HEIC
fb_h0_k7_mall_d0,IMG_0761-HEIC
fb_h0_k7_mall_d0,IMG_0763-HEIC
fb_h0_k7_mall_d0,IMG_0756-HEIC
fb_h0_k7_mall_d0,IMG_2347-HEIC
fb_h0_k7_mall_d0,IMG_2241-HEIC
fb_h0_k7_mall_d0,IMG_2389-HEIC
fb_h0_k7_mall_d0,IMG_2270-HEIC
fb_h0_k7_mall_d0,IMG_2305-HEIC
fb_h0_k7_mall_d0,IMG_2245-HEIC
fb_h0_k7_mall_d0,IMG_2341-HEIC
fb_h0_k7_mall_d0,IMG_0765-HEIC
fb_h0_k7_mall_d0,IMG_2288-HEIC
fb_h0_k7_mall_d0,IMG_2246-HEIC
fb_h0_k7_mall_d0,IMG_0770-HEIC
fb_h0_k7_mall_d0,IMG_2293-HEIC
fb_h0_k7_mall_d0,IMG_0737-HEIC
fb_h0_k7_mall_d0,IMG_2249-HEIC
fb_h0_k7_mall_d0,IMG_2380-HEIC
fb_h0_k7_mall_d0,IMG_2287-HEIC
fb_h0_k7_mall_d0,IMG_0767-HEIC
fb_h0_k7_mall_d0,IMG_0771-HEIC
fb_h0_k7_mall_d0,IMG_0772-HEIC
fb_h0_k7_mall_d0,IMG_2329-HEIC
fb_h0_k7_mall_d0,IMG_2349-HEIC
fb_h0_k7_mall_d0,IMG_2306-HEIC
fb_h0_k7_mall_d0,IMG_2351-HEIC
fb_h0_k7_mall_d0,IMG_2308-HEIC
fb_h0_k7_mall_d0,IMG_0766-HEIC
fb_h0_k7_mall_d0,IMG_2352-HEIC
fb_h0_k7_mall_d0,IMG_2286-HEIC
fb_h0_k7_mall_d0,IMG_2302-HEIC
fb_h0_k7_mall_d0,IMG_2273-HEIC
fb_h0_k7_mall_d0,IMG_2242-HEIC
fb_h0_k7_mall_d0,IMG_2311-HEIC
fb_h0_k7_mall_d0,IMG_2335-HEIC
fb_h0_k7_mall_d0,IMG_2339-HEIC
fb_h0_k7_mall_d0,IMG_2285-HEIC
fb_h0_k7_mall_d0,IMG_0743-HEIC
fb_h0_k7_mall_d0,IMG_2340-HEIC
fb_h0_k7_mall_d0,IMG_2243-HEIC
fb_h0_k7_mall_d0,IMG_2390-HEIC
fb_h0_k7_mall_d0,IMG_0751-HEIC
fb_h0_k7_mall_d0,IMG_0760-HEIC
fb_h0_k7_mall_d0,IMG_0768-HEIC
fb_h0_k7_mall_d0,IMG_2336-HEIC
fb_h0_k7_mall_d0,IMG_2294-HEIC
fb_h0_k7_mall_d0,IMG_0742-HEIC
fb_h0_k7_mall_d0,IMG_0741-HEIC
fb_h0_k7_mall_d0,IMG_2383-HEIC
fb_h0_k7_mall_d0,IMG_2381-HEIC
fb_h0_k7_mall_d0,IMG_2295-HEIC
fb_h0_k7_mall_d0,IMG_2382-HEIC
fb_h0_k7_mall_d0,IMG_2247-HEIC
fb_h0_k7_mall_d0,IMG_2330-HEIC
fb_h0_k7_mall_d0,IMG_2290-HEIC
fb_h0_k7_mall_d0,IMG_2309-HEIC
fb_h0_k7_mall_d0,IMG_2289-HEIC
fb_h0_k7_mall_d0,IMG_0754-HEIC
fb_h0_k7_mall_d0,IMG_2332-HEIC
fb_h0_k7_mall_d0,IMG_2259-HEIC
fb_h0_k7_mall_d0,IMG_2346-HEIC
fb_h0_k7_mall_d0,IMG_2240-HEIC
fb_h0_k7_mall_d0,IMG_2343-HEIC
fb_h0_k7_mall_d0,IMG_0758-HEIC
fb_h0_k7_mall_d0,IMG_2256-HEIC
fb_h0_k7_mall_d0,IMG_0740-HEIC
fb_h0_k7_mall_d0,IMG_2386-HEIC
fb_h0_k7_mall_d0,IMG_0757-HEIC
fb_h0_k7_mall_d0,IMG_2338-HEIC
fb_h0_k7_mall_d0,IMG_2239-HEIC
fb_h0_k7_mall_d0,IMG_2254-HEIC
fb_h0_k7_mall_d0,IMG_2252-HEIC
fb_h0_k7_mall_d0,IMG_0764-HEIC
fb_h0_k7_mall_d0,IMG_2384-HEIC
fb_h0_k7_mall_d0,IMG_0759-HEIC
fb_h0_k7_mall_d0,IMG_2291-HEIC
fb_h0_k7_mall_d0,IMG_2255-HEIC
fb_h0_k7_mall_d0,IMG_2331-HEIC
fb_h0_k7_mall_d0,IMG_0752-HEIC
fb_h0_k7_mall_d0,IMG_2310-HEIC
fb_h0_k7_mall_d0,IMG_2333-HEIC
fb_h0_k7_mall_d0,IMG_2307-HEIC
fb_h0_k7_mall_d0,IMG_2258-HEIC
fb_h0_k7_mall_d0,IMG_2337-HEIC
fb_h0_k7_mall_d0,IMG_0769-HEIC
fb_h0_k7_mall_d0,IMG_0755-HEIC
fb_h0_k7_mall_d0,IMG_2253-HEIC
fb_h0_k7_mall_d0,IMG_2257-HEIC
fb_h0_k7_mall_d0,IMG_2251-HEIC
fb_h0_k7_mall_d0,IMG_2334-HEIC
fb_h0_k7_mall_d0,IMG_2248-HEIC
fb_h0_k7_mall_d0,IMG_2025
fb_h0_k7_mall_d0,IMG_3930
fb_h0_k7_mall_d0,IMG_2010
fb_h0_k7_mall_d0,IMG_4025
fb_h0_k7_mall_d0,IMG_4001
fb_h0_k7_mall_d0,IMG_3993
fb_h0_k7_mall_d0,IMG_4015
fb_h0_k7_mall_d0,IMG_2043
fb_h0_k7_mall_d0,IMG_2053
fb_h0_k7_mall_d0,IMG_1962
fb_h0_k7_mall_d0,IMG_3920
fb_h0_k7_mall_d0,IMG_2031
fb_h0_k7_mall_d0,IMG_4005
fb_h0_k7_mall_d0,IMG_4047
fb_h0_k7_mall_d0,IMG_1923
fb_h0_k7_mall_d0,IMG_1914
fb_h0_k7_mall_d0,IMG_3919
fb_h0_k7_mall_d0,IMG_4024
fb_h0_k7_mall_d0,IMG_4034
fb_h0_k7_mall_d0,IMG_3925
fb_h0_k7_mall_d0,IMG_3918
fb_h0_k7_mall_d0,IMG_4020
fb_h0_k7_mall_d0,IMG_3983
fb_h0_k7_mall_d0,IMG_1924
fb_h0_k7_mall_d0,IMG_1913
fb_h0_k7_mall_d0,IMG_1912
fb_h0_k7_mall_d0,IMG_2013
fb_h0_k7_mall_d0,IMG_3929
fb_h0_k7_mall_d0,IMG_1909
fb_h0_k7_mall_d0,IMG_4053
fb_h0_k7_mall_d0,IMG_2001
fb_h0_k7_mall_d0,IMG_2011
fb_h0_k7_mall_d0,IMG_1996
fb_h0_k7_mall_d0,IMG_2009
fb_h0_k7_mall_d0,IMG_2019
fb_h0_k7_mall_d0,IMG_4032
fb_h0_k7_mall_d0,IMG_3981
fb_h0_k7_mall_d0,IMG_1908
fb_h0_k7_mall_d0,IMG_1960
fb_h0_k7_mall_d0,IMG_1965
fb_h0_k7_mall_d0,IMG_1916
fb_h0_k7_mall_d0,IMG_2014
fb_h0_k7_mall_d0,IMG_2045
fb_h0_k7_mall_d0,IMG_3963
fb_h0_k7_mall_d0,IMG_4013
fb_h0_k7_mall_d0,IMG_2037
fb_h0_k7_mall_d0,IMG_1959
fb_h0_k7_mall_d0,IMG_4058
fb_h0_k7_mall_d0,IMG_2039
fb_h0_k7_mall_d0,IMG_4029
fb_h0_k7_mall_d0,IMG_2032
fb_h0_k7_mall_d0,IMG_3921
fb_h0_k7_mall_d0,IMG_1956
fb_h0_k7_mall_d0,IMG_3996
fb_h0_k7_mall_d0,IMG_4031
fb_h0_k7_mall_d0,IMG_2049
fb_h0_k7_mall_d0,IMG_3975
fb_h0_k7_mall_d0,IMG_4033
fb_h0_k7_mall_d0,IMG_2046
fb_h0_k7_mall_d0,IMG_3987
fb_h0_k7_mall_d0,IMG_4003
fb_h0_k7_mall_d0,IMG_1971
fb_h0_k7_mall_d0,IMG_1917
fb_h0_k7_mall_d0,IMG_1993
fb_h0_k7_mall_d0,IMG_3977
fb_h0_k7_mall_d0,IMG_3926
fb_h0_k7_mall_d0,IMG_2016
fb_h0_k7_mall_d0,IMG_4014
fb_h0_k7_mall_d0,IMG_2050
fb_h0_k7_mall_d0,IMG_1964
fb_h0_k7_mall_d0,IMG_2047
fb_h0_k7_mall_d0,IMG_1918
fb_h0_k7_mall_d0,IMG_2054
fb_h0_k7_mall_d0,IMG_1961
fb_h0_k7_mall_d0,IMG_3923
fb_h0_k7_mall_d0,IMG_3932
fb_h0_k7_mall_d0,IMG_3984
fb_h0_k7_mall_d0,IMG_1970
fb_h0_k7_mall_d0,IMG_2038
fb_h0_k7_mall_d0,IMG_2052
fb_h0_k7_mall_d0,IMG_4012
fb_h0_k7_mall_d0,IMG_3982
fb_h0_k7_mall_d0,IMG_2044
fb_h0_k7_mall_d0,IMG_4011
fb_h0_k7_mall_d0,IMG_1999
fb_h0_k7_mall_d0,IMG_4004
fb_h0_k7_mall_d0,IMG_2002
fb_h0_k7_mall_d0,IMG_4041
fb_h0_k7_mall_d0,IMG_1963
fb_h0_k7_mall_d0,IMG_2022
fb_h0_k7_mall_d0,IMG_2055
fb_h0_k7_mall_d0,IMG_1966
fb_h0_k7_mall_d0,IMG_3976
fb_h0_k7_mall_d0,IMG_2012
fb_h0_k7_mall_d0,IMG_2024
fb_h0_k7_mall_d0,IMG_3931
fb_h0_k7_mall_d0,IMG_3986
fb_h0_k7_mall_d0,IMG_2057
fb_h0_k7_mall_d0,IMG_3994
fb_h0_k7_mall_d0,IMG_2026
fb_h0_k7_mall_d0,IMG_1922
fb_h0_k7_mall_d0,IMG_3999
fb_h0_k7_mall_d0,IMG_2042
fb_h0_k7_mall_d0,IMG_1915
fb_h0_k7_mall_d0,IMG_1958
fb_h0_k7_mall_d0,IMG_1925
fb_h0_k7_mall_d0,IMG_3980
fb_h0_k7_mall_d0,IMG_2048
fb_h0_k7_mall_d0,IMG_1968
fb_h0_k7_mall_d0,IMG_4002
fb_h0_k7_mall_d0,IMG_2015
fb_h0_k7_mall_d0,IMG_4026
fb_h0_k7_mall_d0,IMG_3928
fb_h0_k7_mall_d0,IMG_2023
fb_h0_k7_mall_d0,IMG_3997
fb_h0_k7_mall_d0,IMG_1998
fb_h0_k7_mall_d0,IMG_2030
fb_h0_k7_mall_d0,IMG_3995
fb_h0_k7_mall_d0,IMG_1929
fb_h0_k7_mall_d0,IMG_1969
fb_h0_k7_mall_d0,IMG_3924
fb_h0_k7_mall_d0,IMG_2018
fb_h0_k7_mall_d0,IMG_3961
fb_h0_k7_mall_d0,IMG_3962
fb_h0_k7_mall_d0,IMG_1928
fb_h0_k7_mall_d0,IMG_3965
fb_h0_k7_mall_d0,IMG_4019
fb_h0_k7_mall_d0,IMG_2040
fb_h0_k7_mall_d0,IMG_1997
fb_h0_k7_mall_d0,IMG_3998
fb_h0_k7_mall_d0,IMG_1957
fb_h0_k7_mall_d0,IMG_2051
fb_h0_k7_mall_d0,IMG_3978
fb_h0_k7_mall_d0,IMG_2056
fb_h0_k7_mall_d0,IMG_3992
fb_h0_k7_mall_d0,IMG_9986
fb_h0_k7_mall_d0,IMG_9983
fb_h0_k7_mall_d0,IMG_9990
fb_h0_k7_mall_d0,IMG_9965
fb_h0_k7_mall_d0,IMG_9933
fb_h0_k7_mall_d0,IMG_9896
fb_h0_k7_mall_d0,IMG_9897
fb_h0_k7_mall_d0,IMG_9886
fb_h0_k7_mall_d0,IMG_9925
fb_h0_k7_mall_d0,IMG_9912-HEIC
fb_h0_k7_mall_d0,IMG_9922
fb_h0_k7_mall_d0,IMG_9927
fb_h0_k7_mall_d0,IMG_9905
fb_h0_k7_mall_d0,IMG_9899
fb_h0_k7_mall_d0,IMG_9980
fb_h0_k7_mall_d0,IMG_9961
fb_h0_k7_mall_d0,IMG_9951
fb_h0_k7_mall_d0,IMG_9888
fb_h0_k7_mall_d0,IMG_9900
fb_h0_k7_mall_d0,IMG_9939
fb_h0_k7_mall_d0,IMG_9908
fb_h0_k7_mall_d0,IMG_9893
fb_h0_k7_mall_d0,IMG_9890
fb_h0_k7_mall_d0,IMG_9962
fb_h0_k7_mall_d0,IMG_9906
fb_h0_k7_mall_d0,IMG_9892
fb_h0_k7_mall_d0,IMG_9973
fb_h0_k7_mall_d0,IMG_9969
fb_h0_k7_mall_d0,IMG_9919
fb_h0_k7_mall_d0,IMG_9917
fb_h0_k7_mall_d0,IMG_9918
fb_h0_k7_mall_d0,IMG_9984
fb_h0_k7_mall_d0,IMG_9968
fb_h0_k7_mall_d0,IMG_9972
fb_h0_k7_mall_d0,IMG_9907
fb_h0_k7_mall_d0,IMG_9955
fb_h0_k7_mall_d0,IMG_9894
fb_h0_k7_mall_d0,IMG_9915
fb_h0_k7_mall_d0,IMG_9943
fb_h0_k7_mall_d0,IMG_9885
fb_h0_k7_mall_d0,IMG_9914-HEIC
fb_h0_k7_mall_d0,IMG_9904
fb_h0_k7_mall_d0,IMG_9898
fb_h0_k7_mall_d0,IMG_9924
fb_h0_k7_mall_d0,IMG_9923
fb_h0_k7_mall_d0,IMG_9928
fb_h0_k7_mall_d0,IMG_9956
fb_h0_k7_mall_d0,IMG_9970
fb_h0_k7_mall_d0,IMG_9944
fb_h0_k7_mall_d0,IMG_9947
fb_h0_k7_mall_d0,IMG_9911
fb_h0_k7_mall_d0,IMG_9991
fb_h0_k7_mall_d0,IMG_9921
fb_h0_k7_mall_d0,IMG_9957
fb_h0_k7_mall_d0,IMG_9989
fb_h0_k7_mall_d0,IMG_9985
fb_h0_k7_mall_d0,IMG_9931
fb_h0_k7_mall_d0,IMG_9889
fb_h0_k7_mall_d0,IMG_9910
fb_h0_k7_mall_d0,IMG_9988
fb_h0_k7_mall_d0,IMG_9959
fb_h0_k7_mall_d0,IMG_9942
fb_h0_k7_mall_d0,IMG_9960
fb_h0_k7_mall_d0,IMG_9920
fb_h0_k7_mall_d0,IMG_9903
fb_h0_k7_mall_d0,IMG_9953
fb_h0_k7_mall_d0,IMG_9916
fb_h0_k7_mall_d0,IMG_9929
fb_h0_k7_mall_d0,IMG_9926
fb_h0_k7_mall_d0,IMG_9895
fb_h0_k7_mall_d0,IMG_9987
fb_h0_k7_mall_d0,IMG_9887
fb_h0_k7_mall_d0,IMG_9940
fb_h0_k7_mall_d0,IMG_9958
fb_h0_k7_mall_d0,IMG_9946
fb_h0_k7_mall_d0,IMG_9977
fb_h0_k7_mall_d0,IMG_9948
fb_h0_k7_mall_d0,IMG_9941
fb_h0_k7_mall_d0,IMG_9891
fb_h0_k7_mall_d0,IMG_9902
fb_h0_k7_mall_d0,IMG_9949
fb_h0_k7_mall_d0,IMG_9963
fb_h0_k7_mall_d0,IMG_2211-HEIC
fb_h0_k7_mall_d0,IMG_2194-HEIC
fb_h0_k7_mall_d0,IMG_2205-HEIC
fb_h0_k7_mall_d0,IMG_2208-HEIC
fb_h0_k7_mall_d0,IMG_2187-HEIC
fb_h0_k7_mall_d0,IMG_2169-HEIC
fb_h0_k7_mall_d0,IMG_2216-HEIC
fb_h0_k7_mall_d0,IMG_2179-HEIC
fb_h0_k7_mall_d0,IMG_2189-HEIC
fb_h0_k7_mall_d0,IMG_2149-HEIC
fb_h0_k7_mall_d0,IMG_2174-HEIC
fb_h0_k7_mall_d0,IMG_2178-HEIC
fb_h0_k7_mall_d0,IMG_2150-HEIC
fb_h0_k7_mall_d0,IMG_2183-HEIC
fb_h0_k7_mall_d0,IMG_2131-HEIC
fb_h0_k7_mall_d0,IMG_2213-HEIC
fb_h0_k7_mall_d0,IMG_2191-HEIC
fb_h0_k7_mall_d0,IMG_2209-HEIC
fb_h0_k7_mall_d0,IMG_2198-HEIC
fb_h0_k7_mall_d0,IMG_2203-HEIC
fb_h0_k7_mall_d0,IMG_2138-HEIC
fb_h0_k7_mall_d0,IMG_2151-HEIC
fb_h0_k7_mall_d0,IMG_2190-HEIC
fb_h0_k7_mall_d0,IMG_2168-HEIC
fb_h0_k7_mall_d0,IMG_2185-HEIC
fb_h0_k7_mall_d0,IMG_2195-HEIC
fb_h0_k7_mall_d0,IMG_2206-HEIC
fb_h0_k7_mall_d0,IMG_2202-HEIC
fb_h0_k7_mall_d0,IMG_2182-HEIC
fb_h0_k7_mall_d0,IMG_2156-HEIC
fb_h0_k7_mall_d0,IMG_2134-HEIC
fb_h0_k7_mall_d0,IMG_2204-HEIC
fb_h0_k7_mall_d0,IMG_2153-HEIC
fb_h0_k7_mall_d0,IMG_2148-HEIC
fb_h0_k7_mall_d0,IMG_2180-HEIC
fb_h0_k7_mall_d0,IMG_2155-HEIC
fb_h0_k7_mall_d0,IMG_2197-HEIC
fb_h0_k7_mall_d0,IMG_2177-HEIC
fb_h0_k7_mall_d0,IMG_2201-HEIC
fb_h0_k7_mall_d0,IMG_2188-HEIC
fb_h0_k7_mall_d0,IMG_2152-HEIC
fb_h0_k7_mall_d0,IMG_2158-HEIC
fb_h0_k7_mall_d0,IMG_2139-HEIC
fb_h0_k7_mall_d0,IMG_2193-HEIC
fb_h0_k7_mall_d0,IMG_2175-HEIC
fb_h0_k7_mall_d0,IMG_2154-HEIC
fb_h0_k7_mall_d0,IMG_2214-HEIC
fb_h0_k7_mall_d0,IMG_2159-HEIC
fb_h0_k7_mall_d0,IMG_2170-HEIC
fb_h0_k7_mall_d0,IMG_2196-HEIC
fb_h0_k7_mall_d0,IMG_2132-HEIC
fb_h0_k7_mall_d0,IMG_2181-HEIC
fb_h0_k7_mall_d0,IMG_2184-HEIC
fb_h0_k7_mall_d0,IMG_2176-HEIC
fb_h0_k7_mall_d0,IMG_2199-HEIC
fb_h0_k7_mall_d0,IMG_2212-HEIC
fb_h0_k7_mall_d0,IMG_2133-HEIC
fb_h1_k1_m15_d0,IMG_7021
fb_h1_k1_m15_d0,IMG_9905-HEIC
fb_h1_k1_m15_d0,IMG_9915-HEIC
fb_h1_k1_m15_d0,IMG_9909-HEIC
fb_h1_k1_m15_d0,IMG_0300
fb_h1_k1_m15_d0,IMG_9813
fb_h1_k1_m15_d0,IMG_9982-HEIC
fb_h1_k1_m15_d0,IMG_9825
fb_h1_k1_m15_d0,IMG_9768
fb_h1_k1_m15_d0,IMG_9906-HEIC
fb_h1_k1_m15_d0,IMG_9806
fb_h1_k1_m15_d0,IMG_9979-HEIC
fb_h1_k1_m15_d0,IMG_0416
fb_h1_k1_m15_d0,IMG_9990-HEIC
fb_h1_k1_m15_d0,IMG_9766
fb_h1_k1_m50_d0,IMG_7021
fb_h1_k1_m50_d0,IMG_9905-HEIC
fb_h1_k1_m50_d0,IMG_9915-HEIC
fb_h1_k1_m50_d0,IMG_9909-HEIC
fb_h1_k1_m50_d0,IMG_0300
fb_h1_k1_m50_d0,IMG_9813
fb_h1_k1_m50_d0,IMG_9982-HEIC
fb_h1_k1_m50_d0,IMG_9825
fb_h1_k1_m50_d0,IMG_9768
fb_h1_k1_m50_d0,IMG_9906-HEIC
fb_h1_k1_m50_d0,IMG_9806
fb_h1_k1_m50_d0,IMG_9979-HEIC
fb_h1_k1_m50_d0,IMG_0416
fb_h1_k1_m50_d0,IMG_9990-HEIC
fb_h1_k1_m50_d0,IMG_9766
fb_h1_k1_m50_d0,IMG_0381
fb_h1_k1_m50_d0,IMG_0364
fb_h1_k1_m50_d0,IMG_9964
fb_h1_k1_m50_d0,IMG_9822
fb_h1_k1_m50_d0,IMG_0398
fb_h1_k1_m50_d0,IMG_0450
fb_h1_k1_m50_d0,IMG_9916-HEIC
fb_h1_k1_m50_d0,IMG_9800
fb_h1_k1_m50_d0,IMG_9801
fb_h1_k1_m50_d0,IMG_0439
fb_h1_k1_m50_d0,IMG_9951-HEIC
fb_h1_k1_m50_d0,IMG_0016
fb_h1_k1_m50_d0,IMG_9873
fb_h1_k1_m50_d0,IMG_9812
fb_h1_k1_m50_d0,IMG_9947-HEIC
fb_h1_k1_m50_d0,IMG_0358
fb_h1_k1_m50_d0,IMG_9804
fb_h1_k1_m50_d0,IMG_0002
fb_h1_k1_m50_d0,IMG_9829
fb_h1_k1_m50_d0,IMG_9809
fb_h1_k1_m50_d0,IMG_0040
fb_h1_k1_m50_d0,IMG_9984-HEIC
fb_h1_k1_m50_d0,IMG_9774
fb_h1_k1_m50_d0,IMG_0427
fb_h1_k1_m50_d0,IMG_9826
fb_h1_k1_m50_d0,IMG_9833
fb_h1_k1_m50_d0,IMG_0323
fb_h1_k1_m50_d0,IMG_0028
fb_h1_k1_m50_d0,IMG_9819
fb_h1_k1_m50_d0,IMG_9861-HEIC
fb_h1_k1_m50_d0,IMG_9779-HEIC
fb_h1_k1_m50_d0,IMG_9874
fb_h1_k1_m50_d0,IMG_9911-HEIC
fb_h1_k1_m50_d0,IMG_0305
fb_h1_k1_m50_d0,IMG_9867
fb_h1_k1_mall_d0,IMG_7021
fb_h1_k1_mall_d0,IMG_9905-HEIC
fb_h1_k1_mall_d0,IMG_9915-HEIC
fb_h1_k1_mall_d0,IMG_9909-HEIC
fb_h1_k1_mall_d0,IMG_0300
fb_h1_k1_mall_d0,IMG_9813
fb_h1_k1_mall_d0,IMG_9982-HEIC
fb_h1_k1_mall_d0,IMG_9825
fb_h1_k1_mall_d0,IMG_9768
fb_h1_k1_mall_d0,IMG_9906-HEIC
fb_h1_k1_mall_d0,IMG_9806
fb_h1_k1_mall_d0,IMG_9979-HEIC
fb_h1_k1_mall_d0,IMG_0416
fb_h1_k1_mall_d0,IMG_9990-HEIC
fb_h1_k1_mall_d0,IMG_9766
fb_h1_k1_mall_d0,IMG_0381
fb_h1_k1_mall_d0,IMG_0364
fb_h1_k1_mall_d0,IMG_9964
fb_h1_k1_mall_d0,IMG_9822
fb_h1_k1_mall_d0,IMG_0398
fb_h1_k1_mall_d0,IMG_0450
fb_h1_k1_mall_d0,IMG_9916-HEIC
fb_h1_k1_mall_d0,IMG_9800
fb_h1_k1_mall_d0,IMG_9801
fb_h1_k1_mall_d0,IMG_0439
fb_h1_k1_mall_d0,IMG_9951-HEIC
fb_h1_k1_mall_d0,IMG_0016
fb_h1_k1_mall_d0,IMG_9873
fb_h1_k1_mall_d0,IMG_9812
fb_h1_k1_mall_d0,IMG_9947-HEIC
fb_h1_k1_mall_d0,IMG_0358
fb_h1_k1_mall_d0,IMG_9804
fb_h1_k1_mall_d0,IMG_0002
fb_h1_k1_mall_d0,IMG_9829
fb_h1_k1_mall_d0,IMG_9809
fb_h1_k1_mall_d0,IMG_0040
fb_h1_k1_mall_d0,IMG_9984-HEIC
fb_h1_k1_mall_d0,IMG_9774
fb_h1_k1_mall_d0,IMG_0427
fb_h1_k1_mall_d0,IMG_9826
fb_h1_k1_mall_d0,IMG_9833
fb_h1_k1_mall_d0,IMG_0323
fb_h1_k1_mall_d0,IMG_0028
fb_h1_k1_mall_d0,IMG_9819
fb_h1_k1_mall_d0,IMG_9861-HEIC
fb_h1_k1_mall_d0,IMG_9779-HEIC
fb_h1_k1_mall_d0,IMG_9874
fb_h1_k1_mall_d0,IMG_9911-HEIC
fb_h1_k1_mall_d0,IMG_0305
fb_h1_k1_mall_d0,IMG_9867
fb_h1_k1_mall_d0,IMG_0291
fb_h1_k1_mall_d0,IMG_9938
fb_h1_k1_mall_d0,IMG_9879
fb_h1_k1_mall_d0,IMG_0346
fb_h1_k1_mall_d0,IMG_9839
fb_h1_k1_mall_d0,IMG_9997
fb_h1_k1_mall_d0,IMG_9842
fb_h1_k1_mall_d0,IMG_9848
fb_h1_k1_mall_d0,IMG_0404
fb_h1_k1_mall_d0,IMG_9820
fb_h1_k1_mall_d0,IMG_0410
fb_h1_k1_mall_d0,IMG_9832
fb_h1_k1_mall_d0,IMG_9949-HEIC
fb_h1_k1_mall_d0,IMG_9989-HEIC
fb_h1_k1_mall_d0,IMG_0046
fb_h1_k1_mall_d0,IMG_0457
fb_h1_k1_mall_d0,IMG_9998
fb_h1_k1_mall_d0,IMG_9868-HEIC
fb_h1_k1_mall_d0,IMG_9876
fb_h1_k1_mall_d0,IMG_0311
fb_h1_k1_mall_d0,IMG_9869
fb_h1_k1_mall_d0,IMG_9823
fb_h1_k1_mall_d0,IMG_9920-HEIC
fb_h1_k1_mall_d0,IMG_9764
fb_h1_k1_mall_d0,IMG_9821
fb_h1_k1_mall_d0,IMG_0387
fb_h1_k1_mall_d0,IMG_9880
fb_h1_k1_mall_d0,IMG_9881
fb_h1_k1_mall_d0,IMG_9767
fb_h1_k1_mall_d0,IMG_0340
fb_h1_k1_mall_d0,IMG_9866
fb_h1_k1_mall_d0,IMG_9803
fb_h1_k1_mall_d0,IMG_9971
fb_h1_k1_mall_d0,IMG_9773
fb_h1_k1_mall_d0,IMG_9834
fb_h1_k1_mall_d0,IMG_9843
fb_h1_k1_mall_d0,IMG_9864
fb_h1_k1_mall_d0,IMG_0328
fb_h1_k1_mall_d0,IMG_9769
fb_h1_k1_mall_d0,IMG_9808
fb_h1_k1_mall_d0,IMG_0351
fb_h1_k1_mall_d0,IMG_9818
fb_h1_k1_mall_d0,IMG_9955-HEIC
fb_h1_k1_mall_d0,IMG_9827
fb_h1_k1_mall_d0,IMG_9907-HEIC
fb_h1_k1_mall_d0,IMG_0370
fb_h1_k1_mall_d0,IMG_9875
fb_h1_k1_mall_d0,IMG_9805
fb_h1_k1_mall_d0,IMG_0444
fb_h1_k1_mall_d0,IMG_9857
fb_h1_k1_mall_d0,IMG_9784-HEIC
fb_h1_k1_mall_d0,IMG_9783-HEIC
fb_h1_k1_mall_d0,IMG_9807
fb_h1_k1_mall_d0,IMG_9844
fb_h1_k1_mall_d0,IMG_9999
fb_h1_k1_mall_d0,IMG_9985-HEIC
fb_h1_k1_mall_d0,IMG_9763
fb_h1_k1_mall_d0,IMG_9865
fb_h1_k1_mall_d0,IMG_9854
fb_h1_k1_mall_d0,IMG_9836
fb_h1_k1_mall_d0,IMG_0051
fb_h1_k1_mall_d0,IMG_9858
fb_h1_k1_mall_d0,IMG_9811
fb_h1_k1_mall_d0,IMG_0393
fb_h1_k1_mall_d0,IMG_9917-HEIC
fb_h1_k1_mall_d0,IMG_9777
fb_h1_k1_mall_d0,IMG_0003
fb_h1_k1_mall_d0,IMG_9966
fb_h1_k1_mall_d0,IMG_9799
fb_h1_k1_mall_d0,IMG_9775
fb_h1_k1_mall_d0,IMG_9948-HEIC
fb_h1_k1_mall_d0,IMG_0375
fb_h1_k1_mall_d0,IMG_9918-HEIC
fb_h1_k1_mall_d0,IMG_0034
fb_h1_k1_mall_d0,IMG_9828
fb_h1_k1_mall_d0,IMG_7016-HEIC
fb_h1_k1_mall_d0,IMG_9771
fb_h1_k1_mall_d0,IMG_9770
fb_h1_k1_mall_d0,IMG_9814
fb_h1_k1_mall_d0,IMG_0421
fb_h1_k1_mall_d0,IMG_9838
fb_h1_k1_mall_d0,IMG_9870
fb_h1_k1_mall_d0,IMG_9981-HEIC
fb_h1_k1_mall_d0,IMG_9810
fb_h1_k1_mall_d0,IMG_9840
fb_h1_k1_mall_d0,IMG_9816
fb_h1_k1_mall_d0,IMG_9978-HEIC
fb_h1_k1_mall_d0,IMG_9765
fb_h1_k1_mall_d0,IMG_0433
fb_h1_k1_mall_d0,IMG_0008
fb_h1_k1_mall_d0,IMG_9859
fb_h1_k1_m15_d1,IMG_2194-HEIC
fb_h1_k1_m15_d1,IMG_2201-HEIC
fb_h1_k1_m15_d1,IMG_2152-HEIC
fb_h1_k1_m15_d1,IMG_2155-HEIC
fb_h1_k1_m15_d1,IMG_2211-HEIC
fb_h1_k1_m15_d1,IMG_2214-HEIC
fb_h1_k1_m15_d1,IMG_2153-HEIC
fb_h1_k1_m15_d1,IMG_2134-HEIC
fb_h1_k1_m15_d1,IMG_2191-HEIC
fb_h1_k1_m15_d1,IMG_2170-HEIC
fb_h1_k1_m15_d1,IMG_2216-HEIC
fb_h1_k1_m15_d1,IMG_2193-HEIC
fb_h1_k1_m15_d1,IMG_2209-HEIC
fb_h1_k1_m15_d1,IMG_2159-HEIC
fb_h1_k1_m15_d1,IMG_2190-HEIC
fb_h1_k1_m50_d1,IMG_2194-HEIC
fb_h1_k1_m50_d1,IMG_2201-HEIC
fb_h1_k1_m50_d1,IMG_2152-HEIC
fb_h1_k1_m50_d1,IMG_2155-HEIC
fb_h1_k1_m50_d1,IMG_2211-HEIC
fb_h1_k1_m50_d1,IMG_2214-HEIC
fb_h1_k1_m50_d1,IMG_2153-HEIC
fb_h1_k1_m50_d1,IMG_2134-HEIC
fb_h1_k1_m50_d1,IMG_2191-HEIC
fb_h1_k1_m50_d1,IMG_2170-HEIC
fb_h1_k1_m50_d1,IMG_2216-HEIC
fb_h1_k1_m50_d1,IMG_2193-HEIC
fb_h1_k1_m50_d1,IMG_2209-HEIC
fb_h1_k1_m50_d1,IMG_2159-HEIC
fb_h1_k1_m50_d1,IMG_2190-HEIC
fb_h1_k1_m50_d1,IMG_2198-HEIC
fb_h1_k1_m50_d1,IMG_2208-HEIC
fb_h1_k1_m50_d1,IMG_2150-HEIC
fb_h1_k1_m50_d1,IMG_2212-HEIC
fb_h1_k1_m50_d1,IMG_2179-HEIC
fb_h1_k1_m50_d1,IMG_2204-HEIC
fb_h1_k1_m50_d1,IMG_2195-HEIC
fb_h1_k1_m50_d1,IMG_2197-HEIC
fb_h1_k1_m50_d1,IMG_2168-HEIC
fb_h1_k1_m50_d1,IMG_2203-HEIC
fb_h1_k1_m50_d1,IMG_2183-HEIC
fb_h1_k1_m50_d1,IMG_2187-HEIC
fb_h1_k1_m50_d1,IMG_2213-HEIC
fb_h1_k1_m50_d1,IMG_2182-HEIC
fb_h1_k1_m50_d1,IMG_2156-HEIC
fb_h1_k1_m50_d1,IMG_2158-HEIC
fb_h1_k1_m50_d1,IMG_2177-HEIC
fb_h1_k1_m50_d1,IMG_2189-HEIC
fb_h1_k1_m50_d1,IMG_2196-HEIC
fb_h1_k1_m50_d1,IMG_2138-HEIC
fb_h1_k1_m50_d1,IMG_2188-HEIC
fb_h1_k1_m50_d1,IMG_2205-HEIC
fb_h1_k1_m50_d1,IMG_2154-HEIC
fb_h1_k1_m50_d1,IMG_2199-HEIC
fb_h1_k1_m50_d1,IMG_2202-HEIC
fb_h1_k1_m50_d1,IMG_2178-HEIC
fb_h1_k1_m50_d1,IMG_2169-HEIC
fb_h1_k1_m50_d1,IMG_2148-HEIC
fb_h1_k1_m50_d1,IMG_2139-HEIC
fb_h1_k1_m50_d1,IMG_2149-HEIC
fb_h1_k1_m50_d1,IMG_2185-HEIC
fb_h1_k1_m50_d1,IMG_2174-HEIC
fb_h1_k1_m50_d1,IMG_2206-HEIC
fb_h1_k1_m50_d1,IMG_2131-HEIC
fb_h1_k1_m50_d1,IMG_2175-HEIC
fb_h1_k1_mall_d1,IMG_2194-HEIC
fb_h1_k1_mall_d1,IMG_2201-HEIC
fb_h1_k1_mall_d1,IMG_2152-HEIC
fb_h1_k1_mall_d1,IMG_2155-HEIC
fb_h1_k1_mall_d1,IMG_2211-HEIC
fb_h1_k1_mall_d1,IMG_2214-HEIC
fb_h1_k1_mall_d1,IMG_2153-HEIC
fb_h1_k1_mall_d1,IMG_2134-HEIC
fb_h1_k1_mall_d1,IMG_2191-HEIC
fb_h1_k1_mall_d1,IMG_2170-HEIC
fb_h1_k1_mall_d1,IMG_2216-HEIC
fb_h1_k1_mall_d1,IMG_2193-HEIC
fb_h1_k1_mall_d1,IMG_2209-HEIC
fb_h1_k1_mall_d1,IMG_2159-HEIC
fb_h1_k1_mall_d1,IMG_2190-HEIC
fb_h1_k1_mall_d1,IMG_2198-HEIC
fb_h1_k1_mall_d1,IMG_2208-HEIC
fb_h1_k1_mall_d1,IMG_2150-HEIC
fb_h1_k1_mall_d1,IMG_2212-HEIC
fb_h1_k1_mall_d1,IMG_2179-HEIC
fb_h1_k1_mall_d1,IMG_2204-HEIC
fb_h1_k1_mall_d1,IMG_2195-HEIC
fb_h1_k1_mall_d1,IMG_2197-HEIC
fb_h1_k1_mall_d1,IMG_2168-HEIC
fb_h1_k1_mall_d1,IMG_2203-HEIC
fb_h1_k1_mall_d1,IMG_2183-HEIC
fb_h1_k1_mall_d1,IMG_2187-HEIC
fb_h1_k1_mall_d1,IMG_2213-HEIC
fb_h1_k1_mall_d1,IMG_2182-HEIC
fb_h1_k1_mall_d1,IMG_2156-HEIC
fb_h1_k1_mall_d1,IMG_2158-HEIC
fb_h1_k1_mall_d1,IMG_2177-HEIC
fb_h1_k1_mall_d1,IMG_2189-HEIC
fb_h1_k1_mall_d1,IMG_2196-HEIC
fb_h1_k1_mall_d1,IMG_2138-HEIC
fb_h1_k1_mall_d1,IMG_2188-HEIC
fb_h1_k1_mall_d1,IMG_2205-HEIC
fb_h1_k1_mall_d1,IMG_2154-HEIC
fb_h1_k1_mall_d1,IMG_2199-HEIC
fb_h1_k1_mall_d1,IMG_2202-HEIC
fb_h1_k1_mall_d1,IMG_2178-HEIC
fb_h1_k1_mall_d1,IMG_2169-HEIC
fb_h1_k1_mall_d1,IMG_2148-HEIC
fb_h1_k1_mall_d1,IMG_2139-HEIC
fb_h1_k1_mall_d1,IMG_2149-HEIC
fb_h1_k1_mall_d1,IMG_2185-HEIC
fb_h1_k1_mall_d1,IMG_2174-HEIC
fb_h1_k1_mall_d1,IMG_2206-HEIC
fb_h1_k1_mall_d1,IMG_2131-HEIC
fb_h1_k1_mall_d1,IMG_2175-HEIC
fb_h1_k1_mall_d1,IMG_2151-HEIC
fb_h1_k1_mall_d1,IMG_2176-HEIC
fb_h1_k1_mall_d1,IMG_2181-HEIC
fb_h1_k1_mall_d1,IMG_2180-HEIC
fb_h1_k1_mall_d1,IMG_2132-HEIC
fb_h1_k1_mall_d1,IMG_2184-HEIC
fb_h1_k1_mall_d1,IMG_2133-HEIC
fb_h1_k2_m15_d0,IMG_9864
fb_h1_k2_m15_d0,IMG_0364
fb_h1_k2_m15_d0,IMG_9768
fb_h1_k2_m15_d0,IMG_9774
fb_h1_k2_m15_d0,IMG_9875
fb_h1_k2_m15_d0,IMG_9858
fb_h1_k2_m15_d0,IMG_0040
fb_h1_k2_m15_d0,IMG_9842
fb_h1_k2_m15_d0,IMG_9881
fb_h1_k2_m15_d0,IMG_9809
fb_h1_k2_m15_d0,IMG_0375
fb_h1_k2_m15_d0,IMG_9801
fb_h1_k2_m15_d0,IMG_9978-HEIC
fb_h1_k2_m15_d0,IMG_0370
fb_h1_k2_m15_d0,IMG_9861-HEIC
fb_h1_k2_m15_d0,IMG_2349-HEIC
fb_h1_k2_m15_d0,IMG_2390-HEIC
fb_h1_k2_m15_d0,IMG_2296-HEIC
fb_h1_k2_m15_d0,IMG_2286-HEIC
fb_h1_k2_m15_d0,IMG_2338-HEIC
fb_h1_k2_m15_d0,IMG_2274-HEIC
fb_h1_k2_m15_d0,IMG_2309-HEIC
fb_h1_k2_m15_d0,IMG_0741-HEIC
fb_h1_k2_m15_d0,IMG_0754-HEIC
fb_h1_k2_m15_d0,IMG_2244-HEIC
fb_h1_k2_m15_d0,IMG_2382-HEIC
fb_h1_k2_m15_d0,IMG_2380-HEIC
fb_h1_k2_m15_d0,IMG_2391-HEIC
fb_h1_k2_m15_d0,IMG_2273-HEIC
fb_h1_k2_m15_d0,IMG_2342-HEIC
fb_h1_k2_m50_d0,IMG_9864
fb_h1_k2_m50_d0,IMG_0364
fb_h1_k2_m50_d0,IMG_9768
fb_h1_k2_m50_d0,IMG_9774
fb_h1_k2_m50_d0,IMG_9875
fb_h1_k2_m50_d0,IMG_9858
fb_h1_k2_m50_d0,IMG_0040
fb_h1_k2_m50_d0,IMG_9842
fb_h1_k2_m50_d0,IMG_9881
fb_h1_k2_m50_d0,IMG_9809
fb_h1_k2_m50_d0,IMG_0375
fb_h1_k2_m50_d0,IMG_9801
fb_h1_k2_m50_d0,IMG_9978-HEIC
fb_h1_k2_m50_d0,IMG_0370
fb_h1_k2_m50_d0,IMG_9861-HEIC
fb_h1_k2_m50_d0,IMG_9907-HEIC
fb_h1_k2_m50_d0,IMG_9805
fb_h1_k2_m50_d0,IMG_9839
fb_h1_k2_m50_d0,IMG_9906-HEIC
fb_h1_k2_m50_d0,IMG_0300
fb_h1_k2_m50_d0,IMG_0410
fb_h1_k2_m50_d0,IMG_9811
fb_h1_k2_m50_d0,IMG_9989-HEIC
fb_h1_k2_m50_d0,IMG_0016
fb_h1_k2_m50_d0,IMG_0346
fb_h1_k2_m50_d0,IMG_9981-HEIC
fb_h1_k2_m50_d0,IMG_9867
fb_h1_k2_m50_d0,IMG_0291
fb_h1_k2_m50_d0,IMG_9911-HEIC
fb_h1_k2_m50_d0,IMG_0387
fb_h1_k2_m50_d0,IMG_9866
fb_h1_k2_m50_d0,IMG_0002
fb_h1_k2_m50_d0,IMG_9813
fb_h1_k2_m50_d0,IMG_9833
fb_h1_k2_m50_d0,IMG_9804
fb_h1_k2_m50_d0,IMG_0439
fb_h1_k2_m50_d0,IMG_9803
fb_h1_k2_m50_d0,IMG_9840
fb_h1_k2_m50_d0,IMG_9920-HEIC
fb_h1_k2_m50_d0,IMG_9918-HEIC
fb_h1_k2_m50_d0,IMG_9827
fb_h1_k2_m50_d0,IMG_9938
fb_h1_k2_m50_d0,IMG_9982-HEIC
fb_h1_k2_m50_d0,IMG_9951-HEIC
fb_h1_k2_m50_d0,IMG_0328
fb_h1_k2_m50_d0,IMG_9836
fb_h1_k2_m50_d0,IMG_9998
fb_h1_k2_m50_d0,IMG_9985-HEIC
fb_h1_k2_m50_d0,IMG_9784-HEIC
fb_h1_k2_m50_d0,IMG_9984-HEIC
fb_h1_k2_m50_d0,IMG_2349-HEIC
fb_h1_k2_m50_d0,IMG_2390-HEIC
fb_h1_k2_m50_d0,IMG_2296-HEIC
fb_h1_k2_m50_d0,IMG_2286-HEIC
fb_h1_k2_m50_d0,IMG_2338-HEIC
fb_h1_k2_m50_d0,IMG_2274-HEIC
fb_h1_k2_m50_d0,IMG_2309-HEIC
fb_h1_k2_m50_d0,IMG_0741-HEIC
fb_h1_k2_m50_d0,IMG_0754-HEIC
fb_h1_k2_m50_d0,IMG_2244-HEIC
fb_h1_k2_m50_d0,IMG_2382-HEIC
fb_h1_k2_m50_d0,IMG_2380-HEIC
fb_h1_k2_m50_d0,IMG_2391-HEIC
fb_h1_k2_m50_d0,IMG_2273-HEIC
fb_h1_k2_m50_d0,IMG_2342-HEIC
fb_h1_k2_m50_d0,IMG_2330-HEIC
fb_h1_k2_m50_d0,IMG_2331-HEIC
fb_h1_k2_m50_d0,IMG_0757-HEIC
fb_h1_k2_m50_d0,IMG_2308-HEIC
fb_h1_k2_m50_d0,IMG_2270-HEIC
fb_h1_k2_m50_d0,IMG_2295-HEIC
fb_h1_k2_m50_d0,IMG_2246-HEIC
fb_h1_k2_m50_d0,IMG_0772-HEIC
fb_h1_k2_m50_d0,IMG_0766-HEIC
fb_h1_k2_m50_d0,IMG_0773-HEIC
fb_h1_k2_m50_d0,IMG_2381-HEIC
fb_h1_k2_m50_d0,IMG_2291-HEIC
fb_h1_k2_m50_d0,IMG_2341-HEIC
fb_h1_k2_m50_d0,IMG_0767-HEIC
fb_h1_k2_m50_d0,IMG_2289-HEIC
fb_h1_k2_m50_d0,IMG_2329-HEIC
fb_h1_k2_m50_d0,IMG_2333-HEIC
fb_h1_k2_m50_d0,IMG_2310-HEIC
fb_h1_k2_m50_d0,IMG_0765-HEIC
fb_h1_k2_m50_d0,IMG_2352-HEIC
fb_h1_k2_m50_d0,IMG_0740-HEIC
fb_h1_k2_m50_d0,IMG_2249-HEIC
fb_h1_k2_m50_d0,IMG_2258-HEIC
fb_h1_k2_m50_d0,IMG_2245-HEIC
fb_h1_k2_m50_d0,IMG_2252-HEIC
fb_h1_k2_m50_d0,IMG_2240-HEIC
fb_h1_k2_m50_d0,IMG_0758-HEIC
fb_h1_k2_m50_d0,IMG_2302-HEIC
fb_h1_k2_m50_d0,IMG_2242-HEIC
fb_h1_k2_m50_d0,IMG_2253-HEIC
fb_h1_k2_m50_d0,IMG_2254-HEIC
fb_h1_k2_m50_d0,IMG_2343-HEIC
fb_h1_k2_m50_d0,IMG_2288-HEIC
fb_h1_k2_m50_d0,IMG_0756-HEIC
fb_h1_k2_m50_d0,IMG_0742-HEIC
fb_h1_k2_mall_d0,IMG_9864
fb_h1_k2_mall_d0,IMG_0364
fb_h1_k2_mall_d0,IMG_9768
fb_h1_k2_mall_d0,IMG_9774
fb_h1_k2_mall_d0,IMG_9875
fb_h1_k2_mall_d0,IMG_9858
fb_h1_k2_mall_d0,IMG_0040
fb_h1_k2_mall_d0,IMG_9842
fb_h1_k2_mall_d0,IMG_9881
fb_h1_k2_mall_d0,IMG_9809
fb_h1_k2_mall_d0,IMG_0375
fb_h1_k2_mall_d0,IMG_9801
fb_h1_k2_mall_d0,IMG_9978-HEIC
fb_h1_k2_mall_d0,IMG_0370
fb_h1_k2_mall_d0,IMG_9861-HEIC
fb_h1_k2_mall_d0,IMG_9907-HEIC
fb_h1_k2_mall_d0,IMG_9805
fb_h1_k2_mall_d0,IMG_9839
fb_h1_k2_mall_d0,IMG_9906-HEIC
fb_h1_k2_mall_d0,IMG_0300
fb_h1_k2_mall_d0,IMG_0410
fb_h1_k2_mall_d0,IMG_9811
fb_h1_k2_mall_d0,IMG_9989-HEIC
fb_h1_k2_mall_d0,IMG_0016
fb_h1_k2_mall_d0,IMG_0346
fb_h1_k2_mall_d0,IMG_9981-HEIC
fb_h1_k2_mall_d0,IMG_9867
fb_h1_k2_mall_d0,IMG_0291
fb_h1_k2_mall_d0,IMG_9911-HEIC
fb_h1_k2_mall_d0,IMG_0387
fb_h1_k2_mall_d0,IMG_9866
fb_h1_k2_mall_d0,IMG_0002
fb_h1_k2_mall_d0,IMG_9813
fb_h1_k2_mall_d0,IMG_9833
fb_h1_k2_mall_d0,IMG_9804
fb_h1_k2_mall_d0,IMG_0439
fb_h1_k2_mall_d0,IMG_9803
fb_h1_k2_mall_d0,IMG_9840
fb_h1_k2_mall_d0,IMG_9920-HEIC
fb_h1_k2_mall_d0,IMG_9918-HEIC
fb_h1_k2_mall_d0,IMG_9827
fb_h1_k2_mall_d0,IMG_9938
fb_h1_k2_mall_d0,IMG_9982-HEIC
fb_h1_k2_mall_d0,IMG_9951-HEIC
fb_h1_k2_mall_d0,IMG_0328
fb_h1_k2_mall_d0,IMG_9836
fb_h1_k2_mall_d0,IMG_9998
fb_h1_k2_mall_d0,IMG_9985-HEIC
fb_h1_k2_mall_d0,IMG_9784-HEIC
fb_h1_k2_mall_d0,IMG_9984-HEIC
fb_h1_k2_mall_d0,IMG_0305
fb_h1_k2_mall_d0,IMG_9818
fb_h1_k2_mall_d0,IMG_0051
fb_h1_k2_mall_d0,IMG_9909-HEIC
fb_h1_k2_mall_d0,IMG_9874
fb_h1_k2_mall_d0,IMG_0450
fb_h1_k2_mall_d0,IMG_9859
fb_h1_k2_mall_d0,IMG_9808
fb_h1_k2_mall_d0,IMG_9820
fb_h1_k2_mall_d0,IMG_9873
fb_h1_k2_mall_d0,IMG_0311
fb_h1_k2_mall_d0,IMG_0351
fb_h1_k2_mall_d0,IMG_9777
fb_h1_k2_mall_d0,IMG_9773
fb_h1_k2_mall_d0,IMG_0427
fb_h1_k2_mall_d0,IMG_9822
fb_h1_k2_mall_d0,IMG_9832
fb_h1_k2_mall_d0,IMG_0398
fb_h1_k2_mall_d0,IMG_9764
fb_h1_k2_mall_d0,IMG_9807
fb_h1_k2_mall_d0,IMG_0433
fb_h1_k2_mall_d0,IMG_9826
fb_h1_k2_mall_d0,IMG_0457
fb_h1_k2_mall_d0,IMG_9825
fb_h1_k2_mall_d0,IMG_9771
fb_h1_k2_mall_d0,IMG_9865
fb_h1_k2_mall_d0,IMG_9810
fb_h1_k2_mall_d0,IMG_9834
fb_h1_k2_mall_d0,IMG_9848
fb_h1_k2_mall_d0,IMG_9999
fb_h1_k2_mall_d0,IMG_0046
fb_h1_k2_mall_d0,IMG_9997
fb_h1_k2_mall_d0,IMG_9828
fb_h1_k2_mall_d0,IMG_0416
fb_h1_k2_mall_d0,IMG_9870
fb_h1_k2_mall_d0,IMG_0404
fb_h1_k2_mall_d0,IMG_9800
fb_h1_k2_mall_d0,IMG_9766
fb_h1_k2_mall_d0,IMG_9971
fb_h1_k2_mall_d0,IMG_9955-HEIC
fb_h1_k2_mall_d0,IMG_0358
fb_h1_k2_mall_d0,IMG_0444
fb_h1_k2_mall_d0,IMG_9979-HEIC
fb_h1_k2_mall_d0,IMG_9799
fb_h1_k2_mall_d0,IMG_0340
fb_h1_k2_mall_d0,IMG_9966
fb_h1_k2_mall_d0,IMG_9876
fb_h1_k2_mall_d0,IMG_9880
fb_h1_k2_mall_d0,IMG_9948-HEIC
fb_h1_k2_mall_d0,IMG_9770
fb_h1_k2_mall_d0,IMG_9854
fb_h1_k2_mall_d0,IMG_0034
fb_h1_k2_mall_d0,IMG_9964
fb_h1_k2_mall_d0,IMG_9814
fb_h1_k2_mall_d0,IMG_9775
fb_h1_k2_mall_d0,IMG_9869
fb_h1_k2_mall_d0,IMG_0323
fb_h1_k2_mall_d0,IMG_9767
fb_h1_k2_mall_d0,IMG_9779-HEIC
fb_h1_k2_mall_d0,IMG_0421
fb_h1_k2_mall_d0,IMG_0008
fb_h1_k2_mall_d0,IMG_9990-HEIC
fb_h1_k2_mall_d0,IMG_9823
fb_h1_k2_mall_d0,IMG_9917-HEIC
fb_h1_k2_mall_d0,IMG_9905-HEIC
fb_h1_k2_mall_d0,IMG_0381
fb_h1_k2_mall_d0,IMG_9829
fb_h1_k2_mall_d0,IMG_9843
fb_h1_k2_mall_d0,IMG_0393
fb_h1_k2_mall_d0,IMG_9949-HEIC
fb_h1_k2_mall_d0,IMG_9879
fb_h1_k2_mall_d0,IMG_9838
fb_h1_k2_mall_d0,IMG_0028
fb_h1_k2_mall_d0,IMG_9947-HEIC
fb_h1_k2_mall_d0,IMG_7021
fb_h1_k2_mall_d0,IMG_9821
fb_h1_k2_mall_d0,IMG_9916-HEIC
fb_h1_k2_mall_d0,IMG_9816
fb_h1_k2_mall_d0,IMG_9915-HEIC
fb_h1_k2_mall_d0,IMG_0003
fb_h1_k2_mall_d0,IMG_9857
fb_h1_k2_mall_d0,IMG_7016-HEIC
fb_h1_k2_mall_d0,IMG_9763
fb_h1_k2_mall_d0,IMG_9783-HEIC
fb_h1_k2_mall_d0,IMG_9806
fb_h1_k2_mall_d0,IMG_9765
fb_h1_k2_mall_d0,IMG_9868-HEIC
fb_h1_k2_mall_d0,IMG_9769
fb_h1_k2_mall_d0,IMG_9844
fb_h1_k2_mall_d0,IMG_9819
fb_h1_k2_mall_d0,IMG_9812
fb_h1_k2_mall_d0,IMG_2349-HEIC
fb_h1_k2_mall_d0,IMG_2390-HEIC
fb_h1_k2_mall_d0,IMG_2296-HEIC
fb_h1_k2_mall_d0,IMG_2286-HEIC
fb_h1_k2_mall_d0,IMG_2338-HEIC
fb_h1_k2_mall_d0,IMG_2274-HEIC
fb_h1_k2_mall_d0,IMG_2309-HEIC
fb_h1_k2_mall_d0,IMG_0741-HEIC
fb_h1_k2_mall_d0,IMG_0754-HEIC
fb_h1_k2_mall_d0,IMG_2244-HEIC
fb_h1_k2_mall_d0,IMG_2382-HEIC
fb_h1_k2_mall_d0,IMG_2380-HEIC
fb_h1_k2_mall_d0,IMG_2391-HEIC
fb_h1_k2_mall_d0,IMG_2273-HEIC
fb_h1_k2_mall_d0,IMG_2342-HEIC
fb_h1_k2_mall_d0,IMG_2330-HEIC
fb_h1_k2_mall_d0,IMG_2331-HEIC
fb_h1_k2_mall_d0,IMG_0757-HEIC
fb_h1_k2_mall_d0,IMG_2308-HEIC
fb_h1_k2_mall_d0,IMG_2270-HEIC
fb_h1_k2_mall_d0,IMG_2295-HEIC
fb_h1_k2_mall_d0,IMG_2246-HEIC
fb_h1_k2_mall_d0,IMG_0772-HEIC
fb_h1_k2_mall_d0,IMG_0766-HEIC
fb_h1_k2_mall_d0,IMG_0773-HEIC
fb_h1_k2_mall_d0,IMG_2381-HEIC
fb_h1_k2_mall_d0,IMG_2291-HEIC
fb_h1_k2_mall_d0,IMG_2341-HEIC
fb_h1_k2_mall_d0,IMG_0767-HEIC
fb_h1_k2_mall_d0,IMG_2289-HEIC
fb_h1_k2_mall_d0,IMG_2329-HEIC
fb_h1_k2_mall_d0,IMG_2333-HEIC
fb_h1_k2_mall_d0,IMG_2310-HEIC
fb_h1_k2_mall_d0,IMG_0765-HEIC
fb_h1_k2_mall_d0,IMG_2352-HEIC
fb_h1_k2_mall_d0,IMG_0740-HEIC
fb_h1_k2_mall_d0,IMG_2249-HEIC
fb_h1_k2_mall_d0,IMG_2258-HEIC
fb_h1_k2_mall_d0,IMG_2245-HEIC
fb_h1_k2_mall_d0,IMG_2252-HEIC
fb_h1_k2_mall_d0,IMG_2240-HEIC
fb_h1_k2_mall_d0,IMG_0758-HEIC
fb_h1_k2_mall_d0,IMG_2302-HEIC
fb_h1_k2_mall_d0,IMG_2242-HEIC
fb_h1_k2_mall_d0,IMG_2253-HEIC
fb_h1_k2_mall_d0,IMG_2254-HEIC
fb_h1_k2_mall_d0,IMG_2343-HEIC
fb_h1_k2_mall_d0,IMG_2288-HEIC
fb_h1_k2_mall_d0,IMG_0756-HEIC
fb_h1_k2_mall_d0,IMG_0742-HEIC
fb_h1_k2_mall_d0,IMG_2290-HEIC
fb_h1_k2_mall_d0,IMG_0770-HEIC
fb_h1_k2_mall_d0,IMG_2346-HEIC
fb_h1_k2_mall_d0,IMG_0760-HEIC
fb_h1_k2_mall_d0,IMG_2340-HEIC
fb_h1_k2_mall_d0,IMG_0752-HEIC
fb_h1_k2_mall_d0,IMG_0759-HEIC
fb_h1_k2_mall_d0,IMG_2334-HEIC
fb_h1_k2_mall_d0,IMG_0764-HEIC
fb_h1_k2_mall_d0,IMG_2293-HEIC
fb_h1_k2_mall_d0,IMG_2345-HEIC
fb_h1_k2_mall_d0,IMG_2383-HEIC
fb_h1_k2_mall_d0,IMG_2337-HEIC
fb_h1_k2_mall_d0,IMG_2351-HEIC
fb_h1_k2_mall_d0,IMG_2285-HEIC
fb_h1_k2_mall_d0,IMG_0743-HEIC
fb_h1_k2_mall_d0,IMG_2386-HEIC
fb_h1_k2_mall_d0,IMG_2294-HEIC
fb_h1_k2_mall_d0,IMG_0763-HEIC
fb_h1_k2_mall_d0,IMG_2256-HEIC
fb_h1_k2_mall_d0,IMG_2239-HEIC
fb_h1_k2_mall_d0,IMG_2385-HEIC
fb_h1_k2_mall_d0,IMG_0737-HEIC
fb_h1_k2_mall_d0,IMG_2347-HEIC
fb_h1_k2_mall_d0,IMG_2251-HEIC
fb_h1_k2_mall_d0,IMG_2259-HEIC
fb_h1_k2_mall_d0,IMG_2389-HEIC
fb_h1_k2_mall_d0,IMG_2241-HEIC
fb_h1_k2_mall_d0,IMG_2248-HEIC
fb_h1_k2_mall_d0,IMG_2257-HEIC
fb_h1_k2_mall_d0,IMG_0755-HEIC
fb_h1_k2_mall_d0,IMG_2247-HEIC
fb_h1_k2_mall_d0,IMG_2384-HEIC
fb_h1_k2_mall_d0,IMG_2255-HEIC
fb_h1_k2_mall_d0,IMG_0771-HEIC
fb_h1_k2_mall_d0,IMG_0768-HEIC
fb_h1_k2_mall_d0,IMG_0761-HEIC
fb_h1_k2_mall_d0,IMG_2287-HEIC
fb_h1_k2_mall_d0,IMG_2336-HEIC
fb_h1_k2_mall_d0,IMG_0751-HEIC
fb_h1_k2_mall_d0,IMG_2243-HEIC
fb_h1_k2_mall_d0,IMG_2311-HEIC
fb_h1_k2_mall_d0,IMG_2304-HEIC
fb_h1_k2_mall_d0,IMG_2339-HEIC
fb_h1_k2_mall_d0,IMG_2303-HEIC
fb_h1_k2_mall_d0,IMG_2332-HEIC
fb_h1_k2_mall_d0,IMG_2335-HEIC
fb_h1_k2_mall_d0,IMG_0769-HEIC
fb_h1_k2_mall_d0,IMG_2307-HEIC
fb_h1_k2_mall_d0,IMG_2306-HEIC
fb_h1_k2_mall_d0,IMG_2305-HEIC
fb_h1_k2_m15_d1,IMG_4117
fb_h1_k2_m15_d1,IMG_4191
fb_h1_k2_m15_d1,IMG_4193
fb_h1_k2_m15_d1,IMG_2061
fb_h1_k2_m15_d1,IMG_4183
fb_h1_k2_m15_d1,IMG_2132
fb_h1_k2_m15_d1,IMG_4159
fb_h1_k2_m15_d1,IMG_2103
fb_h1_k2_m15_d1,IMG_2104
fb_h1_k2_m15_d1,IMG_4064
fb_h1_k2_m15_d1,IMG_4073
fb_h1_k2_m15_d1,IMG_4192
fb_h1_k2_m15_d1,IMG_2131
fb_h1_k2_m15_d1,IMG_2083
fb_h1_k2_m15_d1,IMG_4189
fb_h1_k2_m15_d1,IMG_2340-HEIC
fb_h1_k2_m15_d1,IMG_2242-HEIC
fb_h1_k2_m15_d1,IMG_2336-HEIC
fb_h1_k2_m15_d1,IMG_2347-HEIC
fb_h1_k2_m15_d1,IMG_2332-HEIC
fb_h1_k2_m15_d1,IMG_2338-HEIC
fb_h1_k2_m15_d1,IMG_2310-HEIC
fb_h1_k2_m15_d1,IMG_2391-HEIC
fb_h1_k2_m15_d1,IMG_2295-HEIC
fb_h1_k2_m15_d1,IMG_2286-HEIC
fb_h1_k2_m15_d1,IMG_2311-HEIC
fb_h1_k2_m15_d1,IMG_2304-HEIC
fb_h1_k2_m15_d1,IMG_2258-HEIC
fb_h1_k2_m15_d1,IMG_2305-HEIC
fb_h1_k2_m15_d1,IMG_0756-HEIC
fb_h1_k2_m50_d1,IMG_4117
fb_h1_k2_m50_d1,IMG_4191
fb_h1_k2_m50_d1,IMG_4193
fb_h1_k2_m50_d1,IMG_2061
fb_h1_k2_m50_d1,IMG_4183
fb_h1_k2_m50_d1,IMG_2132
fb_h1_k2_m50_d1,IMG_4159
fb_h1_k2_m50_d1,IMG_2103
fb_h1_k2_m50_d1,IMG_2104
fb_h1_k2_m50_d1,IMG_4064
fb_h1_k2_m50_d1,IMG_4073
fb_h1_k2_m50_d1,IMG_4192
fb_h1_k2_m50_d1,IMG_2131
fb_h1_k2_m50_d1,IMG_2083
fb_h1_k2_m50_d1,IMG_4189
fb_h1_k2_m50_d1,IMG_4161
fb_h1_k2_m50_d1,IMG_4185
fb_h1_k2_m50_d1,IMG_4262
fb_h1_k2_m50_d1,IMG_4086
fb_h1_k2_m50_d1,IMG_4144
fb_h1_k2_m50_d1,IMG_4186
fb_h1_k2_m50_d1,IMG_4120
fb_h1_k2_m50_d1,IMG_4170
fb_h1_k2_m50_d1,IMG_2102
fb_h1_k2_m50_d1,IMG_2069
fb_h1_k2_m50_d1,IMG_2074
fb_h1_k2_m50_d1,IMG_2062
fb_h1_k2_m50_d1,IMG_2084
fb_h1_k2_m50_d1,IMG_4075
fb_h1_k2_m50_d1,IMG_4203
fb_h1_k2_m50_d1,IMG_4187
fb_h1_k2_m50_d1,IMG_4072
fb_h1_k2_m50_d1,IMG_2133
fb_h1_k2_m50_d1,IMG_2134
fb_h1_k2_m50_d1,IMG_4143
fb_h1_k2_m50_d1,IMG_4179
fb_h1_k2_m50_d1,IMG_2080
fb_h1_k2_m50_d1,IMG_4110
fb_h1_k2_m50_d1,IMG_4152
fb_h1_k2_m50_d1,IMG_4164
fb_h1_k2_m50_d1,IMG_2075
fb_h1_k2_m50_d1,IMG_2064
fb_h1_k2_m50_d1,IMG_4089
fb_h1_k2_m50_d1,IMG_4180
fb_h1_k2_m50_d1,IMG_4113
fb_h1_k2_m50_d1,IMG_2081
fb_h1_k2_m50_d1,IMG_4190
fb_h1_k2_m50_d1,IMG_4106
fb_h1_k2_m50_d1,IMG_4091
fb_h1_k2_m50_d1,IMG_4200
fb_h1_k2_m50_d1,IMG_2340-HEIC
fb_h1_k2_m50_d1,IMG_2242-HEIC
fb_h1_k2_m50_d1,IMG_2336-HEIC
fb_h1_k2_m50_d1,IMG_2347-HEIC
fb_h1_k2_m50_d1,IMG_2332-HEIC
fb_h1_k2_m50_d1,IMG_2338-HEIC
fb_h1_k2_m50_d1,IMG_2310-HEIC
fb_h1_k2_m50_d1,IMG_2391-HEIC
fb_h1_k2_m50_d1,IMG_2295-HEIC
fb_h1_k2_m50_d1,IMG_2286-HEIC
fb_h1_k2_m50_d1,IMG_2311-HEIC
fb_h1_k2_m50_d1,IMG_2304-HEIC
fb_h1_k2_m50_d1,IMG_2258-HEIC
fb_h1_k2_m50_d1,IMG_2305-HEIC
fb_h1_k2_m50_d1,IMG_0756-HEIC
fb_h1_k2_m50_d1,IMG_2342-HEIC
fb_h1_k2_m50_d1,IMG_2249-HEIC
fb_h1_k2_m50_d1,IMG_2247-HEIC
fb_h1_k2_m50_d1,IMG_2270-HEIC
fb_h1_k2_m50_d1,IMG_0751-HEIC
fb_h1_k2_m50_d1,IMG_0773-HEIC
fb_h1_k2_m50_d1,IMG_2243-HEIC
fb_h1_k2_m50_d1,IMG_2244-HEIC
fb_h1_k2_m50_d1,IMG_2245-HEIC
fb_h1_k2_m50_d1,IMG_0755-HEIC
fb_h1_k2_m50_d1,IMG_2289-HEIC
fb_h1_k2_m50_d1,IMG_2254-HEIC
fb_h1_k2_m50_d1,IMG_2346-HEIC
fb_h1_k2_m50_d1,IMG_2256-HEIC
fb_h1_k2_m50_d1,IMG_2290-HEIC
fb_h1_k2_m50_d1,IMG_0737-HEIC
fb_h1_k2_m50_d1,IMG_2303-HEIC
fb_h1_k2_m50_d1,IMG_2351-HEIC
fb_h1_k2_m50_d1,IMG_2241-HEIC
fb_h1_k2_m50_d1,IMG_2307-HEIC
fb_h1_k2_m50_d1,IMG_2385-HEIC
fb_h1_k2_m50_d1,IMG_2343-HEIC
fb_h1_k2_m50_d1,IMG_0740-HEIC
fb_h1_k2_m50_d1,IMG_2285-HEIC
fb_h1_k2_m50_d1,IMG_0770-HEIC
fb_h1_k2_m50_d1,IMG_2291-HEIC
fb_h1_k2_m50_d1,IMG_0752-HEIC
fb_h1_k2_m50_d1,IMG_2253-HEIC
fb_h1_k2_m50_d1,IMG_0772-HEIC
fb_h1_k2_m50_d1,IMG_2296-HEIC
fb_h1_k2_m50_d1,IMG_2381-HEIC
fb_h1_k2_m50_d1,IMG_2337-HEIC
fb_h1_k2_m50_d1,IMG_2252-HEIC
fb_h1_k2_m50_d1,IMG_0759-HEIC
fb_h1_k2_m50_d1,IMG_0761-HEIC
fb_h1_k2_mall_d1,IMG_4117
fb_h1_k2_mall_d1,IMG_4191
fb_h1_k2_mall_d1,IMG_4193
fb_h1_k2_mall_d1,IMG_2061
fb_h1_k2_mall_d1,IMG_4183
fb_h1_k2_mall_d1,IMG_2132
fb_h1_k2_mall_d1,IMG_4159
fb_h1_k2_mall_d1,IMG_2103
fb_h1_k2_mall_d1,IMG_2104
fb_h1_k2_mall_d1,IMG_4064
fb_h1_k2_mall_d1,IMG_4073
fb_h1_k2_mall_d1,IMG_4192
fb_h1_k2_mall_d1,IMG_2131
fb_h1_k2_mall_d1,IMG_2083
fb_h1_k2_mall_d1,IMG_4189
fb_h1_k2_mall_d1,IMG_4161
fb_h1_k2_mall_d1,IMG_4185
fb_h1_k2_mall_d1,IMG_4262
fb_h1_k2_mall_d1,IMG_4086
fb_h1_k2_mall_d1,IMG_4144
fb_h1_k2_mall_d1,IMG_4186
fb_h1_k2_mall_d1,IMG_4120
fb_h1_k2_mall_d1,IMG_4170
fb_h1_k2_mall_d1,IMG_2102
fb_h1_k2_mall_d1,IMG_2069
fb_h1_k2_mall_d1,IMG_2074
fb_h1_k2_mall_d1,IMG_2062
fb_h1_k2_mall_d1,IMG_2084
fb_h1_k2_mall_d1,IMG_4075
fb_h1_k2_mall_d1,IMG_4203
fb_h1_k2_mall_d1,IMG_4187
fb_h1_k2_mall_d1,IMG_4072
fb_h1_k2_mall_d1,IMG_2133
fb_h1_k2_mall_d1,IMG_2134
fb_h1_k2_mall_d1,IMG_4143
fb_h1_k2_mall_d1,IMG_4179
fb_h1_k2_mall_d1,IMG_2080
fb_h1_k2_mall_d1,IMG_4110
fb_h1_k2_mall_d1,IMG_4152
fb_h1_k2_mall_d1,IMG_4164
fb_h1_k2_mall_d1,IMG_2075
fb_h1_k2_mall_d1,IMG_2064
fb_h1_k2_mall_d1,IMG_4089
fb_h1_k2_mall_d1,IMG_4180
fb_h1_k2_mall_d1,IMG_4113
fb_h1_k2_mall_d1,IMG_2081
fb_h1_k2_mall_d1,IMG_4190
fb_h1_k2_mall_d1,IMG_4106
fb_h1_k2_mall_d1,IMG_4091
fb_h1_k2_mall_d1,IMG_4200
fb_h1_k2_mall_d1,IMG_2076
fb_h1_k2_mall_d1,IMG_4153
fb_h1_k2_mall_d1,IMG_2116
fb_h1_k2_mall_d1,IMG_4174
fb_h1_k2_mall_d1,IMG_4114
fb_h1_k2_mall_d1,IMG_4181
fb_h1_k2_mall_d1,IMG_2082
fb_h1_k2_mall_d1,IMG_2106
fb_h1_k2_mall_d1,IMG_4188
fb_h1_k2_mall_d1,IMG_4168
fb_h1_k2_mall_d1,IMG_2077
fb_h1_k2_mall_d1,IMG_2101
fb_h1_k2_mall_d1,IMG_4172
fb_h1_k2_mall_d1,IMG_2058
fb_h1_k2_mall_d1,IMG_2119
fb_h1_k2_mall_d1,IMG_4156
fb_h1_k2_mall_d1,IMG_4194
fb_h1_k2_mall_d1,IMG_2100
fb_h1_k2_mall_d1,IMG_2121
fb_h1_k2_mall_d1,IMG_4151
fb_h1_k2_mall_d1,IMG_4145
fb_h1_k2_mall_d1,IMG_2109
fb_h1_k2_mall_d1,IMG_2122
fb_h1_k2_mall_d1,IMG_2130
fb_h1_k2_mall_d1,IMG_2070
fb_h1_k2_mall_d1,IMG_4134
fb_h1_k2_mall_d1,IMG_4220
fb_h1_k2_mall_d1,IMG_4112
fb_h1_k2_mall_d1,IMG_4088
fb_h1_k2_mall_d1,IMG_4169
fb_h1_k2_mall_d1,IMG_4071
fb_h1_k2_mall_d1,IMG_4070
fb_h1_k2_mall_d1,IMG_2107
fb_h1_k2_mall_d1,IMG_2105
fb_h1_k2_mall_d1,IMG_4067
fb_h1_k2_mall_d1,IMG_4219
fb_h1_k2_mall_d1,IMG_4184
fb_h1_k2_mall_d1,IMG_4090
fb_h1_k2_mall_d1,IMG_4150
fb_h1_k2_mall_d1,IMG_2089
fb_h1_k2_mall_d1,IMG_2071
fb_h1_k2_mall_d1,IMG_4116
fb_h1_k2_mall_d1,IMG_2110
fb_h1_k2_mall_d1,IMG_4087
fb_h1_k2_mall_d1,IMG_4182
fb_h1_k2_mall_d1,IMG_4098
fb_h1_k2_mall_d1,IMG_4069
fb_h1_k2_mall_d1,IMG_4163
fb_h1_k2_mall_d1,IMG_4111
fb_h1_k2_mall_d1,IMG_4109
fb_h1_k2_mall_d1,IMG_4178
fb_h1_k2_mall_d1,IMG_4066
fb_h1_k2_mall_d1,IMG_4149
fb_h1_k2_mall_d1,IMG_4165
fb_h1_k2_mall_d1,IMG_4146
fb_h1_k2_mall_d1,IMG_2059
fb_h1_k2_mall_d1,IMG_2120
fb_h1_k2_mall_d1,IMG_4176
fb_h1_k2_mall_d1,IMG_4095
fb_h1_k2_mall_d1,IMG_4068
fb_h1_k2_mall_d1,IMG_4118
fb_h1_k2_mall_d1,IMG_2063
fb_h1_k2_mall_d1,IMG_4202
fb_h1_k2_mall_d1,IMG_4162
fb_h1_k2_mall_d1,IMG_2066
fb_h1_k2_mall_d1,IMG_2079
fb_h1_k2_mall_d1,IMG_4201
fb_h1_k2_mall_d1,IMG_4155
fb_h1_k2_mall_d1,IMG_4221
fb_h1_k2_mall_d1,IMG_2115
fb_h1_k2_mall_d1,IMG_4115
fb_h1_k2_mall_d1,IMG_4123
fb_h1_k2_mall_d1,IMG_4104
fb_h1_k2_mall_d1,IMG_2117
fb_h1_k2_mall_d1,IMG_2088
fb_h1_k2_mall_d1,IMG_2060
fb_h1_k2_mall_d1,IMG_2067
fb_h1_k2_mall_d1,IMG_4085
fb_h1_k2_mall_d1,IMG_4148
fb_h1_k2_mall_d1,IMG_4147
fb_h1_k2_mall_d1,IMG_2095
fb_h1_k2_mall_d1,IMG_4105
fb_h1_k2_mall_d1,IMG_4154
fb_h1_k2_mall_d1,IMG_2078
fb_h1_k2_mall_d1,IMG_2072
fb_h1_k2_mall_d1,IMG_4256
fb_h1_k2_mall_d1,IMG_4213
fb_h1_k2_mall_d1,IMG_2073
fb_h1_k2_mall_d1,IMG_2135
fb_h1_k2_mall_d1,IMG_4065
fb_h1_k2_mall_d1,IMG_2068
fb_h1_k2_mall_d1,IMG_2085
fb_h1_k2_mall_d1,IMG_4218
fb_h1_k2_mall_d1,IMG_2108
fb_h1_k2_mall_d1,IMG_4103
fb_h1_k2_mall_d1,IMG_4157
fb_h1_k2_mall_d1,IMG_4096
fb_h1_k2_mall_d1,IMG_2340-HEIC
fb_h1_k2_mall_d1,IMG_2242-HEIC
fb_h1_k2_mall_d1,IMG_2336-HEIC
fb_h1_k2_mall_d1,IMG_2347-HEIC
fb_h1_k2_mall_d1,IMG_2332-HEIC
fb_h1_k2_mall_d1,IMG_2338-HEIC
fb_h1_k2_mall_d1,IMG_2310-HEIC
fb_h1_k2_mall_d1,IMG_2391-HEIC
fb_h1_k2_mall_d1,IMG_2295-HEIC
fb_h1_k2_mall_d1,IMG_2286-HEIC
fb_h1_k2_mall_d1,IMG_2311-HEIC
fb_h1_k2_mall_d1,IMG_2304-HEIC
fb_h1_k2_mall_d1,IMG_2258-HEIC
fb_h1_k2_mall_d1,IMG_2305-HEIC
fb_h1_k2_mall_d1,IMG_0756-HEIC
fb_h1_k2_mall_d1,IMG_2342-HEIC
fb_h1_k2_mall_d1,IMG_2249-HEIC
fb_h1_k2_mall_d1,IMG_2247-HEIC
fb_h1_k2_mall_d1,IMG_2270-HEIC
fb_h1_k2_mall_d1,IMG_0751-HEIC
fb_h1_k2_mall_d1,IMG_0773-HEIC
fb_h1_k2_mall_d1,IMG_2243-HEIC
fb_h1_k2_mall_d1,IMG_2244-HEIC
fb_h1_k2_mall_d1,IMG_2245-HEIC
fb_h1_k2_mall_d1,IMG_0755-HEIC
fb_h1_k2_mall_d1,IMG_2289-HEIC
fb_h1_k2_mall_d1,IMG_2254-HEIC
fb_h1_k2_mall_d1,IMG_2346-HEIC
fb_h1_k2_mall_d1,IMG_2256-HEIC
fb_h1_k2_mall_d1,IMG_2290-HEIC
fb_h1_k2_mall_d1,IMG_0737-HEIC
fb_h1_k2_mall_d1,IMG_2303-HEIC
fb_h1_k2_mall_d1,IMG_2351-HEIC
fb_h1_k2_mall_d1,IMG_2241-HEIC
fb_h1_k2_mall_d1,IMG_2307-HEIC
fb_h1_k2_mall_d1,IMG_2385-HEIC
fb_h1_k2_mall_d1,IMG_2343-HEIC
fb_h1_k2_mall_d1,IMG_0740-HEIC
fb_h1_k2_mall_d1,IMG_2285-HEIC
fb_h1_k2_mall_d1,IMG_0770-HEIC
fb_h1_k2_mall_d1,IMG_2291-HEIC
fb_h1_k2_mall_d1,IMG_0752-HEIC
fb_h1_k2_mall_d1,IMG_2253-HEIC
fb_h1_k2_mall_d1,IMG_0772-HEIC
fb_h1_k2_mall_d1,IMG_2296-HEIC
fb_h1_k2_mall_d1,IMG_2381-HEIC
fb_h1_k2_mall_d1,IMG_2337-HEIC
fb_h1_k2_mall_d1,IMG_2252-HEIC
fb_h1_k2_mall_d1,IMG_0759-HEIC
fb_h1_k2_mall_d1,IMG_0761-HEIC
fb_h1_k2_mall_d1,IMG_2288-HEIC
fb_h1_k2_mall_d1,IMG_0771-HEIC
fb_h1_k2_mall_d1,IMG_2345-HEIC
fb_h1_k2_mall_d1,IMG_2246-HEIC
fb_h1_k2_mall_d1,IMG_2287-HEIC
fb_h1_k2_mall_d1,IMG_2251-HEIC
fb_h1_k2_mall_d1,IMG_2341-HEIC
fb_h1_k2_mall_d1,IMG_2274-HEIC
fb_h1_k2_mall_d1,IMG_2380-HEIC
fb_h1_k2_mall_d1,IMG_2308-HEIC
fb_h1_k2_mall_d1,IMG_2294-HEIC
fb_h1_k2_mall_d1,IMG_0769-HEIC
fb_h1_k2_mall_d1,IMG_0767-HEIC
fb_h1_k2_mall_d1,IMG_2302-HEIC
fb_h1_k2_mall_d1,IMG_2306-HEIC
fb_h1_k2_mall_d1,IMG_2386-HEIC
fb_h1_k2_mall_d1,IMG_0764-HEIC
fb_h1_k2_mall_d1,IMG_0754-HEIC
fb_h1_k2_mall_d1,IMG_0757-HEIC
fb_h1_k2_mall_d1,IMG_0760-HEIC
fb_h1_k2_mall_d1,IMG_2335-HEIC
fb_h1_k2_mall_d1,IMG_2334-HEIC
fb_h1_k2_mall_d1,IMG_2293-HEIC
fb_h1_k2_mall_d1,IMG_0758-HEIC
fb_h1_k2_mall_d1,IMG_2339-HEIC
fb_h1_k2_mall_d1,IMG_2255-HEIC
fb_h1_k2_mall_d1,IMG_2384-HEIC
fb_h1_k2_mall_d1,IMG_2330-HEIC
fb_h1_k2_mall_d1,IMG_2309-HEIC
fb_h1_k2_mall_d1,IMG_2389-HEIC
fb_h1_k2_mall_d1,IMG_0741-HEIC
fb_h1_k2_mall_d1,IMG_2349-HEIC
fb_h1_k2_mall_d1,IMG_2333-HEIC
fb_h1_k2_mall_d1,IMG_2383-HEIC
fb_h1_k2_mall_d1,IMG_0766-HEIC
fb_h1_k2_mall_d1,IMG_2248-HEIC
fb_h1_k2_mall_d1,IMG_2382-HEIC
fb_h1_k2_mall_d1,IMG_0765-HEIC
fb_h1_k2_mall_d1,IMG_2239-HEIC
fb_h1_k2_mall_d1,IMG_2352-HEIC
fb_h1_k2_mall_d1,IMG_2259-HEIC
fb_h1_k2_mall_d1,IMG_2240-HEIC
fb_h1_k2_mall_d1,IMG_2273-HEIC
fb_h1_k2_mall_d1,IMG_0742-HEIC
fb_h1_k2_mall_d1,IMG_2329-HEIC
fb_h1_k2_mall_d1,IMG_2257-HEIC
fb_h1_k2_mall_d1,IMG_0743-HEIC
fb_h1_k2_mall_d1,IMG_2390-HEIC
fb_h1_k2_mall_d1,IMG_2331-HEIC
fb_h1_k2_mall_d1,IMG_0768-HEIC
fb_h1_k2_mall_d1,IMG_0763-HEIC
fb_h1_k4_m15_d0,IMG_4159
fb_h1_k4_m15_d0,IMG_4089
fb_h1_k4_m15_d0,IMG_2072
fb_h1_k4_m15_d0,IMG_2062
fb_h1_k4_m15_d0,IMG_4186
fb_h1_k4_m15_d0,IMG_2079
fb_h1_k4_m15_d0,IMG_2134
fb_h1_k4_m15_d0,IMG_2063
fb_h1_k4_m15_d0,IMG_2103
fb_h1_k4_m15_d0,IMG_4095
fb_h1_k4_m15_d0,IMG_2102
fb_h1_k4_m15_d0,IMG_2121
fb_h1_k4_m15_d0,IMG_2100
fb_h1_k4_m15_d0,IMG_4162
fb_h1_k4_m15_d0,IMG_4163
fb_h1_k4_m15_d0,IMG_2305-HEIC
fb_h1_k4_m15_d0,IMG_2245-HEIC
fb_h1_k4_m15_d0,IMG_2273-HEIC
fb_h1_k4_m15_d0,IMG_0763-HEIC
fb_h1_k4_m15_d0,IMG_2309-HEIC
fb_h1_k4_m15_d0,IMG_0765-HEIC
fb_h1_k4_m15_d0,IMG_2311-HEIC
fb_h1_k4_m15_d0,IMG_2252-HEIC
fb_h1_k4_m15_d0,IMG_0758-HEIC
fb_h1_k4_m15_d0,IMG_2383-HEIC
fb_h1_k4_m15_d0,IMG_0770-HEIC
fb_h1_k4_m15_d0,IMG_2295-HEIC
fb_h1_k4_m15_d0,IMG_0737-HEIC
fb_h1_k4_m15_d0,IMG_2332-HEIC
fb_h1_k4_m15_d0,IMG_2288-HEIC
fb_h1_k4_m15_d0,IMG_9983
fb_h1_k4_m15_d0,IMG_9988
fb_h1_k4_m15_d0,IMG_9944
fb_h1_k4_m15_d0,IMG_9904
fb_h1_k4_m15_d0,IMG_9908
fb_h1_k4_m15_d0,IMG_9931
fb_h1_k4_m15_d0,IMG_9951
fb_h1_k4_m15_d0,IMG_9885
fb_h1_k4_m15_d0,IMG_9923
fb_h1_k4_m15_d0,IMG_9906
fb_h1_k4_m15_d0,IMG_9919
fb_h1_k4_m15_d0,IMG_9962
fb_h1_k4_m15_d0,IMG_9933
fb_h1_k4_m15_d0,IMG_9902
fb_h1_k4_m15_d0,IMG_9970
fb_h1_k4_m15_d0,IMG_2151-HEIC
fb_h1_k4_m15_d0,IMG_2175-HEIC
fb_h1_k4_m15_d0,IMG_2179-HEIC
fb_h1_k4_m15_d0,IMG_2204-HEIC
fb_h1_k4_m15_d0,IMG_2205-HEIC
fb_h1_k4_m15_d0,IMG_2181-HEIC
fb_h1_k4_m15_d0,IMG_2216-HEIC
fb_h1_k4_m15_d0,IMG_2187-HEIC
fb_h1_k4_m15_d0,IMG_2193-HEIC
fb_h1_k4_m15_d0,IMG_2180-HEIC
fb_h1_k4_m15_d0,IMG_2196-HEIC
fb_h1_k4_m15_d0,IMG_2185-HEIC
fb_h1_k4_m15_d0,IMG_2195-HEIC
fb_h1_k4_m15_d0,IMG_2191-HEIC
fb_h1_k4_m15_d0,IMG_2132-HEIC
fb_h1_k4_m50_d0,IMG_4159
fb_h1_k4_m50_d0,IMG_4089
fb_h1_k4_m50_d0,IMG_2072
fb_h1_k4_m50_d0,IMG_2062
fb_h1_k4_m50_d0,IMG_4186
fb_h1_k4_m50_d0,IMG_2079
fb_h1_k4_m50_d0,IMG_2134
fb_h1_k4_m50_d0,IMG_2063
fb_h1_k4_m50_d0,IMG_2103
fb_h1_k4_m50_d0,IMG_4095
fb_h1_k4_m50_d0,IMG_2102
fb_h1_k4_m50_d0,IMG_2121
fb_h1_k4_m50_d0,IMG_2100
fb_h1_k4_m50_d0,IMG_4162
fb_h1_k4_m50_d0,IMG_4163
fb_h1_k4_m50_d0,IMG_4185
fb_h1_k4_m50_d0,IMG_4174
fb_h1_k4_m50_d0,IMG_2078
fb_h1_k4_m50_d0,IMG_4176
fb_h1_k4_m50_d0,IMG_4180
fb_h1_k4_m50_d0,IMG_4103
fb_h1_k4_m50_d0,IMG_2089
fb_h1_k4_m50_d0,IMG_2109
fb_h1_k4_m50_d0,IMG_4220
fb_h1_k4_m50_d0,IMG_4105
fb_h1_k4_m50_d0,IMG_2106
fb_h1_k4_m50_d0,IMG_2058
fb_h1_k4_m50_d0,IMG_4112
fb_h1_k4_m50_d0,IMG_4075
fb_h1_k4_m50_d0,IMG_4191
fb_h1_k4_m50_d0,IMG_4256
fb_h1_k4_m50_d0,IMG_4123
fb_h1_k4_m50_d0,IMG_4065
fb_h1_k4_m50_d0,IMG_2060
fb_h1_k4_m50_d0,IMG_4085
fb_h1_k4_m50_d0,IMG_4188
fb_h1_k4_m50_d0,IMG_4071
fb_h1_k4_m50_d0,IMG_4144
fb_h1_k4_m50_d0,IMG_4109
fb_h1_k4_m50_d0,IMG_4111
fb_h1_k4_m50_d0,IMG_4116
fb_h1_k4_m50_d0,IMG_4147
fb_h1_k4_m50_d0,IMG_4161
fb_h1_k4_m50_d0,IMG_2068
fb_h1_k4_m50_d0,IMG_4168
fb_h1_k4_m50_d0,IMG_2074
fb_h1_k4_m50_d0,IMG_2064
fb_h1_k4_m50_d0,IMG_4182
fb_h1_k4_m50_d0,IMG_4178
fb_h1_k4_m50_d0,IMG_4073
fb_h1_k4_m50_d0,IMG_2305-HEIC
fb_h1_k4_m50_d0,IMG_2245-HEIC
fb_h1_k4_m50_d0,IMG_2273-HEIC
fb_h1_k4_m50_d0,IMG_0763-HEIC
fb_h1_k4_m50_d0,IMG_2309-HEIC
fb_h1_k4_m50_d0,IMG_0765-HEIC
fb_h1_k4_m50_d0,IMG_2311-HEIC
fb_h1_k4_m50_d0,IMG_2252-HEIC
fb_h1_k4_m50_d0,IMG_0758-HEIC
fb_h1_k4_m50_d0,IMG_2383-HEIC
fb_h1_k4_m50_d0,IMG_0770-HEIC
fb_h1_k4_m50_d0,IMG_2295-HEIC
fb_h1_k4_m50_d0,IMG_0737-HEIC
fb_h1_k4_m50_d0,IMG_2332-HEIC
fb_h1_k4_m50_d0,IMG_2288-HEIC
fb_h1_k4_m50_d0,IMG_2270-HEIC
fb_h1_k4_m50_d0,IMG_2351-HEIC
fb_h1_k4_m50_d0,IMG_2382-HEIC
fb_h1_k4_m50_d0,IMG_2286-HEIC
fb_h1_k4_m50_d0,IMG_0764-HEIC
fb_h1_k4_m50_d0,IMG_0769-HEIC
fb_h1_k4_m50_d0,IMG_2243-HEIC
fb_h1_k4_m50_d0,IMG_0740-HEIC
fb_h1_k4_m50_d0,IMG_2345-HEIC
fb_h1_k4_m50_d0,IMG_2341-HEIC
fb_h1_k4_m50_d0,IMG_2331-HEIC
fb_h1_k4_m50_d0,IMG_0761-HEIC
fb_h1_k4_m50_d0,IMG_0772-HEIC
fb_h1_k4_m50_d0,IMG_2385-HEIC
fb_h1_k4_m50_d0,IMG_2308-HEIC
fb_h1_k4_m50_d0,IMG_2384-HEIC
fb_h1_k4_m50_d0,IMG_2249-HEIC
fb_h1_k4_m50_d0,IMG_2290-HEIC
fb_h1_k4_m50_d0,IMG_0741-HEIC
fb_h1_k4_m50_d0,IMG_2337-HEIC
fb_h1_k4_m50_d0,IMG_0756-HEIC
fb_h1_k4_m50_d0,IMG_0766-HEIC
fb_h1_k4_m50_d0,IMG_0760-HEIC
fb_h1_k4_m50_d0,IMG_2285-HEIC
fb_h1_k4_m50_d0,IMG_2347-HEIC
fb_h1_k4_m50_d0,IMG_2256-HEIC
fb_h1_k4_m50_d0,IMG_2255-HEIC
fb_h1_k4_m50_d0,IMG_2330-HEIC
fb_h1_k4_m50_d0,IMG_2307-HEIC
fb_h1_k4_m50_d0,IMG_2287-HEIC
fb_h1_k4_m50_d0,IMG_2294-HEIC
fb_h1_k4_m50_d0,IMG_2380-HEIC
fb_h1_k4_m50_d0,IMG_2244-HEIC
fb_h1_k4_m50_d0,IMG_0757-HEIC
fb_h1_k4_m50_d0,IMG_2390-HEIC
fb_h1_k4_m50_d0,IMG_9983
fb_h1_k4_m50_d0,IMG_9988
fb_h1_k4_m50_d0,IMG_9944
fb_h1_k4_m50_d0,IMG_9904
fb_h1_k4_m50_d0,IMG_9908
fb_h1_k4_m50_d0,IMG_9931
fb_h1_k4_m50_d0,IMG_9951
fb_h1_k4_m50_d0,IMG_9885
fb_h1_k4_m50_d0,IMG_9923
fb_h1_k4_m50_d0,IMG_9906
fb_h1_k4_m50_d0,IMG_9919
fb_h1_k4_m50_d0,IMG_9962
fb_h1_k4_m50_d0,IMG_9933
fb_h1_k4_m50_d0,IMG_9902
fb_h1_k4_m50_d0,IMG_9970
fb_h1_k4_m50_d0,IMG_9912-HEIC
fb_h1_k4_m50_d0,IMG_9929
fb_h1_k4_m50_d0,IMG_9911
fb_h1_k4_m50_d0,IMG_9991
fb_h1_k4_m50_d0,IMG_9914-HEIC
fb_h1_k4_m50_d0,IMG_9916
fb_h1_k4_m50_d0,IMG_9891
fb_h1_k4_m50_d0,IMG_9984
fb_h1_k4_m50_d0,IMG_9955
fb_h1_k4_m50_d0,IMG_9939
fb_h1_k4_m50_d0,IMG_9989
fb_h1_k4_m50_d0,IMG_9972
fb_h1_k4_m50_d0,IMG_9928
fb_h1_k4_m50_d0,IMG_9897
fb_h1_k4_m50_d0,IMG_9898
fb_h1_k4_m50_d0,IMG_9941
fb_h1_k4_m50_d0,IMG_9969
fb_h1_k4_m50_d0,IMG_9894
fb_h1_k4_m50_d0,IMG_9957
fb_h1_k4_m50_d0,IMG_9917
fb_h1_k4_m50_d0,IMG_9958
fb_h1_k4_m50_d0,IMG_9940
fb_h1_k4_m50_d0,IMG_9980
fb_h1_k4_m50_d0,IMG_9990
fb_h1_k4_m50_d0,IMG_9963
fb_h1_k4_m50_d0,IMG_9918
fb_h1_k4_m50_d0,IMG_9887
fb_h1_k4_m50_d0,IMG_9927
fb_h1_k4_m50_d0,IMG_9896
fb_h1_k4_m50_d0,IMG_9903
fb_h1_k4_m50_d0,IMG_9886
fb_h1_k4_m50_d0,IMG_9921
fb_h1_k4_m50_d0,IMG_9926
fb_h1_k4_m50_d0,IMG_9949
fb_h1_k4_m50_d0,IMG_9943
fb_h1_k4_m50_d0,IMG_2151-HEIC
fb_h1_k4_m50_d0,IMG_2175-HEIC
fb_h1_k4_m50_d0,IMG_2179-HEIC
fb_h1_k4_m50_d0,IMG_2204-HEIC
fb_h1_k4_m50_d0,IMG_2205-HEIC
fb_h1_k4_m50_d0,IMG_2181-HEIC
fb_h1_k4_m50_d0,IMG_2216-HEIC
fb_h1_k4_m50_d0,IMG_2187-HEIC
fb_h1_k4_m50_d0,IMG_2193-HEIC
fb_h1_k4_m50_d0,IMG_2180-HEIC
fb_h1_k4_m50_d0,IMG_2196-HEIC
fb_h1_k4_m50_d0,IMG_2185-HEIC
fb_h1_k4_m50_d0,IMG_2195-HEIC
fb_h1_k4_m50_d0,IMG_2191-HEIC
fb_h1_k4_m50_d0,IMG_2132-HEIC
fb_h1_k4_m50_d0,IMG_2156-HEIC
fb_h1_k4_m50_d0,IMG_2134-HEIC
fb_h1_k4_m50_d0,IMG_2211-HEIC
fb_h1_k4_m50_d0,IMG_2202-HEIC
fb_h1_k4_m50_d0,IMG_2148-HEIC
fb_h1_k4_m50_d0,IMG_2208-HEIC
fb_h1_k4_m50_d0,IMG_2153-HEIC
fb_h1_k4_m50_d0,IMG_2155-HEIC
fb_h1_k4_m50_d0,IMG_2190-HEIC
fb_h1_k4_m50_d0,IMG_2213-HEIC
fb_h1_k4_m50_d0,IMG_2189-HEIC
fb_h1_k4_m50_d0,IMG_2214-HEIC
fb_h1_k4_m50_d0,IMG_2203-HEIC
fb_h1_k4_m50_d0,IMG_2152-HEIC
fb_h1_k4_m50_d0,IMG_2133-HEIC
fb_h1_k4_m50_d0,IMG_2209-HEIC
fb_h1_k4_m50_d0,IMG_2131-HEIC
fb_h1_k4_m50_d0,IMG_2154-HEIC
fb_h1_k4_m50_d0,IMG_2176-HEIC
fb_h1_k4_m50_d0,IMG_2182-HEIC
fb_h1_k4_m50_d0,IMG_2212-HEIC
fb_h1_k4_m50_d0,IMG_2178-HEIC
fb_h1_k4_m50_d0,IMG_2174-HEIC
fb_h1_k4_m50_d0,IMG_2149-HEIC
fb_h1_k4_m50_d0,IMG_2150-HEIC
fb_h1_k4_m50_d0,IMG_2169-HEIC
fb_h1_k4_m50_d0,IMG_2188-HEIC
fb_h1_k4_m50_d0,IMG_2184-HEIC
fb_h1_k4_m50_d0,IMG_2139-HEIC
fb_h1_k4_m50_d0,IMG_2201-HEIC
fb_h1_k4_m50_d0,IMG_2159-HEIC
fb_h1_k4_m50_d0,IMG_2198-HEIC
fb_h1_k4_m50_d0,IMG_2183-HEIC
fb_h1_k4_m50_d0,IMG_2194-HEIC
fb_h1_k4_m50_d0,IMG_2158-HEIC
fb_h1_k4_mall_d0,IMG_4159
fb_h1_k4_mall_d0,IMG_4089
fb_h1_k4_mall_d0,IMG_2072
fb_h1_k4_mall_d0,IMG_2062
fb_h1_k4_mall_d0,IMG_4186
fb_h1_k4_mall_d0,IMG_2079
fb_h1_k4_mall_d0,IMG_2134
fb_h1_k4_mall_d0,IMG_2063
fb_h1_k4_mall_d0,IMG_2103
fb_h1_k4_mall_d0,IMG_4095
fb_h1_k4_mall_d0,IMG_2102
fb_h1_k4_mall_d0,IMG_2121
fb_h1_k4_mall_d0,IMG_2100
fb_h1_k4_mall_d0,IMG_4162
fb_h1_k4_mall_d0,IMG_4163
fb_h1_k4_mall_d0,IMG_4185
fb_h1_k4_mall_d0,IMG_4174
fb_h1_k4_mall_d0,IMG_2078
fb_h1_k4_mall_d0,IMG_4176
fb_h1_k4_mall_d0,IMG_4180
fb_h1_k4_mall_d0,IMG_4103
fb_h1_k4_mall_d0,IMG_2089
fb_h1_k4_mall_d0,IMG_2109
fb_h1_k4_mall_d0,IMG_4220
fb_h1_k4_mall_d0,IMG_4105
fb_h1_k4_mall_d0,IMG_2106
fb_h1_k4_mall_d0,IMG_2058
fb_h1_k4_mall_d0,IMG_4112
fb_h1_k4_mall_d0,IMG_4075
fb_h1_k4_mall_d0,IMG_4191
fb_h1_k4_mall_d0,IMG_4256
fb_h1_k4_mall_d0,IMG_4123
fb_h1_k4_mall_d0,IMG_4065
fb_h1_k4_mall_d0,IMG_2060
fb_h1_k4_mall_d0,IMG_4085
fb_h1_k4_mall_d0,IMG_4188
fb_h1_k4_mall_d0,IMG_4071
fb_h1_k4_mall_d0,IMG_4144
fb_h1_k4_mall_d0,IMG_4109
fb_h1_k4_mall_d0,IMG_4111
fb_h1_k4_mall_d0,IMG_4116
fb_h1_k4_mall_d0,IMG_4147
fb_h1_k4_mall_d0,IMG_4161
fb_h1_k4_mall_d0,IMG_2068
fb_h1_k4_mall_d0,IMG_4168
fb_h1_k4_mall_d0,IMG_2074
fb_h1_k4_mall_d0,IMG_2064
fb_h1_k4_mall_d0,IMG_4182
fb_h1_k4_mall_d0,IMG_4178
fb_h1_k4_mall_d0,IMG_4073
fb_h1_k4_mall_d0,IMG_2116
fb_h1_k4_mall_d0,IMG_4183
fb_h1_k4_mall_d0,IMG_4117
fb_h1_k4_mall_d0,IMG_2084
fb_h1_k4_mall_d0,IMG_2071
fb_h1_k4_mall_d0,IMG_4118
fb_h1_k4_mall_d0,IMG_2067
fb_h1_k4_mall_d0,IMG_2120
fb_h1_k4_mall_d0,IMG_2083
fb_h1_k4_mall_d0,IMG_4086
fb_h1_k4_mall_d0,IMG_4192
fb_h1_k4_mall_d0,IMG_2085
fb_h1_k4_mall_d0,IMG_4170
fb_h1_k4_mall_d0,IMG_4153
fb_h1_k4_mall_d0,IMG_2082
fb_h1_k4_mall_d0,IMG_2077
fb_h1_k4_mall_d0,IMG_2110
fb_h1_k4_mall_d0,IMG_4262
fb_h1_k4_mall_d0,IMG_2130
fb_h1_k4_mall_d0,IMG_4068
fb_h1_k4_mall_d0,IMG_4179
fb_h1_k4_mall_d0,IMG_2088
fb_h1_k4_mall_d0,IMG_4064
fb_h1_k4_mall_d0,IMG_4120
fb_h1_k4_mall_d0,IMG_4194
fb_h1_k4_mall_d0,IMG_4184
fb_h1_k4_mall_d0,IMG_2076
fb_h1_k4_mall_d0,IMG_4150
fb_h1_k4_mall_d0,IMG_4165
fb_h1_k4_mall_d0,IMG_2104
fb_h1_k4_mall_d0,IMG_2080
fb_h1_k4_mall_d0,IMG_4219
fb_h1_k4_mall_d0,IMG_4187
fb_h1_k4_mall_d0,IMG_4148
fb_h1_k4_mall_d0,IMG_4190
fb_h1_k4_mall_d0,IMG_4151
fb_h1_k4_mall_d0,IMG_4200
fb_h1_k4_mall_d0,IMG_4155
fb_h1_k4_mall_d0,IMG_4066
fb_h1_k4_mall_d0,IMG_2108
fb_h1_k4_mall_d0,IMG_4154
fb_h1_k4_mall_d0,IMG_4113
fb_h1_k4_mall_d0,IMG_2122
fb_h1_k4_mall_d0,IMG_4134
fb_h1_k4_mall_d0,IMG_2070
fb_h1_k4_mall_d0,IMG_4145
fb_h1_k4_mall_d0,IMG_2133
fb_h1_k4_mall_d0,IMG_2119
fb_h1_k4_mall_d0,IMG_4143
fb_h1_k4_mall_d0,IMG_4104
fb_h1_k4_mall_d0,IMG_4157
fb_h1_k4_mall_d0,IMG_2073
fb_h1_k4_mall_d0,IMG_2081
fb_h1_k4_mall_d0,IMG_4106
fb_h1_k4_mall_d0,IMG_4070
fb_h1_k4_mall_d0,IMG_2135
fb_h1_k4_mall_d0,IMG_4164
fb_h1_k4_mall_d0,IMG_4193
fb_h1_k4_mall_d0,IMG_4067
fb_h1_k4_mall_d0,IMG_4181
fb_h1_k4_mall_d0,IMG_2101
fb_h1_k4_mall_d0,IMG_4172
fb_h1_k4_mall_d0,IMG_2095
fb_h1_k4_mall_d0,IMG_4169
fb_h1_k4_mall_d0,IMG_2075
fb_h1_k4_mall_d0,IMG_4114
fb_h1_k4_mall_d0,IMG_2107
fb_h1_k4_mall_d0,IMG_2066
fb_h1_k4_mall_d0,IMG_2061
fb_h1_k4_mall_d0,IMG_2117
fb_h1_k4_mall_d0,IMG_4201
fb_h1_k4_mall_d0,IMG_2132
fb_h1_k4_mall_d0,IMG_4090
fb_h1_k4_mall_d0,IMG_2069
fb_h1_k4_mall_d0,IMG_4146
fb_h1_k4_mall_d0,IMG_4218
fb_h1_k4_mall_d0,IMG_2115
fb_h1_k4_mall_d0,IMG_4152
fb_h1_k4_mall_d0,IMG_4202
fb_h1_k4_mall_d0,IMG_4069
fb_h1_k4_mall_d0,IMG_4091
fb_h1_k4_mall_d0,IMG_4156
fb_h1_k4_mall_d0,IMG_4221
fb_h1_k4_mall_d0,IMG_4072
fb_h1_k4_mall_d0,IMG_4149
fb_h1_k4_mall_d0,IMG_4213
fb_h1_k4_mall_d0,IMG_4110
fb_h1_k4_mall_d0,IMG_2105
fb_h1_k4_mall_d0,IMG_4088
fb_h1_k4_mall_d0,IMG_4098
fb_h1_k4_mall_d0,IMG_2131
fb_h1_k4_mall_d0,IMG_2059
fb_h1_k4_mall_d0,IMG_4203
fb_h1_k4_mall_d0,IMG_4096
fb_h1_k4_mall_d0,IMG_4115
fb_h1_k4_mall_d0,IMG_4087
fb_h1_k4_mall_d0,IMG_4189
fb_h1_k4_mall_d0,IMG_2305-HEIC
fb_h1_k4_mall_d0,IMG_2245-HEIC
fb_h1_k4_mall_d0,IMG_2273-HEIC
fb_h1_k4_mall_d0,IMG_0763-HEIC
fb_h1_k4_mall_d0,IMG_2309-HEIC
fb_h1_k4_mall_d0,IMG_0765-HEIC
fb_h1_k4_mall_d0,IMG_2311-HEIC
fb_h1_k4_mall_d0,IMG_2252-HEIC
fb_h1_k4_mall_d0,IMG_0758-HEIC
fb_h1_k4_mall_d0,IMG_2383-HEIC
fb_h1_k4_mall_d0,IMG_0770-HEIC
fb_h1_k4_mall_d0,IMG_2295-HEIC
fb_h1_k4_mall_d0,IMG_0737-HEIC
fb_h1_k4_mall_d0,IMG_2332-HEIC
fb_h1_k4_mall_d0,IMG_2288-HEIC
fb_h1_k4_mall_d0,IMG_2270-HEIC
fb_h1_k4_mall_d0,IMG_2351-HEIC
fb_h1_k4_mall_d0,IMG_2382-HEIC
fb_h1_k4_mall_d0,IMG_2286-HEIC
fb_h1_k4_mall_d0,IMG_0764-HEIC
fb_h1_k4_mall_d0,IMG_0769-HEIC
fb_h1_k4_mall_d0,IMG_2243-HEIC
fb_h1_k4_mall_d0,IMG_0740-HEIC
fb_h1_k4_mall_d0,IMG_2345-HEIC
fb_h1_k4_mall_d0,IMG_2341-HEIC
fb_h1_k4_mall_d0,IMG_2331-HEIC
fb_h1_k4_mall_d0,IMG_0761-HEIC
fb_h1_k4_mall_d0,IMG_0772-HEIC
fb_h1_k4_mall_d0,IMG_2385-HEIC
fb_h1_k4_mall_d0,IMG_2308-HEIC
fb_h1_k4_mall_d0,IMG_2384-HEIC
fb_h1_k4_mall_d0,IMG_2249-HEIC
fb_h1_k4_mall_d0,IMG_2290-HEIC
fb_h1_k4_mall_d0,IMG_0741-HEIC
fb_h1_k4_mall_d0,IMG_2337-HEIC
fb_h1_k4_mall_d0,IMG_0756-HEIC
fb_h1_k4_mall_d0,IMG_0766-HEIC
fb_h1_k4_mall_d0,IMG_0760-HEIC
fb_h1_k4_mall_d0,IMG_2285-HEIC
fb_h1_k4_mall_d0,IMG_2347-HEIC
fb_h1_k4_mall_d0,IMG_2256-HEIC
fb_h1_k4_mall_d0,IMG_2255-HEIC
fb_h1_k4_mall_d0,IMG_2330-HEIC
fb_h1_k4_mall_d0,IMG_2307-HEIC
fb_h1_k4_mall_d0,IMG_2287-HEIC
fb_h1_k4_mall_d0,IMG_2294-HEIC
fb_h1_k4_mall_d0,IMG_2380-HEIC
fb_h1_k4_mall_d0,IMG_2244-HEIC
fb_h1_k4_mall_d0,IMG_0757-HEIC
fb_h1_k4_mall_d0,IMG_2390-HEIC
fb_h1_k4_mall_d0,IMG_2291-HEIC
fb_h1_k4_mall_d0,IMG_2352-HEIC
fb_h1_k4_mall_d0,IMG_2303-HEIC
fb_h1_k4_mall_d0,IMG_2381-HEIC
fb_h1_k4_mall_d0,IMG_2293-HEIC
fb_h1_k4_mall_d0,IMG_2391-HEIC
fb_h1_k4_mall_d0,IMG_2339-HEIC
fb_h1_k4_mall_d0,IMG_2259-HEIC
fb_h1_k4_mall_d0,IMG_2251-HEIC
fb_h1_k4_mall_d0,IMG_0742-HEIC
fb_h1_k4_mall_d0,IMG_2240-HEIC
fb_h1_k4_mall_d0,IMG_2248-HEIC
fb_h1_k4_mall_d0,IMG_2241-HEIC
fb_h1_k4_mall_d0,IMG_2254-HEIC
fb_h1_k4_mall_d0,IMG_2346-HEIC
fb_h1_k4_mall_d0,IMG_2258-HEIC
fb_h1_k4_mall_d0,IMG_2257-HEIC
fb_h1_k4_mall_d0,IMG_2343-HEIC
fb_h1_k4_mall_d0,IMG_2336-HEIC
fb_h1_k4_mall_d0,IMG_2338-HEIC
fb_h1_k4_mall_d0,IMG_2349-HEIC
fb_h1_k4_mall_d0,IMG_2289-HEIC
fb_h1_k4_mall_d0,IMG_2274-HEIC
fb_h1_k4_mall_d0,IMG_2247-HEIC
fb_h1_k4_mall_d0,IMG_2306-HEIC
fb_h1_k4_mall_d0,IMG_0768-HEIC
fb_h1_k4_mall_d0,IMG_0767-HEIC
fb_h1_k4_mall_d0,IMG_2310-HEIC
fb_h1_k4_mall_d0,IMG_2239-HEIC
fb_h1_k4_mall_d0,IMG_2340-HEIC
fb_h1_k4_mall_d0,IMG_2334-HEIC
fb_h1_k4_mall_d0,IMG_2389-HEIC
fb_h1_k4_mall_d0,IMG_0773-HEIC
fb_h1_k4_mall_d0,IMG_2253-HEIC
fb_h1_k4_mall_d0,IMG_0759-HEIC
fb_h1_k4_mall_d0,IMG_2242-HEIC
fb_h1_k4_mall_d0,IMG_0754-HEIC
fb_h1_k4_mall_d0,IMG_2333-HEIC
fb_h1_k4_mall_d0,IMG_0751-HEIC
fb_h1_k4_mall_d0,IMG_2296-HEIC
fb_h1_k4_mall_d0,IMG_0755-HEIC
fb_h1_k4_mall_d0,IMG_2302-HEIC
fb_h1_k4_mall_d0,IMG_2246-HEIC
fb_h1_k4_mall_d0,IMG_0743-HEIC
fb_h1_k4_mall_d0,IMG_0752-HEIC
fb_h1_k4_mall_d0,IMG_2342-HEIC
fb_h1_k4_mall_d0,IMG_0771-HEIC
fb_h1_k4_mall_d0,IMG_2386-HEIC
fb_h1_k4_mall_d0,IMG_2329-HEIC
fb_h1_k4_mall_d0,IMG_2304-HEIC
fb_h1_k4_mall_d0,IMG_2335-HEIC
fb_h1_k4_mall_d0,IMG_9983
fb_h1_k4_mall_d0,IMG_9988
fb_h1_k4_mall_d0,IMG_9944
fb_h1_k4_mall_d0,IMG_9904
fb_h1_k4_mall_d0,IMG_9908
fb_h1_k4_mall_d0,IMG_9931
fb_h1_k4_mall_d0,IMG_9951
fb_h1_k4_mall_d0,IMG_9885
fb_h1_k4_mall_d0,IMG_9923
fb_h1_k4_mall_d0,IMG_9906
fb_h1_k4_mall_d0,IMG_9919
fb_h1_k4_mall_d0,IMG_9962
fb_h1_k4_mall_d0,IMG_9933
fb_h1_k4_mall_d0,IMG_9902
fb_h1_k4_mall_d0,IMG_9970
fb_h1_k4_mall_d0,IMG_9912-HEIC
fb_h1_k4_mall_d0,IMG_9929
fb_h1_k4_mall_d0,IMG_9911
fb_h1_k4_mall_d0,IMG_9991
fb_h1_k4_mall_d0,IMG_9914-HEIC
fb_h1_k4_mall_d0,IMG_9916
fb_h1_k4_mall_d0,IMG_9891
fb_h1_k4_mall_d0,IMG_9984
fb_h1_k4_mall_d0,IMG_9955
fb_h1_k4_mall_d0,IMG_9939
fb_h1_k4_mall_d0,IMG_9989
fb_h1_k4_mall_d0,IMG_9972
fb_h1_k4_mall_d0,IMG_9928
fb_h1_k4_mall_d0,IMG_9897
fb_h1_k4_mall_d0,IMG_9898
fb_h1_k4_mall_d0,IMG_9941
fb_h1_k4_mall_d0,IMG_9969
fb_h1_k4_mall_d0,IMG_9894
fb_h1_k4_mall_d0,IMG_9957
fb_h1_k4_mall_d0,IMG_9917
fb_h1_k4_mall_d0,IMG_9958
fb_h1_k4_mall_d0,IMG_9940
fb_h1_k4_mall_d0,IMG_9980
fb_h1_k4_mall_d0,IMG_9990
fb_h1_k4_mall_d0,IMG_9963
fb_h1_k4_mall_d0,IMG_9918
fb_h1_k4_mall_d0,IMG_9887
fb_h1_k4_mall_d0,IMG_9927
fb_h1_k4_mall_d0,IMG_9896
fb_h1_k4_mall_d0,IMG_9903
fb_h1_k4_mall_d0,IMG_9886
fb_h1_k4_mall_d0,IMG_9921
fb_h1_k4_mall_d0,IMG_9926
fb_h1_k4_mall_d0,IMG_9949
fb_h1_k4_mall_d0,IMG_9943
fb_h1_k4_mall_d0,IMG_9915
fb_h1_k4_mall_d0,IMG_9889
fb_h1_k4_mall_d0,IMG_9905
fb_h1_k4_mall_d0,IMG_9956
fb_h1_k4_mall_d0,IMG_9973
fb_h1_k4_mall_d0,IMG_9899
fb_h1_k4_mall_d0,IMG_9959
fb_h1_k4_mall_d0,IMG_9925
fb_h1_k4_mall_d0,IMG_9953
fb_h1_k4_mall_d0,IMG_9968
fb_h1_k4_mall_d0,IMG_9942
fb_h1_k4_mall_d0,IMG_9947
fb_h1_k4_mall_d0,IMG_9907
fb_h1_k4_mall_d0,IMG_9961
fb_h1_k4_mall_d0,IMG_9924
fb_h1_k4_mall_d0,IMG_9977
fb_h1_k4_mall_d0,IMG_9890
fb_h1_k4_mall_d0,IMG_9895
fb_h1_k4_mall_d0,IMG_9987
fb_h1_k4_mall_d0,IMG_9900
fb_h1_k4_mall_d0,IMG_9965
fb_h1_k4_mall_d0,IMG_9920
fb_h1_k4_mall_d0,IMG_9946
fb_h1_k4_mall_d0,IMG_9892
fb_h1_k4_mall_d0,IMG_9986
fb_h1_k4_mall_d0,IMG_9893
fb_h1_k4_mall_d0,IMG_9948
fb_h1_k4_mall_d0,IMG_9960
fb_h1_k4_mall_d0,IMG_9888
fb_h1_k4_mall_d0,IMG_9985
fb_h1_k4_mall_d0,IMG_9910
fb_h1_k4_mall_d0,IMG_9922
fb_h1_k4_mall_d0,IMG_2151-HEIC
fb_h1_k4_mall_d0,IMG_2175-HEIC
fb_h1_k4_mall_d0,IMG_2179-HEIC
fb_h1_k4_mall_d0,IMG_2204-HEIC
fb_h1_k4_mall_d0,IMG_2205-HEIC
fb_h1_k4_mall_d0,IMG_2181-HEIC
fb_h1_k4_mall_d0,IMG_2216-HEIC
fb_h1_k4_mall_d0,IMG_2187-HEIC
fb_h1_k4_mall_d0,IMG_2193-HEIC
fb_h1_k4_mall_d0,IMG_2180-HEIC
fb_h1_k4_mall_d0,IMG_2196-HEIC
fb_h1_k4_mall_d0,IMG_2185-HEIC
fb_h1_k4_mall_d0,IMG_2195-HEIC
fb_h1_k4_mall_d0,IMG_2191-HEIC
fb_h1_k4_mall_d0,IMG_2132-HEIC
fb_h1_k4_mall_d0,IMG_2156-HEIC
fb_h1_k4_mall_d0,IMG_2134-HEIC
fb_h1_k4_mall_d0,IMG_2211-HEIC
fb_h1_k4_mall_d0,IMG_2202-HEIC
fb_h1_k4_mall_d0,IMG_2148-HEIC
fb_h1_k4_mall_d0,IMG_2208-HEIC
fb_h1_k4_mall_d0,IMG_2153-HEIC
fb_h1_k4_mall_d0,IMG_2155-HEIC
fb_h1_k4_mall_d0,IMG_2190-HEIC
fb_h1_k4_mall_d0,IMG_2213-HEIC
fb_h1_k4_mall_d0,IMG_2189-HEIC
fb_h1_k4_mall_d0,IMG_2214-HEIC
fb_h1_k4_mall_d0,IMG_2203-HEIC
fb_h1_k4_mall_d0,IMG_2152-HEIC
fb_h1_k4_mall_d0,IMG_2133-HEIC
fb_h1_k4_mall_d0,IMG_2209-HEIC
fb_h1_k4_mall_d0,IMG_2131-HEIC
fb_h1_k4_mall_d0,IMG_2154-HEIC
fb_h1_k4_mall_d0,IMG_2176-HEIC
fb_h1_k4_mall_d0,IMG_2182-HEIC
fb_h1_k4_mall_d0,IMG_2212-HEIC
fb_h1_k4_mall_d0,IMG_2178-HEIC
fb_h1_k4_mall_d0,IMG_2174-HEIC
fb_h1_k4_mall_d0,IMG_2149-HEIC
fb_h1_k4_mall_d0,IMG_2150-HEIC
fb_h1_k4_mall_d0,IMG_2169-HEIC
fb_h1_k4_mall_d0,IMG_2188-HEIC
fb_h1_k4_mall_d0,IMG_2184-HEIC
fb_h1_k4_mall_d0,IMG_2139-HEIC
fb_h1_k4_mall_d0,IMG_2201-HEIC
fb_h1_k4_mall_d0,IMG_2159-HEIC
fb_h1_k4_mall_d0,IMG_2198-HEIC
fb_h1_k4_mall_d0,IMG_2183-HEIC
fb_h1_k4_mall_d0,IMG_2194-HEIC
fb_h1_k4_mall_d0,IMG_2158-HEIC
fb_h1_k4_mall_d0,IMG_2170-HEIC
fb_h1_k4_mall_d0,IMG_2206-HEIC
fb_h1_k4_mall_d0,IMG_2177-HEIC
fb_h1_k4_mall_d0,IMG_2197-HEIC
fb_h1_k4_mall_d0,IMG_2199-HEIC
fb_h1_k4_mall_d0,IMG_2138-HEIC
fb_h1_k4_mall_d0,IMG_2168-HEIC
fb_h1_k4_m15_d1,IMG_9979-HEIC
fb_h1_k4_m15_d1,IMG_9955-HEIC
fb_h1_k4_m15_d1,IMG_9814
fb_h1_k4_m15_d1,IMG_9818
fb_h1_k4_m15_d1,IMG_9867
fb_h1_k4_m15_d1,IMG_9803
fb_h1_k4_m15_d1,IMG_9771
fb_h1_k4_m15_d1,IMG_9775
fb_h1_k4_m15_d1,IMG_9767
fb_h1_k4_m15_d1,IMG_0008
fb_h1_k4_m15_d1,IMG_0433
fb_h1_k4_m15_d1,IMG_9998
fb_h1_k4_m15_d1,IMG_9869
fb_h1_k4_m15_d1,IMG_0323
fb_h1_k4_m15_d1,IMG_9836
fb_h1_k4_m15_d1,IMG_4066
fb_h1_k4_m15_d1,IMG_4095
fb_h1_k4_m15_d1,IMG_2089
fb_h1_k4_m15_d1,IMG_4071
fb_h1_k4_m15_d1,IMG_2084
fb_h1_k4_m15_d1,IMG_2080
fb_h1_k4_m15_d1,IMG_2074
fb_h1_k4_m15_d1,IMG_4090
fb_h1_k4_m15_d1,IMG_4164
fb_h1_k4_m15_d1,IMG_4163
fb_h1_k4_m15_d1,IMG_4180
fb_h1_k4_m15_d1,IMG_4200
fb_h1_k4_m15_d1,IMG_2103
fb_h1_k4_m15_d1,IMG_4091
fb_h1_k4_m15_d1,IMG_4165
fb_h1_k4_m15_d1,IMG_0089
fb_h1_k4_m15_d1,IMG_0218
fb_h1_k4_m15_d1,IMG_0279
fb_h1_k4_m15_d1,IMG_0173
fb_h1_k4_m15_d1,IMG_0177
fb_h1_k4_m15_d1,IMG_0185
fb_h1_k4_m15_d1,IMG_0104-HEIC
fb_h1_k4_m15_d1,IMG_0192
fb_h1_k4_m15_d1,IMG_0235
fb_h1_k4_m15_d1,IMG_0116-HEIC
fb_h1_k4_m15_d1,IMG_0210
fb_h1_k4_m15_d1,IMG_0260
fb_h1_k4_m15_d1,IMG_0153
fb_h1_k4_m15_d1,IMG_0262
fb_h1_k4_m15_d1,IMG_0220
fb_h1_k4_m15_d1,IMG_2014
fb_h1_k4_m15_d1,IMG_3996
fb_h1_k4_m15_d1,IMG_2040
fb_h1_k4_m15_d1,IMG_1997
fb_h1_k4_m15_d1,IMG_1968
fb_h1_k4_m15_d1,IMG_3921
fb_h1_k4_m15_d1,IMG_4033
fb_h1_k4_m15_d1,IMG_4002
fb_h1_k4_m15_d1,IMG_2055
fb_h1_k4_m15_d1,IMG_3926
fb_h1_k4_m15_d1,IMG_4047
fb_h1_k4_m15_d1,IMG_2002
fb_h1_k4_m15_d1,IMG_3932
fb_h1_k4_m15_d1,IMG_4012
fb_h1_k4_m15_d1,IMG_2048
fb_h1_k4_m50_d1,IMG_9979-HEIC
fb_h1_k4_m50_d1,IMG_9955-HEIC
fb_h1_k4_m50_d1,IMG_9814
fb_h1_k4_m50_d1,IMG_9818
fb_h1_k4_m50_d1,IMG_9867
fb_h1_k4_m50_d1,IMG_9803
fb_h1_k4_m50_d1,IMG_9771
fb_h1_k4_m50_d1,IMG_9775
fb_h1_k4_m50_d1,IMG_9767
fb_h1_k4_m50_d1,IMG_0008
fb_h1_k4_m50_d1,IMG_0433
fb_h1_k4_m50_d1,IMG_9998
fb_h1_k4_m50_d1,IMG_9869
fb_h1_k4_m50_d1,IMG_0323
fb_h1_k4_m50_d1,IMG_9836
fb_h1_k4_m50_d1,IMG_9861-HEIC
fb_h1_k4_m50_d1,IMG_9828
fb_h1_k4_m50_d1,IMG_0398
fb_h1_k4_m50_d1,IMG_9948-HEIC
fb_h1_k4_m50_d1,IMG_9773
fb_h1_k4_m50_d1,IMG_7016-HEIC
fb_h1_k4_m50_d1,IMG_9825
fb_h1_k4_m50_d1,IMG_0291
fb_h1_k4_m50_d1,IMG_9978-HEIC
fb_h1_k4_m50_d1,IMG_9774
fb_h1_k4_m50_d1,IMG_9805
fb_h1_k4_m50_d1,IMG_9763
fb_h1_k4_m50_d1,IMG_9766
fb_h1_k4_m50_d1,IMG_9907-HEIC
fb_h1_k4_m50_d1,IMG_9859
fb_h1_k4_m50_d1,IMG_9905-HEIC
fb_h1_k4_m50_d1,IMG_9808
fb_h1_k4_m50_d1,IMG_9984-HEIC
fb_h1_k4_m50_d1,IMG_9838
fb_h1_k4_m50_d1,IMG_9918-HEIC
fb_h1_k4_m50_d1,IMG_9964
fb_h1_k4_m50_d1,IMG_9879
fb_h1_k4_m50_d1,IMG_9916-HEIC
fb_h1_k4_m50_d1,IMG_9911-HEIC
fb_h1_k4_m50_d1,IMG_9821
fb_h1_k4_m50_d1,IMG_9779-HEIC
fb_h1_k4_m50_d1,IMG_9880
fb_h1_k4_m50_d1,IMG_9990-HEIC
fb_h1_k4_m50_d1,IMG_9870
fb_h1_k4_m50_d1,IMG_9875
fb_h1_k4_m50_d1,IMG_0034
fb_h1_k4_m50_d1,IMG_9822
fb_h1_k4_m50_d1,IMG_9917-HEIC
fb_h1_k4_m50_d1,IMG_9866
fb_h1_k4_m50_d1,IMG_0457
fb_h1_k4_m50_d1,IMG_4066
fb_h1_k4_m50_d1,IMG_4095
fb_h1_k4_m50_d1,IMG_2089
fb_h1_k4_m50_d1,IMG_4071
fb_h1_k4_m50_d1,IMG_2084
fb_h1_k4_m50_d1,IMG_2080
fb_h1_k4_m50_d1,IMG_2074
fb_h1_k4_m50_d1,IMG_4090
fb_h1_k4_m50_d1,IMG_4164
fb_h1_k4_m50_d1,IMG_4163
fb_h1_k4_m50_d1,IMG_4180
fb_h1_k4_m50_d1,IMG_4200
fb_h1_k4_m50_d1,IMG_2103
fb_h1_k4_m50_d1,IMG_4091
fb_h1_k4_m50_d1,IMG_4165
fb_h1_k4_m50_d1,IMG_4103
fb_h1_k4_m50_d1,IMG_4111
fb_h1_k4_m50_d1,IMG_2116
fb_h1_k4_m50_d1,IMG_4156
fb_h1_k4_m50_d1,IMG_4085
fb_h1_k4_m50_d1,IMG_2121
fb_h1_k4_m50_d1,IMG_4179
fb_h1_k4_m50_d1,IMG_2077
fb_h1_k4_m50_d1,IMG_4106
fb_h1_k4_m50_d1,IMG_4194
fb_h1_k4_m50_d1,IMG_4110
fb_h1_k4_m50_d1,IMG_4256
fb_h1_k4_m50_d1,IMG_2109
fb_h1_k4_m50_d1,IMG_2071
fb_h1_k4_m50_d1,IMG_4145
fb_h1_k4_m50_d1,IMG_4114
fb_h1_k4_m50_d1,IMG_2108
fb_h1_k4_m50_d1,IMG_4134
fb_h1_k4_m50_d1,IMG_4221
fb_h1_k4_m50_d1,IMG_4186
fb_h1_k4_m50_d1,IMG_4219
fb_h1_k4_m50_d1,IMG_4153
fb_h1_k4_m50_d1,IMG_4150
fb_h1_k4_m50_d1,IMG_2115
fb_h1_k4_m50_d1,IMG_2064
fb_h1_k4_m50_d1,IMG_2085
fb_h1_k4_m50_d1,IMG_4149
fb_h1_k4_m50_d1,IMG_4176
fb_h1_k4_m50_d1,IMG_2060
fb_h1_k4_m50_d1,IMG_2134
fb_h1_k4_m50_d1,IMG_4262
fb_h1_k4_m50_d1,IMG_2100
fb_h1_k4_m50_d1,IMG_4117
fb_h1_k4_m50_d1,IMG_4086
fb_h1_k4_m50_d1,IMG_4087
fb_h1_k4_m50_d1,IMG_0089
fb_h1_k4_m50_d1,IMG_0218
fb_h1_k4_m50_d1,IMG_0279
fb_h1_k4_m50_d1,IMG_0173
fb_h1_k4_m50_d1,IMG_0177
fb_h1_k4_m50_d1,IMG_0185
fb_h1_k4_m50_d1,IMG_0104-HEIC
fb_h1_k4_m50_d1,IMG_0192
fb_h1_k4_m50_d1,IMG_0235
fb_h1_k4_m50_d1,IMG_0116-HEIC
fb_h1_k4_m50_d1,IMG_0210
fb_h1_k4_m50_d1,IMG_0260
fb_h1_k4_m50_d1,IMG_0153
fb_h1_k4_m50_d1,IMG_0262
fb_h1_k4_m50_d1,IMG_0220
fb_h1_k4_m50_d1,IMG_0187-HEIC
fb_h1_k4_m50_d1,IMG_0211
fb_h1_k4_m50_d1,IMG_0179
fb_h1_k4_m50_d1,IMG_0072
fb_h1_k4_m50_d1,IMG_0077
fb_h1_k4_m50_d1,IMG_0066
fb_h1_k4_m50_d1,IMG_0074
fb_h1_k4_m50_d1,IMG_0070
fb_h1_k4_m50_d1,IMG_0223
fb_h1_k4_m50_d1,IMG_0174
fb_h1_k4_m50_d1,IMG_0230
fb_h1_k4_m50_d1,IMG_0178
fb_h1_k4_m50_d1,IMG_0080
fb_h1_k4_m50_d1,IMG_0238
fb_h1_k4_m50_d1,IMG_0148
fb_h1_k4_m50_d1,IMG_0073
fb_h1_k4_m50_d1,IMG_0069
fb_h1_k4_m50_d1,IMG_0091
fb_h1_k4_m50_d1,IMG_0182-HEIC
fb_h1_k4_m50_d1,IMG_0126-HEIC
fb_h1_k4_m50_d1,IMG_0090
fb_h1_k4_m50_d1,IMG_0263
fb_h1_k4_m50_d1,IMG_0083-HEIC
fb_h1_k4_m50_d1,IMG_0106-HEIC
fb_h1_k4_m50_d1,IMG_0198
fb_h1_k4_m50_d1,IMG_0084
fb_h1_k4_m50_d1,IMG_0165
fb_h1_k4_m50_d1,IMG_0273
fb_h1_k4_m50_d1,IMG_0184
fb_h1_k4_m50_d1,IMG_0111-HEIC
fb_h1_k4_m50_d1,IMG_0219
fb_h1_k4_m50_d1,IMG_0204
fb_h1_k4_m50_d1,IMG_0078
fb_h1_k4_m50_d1,IMG_0108-HEIC
fb_h1_k4_m50_d1,IMG_0105-HEIC
fb_h1_k4_m50_d1,IMG_2014
fb_h1_k4_m50_d1,IMG_3996
fb_h1_k4_m50_d1,IMG_2040
fb_h1_k4_m50_d1,IMG_1997
fb_h1_k4_m50_d1,IMG_1968
fb_h1_k4_m50_d1,IMG_3921
fb_h1_k4_m50_d1,IMG_4033
fb_h1_k4_m50_d1,IMG_4002
fb_h1_k4_m50_d1,IMG_2055
fb_h1_k4_m50_d1,IMG_3926
fb_h1_k4_m50_d1,IMG_4047
fb_h1_k4_m50_d1,IMG_2002
fb_h1_k4_m50_d1,IMG_3932
fb_h1_k4_m50_d1,IMG_4012
fb_h1_k4_m50_d1,IMG_2048
fb_h1_k4_m50_d1,IMG_4031
fb_h1_k4_m50_d1,IMG_3925
fb_h1_k4_m50_d1,IMG_3977
fb_h1_k4_m50_d1,IMG_4001
fb_h1_k4_m50_d1,IMG_2044
fb_h1_k4_m50_d1,IMG_3930
fb_h1_k4_m50_d1,IMG_3983
fb_h1_k4_m50_d1,IMG_3929
fb_h1_k4_m50_d1,IMG_4011
fb_h1_k4_m50_d1,IMG_2049
fb_h1_k4_m50_d1,IMG_2046
fb_h1_k4_m50_d1,IMG_3918
fb_h1_k4_m50_d1,IMG_1962
fb_h1_k4_m50_d1,IMG_1960
fb_h1_k4_m50_d1,IMG_1963
fb_h1_k4_m50_d1,IMG_2001
fb_h1_k4_m50_d1,IMG_3997
fb_h1_k4_m50_d1,IMG_2012
fb_h1_k4_m50_d1,IMG_1996
fb_h1_k4_m50_d1,IMG_3987
fb_h1_k4_m50_d1,IMG_4041
fb_h1_k4_m50_d1,IMG_4005
fb_h1_k4_m50_d1,IMG_3981
fb_h1_k4_m50_d1,IMG_3976
fb_h1_k4_m50_d1,IMG_4034
fb_h1_k4_m50_d1,IMG_1929
fb_h1_k4_m50_d1,IMG_1970
fb_h1_k4_m50_d1,IMG_2013
fb_h1_k4_m50_d1,IMG_1918
fb_h1_k4_m50_d1,IMG_2024
fb_h1_k4_m50_d1,IMG_1923
fb_h1_k4_m50_d1,IMG_1959
fb_h1_k4_m50_d1,IMG_4015
fb_h1_k4_m50_d1,IMG_2025
fb_h1_k4_m50_d1,IMG_2015
fb_h1_k4_mall_d1,IMG_9979-HEIC
fb_h1_k4_mall_d1,IMG_9955-HEIC
fb_h1_k4_mall_d1,IMG_9814
fb_h1_k4_mall_d1,IMG_9818
fb_h1_k4_mall_d1,IMG_9867
fb_h1_k4_mall_d1,IMG_9803
fb_h1_k4_mall_d1,IMG_9771
fb_h1_k4_mall_d1,IMG_9775
fb_h1_k4_mall_d1,IMG_9767
fb_h1_k4_mall_d1,IMG_0008
fb_h1_k4_mall_d1,IMG_0433
fb_h1_k4_mall_d1,IMG_9998
fb_h1_k4_mall_d1,IMG_9869
fb_h1_k4_mall_d1,IMG_0323
fb_h1_k4_mall_d1,IMG_9836
fb_h1_k4_mall_d1,IMG_9861-HEIC
fb_h1_k4_mall_d1,IMG_9828
fb_h1_k4_mall_d1,IMG_0398
fb_h1_k4_mall_d1,IMG_9948-HEIC
fb_h1_k4_mall_d1,IMG_9773
fb_h1_k4_mall_d1,IMG_7016-HEIC
fb_h1_k4_mall_d1,IMG_9825
fb_h1_k4_mall_d1,IMG_0291
fb_h1_k4_mall_d1,IMG_9978-HEIC
fb_h1_k4_mall_d1,IMG_9774
fb_h1_k4_mall_d1,IMG_9805
fb_h1_k4_mall_d1,IMG_9763
fb_h1_k4_mall_d1,IMG_9766
fb_h1_k4_mall_d1,IMG_9907-HEIC
fb_h1_k4_mall_d1,IMG_9859
fb_h1_k4_mall_d1,IMG_9905-HEIC
fb_h1_k4_mall_d1,IMG_9808
fb_h1_k4_mall_d1,IMG_9984-HEIC
fb_h1_k4_mall_d1,IMG_9838
fb_h1_k4_mall_d1,IMG_9918-HEIC
fb_h1_k4_mall_d1,IMG_9964
fb_h1_k4_mall_d1,IMG_9879
fb_h1_k4_mall_d1,IMG_9916-HEIC
fb_h1_k4_mall_d1,IMG_9911-HEIC
fb_h1_k4_mall_d1,IMG_9821
fb_h1_k4_mall_d1,IMG_9779-HEIC
fb_h1_k4_mall_d1,IMG_9880
fb_h1_k4_mall_d1,IMG_9990-HEIC
fb_h1_k4_mall_d1,IMG_9870
fb_h1_k4_mall_d1,IMG_9875
fb_h1_k4_mall_d1,IMG_0034
fb_h1_k4_mall_d1,IMG_9822
fb_h1_k4_mall_d1,IMG_9917-HEIC
fb_h1_k4_mall_d1,IMG_9866
fb_h1_k4_mall_d1,IMG_0457
fb_h1_k4_mall_d1,IMG_9777
fb_h1_k4_mall_d1,IMG_0450
fb_h1_k4_mall_d1,IMG_9784-HEIC
fb_h1_k4_mall_d1,IMG_9981-HEIC
fb_h1_k4_mall_d1,IMG_9873
fb_h1_k4_mall_d1,IMG_9843
fb_h1_k4_mall_d1,IMG_0375
fb_h1_k4_mall_d1,IMG_0003
fb_h1_k4_mall_d1,IMG_0416
fb_h1_k4_mall_d1,IMG_0381
fb_h1_k4_mall_d1,IMG_9938
fb_h1_k4_mall_d1,IMG_0040
fb_h1_k4_mall_d1,IMG_9810
fb_h1_k4_mall_d1,IMG_9864
fb_h1_k4_mall_d1,IMG_9876
fb_h1_k4_mall_d1,IMG_9868-HEIC
fb_h1_k4_mall_d1,IMG_9833
fb_h1_k4_mall_d1,IMG_9804
fb_h1_k4_mall_d1,IMG_0421
fb_h1_k4_mall_d1,IMG_9816
fb_h1_k4_mall_d1,IMG_9764
fb_h1_k4_mall_d1,IMG_0051
fb_h1_k4_mall_d1,IMG_9951-HEIC
fb_h1_k4_mall_d1,IMG_0300
fb_h1_k4_mall_d1,IMG_9947-HEIC
fb_h1_k4_mall_d1,IMG_9840
fb_h1_k4_mall_d1,IMG_9982-HEIC
fb_h1_k4_mall_d1,IMG_9920-HEIC
fb_h1_k4_mall_d1,IMG_9801
fb_h1_k4_mall_d1,IMG_9874
fb_h1_k4_mall_d1,IMG_9783-HEIC
fb_h1_k4_mall_d1,IMG_0358
fb_h1_k4_mall_d1,IMG_0393
fb_h1_k4_mall_d1,IMG_0346
fb_h1_k4_mall_d1,IMG_0410
fb_h1_k4_mall_d1,IMG_9819
fb_h1_k4_mall_d1,IMG_9809
fb_h1_k4_mall_d1,IMG_9829
fb_h1_k4_mall_d1,IMG_9909-HEIC
fb_h1_k4_mall_d1,IMG_9800
fb_h1_k4_mall_d1,IMG_0340
fb_h1_k4_mall_d1,IMG_9844
fb_h1_k4_mall_d1,IMG_9826
fb_h1_k4_mall_d1,IMG_0028
fb_h1_k4_mall_d1,IMG_9971
fb_h1_k4_mall_d1,IMG_9812
fb_h1_k4_mall_d1,IMG_9949-HEIC
fb_h1_k4_mall_d1,IMG_9997
fb_h1_k4_mall_d1,IMG_9854
fb_h1_k4_mall_d1,IMG_9827
fb_h1_k4_mall_d1,IMG_9820
fb_h1_k4_mall_d1,IMG_9999
fb_h1_k4_mall_d1,IMG_0016
fb_h1_k4_mall_d1,IMG_9839
fb_h1_k4_mall_d1,IMG_9906-HEIC
fb_h1_k4_mall_d1,IMG_9832
fb_h1_k4_mall_d1,IMG_9881
fb_h1_k4_mall_d1,IMG_9989-HEIC
fb_h1_k4_mall_d1,IMG_9768
fb_h1_k4_mall_d1,IMG_9865
fb_h1_k4_mall_d1,IMG_0328
fb_h1_k4_mall_d1,IMG_0364
fb_h1_k4_mall_d1,IMG_9915-HEIC
fb_h1_k4_mall_d1,IMG_9834
fb_h1_k4_mall_d1,IMG_0444
fb_h1_k4_mall_d1,IMG_0427
fb_h1_k4_mall_d1,IMG_9811
fb_h1_k4_mall_d1,IMG_0351
fb_h1_k4_mall_d1,IMG_0439
fb_h1_k4_mall_d1,IMG_0046
fb_h1_k4_mall_d1,IMG_9857
fb_h1_k4_mall_d1,IMG_9770
fb_h1_k4_mall_d1,IMG_9848
fb_h1_k4_mall_d1,IMG_0305
fb_h1_k4_mall_d1,IMG_9823
fb_h1_k4_mall_d1,IMG_9985-HEIC
fb_h1_k4_mall_d1,IMG_9842
fb_h1_k4_mall_d1,IMG_9765
fb_h1_k4_mall_d1,IMG_9769
fb_h1_k4_mall_d1,IMG_9807
fb_h1_k4_mall_d1,IMG_9813
fb_h1_k4_mall_d1,IMG_0370
fb_h1_k4_mall_d1,IMG_9806
fb_h1_k4_mall_d1,IMG_0404
fb_h1_k4_mall_d1,IMG_0002
fb_h1_k4_mall_d1,IMG_9799
fb_h1_k4_mall_d1,IMG_0311
fb_h1_k4_mall_d1,IMG_9858
fb_h1_k4_mall_d1,IMG_0387
fb_h1_k4_mall_d1,IMG_7021
fb_h1_k4_mall_d1,IMG_9966
fb_h1_k4_mall_d1,IMG_4066
fb_h1_k4_mall_d1,IMG_4095
fb_h1_k4_mall_d1,IMG_2089
fb_h1_k4_mall_d1,IMG_4071
fb_h1_k4_mall_d1,IMG_2084
fb_h1_k4_mall_d1,IMG_2080
fb_h1_k4_mall_d1,IMG_2074
fb_h1_k4_mall_d1,IMG_4090
fb_h1_k4_mall_d1,IMG_4164
fb_h1_k4_mall_d1,IMG_4163
fb_h1_k4_mall_d1,IMG_4180
fb_h1_k4_mall_d1,IMG_4200
fb_h1_k4_mall_d1,IMG_2103
fb_h1_k4_mall_d1,IMG_4091
fb_h1_k4_mall_d1,IMG_4165
fb_h1_k4_mall_d1,IMG_4103
fb_h1_k4_mall_d1,IMG_4111
fb_h1_k4_mall_d1,IMG_2116
fb_h1_k4_mall_d1,IMG_4156
fb_h1_k4_mall_d1,IMG_4085
fb_h1_k4_mall_d1,IMG_2121
fb_h1_k4_mall_d1,IMG_4179
fb_h1_k4_mall_d1,IMG_2077
fb_h1_k4_mall_d1,IMG_4106
fb_h1_k4_mall_d1,IMG_4194
fb_h1_k4_mall_d1,IMG_4110
fb_h1_k4_mall_d1,IMG_4256
fb_h1_k4_mall_d1,IMG_2109
fb_h1_k4_mall_d1,IMG_2071
fb_h1_k4_mall_d1,IMG_4145
fb_h1_k4_mall_d1,IMG_4114
fb_h1_k4_mall_d1,IMG_2108
fb_h1_k4_mall_d1,IMG_4134
fb_h1_k4_mall_d1,IMG_4221
fb_h1_k4_mall_d1,IMG_4186
fb_h1_k4_mall_d1,IMG_4219
fb_h1_k4_mall_d1,IMG_4153
fb_h1_k4_mall_d1,IMG_4150
fb_h1_k4_mall_d1,IMG_2115
fb_h1_k4_mall_d1,IMG_2064
fb_h1_k4_mall_d1,IMG_2085
fb_h1_k4_mall_d1,IMG_4149
fb_h1_k4_mall_d1,IMG_4176
fb_h1_k4_mall_d1,IMG_2060
fb_h1_k4_mall_d1,IMG_2134
fb_h1_k4_mall_d1,IMG_4262
fb_h1_k4_mall_d1,IMG_2100
fb_h1_k4_mall_d1,IMG_4117
fb_h1_k4_mall_d1,IMG_4086
fb_h1_k4_mall_d1,IMG_4087
fb_h1_k4_mall_d1,IMG_4109
fb_h1_k4_mall_d1,IMG_4189
fb_h1_k4_mall_d1,IMG_2130
fb_h1_k4_mall_d1,IMG_2102
fb_h1_k4_mall_d1,IMG_4069
fb_h1_k4_mall_d1,IMG_4202
fb_h1_k4_mall_d1,IMG_4220
fb_h1_k4_mall_d1,IMG_4213
fb_h1_k4_mall_d1,IMG_4218
fb_h1_k4_mall_d1,IMG_4068
fb_h1_k4_mall_d1,IMG_4147
fb_h1_k4_mall_d1,IMG_4098
fb_h1_k4_mall_d1,IMG_4183
fb_h1_k4_mall_d1,IMG_2106
fb_h1_k4_mall_d1,IMG_4190
fb_h1_k4_mall_d1,IMG_4116
fb_h1_k4_mall_d1,IMG_2101
fb_h1_k4_mall_d1,IMG_2131
fb_h1_k4_mall_d1,IMG_4201
fb_h1_k4_mall_d1,IMG_2061
fb_h1_k4_mall_d1,IMG_4181
fb_h1_k4_mall_d1,IMG_2066
fb_h1_k4_mall_d1,IMG_2072
fb_h1_k4_mall_d1,IMG_4144
fb_h1_k4_mall_d1,IMG_2076
fb_h1_k4_mall_d1,IMG_2117
fb_h1_k4_mall_d1,IMG_4152
fb_h1_k4_mall_d1,IMG_4170
fb_h1_k4_mall_d1,IMG_4169
fb_h1_k4_mall_d1,IMG_2067
fb_h1_k4_mall_d1,IMG_4159
fb_h1_k4_mall_d1,IMG_2059
fb_h1_k4_mall_d1,IMG_2133
fb_h1_k4_mall_d1,IMG_2119
fb_h1_k4_mall_d1,IMG_2132
fb_h1_k4_mall_d1,IMG_4192
fb_h1_k4_mall_d1,IMG_4073
fb_h1_k4_mall_d1,IMG_2079
fb_h1_k4_mall_d1,IMG_2122
fb_h1_k4_mall_d1,IMG_4168
fb_h1_k4_mall_d1,IMG_2107
fb_h1_k4_mall_d1,IMG_4115
fb_h1_k4_mall_d1,IMG_2069
fb_h1_k4_mall_d1,IMG_4065
fb_h1_k4_mall_d1,IMG_4151
fb_h1_k4_mall_d1,IMG_2068
fb_h1_k4_mall_d1,IMG_4096
fb_h1_k4_mall_d1,IMG_4188
fb_h1_k4_mall_d1,IMG_2075
fb_h1_k4_mall_d1,IMG_4172
fb_h1_k4_mall_d1,IMG_4161
fb_h1_k4_mall_d1,IMG_4089
fb_h1_k4_mall_d1,IMG_2078
fb_h1_k4_mall_d1,IMG_2081
fb_h1_k4_mall_d1,IMG_4143
fb_h1_k4_mall_d1,IMG_2058
fb_h1_k4_mall_d1,IMG_4120
fb_h1_k4_mall_d1,IMG_4203
fb_h1_k4_mall_d1,IMG_2110
fb_h1_k4_mall_d1,IMG_4185
fb_h1_k4_mall_d1,IMG_4184
fb_h1_k4_mall_d1,IMG_2082
fb_h1_k4_mall_d1,IMG_4104
fb_h1_k4_mall_d1,IMG_2095
fb_h1_k4_mall_d1,IMG_2073
fb_h1_k4_mall_d1,IMG_4070
fb_h1_k4_mall_d1,IMG_4157
fb_h1_k4_mall_d1,IMG_4178
fb_h1_k4_mall_d1,IMG_4075
fb_h1_k4_mall_d1,IMG_4174
fb_h1_k4_mall_d1,IMG_4154
fb_h1_k4_mall_d1,IMG_4193
fb_h1_k4_mall_d1,IMG_2104
fb_h1_k4_mall_d1,IMG_4105
fb_h1_k4_mall_d1,IMG_4072
fb_h1_k4_mall_d1,IMG_4182
fb_h1_k4_mall_d1,IMG_2135
fb_h1_k4_mall_d1,IMG_4064
fb_h1_k4_mall_d1,IMG_4191
fb_h1_k4_mall_d1,IMG_4113
fb_h1_k4_mall_d1,IMG_4187
fb_h1_k4_mall_d1,IMG_2088
fb_h1_k4_mall_d1,IMG_2120
fb_h1_k4_mall_d1,IMG_4146
fb_h1_k4_mall_d1,IMG_2070
fb_h1_k4_mall_d1,IMG_4155
fb_h1_k4_mall_d1,IMG_4118
fb_h1_k4_mall_d1,IMG_2062
fb_h1_k4_mall_d1,IMG_4112
fb_h1_k4_mall_d1,IMG_4148
fb_h1_k4_mall_d1,IMG_2105
fb_h1_k4_mall_d1,IMG_4162
fb_h1_k4_mall_d1,IMG_2063
fb_h1_k4_mall_d1,IMG_4067
fb_h1_k4_mall_d1,IMG_2083
fb_h1_k4_mall_d1,IMG_4088
fb_h1_k4_mall_d1,IMG_4123
fb_h1_k4_mall_d1,IMG_0089
fb_h1_k4_mall_d1,IMG_0218
fb_h1_k4_mall_d1,IMG_0279
fb_h1_k4_mall_d1,IMG_0173
fb_h1_k4_mall_d1,IMG_0177
fb_h1_k4_mall_d1,IMG_0185
fb_h1_k4_mall_d1,IMG_0104-HEIC
fb_h1_k4_mall_d1,IMG_0192
fb_h1_k4_mall_d1,IMG_0235
fb_h1_k4_mall_d1,IMG_0116-HEIC
fb_h1_k4_mall_d1,IMG_0210
fb_h1_k4_mall_d1,IMG_0260
fb_h1_k4_mall_d1,IMG_0153
fb_h1_k4_mall_d1,IMG_0262
fb_h1_k4_mall_d1,IMG_0220
fb_h1_k4_mall_d1,IMG_0187-HEIC
fb_h1_k4_mall_d1,IMG_0211
fb_h1_k4_mall_d1,IMG_0179
fb_h1_k4_mall_d1,IMG_0072
fb_h1_k4_mall_d1,IMG_0077
fb_h1_k4_mall_d1,IMG_0066
fb_h1_k4_mall_d1,IMG_0074
fb_h1_k4_mall_d1,IMG_0070
fb_h1_k4_mall_d1,IMG_0223
fb_h1_k4_mall_d1,IMG_0174
fb_h1_k4_mall_d1,IMG_0230
fb_h1_k4_mall_d1,IMG_0178
fb_h1_k4_mall_d1,IMG_0080
fb_h1_k4_mall_d1,IMG_0238
fb_h1_k4_mall_d1,IMG_0148
fb_h1_k4_mall_d1,IMG_0073
fb_h1_k4_mall_d1,IMG_0069
fb_h1_k4_mall_d1,IMG_0091
fb_h1_k4_mall_d1,IMG_0182-HEIC
fb_h1_k4_mall_d1,IMG_0126-HEIC
fb_h1_k4_mall_d1,IMG_0090
fb_h1_k4_mall_d1,IMG_0263
fb_h1_k4_mall_d1,IMG_0083-HEIC
fb_h1_k4_mall_d1,IMG_0106-HEIC
fb_h1_k4_mall_d1,IMG_0198
fb_h1_k4_mall_d1,IMG_0084
fb_h1_k4_mall_d1,IMG_0165
fb_h1_k4_mall_d1,IMG_0273
fb_h1_k4_mall_d1,IMG_0184
fb_h1_k4_mall_d1,IMG_0111-HEIC
fb_h1_k4_mall_d1,IMG_0219
fb_h1_k4_mall_d1,IMG_0204
fb_h1_k4_mall_d1,IMG_0078
fb_h1_k4_mall_d1,IMG_0108-HEIC
fb_h1_k4_mall_d1,IMG_0105-HEIC
fb_h1_k4_mall_d1,IMG_0142
fb_h1_k4_mall_d1,IMG_0267
fb_h1_k4_mall_d1,IMG_0257
fb_h1_k4_mall_d1,IMG_0109-HEIC
fb_h1_k4_mall_d1,IMG_0284
fb_h1_k4_mall_d1,IMG_0102
fb_h1_k4_mall_d1,IMG_0136
fb_h1_k4_mall_d1,IMG_0209
fb_h1_k4_mall_d1,IMG_0175
fb_h1_k4_mall_d1,IMG_0256
fb_h1_k4_mall_d1,IMG_0159
fb_h1_k4_mall_d1,IMG_0095
fb_h1_k4_mall_d1,IMG_2014
fb_h1_k4_mall_d1,IMG_3996
fb_h1_k4_mall_d1,IMG_2040
fb_h1_k4_mall_d1,IMG_1997
fb_h1_k4_mall_d1,IMG_1968
fb_h1_k4_mall_d1,IMG_3921
fb_h1_k4_mall_d1,IMG_4033
fb_h1_k4_mall_d1,IMG_4002
fb_h1_k4_mall_d1,IMG_2055
fb_h1_k4_mall_d1,IMG_3926
fb_h1_k4_mall_d1,IMG_4047
fb_h1_k4_mall_d1,IMG_2002
fb_h1_k4_mall_d1,IMG_3932
fb_h1_k4_mall_d1,IMG_4012
fb_h1_k4_mall_d1,IMG_2048
fb_h1_k4_mall_d1,IMG_4031
fb_h1_k4_mall_d1,IMG_3925
fb_h1_k4_mall_d1,IMG_3977
fb_h1_k4_mall_d1,IMG_4001
fb_h1_k4_mall_d1,IMG_2044
fb_h1_k4_mall_d1,IMG_3930
fb_h1_k4_mall_d1,IMG_3983
fb_h1_k4_mall_d1,IMG_3929
fb_h1_k4_mall_d1,IMG_4011
fb_h1_k4_mall_d1,IMG_2049
fb_h1_k4_mall_d1,IMG_2046
fb_h1_k4_mall_d1,IMG_3918
fb_h1_k4_mall_d1,IMG_1962
fb_h1_k4_mall_d1,IMG_1960
fb_h1_k4_mall_d1,IMG_1963
fb_h1_k4_mall_d1,IMG_2001
fb_h1_k4_mall_d1,IMG_3997
fb_h1_k4_mall_d1,IMG_2012
fb_h1_k4_mall_d1,IMG_1996
fb_h1_k4_mall_d1,IMG_3987
fb_h1_k4_mall_d1,IMG_4041
fb_h1_k4_mall_d1,IMG_4005
fb_h1_k4_mall_d1,IMG_3981
fb_h1_k4_mall_d1,IMG_3976
fb_h1_k4_mall_d1,IMG_4034
fb_h1_k4_mall_d1,IMG_1929
fb_h1_k4_mall_d1,IMG_1970
fb_h1_k4_mall_d1,IMG_2013
fb_h1_k4_mall_d1,IMG_1918
fb_h1_k4_mall_d1,IMG_2024
fb_h1_k4_mall_d1,IMG_1923
fb_h1_k4_mall_d1,IMG_1959
fb_h1_k4_mall_d1,IMG_4015
fb_h1_k4_mall_d1,IMG_2025
fb_h1_k4_mall_d1,IMG_2015
fb_h1_k4_mall_d1,IMG_2045
fb_h1_k4_mall_d1,IMG_4026
fb_h1_k4_mall_d1,IMG_2043
fb_h1_k4_mall_d1,IMG_2019
fb_h1_k4_mall_d1,IMG_1969
fb_h1_k4_mall_d1,IMG_2031
fb_h1_k4_mall_d1,IMG_1908
fb_h1_k4_mall_d1,IMG_3920
fb_h1_k4_mall_d1,IMG_3984
fb_h1_k4_mall_d1,IMG_4019
fb_h1_k4_mall_d1,IMG_3982
fb_h1_k4_mall_d1,IMG_1956
fb_h1_k4_mall_d1,IMG_3998
fb_h1_k4_mall_d1,IMG_3931
fb_h1_k4_mall_d1,IMG_2050
fb_h1_k4_mall_d1,IMG_4014
fb_h1_k4_mall_d1,IMG_2030
fb_h1_k4_mall_d1,IMG_2047
fb_h1_k4_mall_d1,IMG_1965
fb_h1_k4_mall_d1,IMG_1961
fb_h1_k4_mall_d1,IMG_1913
fb_h1_k4_mall_d1,IMG_4013
fb_h1_k4_mall_d1,IMG_1957
fb_h1_k4_mall_d1,IMG_3923
fb_h1_k4_mall_d1,IMG_1925
fb_h1_k4_mall_d1,IMG_2054
fb_h1_k4_mall_d1,IMG_2053
fb_h1_k4_mall_d1,IMG_4053
fb_h1_k4_mall_d1,IMG_2022
fb_h1_k4_mall_d1,IMG_3962
fb_h1_k4_mall_d1,IMG_2026
fb_h1_k4_mall_d1,IMG_1971
fb_h1_k4_mall_d1,IMG_3993
fb_h1_k4_mall_d1,IMG_2032
fb_h1_k4_mall_d1,IMG_3928
fb_h1_k4_mall_d1,IMG_2057
fb_h1_k4_mall_d1,IMG_4003
fb_h1_k4_mall_d1,IMG_4020
fb_h1_k4_mall_d1,IMG_3978
fb_h1_k4_mall_d1,IMG_3924
fb_h1_k4_mall_d1,IMG_1915
fb_h1_k4_mall_d1,IMG_4058
fb_h1_k4_mall_d1,IMG_2023
fb_h1_k4_mall_d1,IMG_1917
fb_h1_k4_mall_d1,IMG_1998
fb_h1_k4_mall_d1,IMG_4025
fb_h1_k4_mall_d1,IMG_3961
fb_h1_k4_mall_d1,IMG_4029
fb_h1_k4_mall_d1,IMG_1924
fb_h1_k4_mall_d1,IMG_1914
fb_h1_k4_mall_d1,IMG_3980
fb_h1_k4_mall_d1,IMG_1912
fb_h1_k4_mall_d1,IMG_3965
fb_h1_k4_mall_d1,IMG_2051
fb_h1_k4_mall_d1,IMG_1922
fb_h1_k4_mall_d1,IMG_3975
fb_h1_k4_mall_d1,IMG_1993
fb_h1_k4_mall_d1,IMG_4032
fb_h1_k4_mall_d1,IMG_2009
fb_h1_k4_mall_d1,IMG_4004
fb_h1_k4_mall_d1,IMG_1958
fb_h1_k4_mall_d1,IMG_2056
fb_h1_k4_mall_d1,IMG_1909
fb_h1_k4_mall_d1,IMG_2016
fb_h1_k4_mall_d1,IMG_2011
fb_h1_k4_mall_d1,IMG_2038
fb_h1_k4_mall_d1,IMG_2018
fb_h1_k4_mall_d1,IMG_2042
fb_h1_k4_mall_d1,IMG_1999
fb_h1_k4_mall_d1,IMG_3992
fb_h1_k4_mall_d1,IMG_1964
fb_h1_k4_mall_d1,IMG_2010
fb_h1_k4_mall_d1,IMG_3919
fb_h1_k4_mall_d1,IMG_3986
fb_h1_k4_mall_d1,IMG_3999
fb_h1_k4_mall_d1,IMG_3994
fb_h1_k4_mall_d1,IMG_1916
fb_h1_k4_mall_d1,IMG_3963
fb_h1_k4_mall_d1,IMG_1966
fb_h1_k4_mall_d1,IMG_1928
fb_h1_k4_mall_d1,IMG_2039
fb_h1_k4_mall_d1,IMG_2052
fb_h1_k4_mall_d1,IMG_4024
fb_h1_k4_mall_d1,IMG_2037
fb_h1_k4_mall_d1,IMG_3995
fb_h1_k7_m15_d0,IMG_9881
fb_h1_k7_m15_d0,IMG_9866
fb_h1_k7_m15_d0,IMG_0421
fb_h1_k7_m15_d0,IMG_9767
fb_h1_k7_m15_d0,IMG_0393
fb_h1_k7_m15_d0,IMG_0351
fb_h1_k7_m15_d0,IMG_0358
fb_h1_k7_m15_d0,IMG_9834
fb_h1_k7_m15_d0,IMG_0370
fb_h1_k7_m15_d0,IMG_0381
fb_h1_k7_m15_d0,IMG_9805
fb_h1_k7_m15_d0,IMG_9859
fb_h1_k7_m15_d0,IMG_9979-HEIC
fb_h1_k7_m15_d0,IMG_9985-HEIC
fb_h1_k7_m15_d0,IMG_9801
fb_h1_k7_m15_d0,IMG_4213
fb_h1_k7_m15_d0,IMG_4164
fb_h1_k7_m15_d0,IMG_2132
fb_h1_k7_m15_d0,IMG_4110
fb_h1_k7_m15_d0,IMG_4150
fb_h1_k7_m15_d0,IMG_2110
fb_h1_k7_m15_d0,IMG_4181
fb_h1_k7_m15_d0,IMG_2066
fb_h1_k7_m15_d0,IMG_4091
fb_h1_k7_m15_d0,IMG_2059
fb_h1_k7_m15_d0,IMG_4191
fb_h1_k7_m15_d0,IMG_4072
fb_h1_k7_m15_d0,IMG_4156
fb_h1_k7_m15_d0,IMG_4146
fb_h1_k7_m15_d0,IMG_4071
fb_h1_k7_m15_d0,IMG_0069
fb_h1_k7_m15_d0,IMG_0211
fb_h1_k7_m15_d0,IMG_0153
fb_h1_k7_m15_d0,IMG_0192
fb_h1_k7_m15_d0,IMG_0257
fb_h1_k7_m15_d0,IMG_0080
fb_h1_k7_m15_d0,IMG_0165
fb_h1_k7_m15_d0,IMG_0102
fb_h1_k7_m15_d0,IMG_0220
fb_h1_k7_m15_d0,IMG_0111-HEIC
fb_h1_k7_m15_d0,IMG_0104-HEIC
fb_h1_k7_m15_d0,IMG_0179
fb_h1_k7_m15_d0,IMG_0238
fb_h1_k7_m15_d0,IMG_0066
fb_h1_k7_m15_d0,IMG_0173
fb_h1_k7_m15_d0,IMG_2287-HEIC
fb_h1_k7_m15_d0,IMG_2339-HEIC
fb_h1_k7_m15_d0,IMG_0757-HEIC
fb_h1_k7_m15_d0,IMG_2251-HEIC
fb_h1_k7_m15_d0,IMG_2257-HEIC
fb_h1_k7_m15_d0,IMG_2294-HEIC
fb_h1_k7_m15_d0,IMG_2337-HEIC
fb_h1_k7_m15_d0,IMG_2303-HEIC
fb_h1_k7_m15_d0,IMG_2240-HEIC
fb_h1_k7_m15_d0,IMG_2289-HEIC
fb_h1_k7_m15_d0,IMG_2382-HEIC
fb_h1_k7_m15_d0,IMG_2342-HEIC
fb_h1_k7_m15_d0,IMG_2252-HEIC
fb_h1_k7_m15_d0,IMG_2254-HEIC
fb_h1_k7_m15_d0,IMG_2293-HEIC
fb_h1_k7_m15_d0,IMG_3926
fb_h1_k7_m15_d0,IMG_3984
fb_h1_k7_m15_d0,IMG_3995
fb_h1_k7_m15_d0,IMG_2056
fb_h1_k7_m15_d0,IMG_1925
fb_h1_k7_m15_d0,IMG_2039
fb_h1_k7_m15_d0,IMG_2032
fb_h1_k7_m15_d0,IMG_3996
fb_h1_k7_m15_d0,IMG_4002
fb_h1_k7_m15_d0,IMG_1960
fb_h1_k7_m15_d0,IMG_4032
fb_h1_k7_m15_d0,IMG_1965
fb_h1_k7_m15_d0,IMG_2030
fb_h1_k7_m15_d0,IMG_2013
fb_h1_k7_m15_d0,IMG_2001
fb_h1_k7_m15_d0,IMG_9943
fb_h1_k7_m15_d0,IMG_9923
fb_h1_k7_m15_d0,IMG_9887
fb_h1_k7_m15_d0,IMG_9948
fb_h1_k7_m15_d0,IMG_9940
fb_h1_k7_m15_d0,IMG_9895
fb_h1_k7_m15_d0,IMG_9933
fb_h1_k7_m15_d0,IMG_9918
fb_h1_k7_m15_d0,IMG_9892
fb_h1_k7_m15_d0,IMG_9972
fb_h1_k7_m15_d0,IMG_9886
fb_h1_k7_m15_d0,IMG_9915
fb_h1_k7_m15_d0,IMG_9970
fb_h1_k7_m15_d0,IMG_9894
fb_h1_k7_m15_d0,IMG_9906
fb_h1_k7_m15_d0,IMG_2213-HEIC
fb_h1_k7_m15_d0,IMG_2177-HEIC
fb_h1_k7_m15_d0,IMG_2193-HEIC
fb_h1_k7_m15_d0,IMG_2195-HEIC
fb_h1_k7_m15_d0,IMG_2134-HEIC
fb_h1_k7_m15_d0,IMG_2170-HEIC
fb_h1_k7_m15_d0,IMG_2150-HEIC
fb_h1_k7_m15_d0,IMG_2185-HEIC
fb_h1_k7_m15_d0,IMG_2184-HEIC
fb_h1_k7_m15_d0,IMG_2188-HEIC
fb_h1_k7_m15_d0,IMG_2178-HEIC
fb_h1_k7_m15_d0,IMG_2204-HEIC
fb_h1_k7_m15_d0,IMG_2153-HEIC
fb_h1_k7_m15_d0,IMG_2183-HEIC
fb_h1_k7_m15_d0,IMG_2189-HEIC
fb_h1_k7_m50_d0,IMG_9881
fb_h1_k7_m50_d0,IMG_9866
fb_h1_k7_m50_d0,IMG_0421
fb_h1_k7_m50_d0,IMG_9767
fb_h1_k7_m50_d0,IMG_0393
fb_h1_k7_m50_d0,IMG_0351
fb_h1_k7_m50_d0,IMG_0358
fb_h1_k7_m50_d0,IMG_9834
fb_h1_k7_m50_d0,IMG_0370
fb_h1_k7_m50_d0,IMG_0381
fb_h1_k7_m50_d0,IMG_9805
fb_h1_k7_m50_d0,IMG_9859
fb_h1_k7_m50_d0,IMG_9979-HEIC
fb_h1_k7_m50_d0,IMG_9985-HEIC
fb_h1_k7_m50_d0,IMG_9801
fb_h1_k7_m50_d0,IMG_9966
fb_h1_k7_m50_d0,IMG_0398
fb_h1_k7_m50_d0,IMG_9836
fb_h1_k7_m50_d0,IMG_9820
fb_h1_k7_m50_d0,IMG_9984-HEIC
fb_h1_k7_m50_d0,IMG_9947-HEIC
fb_h1_k7_m50_d0,IMG_9918-HEIC
fb_h1_k7_m50_d0,IMG_9989-HEIC
fb_h1_k7_m50_d0,IMG_0444
fb_h1_k7_m50_d0,IMG_0457
fb_h1_k7_m50_d0,IMG_9978-HEIC
fb_h1_k7_m50_d0,IMG_9907-HEIC
fb_h1_k7_m50_d0,IMG_9861-HEIC
fb_h1_k7_m50_d0,IMG_9839
fb_h1_k7_m50_d0,IMG_9955-HEIC
fb_h1_k7_m50_d0,IMG_0433
fb_h1_k7_m50_d0,IMG_0328
fb_h1_k7_m50_d0,IMG_0364
fb_h1_k7_m50_d0,IMG_9875
fb_h1_k7_m50_d0,IMG_0028
fb_h1_k7_m50_d0,IMG_0300
fb_h1_k7_m50_d0,IMG_9763
fb_h1_k7_m50_d0,IMG_0305
fb_h1_k7_m50_d0,IMG_0404
fb_h1_k7_m50_d0,IMG_9766
fb_h1_k7_m50_d0,IMG_9775
fb_h1_k7_m50_d0,IMG_0439
fb_h1_k7_m50_d0,IMG_9865
fb_h1_k7_m50_d0,IMG_9997
fb_h1_k7_m50_d0,IMG_9879
fb_h1_k7_m50_d0,IMG_9812
fb_h1_k7_m50_d0,IMG_9783-HEIC
fb_h1_k7_m50_d0,IMG_9848
fb_h1_k7_m50_d0,IMG_9971
fb_h1_k7_m50_d0,IMG_0427
fb_h1_k7_m50_d0,IMG_4213
fb_h1_k7_m50_d0,IMG_4164
fb_h1_k7_m50_d0,IMG_2132
fb_h1_k7_m50_d0,IMG_4110
fb_h1_k7_m50_d0,IMG_4150
fb_h1_k7_m50_d0,IMG_2110
fb_h1_k7_m50_d0,IMG_4181
fb_h1_k7_m50_d0,IMG_2066
fb_h1_k7_m50_d0,IMG_4091
fb_h1_k7_m50_d0,IMG_2059
fb_h1_k7_m50_d0,IMG_4191
fb_h1_k7_m50_d0,IMG_4072
fb_h1_k7_m50_d0,IMG_4156
fb_h1_k7_m50_d0,IMG_4146
fb_h1_k7_m50_d0,IMG_4071
fb_h1_k7_m50_d0,IMG_2115
fb_h1_k7_m50_d0,IMG_4113
fb_h1_k7_m50_d0,IMG_2134
fb_h1_k7_m50_d0,IMG_4095
fb_h1_k7_m50_d0,IMG_2060
fb_h1_k7_m50_d0,IMG_2070
fb_h1_k7_m50_d0,IMG_4090
fb_h1_k7_m50_d0,IMG_4168
fb_h1_k7_m50_d0,IMG_4117
fb_h1_k7_m50_d0,IMG_4064
fb_h1_k7_m50_d0,IMG_4220
fb_h1_k7_m50_d0,IMG_4106
fb_h1_k7_m50_d0,IMG_4105
fb_h1_k7_m50_d0,IMG_2100
fb_h1_k7_m50_d0,IMG_4157
fb_h1_k7_m50_d0,IMG_4159
fb_h1_k7_m50_d0,IMG_4201
fb_h1_k7_m50_d0,IMG_4172
fb_h1_k7_m50_d0,IMG_2095
fb_h1_k7_m50_d0,IMG_4202
fb_h1_k7_m50_d0,IMG_2121
fb_h1_k7_m50_d0,IMG_4151
fb_h1_k7_m50_d0,IMG_4086
fb_h1_k7_m50_d0,IMG_2120
fb_h1_k7_m50_d0,IMG_2079
fb_h1_k7_m50_d0,IMG_4148
fb_h1_k7_m50_d0,IMG_4075
fb_h1_k7_m50_d0,IMG_4134
fb_h1_k7_m50_d0,IMG_4192
fb_h1_k7_m50_d0,IMG_2089
fb_h1_k7_m50_d0,IMG_4182
fb_h1_k7_m50_d0,IMG_2102
fb_h1_k7_m50_d0,IMG_2104
fb_h1_k7_m50_d0,IMG_2135
fb_h1_k7_m50_d0,IMG_4183
fb_h1_k7_m50_d0,IMG_0069
fb_h1_k7_m50_d0,IMG_0211
fb_h1_k7_m50_d0,IMG_0153
fb_h1_k7_m50_d0,IMG_0192
fb_h1_k7_m50_d0,IMG_0257
fb_h1_k7_m50_d0,IMG_0080
fb_h1_k7_m50_d0,IMG_0165
fb_h1_k7_m50_d0,IMG_0102
fb_h1_k7_m50_d0,IMG_0220
fb_h1_k7_m50_d0,IMG_0111-HEIC
fb_h1_k7_m50_d0,IMG_0104-HEIC
fb_h1_k7_m50_d0,IMG_0179
fb_h1_k7_m50_d0,IMG_0238
fb_h1_k7_m50_d0,IMG_0066
fb_h1_k7_m50_d0,IMG_0173
fb_h1_k7_m50_d0,IMG_0105-HEIC
fb_h1_k7_m50_d0,IMG_0148
fb_h1_k7_m50_d0,IMG_0230
fb_h1_k7_m50_d0,IMG_0078
fb_h1_k7_m50_d0,IMG_0198
fb_h1_k7_m50_d0,IMG_0073
fb_h1_k7_m50_d0,IMG_0185
fb_h1_k7_m50_d0,IMG_0126-HEIC
fb_h1_k7_m50_d0,IMG_0077
fb_h1_k7_m50_d0,IMG_0218
fb_h1_k7_m50_d0,IMG_0263
fb_h1_k7_m50_d0,IMG_0074
fb_h1_k7_m50_d0,IMG_0142
fb_h1_k7_m50_d0,IMG_0072
fb_h1_k7_m50_d0,IMG_0089
fb_h1_k7_m50_d0,IMG_0260
fb_h1_k7_m50_d0,IMG_0175
fb_h1_k7_m50_d0,IMG_0084
fb_h1_k7_m50_d0,IMG_0090
fb_h1_k7_m50_d0,IMG_0209
fb_h1_k7_m50_d0,IMG_0091
fb_h1_k7_m50_d0,IMG_0279
fb_h1_k7_m50_d0,IMG_0106-HEIC
fb_h1_k7_m50_d0,IMG_0267
fb_h1_k7_m50_d0,IMG_0262
fb_h1_k7_m50_d0,IMG_0284
fb_h1_k7_m50_d0,IMG_0177
fb_h1_k7_m50_d0,IMG_0235
fb_h1_k7_m50_d0,IMG_0184
fb_h1_k7_m50_d0,IMG_0108-HEIC
fb_h1_k7_m50_d0,IMG_0273
fb_h1_k7_m50_d0,IMG_0095
fb_h1_k7_m50_d0,IMG_0070
fb_h1_k7_m50_d0,IMG_0187-HEIC
fb_h1_k7_m50_d0,IMG_0204
fb_h1_k7_m50_d0,IMG_2287-HEIC
fb_h1_k7_m50_d0,IMG_2339-HEIC
fb_h1_k7_m50_d0,IMG_0757-HEIC
fb_h1_k7_m50_d0,IMG_2251-HEIC
fb_h1_k7_m50_d0,IMG_2257-HEIC
fb_h1_k7_m50_d0,IMG_2294-HEIC
fb_h1_k7_m50_d0,IMG_2337-HEIC
fb_h1_k7_m50_d0,IMG_2303-HEIC
fb_h1_k7_m50_d0,IMG_2240-HEIC
fb_h1_k7_m50_d0,IMG_2289-HEIC
fb_h1_k7_m50_d0,IMG_2382-HEIC
fb_h1_k7_m50_d0,IMG_2342-HEIC
fb_h1_k7_m50_d0,IMG_2252-HEIC
fb_h1_k7_m50_d0,IMG_2254-HEIC
fb_h1_k7_m50_d0,IMG_2293-HEIC
fb_h1_k7_m50_d0,IMG_2270-HEIC
fb_h1_k7_m50_d0,IMG_2273-HEIC
fb_h1_k7_m50_d0,IMG_2286-HEIC
fb_h1_k7_m50_d0,IMG_2296-HEIC
fb_h1_k7_m50_d0,IMG_2380-HEIC
fb_h1_k7_m50_d0,IMG_0766-HEIC
fb_h1_k7_m50_d0,IMG_2332-HEIC
fb_h1_k7_m50_d0,IMG_0768-HEIC
fb_h1_k7_m50_d0,IMG_0761-HEIC
fb_h1_k7_m50_d0,IMG_2308-HEIC
fb_h1_k7_m50_d0,IMG_0754-HEIC
fb_h1_k7_m50_d0,IMG_2340-HEIC
fb_h1_k7_m50_d0,IMG_2239-HEIC
fb_h1_k7_m50_d0,IMG_0760-HEIC
fb_h1_k7_m50_d0,IMG_2258-HEIC
fb_h1_k7_m50_d0,IMG_2341-HEIC
fb_h1_k7_m50_d0,IMG_2384-HEIC
fb_h1_k7_m50_d0,IMG_2241-HEIC
fb_h1_k7_m50_d0,IMG_2338-HEIC
fb_h1_k7_m50_d0,IMG_2347-HEIC
fb_h1_k7_m50_d0,IMG_2389-HEIC
fb_h1_k7_m50_d0,IMG_0752-HEIC
fb_h1_k7_m50_d0,IMG_2295-HEIC
fb_h1_k7_m50_d0,IMG_2335-HEIC
fb_h1_k7_m50_d0,IMG_0737-HEIC
fb_h1_k7_m50_d0,IMG_2248-HEIC
fb_h1_k7_m50_d0,IMG_2307-HEIC
fb_h1_k7_m50_d0,IMG_2390-HEIC
fb_h1_k7_m50_d0,IMG_2243-HEIC
fb_h1_k7_m50_d0,IMG_2253-HEIC
fb_h1_k7_m50_d0,IMG_2288-HEIC
fb_h1_k7_m50_d0,IMG_2351-HEIC
fb_h1_k7_m50_d0,IMG_2333-HEIC
fb_h1_k7_m50_d0,IMG_2259-HEIC
fb_h1_k7_m50_d0,IMG_0772-HEIC
fb_h1_k7_m50_d0,IMG_3926
fb_h1_k7_m50_d0,IMG_3984
fb_h1_k7_m50_d0,IMG_3995
fb_h1_k7_m50_d0,IMG_2056
fb_h1_k7_m50_d0,IMG_1925
fb_h1_k7_m50_d0,IMG_2039
fb_h1_k7_m50_d0,IMG_2032
fb_h1_k7_m50_d0,IMG_3996
fb_h1_k7_m50_d0,IMG_4002
fb_h1_k7_m50_d0,IMG_1960
fb_h1_k7_m50_d0,IMG_4032
fb_h1_k7_m50_d0,IMG_1965
fb_h1_k7_m50_d0,IMG_2030
fb_h1_k7_m50_d0,IMG_2013
fb_h1_k7_m50_d0,IMG_2001
fb_h1_k7_m50_d0,IMG_3930
fb_h1_k7_m50_d0,IMG_2044
fb_h1_k7_m50_d0,IMG_1914
fb_h1_k7_m50_d0,IMG_3919
fb_h1_k7_m50_d0,IMG_1996
fb_h1_k7_m50_d0,IMG_3924
fb_h1_k7_m50_d0,IMG_1918
fb_h1_k7_m50_d0,IMG_3986
fb_h1_k7_m50_d0,IMG_4011
fb_h1_k7_m50_d0,IMG_3987
fb_h1_k7_m50_d0,IMG_4034
fb_h1_k7_m50_d0,IMG_4019
fb_h1_k7_m50_d0,IMG_4026
fb_h1_k7_m50_d0,IMG_4003
fb_h1_k7_m50_d0,IMG_1913
fb_h1_k7_m50_d0,IMG_3998
fb_h1_k7_m50_d0,IMG_3921
fb_h1_k7_m50_d0,IMG_3923
fb_h1_k7_m50_d0,IMG_3961
fb_h1_k7_m50_d0,IMG_2049
fb_h1_k7_m50_d0,IMG_2012
fb_h1_k7_m50_d0,IMG_3920
fb_h1_k7_m50_d0,IMG_2040
fb_h1_k7_m50_d0,IMG_1993
fb_h1_k7_m50_d0,IMG_1912
fb_h1_k7_m50_d0,IMG_2053
fb_h1_k7_m50_d0,IMG_3976
fb_h1_k7_m50_d0,IMG_1928
fb_h1_k7_m50_d0,IMG_2052
fb_h1_k7_m50_d0,IMG_1924
fb_h1_k7_m50_d0,IMG_2048
fb_h1_k7_m50_d0,IMG_3981
fb_h1_k7_m50_d0,IMG_3962
fb_h1_k7_m50_d0,IMG_3925
fb_h1_k7_m50_d0,IMG_1958
fb_h1_k7_m50_d0,IMG_9943
fb_h1_k7_m50_d0,IMG_9923
fb_h1_k7_m50_d0,IMG_9887
fb_h1_k7_m50_d0,IMG_9948
fb_h1_k7_m50_d0,IMG_9940
fb_h1_k7_m50_d0,IMG_9895
fb_h1_k7_m50_d0,IMG_9933
fb_h1_k7_m50_d0,IMG_9918
fb_h1_k7_m50_d0,IMG_9892
fb_h1_k7_m50_d0,IMG_9972
fb_h1_k7_m50_d0,IMG_9886
fb_h1_k7_m50_d0,IMG_9915
fb_h1_k7_m50_d0,IMG_9970
fb_h1_k7_m50_d0,IMG_9894
fb_h1_k7_m50_d0,IMG_9906
fb_h1_k7_m50_d0,IMG_9888
fb_h1_k7_m50_d0,IMG_9986
fb_h1_k7_m50_d0,IMG_9890
fb_h1_k7_m50_d0,IMG_9900
fb_h1_k7_m50_d0,IMG_9953
fb_h1_k7_m50_d0,IMG_9989
fb_h1_k7_m50_d0,IMG_9929
fb_h1_k7_m50_d0,IMG_9983
fb_h1_k7_m50_d0,IMG_9904
fb_h1_k7_m50_d0,IMG_9891
fb_h1_k7_m50_d0,IMG_9902
fb_h1_k7_m50_d0,IMG_9962
fb_h1_k7_m50_d0,IMG_9946
fb_h1_k7_m50_d0,IMG_9889
fb_h1_k7_m50_d0,IMG_9898
fb_h1_k7_m50_d0,IMG_9963
fb_h1_k7_m50_d0,IMG_9969
fb_h1_k7_m50_d0,IMG_9941
fb_h1_k7_m50_d0,IMG_9957
fb_h1_k7_m50_d0,IMG_9899
fb_h1_k7_m50_d0,IMG_9958
fb_h1_k7_m50_d0,IMG_9919
fb_h1_k7_m50_d0,IMG_9949
fb_h1_k7_m50_d0,IMG_9944
fb_h1_k7_m50_d0,IMG_9893
fb_h1_k7_m50_d0,IMG_9885
fb_h1_k7_m50_d0,IMG_9926
fb_h1_k7_m50_d0,IMG_9985
fb_h1_k7_m50_d0,IMG_9921
fb_h1_k7_m50_d0,IMG_9910
fb_h1_k7_m50_d0,IMG_9947
fb_h1_k7_m50_d0,IMG_9925
fb_h1_k7_m50_d0,IMG_9955
fb_h1_k7_m50_d0,IMG_9905
fb_h1_k7_m50_d0,IMG_9988
fb_h1_k7_m50_d0,IMG_2213-HEIC
fb_h1_k7_m50_d0,IMG_2177-HEIC
fb_h1_k7_m50_d0,IMG_2193-HEIC
fb_h1_k7_m50_d0,IMG_2195-HEIC
fb_h1_k7_m50_d0,IMG_2134-HEIC
fb_h1_k7_m50_d0,IMG_2170-HEIC
fb_h1_k7_m50_d0,IMG_2150-HEIC
fb_h1_k7_m50_d0,IMG_2185-HEIC
fb_h1_k7_m50_d0,IMG_2184-HEIC
fb_h1_k7_m50_d0,IMG_2188-HEIC
fb_h1_k7_m50_d0,IMG_2178-HEIC
fb_h1_k7_m50_d0,IMG_2204-HEIC
fb_h1_k7_m50_d0,IMG_2153-HEIC
fb_h1_k7_m50_d0,IMG_2183-HEIC
fb_h1_k7_m50_d0,IMG_2189-HEIC
fb_h1_k7_m50_d0,IMG_2203-HEIC
fb_h1_k7_m50_d0,IMG_2182-HEIC
fb_h1_k7_m50_d0,IMG_2156-HEIC
fb_h1_k7_m50_d0,IMG_2158-HEIC
fb_h1_k7_m50_d0,IMG_2208-HEIC
fb_h1_k7_m50_d0,IMG_2205-HEIC
fb_h1_k7_m50_d0,IMG_2138-HEIC
fb_h1_k7_m50_d0,IMG_2179-HEIC
fb_h1_k7_m50_d0,IMG_2191-HEIC
fb_h1_k7_m50_d0,IMG_2155-HEIC
fb_h1_k7_m50_d0,IMG_2214-HEIC
fb_h1_k7_m50_d0,IMG_2139-HEIC
fb_h1_k7_m50_d0,IMG_2154-HEIC
fb_h1_k7_m50_d0,IMG_2168-HEIC
fb_h1_k7_m50_d0,IMG_2209-HEIC
fb_h1_k7_m50_d0,IMG_2206-HEIC
fb_h1_k7_m50_d0,IMG_2199-HEIC
fb_h1_k7_m50_d0,IMG_2176-HEIC
fb_h1_k7_m50_d0,IMG_2148-HEIC
fb_h1_k7_m50_d0,IMG_2197-HEIC
fb_h1_k7_m50_d0,IMG_2212-HEIC
fb_h1_k7_m50_d0,IMG_2198-HEIC
fb_h1_k7_m50_d0,IMG_2152-HEIC
fb_h1_k7_m50_d0,IMG_2175-HEIC
fb_h1_k7_m50_d0,IMG_2211-HEIC
fb_h1_k7_m50_d0,IMG_2133-HEIC
fb_h1_k7_m50_d0,IMG_2181-HEIC
fb_h1_k7_m50_d0,IMG_2132-HEIC
fb_h1_k7_m50_d0,IMG_2216-HEIC
fb_h1_k7_m50_d0,IMG_2201-HEIC
fb_h1_k7_m50_d0,IMG_2196-HEIC
fb_h1_k7_m50_d0,IMG_2202-HEIC
fb_h1_k7_m50_d0,IMG_2190-HEIC
fb_h1_k7_m50_d0,IMG_2194-HEIC
fb_h1_k7_m50_d0,IMG_2159-HEIC
fb_h1_k7_mall_d0,IMG_9881
fb_h1_k7_mall_d0,IMG_9866
fb_h1_k7_mall_d0,IMG_0421
fb_h1_k7_mall_d0,IMG_9767
fb_h1_k7_mall_d0,IMG_0393
fb_h1_k7_mall_d0,IMG_0351
fb_h1_k7_mall_d0,IMG_0358
fb_h1_k7_mall_d0,IMG_9834
fb_h1_k7_mall_d0,IMG_0370
fb_h1_k7_mall_d0,IMG_0381
fb_h1_k7_mall_d0,IMG_9805
fb_h1_k7_mall_d0,IMG_9859
fb_h1_k7_mall_d0,IMG_9979-HEIC
fb_h1_k7_mall_d0,IMG_9985-HEIC
fb_h1_k7_mall_d0,IMG_9801
fb_h1_k7_mall_d0,IMG_9966
fb_h1_k7_mall_d0,IMG_0398
fb_h1_k7_mall_d0,IMG_9836
fb_h1_k7_mall_d0,IMG_9820
fb_h1_k7_mall_d0,IMG_9984-HEIC
fb_h1_k7_mall_d0,IMG_9947-HEIC
fb_h1_k7_mall_d0,IMG_9918-HEIC
fb_h1_k7_mall_d0,IMG_9989-HEIC
fb_h1_k7_mall_d0,IMG_0444
fb_h1_k7_mall_d0,IMG_0457
fb_h1_k7_mall_d0,IMG_9978-HEIC
fb_h1_k7_mall_d0,IMG_9907-HEIC
fb_h1_k7_mall_d0,IMG_9861-HEIC
fb_h1_k7_mall_d0,IMG_9839
fb_h1_k7_mall_d0,IMG_9955-HEIC
fb_h1_k7_mall_d0,IMG_0433
fb_h1_k7_mall_d0,IMG_0328
fb_h1_k7_mall_d0,IMG_0364
fb_h1_k7_mall_d0,IMG_9875
fb_h1_k7_mall_d0,IMG_0028
fb_h1_k7_mall_d0,IMG_0300
fb_h1_k7_mall_d0,IMG_9763
fb_h1_k7_mall_d0,IMG_0305
fb_h1_k7_mall_d0,IMG_0404
fb_h1_k7_mall_d0,IMG_9766
fb_h1_k7_mall_d0,IMG_9775
fb_h1_k7_mall_d0,IMG_0439
fb_h1_k7_mall_d0,IMG_9865
fb_h1_k7_mall_d0,IMG_9997
fb_h1_k7_mall_d0,IMG_9879
fb_h1_k7_mall_d0,IMG_9812
fb_h1_k7_mall_d0,IMG_9783-HEIC
fb_h1_k7_mall_d0,IMG_9848
fb_h1_k7_mall_d0,IMG_9971
fb_h1_k7_mall_d0,IMG_0427
fb_h1_k7_mall_d0,IMG_9806
fb_h1_k7_mall_d0,IMG_9990-HEIC
fb_h1_k7_mall_d0,IMG_9803
fb_h1_k7_mall_d0,IMG_9867
fb_h1_k7_mall_d0,IMG_9982-HEIC
fb_h1_k7_mall_d0,IMG_9811
fb_h1_k7_mall_d0,IMG_9832
fb_h1_k7_mall_d0,IMG_9773
fb_h1_k7_mall_d0,IMG_0410
fb_h1_k7_mall_d0,IMG_9870
fb_h1_k7_mall_d0,IMG_9840
fb_h1_k7_mall_d0,IMG_0311
fb_h1_k7_mall_d0,IMG_0323
fb_h1_k7_mall_d0,IMG_9869
fb_h1_k7_mall_d0,IMG_0034
fb_h1_k7_mall_d0,IMG_7016-HEIC
fb_h1_k7_mall_d0,IMG_9905-HEIC
fb_h1_k7_mall_d0,IMG_9911-HEIC
fb_h1_k7_mall_d0,IMG_9800
fb_h1_k7_mall_d0,IMG_9843
fb_h1_k7_mall_d0,IMG_9816
fb_h1_k7_mall_d0,IMG_9768
fb_h1_k7_mall_d0,IMG_9909-HEIC
fb_h1_k7_mall_d0,IMG_0051
fb_h1_k7_mall_d0,IMG_9784-HEIC
fb_h1_k7_mall_d0,IMG_9873
fb_h1_k7_mall_d0,IMG_9916-HEIC
fb_h1_k7_mall_d0,IMG_9828
fb_h1_k7_mall_d0,IMG_9809
fb_h1_k7_mall_d0,IMG_9829
fb_h1_k7_mall_d0,IMG_9813
fb_h1_k7_mall_d0,IMG_0008
fb_h1_k7_mall_d0,IMG_0291
fb_h1_k7_mall_d0,IMG_9948-HEIC
fb_h1_k7_mall_d0,IMG_9765
fb_h1_k7_mall_d0,IMG_9771
fb_h1_k7_mall_d0,IMG_0002
fb_h1_k7_mall_d0,IMG_9920-HEIC
fb_h1_k7_mall_d0,IMG_9821
fb_h1_k7_mall_d0,IMG_9838
fb_h1_k7_mall_d0,IMG_9799
fb_h1_k7_mall_d0,IMG_9770
fb_h1_k7_mall_d0,IMG_0046
fb_h1_k7_mall_d0,IMG_0416
fb_h1_k7_mall_d0,IMG_0003
fb_h1_k7_mall_d0,IMG_9823
fb_h1_k7_mall_d0,IMG_9857
fb_h1_k7_mall_d0,IMG_9826
fb_h1_k7_mall_d0,IMG_9844
fb_h1_k7_mall_d0,IMG_9825
fb_h1_k7_mall_d0,IMG_9864
fb_h1_k7_mall_d0,IMG_9769
fb_h1_k7_mall_d0,IMG_9917-HEIC
fb_h1_k7_mall_d0,IMG_9814
fb_h1_k7_mall_d0,IMG_9777
fb_h1_k7_mall_d0,IMG_9951-HEIC
fb_h1_k7_mall_d0,IMG_9774
fb_h1_k7_mall_d0,IMG_9858
fb_h1_k7_mall_d0,IMG_9764
fb_h1_k7_mall_d0,IMG_7021
fb_h1_k7_mall_d0,IMG_9822
fb_h1_k7_mall_d0,IMG_9949-HEIC
fb_h1_k7_mall_d0,IMG_9876
fb_h1_k7_mall_d0,IMG_9810
fb_h1_k7_mall_d0,IMG_9906-HEIC
fb_h1_k7_mall_d0,IMG_9854
fb_h1_k7_mall_d0,IMG_9804
fb_h1_k7_mall_d0,IMG_9874
fb_h1_k7_mall_d0,IMG_0450
fb_h1_k7_mall_d0,IMG_9827
fb_h1_k7_mall_d0,IMG_9880
fb_h1_k7_mall_d0,IMG_9964
fb_h1_k7_mall_d0,IMG_9998
fb_h1_k7_mall_d0,IMG_9779-HEIC
fb_h1_k7_mall_d0,IMG_9842
fb_h1_k7_mall_d0,IMG_0340
fb_h1_k7_mall_d0,IMG_9999
fb_h1_k7_mall_d0,IMG_0375
fb_h1_k7_mall_d0,IMG_9808
fb_h1_k7_mall_d0,IMG_9868-HEIC
fb_h1_k7_mall_d0,IMG_0346
fb_h1_k7_mall_d0,IMG_9938
fb_h1_k7_mall_d0,IMG_9818
fb_h1_k7_mall_d0,IMG_9807
fb_h1_k7_mall_d0,IMG_9915-HEIC
fb_h1_k7_mall_d0,IMG_9819
fb_h1_k7_mall_d0,IMG_9833
fb_h1_k7_mall_d0,IMG_0387
fb_h1_k7_mall_d0,IMG_0040
fb_h1_k7_mall_d0,IMG_0016
fb_h1_k7_mall_d0,IMG_9981-HEIC
fb_h1_k7_mall_d0,IMG_4213
fb_h1_k7_mall_d0,IMG_4164
fb_h1_k7_mall_d0,IMG_2132
fb_h1_k7_mall_d0,IMG_4110
fb_h1_k7_mall_d0,IMG_4150
fb_h1_k7_mall_d0,IMG_2110
fb_h1_k7_mall_d0,IMG_4181
fb_h1_k7_mall_d0,IMG_2066
fb_h1_k7_mall_d0,IMG_4091
fb_h1_k7_mall_d0,IMG_2059
fb_h1_k7_mall_d0,IMG_4191
fb_h1_k7_mall_d0,IMG_4072
fb_h1_k7_mall_d0,IMG_4156
fb_h1_k7_mall_d0,IMG_4146
fb_h1_k7_mall_d0,IMG_4071
fb_h1_k7_mall_d0,IMG_2115
fb_h1_k7_mall_d0,IMG_4113
fb_h1_k7_mall_d0,IMG_2134
fb_h1_k7_mall_d0,IMG_4095
fb_h1_k7_mall_d0,IMG_2060
fb_h1_k7_mall_d0,IMG_2070
fb_h1_k7_mall_d0,IMG_4090
fb_h1_k7_mall_d0,IMG_4168
fb_h1_k7_mall_d0,IMG_4117
fb_h1_k7_mall_d0,IMG_4064
fb_h1_k7_mall_d0,IMG_4220
fb_h1_k7_mall_d0,IMG_4106
fb_h1_k7_mall_d0,IMG_4105
fb_h1_k7_mall_d0,IMG_2100
fb_h1_k7_mall_d0,IMG_4157
fb_h1_k7_mall_d0,IMG_4159
fb_h1_k7_mall_d0,IMG_4201
fb_h1_k7_mall_d0,IMG_4172
fb_h1_k7_mall_d0,IMG_2095
fb_h1_k7_mall_d0,IMG_4202
fb_h1_k7_mall_d0,IMG_2121
fb_h1_k7_mall_d0,IMG_4151
fb_h1_k7_mall_d0,IMG_4086
fb_h1_k7_mall_d0,IMG_2120
fb_h1_k7_mall_d0,IMG_2079
fb_h1_k7_mall_d0,IMG_4148
fb_h1_k7_mall_d0,IMG_4075
fb_h1_k7_mall_d0,IMG_4134
fb_h1_k7_mall_d0,IMG_4192
fb_h1_k7_mall_d0,IMG_2089
fb_h1_k7_mall_d0,IMG_4182
fb_h1_k7_mall_d0,IMG_2102
fb_h1_k7_mall_d0,IMG_2104
fb_h1_k7_mall_d0,IMG_2135
fb_h1_k7_mall_d0,IMG_4183
fb_h1_k7_mall_d0,IMG_4115
fb_h1_k7_mall_d0,IMG_4103
fb_h1_k7_mall_d0,IMG_4147
fb_h1_k7_mall_d0,IMG_4193
fb_h1_k7_mall_d0,IMG_4089
fb_h1_k7_mall_d0,IMG_4170
fb_h1_k7_mall_d0,IMG_2107
fb_h1_k7_mall_d0,IMG_4184
fb_h1_k7_mall_d0,IMG_4096
fb_h1_k7_mall_d0,IMG_4162
fb_h1_k7_mall_d0,IMG_4065
fb_h1_k7_mall_d0,IMG_2068
fb_h1_k7_mall_d0,IMG_2071
fb_h1_k7_mall_d0,IMG_4187
fb_h1_k7_mall_d0,IMG_4200
fb_h1_k7_mall_d0,IMG_2119
fb_h1_k7_mall_d0,IMG_2076
fb_h1_k7_mall_d0,IMG_2082
fb_h1_k7_mall_d0,IMG_4161
fb_h1_k7_mall_d0,IMG_4188
fb_h1_k7_mall_d0,IMG_2083
fb_h1_k7_mall_d0,IMG_2058
fb_h1_k7_mall_d0,IMG_4144
fb_h1_k7_mall_d0,IMG_2064
fb_h1_k7_mall_d0,IMG_4120
fb_h1_k7_mall_d0,IMG_4163
fb_h1_k7_mall_d0,IMG_4098
fb_h1_k7_mall_d0,IMG_2108
fb_h1_k7_mall_d0,IMG_4186
fb_h1_k7_mall_d0,IMG_4085
fb_h1_k7_mall_d0,IMG_2078
fb_h1_k7_mall_d0,IMG_4165
fb_h1_k7_mall_d0,IMG_4114
fb_h1_k7_mall_d0,IMG_2116
fb_h1_k7_mall_d0,IMG_4112
fb_h1_k7_mall_d0,IMG_4155
fb_h1_k7_mall_d0,IMG_2130
fb_h1_k7_mall_d0,IMG_4116
fb_h1_k7_mall_d0,IMG_4153
fb_h1_k7_mall_d0,IMG_4066
fb_h1_k7_mall_d0,IMG_4169
fb_h1_k7_mall_d0,IMG_4190
fb_h1_k7_mall_d0,IMG_2062
fb_h1_k7_mall_d0,IMG_2106
fb_h1_k7_mall_d0,IMG_4194
fb_h1_k7_mall_d0,IMG_4219
fb_h1_k7_mall_d0,IMG_2069
fb_h1_k7_mall_d0,IMG_2131
fb_h1_k7_mall_d0,IMG_2122
fb_h1_k7_mall_d0,IMG_2061
fb_h1_k7_mall_d0,IMG_4104
fb_h1_k7_mall_d0,IMG_4073
fb_h1_k7_mall_d0,IMG_4145
fb_h1_k7_mall_d0,IMG_4180
fb_h1_k7_mall_d0,IMG_4262
fb_h1_k7_mall_d0,IMG_4088
fb_h1_k7_mall_d0,IMG_2067
fb_h1_k7_mall_d0,IMG_4109
fb_h1_k7_mall_d0,IMG_4154
fb_h1_k7_mall_d0,IMG_4203
fb_h1_k7_mall_d0,IMG_2084
fb_h1_k7_mall_d0,IMG_2088
fb_h1_k7_mall_d0,IMG_4178
fb_h1_k7_mall_d0,IMG_4069
fb_h1_k7_mall_d0,IMG_4111
fb_h1_k7_mall_d0,IMG_4185
fb_h1_k7_mall_d0,IMG_4067
fb_h1_k7_mall_d0,IMG_4087
fb_h1_k7_mall_d0,IMG_2063
fb_h1_k7_mall_d0,IMG_2103
fb_h1_k7_mall_d0,IMG_2101
fb_h1_k7_mall_d0,IMG_4256
fb_h1_k7_mall_d0,IMG_2105
fb_h1_k7_mall_d0,IMG_4070
fb_h1_k7_mall_d0,IMG_2085
fb_h1_k7_mall_d0,IMG_2081
fb_h1_k7_mall_d0,IMG_4149
fb_h1_k7_mall_d0,IMG_4068
fb_h1_k7_mall_d0,IMG_2109
fb_h1_k7_mall_d0,IMG_4218
fb_h1_k7_mall_d0,IMG_4176
fb_h1_k7_mall_d0,IMG_2117
fb_h1_k7_mall_d0,IMG_2080
fb_h1_k7_mall_d0,IMG_4123
fb_h1_k7_mall_d0,IMG_4143
fb_h1_k7_mall_d0,IMG_2072
fb_h1_k7_mall_d0,IMG_4174
fb_h1_k7_mall_d0,IMG_4118
fb_h1_k7_mall_d0,IMG_4179
fb_h1_k7_mall_d0,IMG_4152
fb_h1_k7_mall_d0,IMG_4189
fb_h1_k7_mall_d0,IMG_2073
fb_h1_k7_mall_d0,IMG_4221
fb_h1_k7_mall_d0,IMG_2133
fb_h1_k7_mall_d0,IMG_2074
fb_h1_k7_mall_d0,IMG_2075
fb_h1_k7_mall_d0,IMG_2077
fb_h1_k7_mall_d0,IMG_0069
fb_h1_k7_mall_d0,IMG_0211
fb_h1_k7_mall_d0,IMG_0153
fb_h1_k7_mall_d0,IMG_0192
fb_h1_k7_mall_d0,IMG_0257
fb_h1_k7_mall_d0,IMG_0080
fb_h1_k7_mall_d0,IMG_0165
fb_h1_k7_mall_d0,IMG_0102
fb_h1_k7_mall_d0,IMG_0220
fb_h1_k7_mall_d0,IMG_0111-HEIC
fb_h1_k7_mall_d0,IMG_0104-HEIC
fb_h1_k7_mall_d0,IMG_0179
fb_h1_k7_mall_d0,IMG_0238
fb_h1_k7_mall_d0,IMG_0066
fb_h1_k7_mall_d0,IMG_0173
fb_h1_k7_mall_d0,IMG_0105-HEIC
fb_h1_k7_mall_d0,IMG_0148
fb_h1_k7_mall_d0,IMG_0230
fb_h1_k7_mall_d0,IMG_0078
fb_h1_k7_mall_d0,IMG_0198
fb_h1_k7_mall_d0,IMG_0073
fb_h1_k7_mall_d0,IMG_0185
fb_h1_k7_mall_d0,IMG_0126-HEIC
fb_h1_k7_mall_d0,IMG_0077
fb_h1_k7_mall_d0,IMG_0218
fb_h1_k7_mall_d0,IMG_0263
fb_h1_k7_mall_d0,IMG_0074
fb_h1_k7_mall_d0,IMG_0142
fb_h1_k7_mall_d0,IMG_0072
fb_h1_k7_mall_d0,IMG_0089
fb_h1_k7_mall_d0,IMG_0260
fb_h1_k7_mall_d0,IMG_0175
fb_h1_k7_mall_d0,IMG_0084
fb_h1_k7_mall_d0,IMG_0090
fb_h1_k7_mall_d0,IMG_0209
fb_h1_k7_mall_d0,IMG_0091
fb_h1_k7_mall_d0,IMG_0279
fb_h1_k7_mall_d0,IMG_0106-HEIC
fb_h1_k7_mall_d0,IMG_0267
fb_h1_k7_mall_d0,IMG_0262
fb_h1_k7_mall_d0,IMG_0284
fb_h1_k7_mall_d0,IMG_0177
fb_h1_k7_mall_d0,IMG_0235
fb_h1_k7_mall_d0,IMG_0184
fb_h1_k7_mall_d0,IMG_0108-HEIC
fb_h1_k7_mall_d0,IMG_0273
fb_h1_k7_mall_d0,IMG_0095
fb_h1_k7_mall_d0,IMG_0070
fb_h1_k7_mall_d0,IMG_0187-HEIC
fb_h1_k7_mall_d0,IMG_0204
fb_h1_k7_mall_d0,IMG_0083-HEIC
fb_h1_k7_mall_d0,IMG_0210
fb_h1_k7_mall_d0,IMG_0182-HEIC
fb_h1_k7_mall_d0,IMG_0174
fb_h1_k7_mall_d0,IMG_0223
fb_h1_k7_mall_d0,IMG_0219
fb_h1_k7_mall_d0,IMG_0109-HEIC
fb_h1_k7_mall_d0,IMG_0116-HEIC
fb_h1_k7_mall_d0,IMG_0256
fb_h1_k7_mall_d0,IMG_0136
fb_h1_k7_mall_d0,IMG_0178
fb_h1_k7_mall_d0,IMG_0159
fb_h1_k7_mall_d0,IMG_2287-HEIC
fb_h1_k7_mall_d0,IMG_2339-HEIC
fb_h1_k7_mall_d0,IMG_0757-HEIC
fb_h1_k7_mall_d0,IMG_2251-HEIC
fb_h1_k7_mall_d0,IMG_2257-HEIC
fb_h1_k7_mall_d0,IMG_2294-HEIC
fb_h1_k7_mall_d0,IMG_2337-HEIC
fb_h1_k7_mall_d0,IMG_2303-HEIC
fb_h1_k7_mall_d0,IMG_2240-HEIC
fb_h1_k7_mall_d0,IMG_2289-HEIC
fb_h1_k7_mall_d0,IMG_2382-HEIC
fb_h1_k7_mall_d0,IMG_2342-HEIC
fb_h1_k7_mall_d0,IMG_2252-HEIC
fb_h1_k7_mall_d0,IMG_2254-HEIC
fb_h1_k7_mall_d0,IMG_2293-HEIC
fb_h1_k7_mall_d0,IMG_2270-HEIC
fb_h1_k7_mall_d0,IMG_2273-HEIC
fb_h1_k7_mall_d0,IMG_2286-HEIC
fb_h1_k7_mall_d0,IMG_2296-HEIC
fb_h1_k7_mall_d0,IMG_2380-HEIC
fb_h1_k7_mall_d0,IMG_0766-HEIC
fb_h1_k7_mall_d0,IMG_2332-HEIC
fb_h1_k7_mall_d0,IMG_0768-HEIC
fb_h1_k7_mall_d0,IMG_0761-HEIC
fb_h1_k7_mall_d0,IMG_2308-HEIC
fb_h1_k7_mall_d0,IMG_0754-HEIC
fb_h1_k7_mall_d0,IMG_2340-HEIC
fb_h1_k7_mall_d0,IMG_2239-HEIC
fb_h1_k7_mall_d0,IMG_0760-HEIC
fb_h1_k7_mall_d0,IMG_2258-HEIC
fb_h1_k7_mall_d0,IMG_2341-HEIC
fb_h1_k7_mall_d0,IMG_2384-HEIC
fb_h1_k7_mall_d0,IMG_2241-HEIC
fb_h1_k7_mall_d0,IMG_2338-HEIC
fb_h1_k7_mall_d0,IMG_2347-HEIC
fb_h1_k7_mall_d0,IMG_2389-HEIC
fb_h1_k7_mall_d0,IMG_0752-HEIC
fb_h1_k7_mall_d0,IMG_2295-HEIC
fb_h1_k7_mall_d0,IMG_2335-HEIC
fb_h1_k7_mall_d0,IMG_0737-HEIC
fb_h1_k7_mall_d0,IMG_2248-HEIC
fb_h1_k7_mall_d0,IMG_2307-HEIC
fb_h1_k7_mall_d0,IMG_2390-HEIC
fb_h1_k7_mall_d0,IMG_2243-HEIC
fb_h1_k7_mall_d0,IMG_2253-HEIC
fb_h1_k7_mall_d0,IMG_2288-HEIC
fb_h1_k7_mall_d0,IMG_2351-HEIC
fb_h1_k7_mall_d0,IMG_2333-HEIC
fb_h1_k7_mall_d0,IMG_2259-HEIC
fb_h1_k7_mall_d0,IMG_0772-HEIC
fb_h1_k7_mall_d0,IMG_0751-HEIC
fb_h1_k7_mall_d0,IMG_0763-HEIC
fb_h1_k7_mall_d0,IMG_2309-HEIC
fb_h1_k7_mall_d0,IMG_2306-HEIC
fb_h1_k7_mall_d0,IMG_0741-HEIC
fb_h1_k7_mall_d0,IMG_0743-HEIC
fb_h1_k7_mall_d0,IMG_2285-HEIC
fb_h1_k7_mall_d0,IMG_2255-HEIC
fb_h1_k7_mall_d0,IMG_0756-HEIC
fb_h1_k7_mall_d0,IMG_2290-HEIC
fb_h1_k7_mall_d0,IMG_2330-HEIC
fb_h1_k7_mall_d0,IMG_0740-HEIC
fb_h1_k7_mall_d0,IMG_0758-HEIC
fb_h1_k7_mall_d0,IMG_0765-HEIC
fb_h1_k7_mall_d0,IMG_2291-HEIC
fb_h1_k7_mall_d0,IMG_2345-HEIC
fb_h1_k7_mall_d0,IMG_2249-HEIC
fb_h1_k7_mall_d0,IMG_2385-HEIC
fb_h1_k7_mall_d0,IMG_0773-HEIC
fb_h1_k7_mall_d0,IMG_2242-HEIC
fb_h1_k7_mall_d0,IMG_0771-HEIC
fb_h1_k7_mall_d0,IMG_2244-HEIC
fb_h1_k7_mall_d0,IMG_2305-HEIC
fb_h1_k7_mall_d0,IMG_0767-HEIC
fb_h1_k7_mall_d0,IMG_0764-HEIC
fb_h1_k7_mall_d0,IMG_2343-HEIC
fb_h1_k7_mall_d0,IMG_2304-HEIC
fb_h1_k7_mall_d0,IMG_2311-HEIC
fb_h1_k7_mall_d0,IMG_2336-HEIC
fb_h1_k7_mall_d0,IMG_0742-HEIC
fb_h1_k7_mall_d0,IMG_2346-HEIC
fb_h1_k7_mall_d0,IMG_2274-HEIC
fb_h1_k7_mall_d0,IMG_0759-HEIC
fb_h1_k7_mall_d0,IMG_0770-HEIC
fb_h1_k7_mall_d0,IMG_2381-HEIC
fb_h1_k7_mall_d0,IMG_2302-HEIC
fb_h1_k7_mall_d0,IMG_2246-HEIC
fb_h1_k7_mall_d0,IMG_0755-HEIC
fb_h1_k7_mall_d0,IMG_2331-HEIC
fb_h1_k7_mall_d0,IMG_2383-HEIC
fb_h1_k7_mall_d0,IMG_2310-HEIC
fb_h1_k7_mall_d0,IMG_2245-HEIC
fb_h1_k7_mall_d0,IMG_2247-HEIC
fb_h1_k7_mall_d0,IMG_2386-HEIC
fb_h1_k7_mall_d0,IMG_2329-HEIC
fb_h1_k7_mall_d0,IMG_2352-HEIC
fb_h1_k7_mall_d0,IMG_2256-HEIC
fb_h1_k7_mall_d0,IMG_2391-HEIC
fb_h1_k7_mall_d0,IMG_2349-HEIC
fb_h1_k7_mall_d0,IMG_2334-HEIC
fb_h1_k7_mall_d0,IMG_0769-HEIC
fb_h1_k7_mall_d0,IMG_3926
fb_h1_k7_mall_d0,IMG_3984
fb_h1_k7_mall_d0,IMG_3995
fb_h1_k7_mall_d0,IMG_2056
fb_h1_k7_mall_d0,IMG_1925
fb_h1_k7_mall_d0,IMG_2039
fb_h1_k7_mall_d0,IMG_2032
fb_h1_k7_mall_d0,IMG_3996
fb_h1_k7_mall_d0,IMG_4002
fb_h1_k7_mall_d0,IMG_1960
fb_h1_k7_mall_d0,IMG_4032
fb_h1_k7_mall_d0,IMG_1965
fb_h1_k7_mall_d0,IMG_2030
fb_h1_k7_mall_d0,IMG_2013
fb_h1_k7_mall_d0,IMG_2001
fb_h1_k7_mall_d0,IMG_3930
fb_h1_k7_mall_d0,IMG_2044
fb_h1_k7_mall_d0,IMG_1914
fb_h1_k7_mall_d0,IMG_3919
fb_h1_k7_mall_d0,IMG_1996
fb_h1_k7_mall_d0,IMG_3924
fb_h1_k7_mall_d0,IMG_1918
fb_h1_k7_mall_d0,IMG_3986
fb_h1_k7_mall_d0,IMG_4011
fb_h1_k7_mall_d0,IMG_3987
fb_h1_k7_mall_d0,IMG_4034
fb_h1_k7_mall_d0,IMG_4019
fb_h1_k7_mall_d0,IMG_4026
fb_h1_k7_mall_d0,IMG_4003
fb_h1_k7_mall_d0,IMG_1913
fb_h1_k7_mall_d0,IMG_3998
fb_h1_k7_mall_d0,IMG_3921
fb_h1_k7_mall_d0,IMG_3923
fb_h1_k7_mall_d0,IMG_3961
fb_h1_k7_mall_d0,IMG_2049
fb_h1_k7_mall_d0,IMG_2012
fb_h1_k7_mall_d0,IMG_3920
fb_h1_k7_mall_d0,IMG_2040
fb_h1_k7_mall_d0,IMG_1993
fb_h1_k7_mall_d0,IMG_1912
fb_h1_k7_mall_d0,IMG_2053
fb_h1_k7_mall_d0,IMG_3976
fb_h1_k7_mall_d0,IMG_1928
fb_h1_k7_mall_d0,IMG_2052
fb_h1_k7_mall_d0,IMG_1924
fb_h1_k7_mall_d0,IMG_2048
fb_h1_k7_mall_d0,IMG_3981
fb_h1_k7_mall_d0,IMG_3962
fb_h1_k7_mall_d0,IMG_3925
fb_h1_k7_mall_d0,IMG_1958
fb_h1_k7_mall_d0,IMG_3999
fb_h1_k7_mall_d0,IMG_1999
fb_h1_k7_mall_d0,IMG_3975
fb_h1_k7_mall_d0,IMG_4058
fb_h1_k7_mall_d0,IMG_1916
fb_h1_k7_mall_d0,IMG_2022
fb_h1_k7_mall_d0,IMG_4012
fb_h1_k7_mall_d0,IMG_1963
fb_h1_k7_mall_d0,IMG_3977
fb_h1_k7_mall_d0,IMG_4041
fb_h1_k7_mall_d0,IMG_4014
fb_h1_k7_mall_d0,IMG_1929
fb_h1_k7_mall_d0,IMG_3997
fb_h1_k7_mall_d0,IMG_1922
fb_h1_k7_mall_d0,IMG_2019
fb_h1_k7_mall_d0,IMG_2025
fb_h1_k7_mall_d0,IMG_2055
fb_h1_k7_mall_d0,IMG_1969
fb_h1_k7_mall_d0,IMG_4033
fb_h1_k7_mall_d0,IMG_4031
fb_h1_k7_mall_d0,IMG_4047
fb_h1_k7_mall_d0,IMG_3965
fb_h1_k7_mall_d0,IMG_2043
fb_h1_k7_mall_d0,IMG_2009
fb_h1_k7_mall_d0,IMG_1908
fb_h1_k7_mall_d0,IMG_3978
fb_h1_k7_mall_d0,IMG_1962
fb_h1_k7_mall_d0,IMG_2011
fb_h1_k7_mall_d0,IMG_1961
fb_h1_k7_mall_d0,IMG_4015
fb_h1_k7_mall_d0,IMG_1971
fb_h1_k7_mall_d0,IMG_2014
fb_h1_k7_mall_d0,IMG_1970
fb_h1_k7_mall_d0,IMG_1917
fb_h1_k7_mall_d0,IMG_2046
fb_h1_k7_mall_d0,IMG_3931
fb_h1_k7_mall_d0,IMG_2051
fb_h1_k7_mall_d0,IMG_3918
fb_h1_k7_mall_d0,IMG_2024
fb_h1_k7_mall_d0,IMG_3932
fb_h1_k7_mall_d0,IMG_2057
fb_h1_k7_mall_d0,IMG_4053
fb_h1_k7_mall_d0,IMG_3993
fb_h1_k7_mall_d0,IMG_1915
fb_h1_k7_mall_d0,IMG_2042
fb_h1_k7_mall_d0,IMG_3982
fb_h1_k7_mall_d0,IMG_1966
fb_h1_k7_mall_d0,IMG_2002
fb_h1_k7_mall_d0,IMG_2023
fb_h1_k7_mall_d0,IMG_1968
fb_h1_k7_mall_d0,IMG_2054
fb_h1_k7_mall_d0,IMG_2045
fb_h1_k7_mall_d0,IMG_1909
fb_h1_k7_mall_d0,IMG_4025
fb_h1_k7_mall_d0,IMG_3963
fb_h1_k7_mall_d0,IMG_1956
fb_h1_k7_mall_d0,IMG_2018
fb_h1_k7_mall_d0,IMG_3994
fb_h1_k7_mall_d0,IMG_4029
fb_h1_k7_mall_d0,IMG_1964
fb_h1_k7_mall_d0,IMG_4020
fb_h1_k7_mall_d0,IMG_1959
fb_h1_k7_mall_d0,IMG_1997
fb_h1_k7_mall_d0,IMG_2016
fb_h1_k7_mall_d0,IMG_4001
fb_h1_k7_mall_d0,IMG_3992
fb_h1_k7_mall_d0,IMG_4024
fb_h1_k7_mall_d0,IMG_1998
fb_h1_k7_mall_d0,IMG_2047
fb_h1_k7_mall_d0,IMG_1957
fb_h1_k7_mall_d0,IMG_2015
fb_h1_k7_mall_d0,IMG_3980
fb_h1_k7_mall_d0,IMG_3983
fb_h1_k7_mall_d0,IMG_3928
fb_h1_k7_mall_d0,IMG_4005
fb_h1_k7_mall_d0,IMG_3929
fb_h1_k7_mall_d0,IMG_2010
fb_h1_k7_mall_d0,IMG_2026
fb_h1_k7_mall_d0,IMG_2038
fb_h1_k7_mall_d0,IMG_2037
fb_h1_k7_mall_d0,IMG_2031
fb_h1_k7_mall_d0,IMG_2050
fb_h1_k7_mall_d0,IMG_4013
fb_h1_k7_mall_d0,IMG_4004
fb_h1_k7_mall_d0,IMG_1923
fb_h1_k7_mall_d0,IMG_9943
fb_h1_k7_mall_d0,IMG_9923
fb_h1_k7_mall_d0,IMG_9887
fb_h1_k7_mall_d0,IMG_9948
fb_h1_k7_mall_d0,IMG_9940
fb_h1_k7_mall_d0,IMG_9895
fb_h1_k7_mall_d0,IMG_9933
fb_h1_k7_mall_d0,IMG_9918
fb_h1_k7_mall_d0,IMG_9892
fb_h1_k7_mall_d0,IMG_9972
fb_h1_k7_mall_d0,IMG_9886
fb_h1_k7_mall_d0,IMG_9915
fb_h1_k7_mall_d0,IMG_9970
fb_h1_k7_mall_d0,IMG_9894
fb_h1_k7_mall_d0,IMG_9906
fb_h1_k7_mall_d0,IMG_9888
fb_h1_k7_mall_d0,IMG_9986
fb_h1_k7_mall_d0,IMG_9890
fb_h1_k7_mall_d0,IMG_9900
fb_h1_k7_mall_d0,IMG_9953
fb_h1_k7_mall_d0,IMG_9989
fb_h1_k7_mall_d0,IMG_9929
fb_h1_k7_mall_d0,IMG_9983
fb_h1_k7_mall_d0,IMG_9904
fb_h1_k7_mall_d0,IMG_9891
fb_h1_k7_mall_d0,IMG_9902
fb_h1_k7_mall_d0,IMG_9962
fb_h1_k7_mall_d0,IMG_9946
fb_h1_k7_mall_d0,IMG_9889
fb_h1_k7_mall_d0,IMG_9898
fb_h1_k7_mall_d0,IMG_9963
fb_h1_k7_mall_d0,IMG_9969
fb_h1_k7_mall_d0,IMG_9941
fb_h1_k7_mall_d0,IMG_9957
fb_h1_k7_mall_d0,IMG_9899
fb_h1_k7_mall_d0,IMG_9958
fb_h1_k7_mall_d0,IMG_9919
fb_h1_k7_mall_d0,IMG_9949
fb_h1_k7_mall_d0,IMG_9944
fb_h1_k7_mall_d0,IMG_9893
fb_h1_k7_mall_d0,IMG_9885
fb_h1_k7_mall_d0,IMG_9926
fb_h1_k7_mall_d0,IMG_9985
fb_h1_k7_mall_d0,IMG_9921
fb_h1_k7_mall_d0,IMG_9910
fb_h1_k7_mall_d0,IMG_9947
fb_h1_k7_mall_d0,IMG_9925
fb_h1_k7_mall_d0,IMG_9955
fb_h1_k7_mall_d0,IMG_9905
fb_h1_k7_mall_d0,IMG_9988
fb_h1_k7_mall_d0,IMG_9951
fb_h1_k7_mall_d0,IMG_9914-HEIC
fb_h1_k7_mall_d0,IMG_9924
fb_h1_k7_mall_d0,IMG_9942
fb_h1_k7_mall_d0,IMG_9977
fb_h1_k7_mall_d0,IMG_9907
fb_h1_k7_mall_d0,IMG_9990
fb_h1_k7_mall_d0,IMG_9922
fb_h1_k7_mall_d0,IMG_9897
fb_h1_k7_mall_d0,IMG_9928
fb_h1_k7_mall_d0,IMG_9965
fb_h1_k7_mall_d0,IMG_9984
fb_h1_k7_mall_d0,IMG_9903
fb_h1_k7_mall_d0,IMG_9920
fb_h1_k7_mall_d0,IMG_9939
fb_h1_k7_mall_d0,IMG_9931
fb_h1_k7_mall_d0,IMG_9973
fb_h1_k7_mall_d0,IMG_9968
fb_h1_k7_mall_d0,IMG_9912-HEIC
fb_h1_k7_mall_d0,IMG_9959
fb_h1_k7_mall_d0,IMG_9987
fb_h1_k7_mall_d0,IMG_9908
fb_h1_k7_mall_d0,IMG_9896
fb_h1_k7_mall_d0,IMG_9917
fb_h1_k7_mall_d0,IMG_9960
fb_h1_k7_mall_d0,IMG_9911
fb_h1_k7_mall_d0,IMG_9961
fb_h1_k7_mall_d0,IMG_9980
fb_h1_k7_mall_d0,IMG_9916
fb_h1_k7_mall_d0,IMG_9991
fb_h1_k7_mall_d0,IMG_9927
fb_h1_k7_mall_d0,IMG_9956
fb_h1_k7_mall_d0,IMG_2213-HEIC
fb_h1_k7_mall_d0,IMG_2177-HEIC
fb_h1_k7_mall_d0,IMG_2193-HEIC
fb_h1_k7_mall_d0,IMG_2195-HEIC
fb_h1_k7_mall_d0,IMG_2134-HEIC
fb_h1_k7_mall_d0,IMG_2170-HEIC
fb_h1_k7_mall_d0,IMG_2150-HEIC
fb_h1_k7_mall_d0,IMG_2185-HEIC
fb_h1_k7_mall_d0,IMG_2184-HEIC
fb_h1_k7_mall_d0,IMG_2188-HEIC
fb_h1_k7_mall_d0,IMG_2178-HEIC
fb_h1_k7_mall_d0,IMG_2204-HEIC
fb_h1_k7_mall_d0,IMG_2153-HEIC
fb_h1_k7_mall_d0,IMG_2183-HEIC
fb_h1_k7_mall_d0,IMG_2189-HEIC
fb_h1_k7_mall_d0,IMG_2203-HEIC
fb_h1_k7_mall_d0,IMG_2182-HEIC
fb_h1_k7_mall_d0,IMG_2156-HEIC
fb_h1_k7_mall_d0,IMG_2158-HEIC
fb_h1_k7_mall_d0,IMG_2208-HEIC
fb_h1_k7_mall_d0,IMG_2205-HEIC
fb_h1_k7_mall_d0,IMG_2138-HEIC
fb_h1_k7_mall_d0,IMG_2179-HEIC
fb_h1_k7_mall_d0,IMG_2191-HEIC
fb_h1_k7_mall_d0,IMG_2155-HEIC
fb_h1_k7_mall_d0,IMG_2214-HEIC
fb_h1_k7_mall_d0,IMG_2139-HEIC
fb_h1_k7_mall_d0,IMG_2154-HEIC
fb_h1_k7_mall_d0,IMG_2168-HEIC
fb_h1_k7_mall_d0,IMG_2209-HEIC
fb_h1_k7_mall_d0,IMG_2206-HEIC
fb_h1_k7_mall_d0,IMG_2199-HEIC
fb_h1_k7_mall_d0,IMG_2176-HEIC
fb_h1_k7_mall_d0,IMG_2148-HEIC
fb_h1_k7_mall_d0,IMG_2197-HEIC
fb_h1_k7_mall_d0,IMG_2212-HEIC
fb_h1_k7_mall_d0,IMG_2198-HEIC
fb_h1_k7_mall_d0,IMG_2152-HEIC
fb_h1_k7_mall_d0,IMG_2175-HEIC
fb_h1_k7_mall_d0,IMG_2211-HEIC
fb_h1_k7_mall_d0,IMG_2133-HEIC
fb_h1_k7_mall_d0,IMG_2181-HEIC
fb_h1_k7_mall_d0,IMG_2132-HEIC
fb_h1_k7_mall_d0,IMG_2216-HEIC
fb_h1_k7_mall_d0,IMG_2201-HEIC
fb_h1_k7_mall_d0,IMG_2196-HEIC
fb_h1_k7_mall_d0,IMG_2202-HEIC
fb_h1_k7_mall_d0,IMG_2190-HEIC
fb_h1_k7_mall_d0,IMG_2194-HEIC
fb_h1_k7_mall_d0,IMG_2159-HEIC
fb_h1_k7_mall_d0,IMG_2149-HEIC
fb_h1_k7_mall_d0,IMG_2131-HEIC
fb_h1_k7_mall_d0,IMG_2174-HEIC
fb_h1_k7_mall_d0,IMG_2187-HEIC
fb_h1_k7_mall_d0,IMG_2151-HEIC
fb_h1_k7_mall_d0,IMG_2180-HEIC
fb_h1_k7_mall_d0,IMG_2169-HEIC
fb_h2_k1_m15_d0,IMG_2241-HEIC
fb_h2_k1_m15_d0,IMG_0752-HEIC
fb_h2_k1_m15_d0,IMG_2303-HEIC
fb_h2_k1_m15_d0,IMG_2305-HEIC
fb_h2_k1_m15_d0,IMG_0756-HEIC
fb_h2_k1_m15_d0,IMG_2257-HEIC
fb_h2_k1_m15_d0,IMG_2240-HEIC
fb_h2_k1_m15_d0,IMG_2332-HEIC
fb_h2_k1_m15_d0,IMG_2239-HEIC
fb_h2_k1_m15_d0,IMG_2306-HEIC
fb_h2_k1_m15_d0,IMG_2338-HEIC
fb_h2_k1_m15_d0,IMG_0737-HEIC
fb_h2_k1_m15_d0,IMG_2311-HEIC
fb_h2_k1_m15_d0,IMG_0758-HEIC
fb_h2_k1_m15_d0,IMG_2383-HEIC
fb_h2_k1_m50_d0,IMG_2241-HEIC
fb_h2_k1_m50_d0,IMG_0752-HEIC
fb_h2_k1_m50_d0,IMG_2303-HEIC
fb_h2_k1_m50_d0,IMG_2305-HEIC
fb_h2_k1_m50_d0,IMG_0756-HEIC
fb_h2_k1_m50_d0,IMG_2257-HEIC
fb_h2_k1_m50_d0,IMG_2240-HEIC
fb_h2_k1_m50_d0,IMG_2332-HEIC
fb_h2_k1_m50_d0,IMG_2239-HEIC
fb_h2_k1_m50_d0,IMG_2306-HEIC
fb_h2_k1_m50_d0,IMG_2338-HEIC
fb_h2_k1_m50_d0,IMG_0737-HEIC
fb_h2_k1_m50_d0,IMG_2311-HEIC
fb_h2_k1_m50_d0,IMG_0758-HEIC
fb_h2_k1_m50_d0,IMG_2383-HEIC
fb_h2_k1_m50_d0,IMG_2329-HEIC
fb_h2_k1_m50_d0,IMG_2251-HEIC
fb_h2_k1_m50_d0,IMG_0763-HEIC
fb_h2_k1_m50_d0,IMG_2270-HEIC
fb_h2_k1_m50_d0,IMG_2343-HEIC
fb_h2_k1_m50_d0,IMG_0773-HEIC
fb_h2_k1_m50_d0,IMG_0760-HEIC
fb_h2_k1_m50_d0,IMG_0757-HEIC
fb_h2_k1_m50_d0,IMG_0754-HEIC
fb_h2_k1_m50_d0,IMG_2341-HEIC
fb_h2_k1_m50_d0,IMG_2309-HEIC
fb_h2_k1_m50_d0,IMG_2347-HEIC
fb_h2_k1_m50_d0,IMG_0772-HEIC
fb_h2_k1_m50_d0,IMG_2330-HEIC
fb_h2_k1_m50_d0,IMG_2295-HEIC
fb_h2_k1_m50_d0,IMG_2286-HEIC
fb_h2_k1_m50_d0,IMG_2335-HEIC
fb_h2_k1_m50_d0,IMG_2249-HEIC
fb_h2_k1_m50_d0,IMG_2293-HEIC
fb_h2_k1_m50_d0,IMG_2290-HEIC
fb_h2_k1_m50_d0,IMG_0761-HEIC
fb_h2_k1_m50_d0,IMG_0766-HEIC
fb_h2_k1_m50_d0,IMG_0742-HEIC
fb_h2_k1_m50_d0,IMG_2334-HEIC
fb_h2_k1_m50_d0,IMG_2390-HEIC
fb_h2_k1_m50_d0,IMG_2248-HEIC
fb_h2_k1_m50_d0,IMG_0768-HEIC
fb_h2_k1_m50_d0,IMG_0770-HEIC
fb_h2_k1_m50_d0,IMG_2345-HEIC
fb_h2_k1_m50_d0,IMG_2340-HEIC
fb_h2_k1_m50_d0,IMG_0771-HEIC
fb_h2_k1_m50_d0,IMG_0769-HEIC
fb_h2_k1_m50_d0,IMG_2243-HEIC
fb_h2_k1_m50_d0,IMG_2352-HEIC
fb_h2_k1_m50_d0,IMG_2381-HEIC
fb_h2_k1_mall_d0,IMG_2241-HEIC
fb_h2_k1_mall_d0,IMG_0752-HEIC
fb_h2_k1_mall_d0,IMG_2303-HEIC
fb_h2_k1_mall_d0,IMG_2305-HEIC
fb_h2_k1_mall_d0,IMG_0756-HEIC
fb_h2_k1_mall_d0,IMG_2257-HEIC
fb_h2_k1_mall_d0,IMG_2240-HEIC
fb_h2_k1_mall_d0,IMG_2332-HEIC
fb_h2_k1_mall_d0,IMG_2239-HEIC
fb_h2_k1_mall_d0,IMG_2306-HEIC
fb_h2_k1_mall_d0,IMG_2338-HEIC
fb_h2_k1_mall_d0,IMG_0737-HEIC
fb_h2_k1_mall_d0,IMG_2311-HEIC
fb_h2_k1_mall_d0,IMG_0758-HEIC
fb_h2_k1_mall_d0,IMG_2383-HEIC
fb_h2_k1_mall_d0,IMG_2329-HEIC
fb_h2_k1_mall_d0,IMG_2251-HEIC
fb_h2_k1_mall_d0,IMG_0763-HEIC
fb_h2_k1_mall_d0,IMG_2270-HEIC
fb_h2_k1_mall_d0,IMG_2343-HEIC
fb_h2_k1_mall_d0,IMG_0773-HEIC
fb_h2_k1_mall_d0,IMG_0760-HEIC
fb_h2_k1_mall_d0,IMG_0757-HEIC
fb_h2_k1_mall_d0,IMG_0754-HEIC
fb_h2_k1_mall_d0,IMG_2341-HEIC
fb_h2_k1_mall_d0,IMG_2309-HEIC
fb_h2_k1_mall_d0,IMG_2347-HEIC
fb_h2_k1_mall_d0,IMG_0772-HEIC
fb_h2_k1_mall_d0,IMG_2330-HEIC
fb_h2_k1_mall_d0,IMG_2295-HEIC
fb_h2_k1_mall_d0,IMG_2286-HEIC
fb_h2_k1_mall_d0,IMG_2335-HEIC
fb_h2_k1_mall_d0,IMG_2249-HEIC
fb_h2_k1_mall_d0,IMG_2293-HEIC
fb_h2_k1_mall_d0,IMG_2290-HEIC
fb_h2_k1_mall_d0,IMG_0761-HEIC
fb_h2_k1_mall_d0,IMG_0766-HEIC
fb_h2_k1_mall_d0,IMG_0742-HEIC
fb_h2_k1_mall_d0,IMG_2334-HEIC
fb_h2_k1_mall_d0,IMG_2390-HEIC
fb_h2_k1_mall_d0,IMG_2248-HEIC
fb_h2_k1_mall_d0,IMG_0768-HEIC
fb_h2_k1_mall_d0,IMG_0770-HEIC
fb_h2_k1_mall_d0,IMG_2345-HEIC
fb_h2_k1_mall_d0,IMG_2340-HEIC
fb_h2_k1_mall_d0,IMG_0771-HEIC
fb_h2_k1_mall_d0,IMG_0769-HEIC
fb_h2_k1_mall_d0,IMG_2243-HEIC
fb_h2_k1_mall_d0,IMG_2352-HEIC
fb_h2_k1_mall_d0,IMG_2381-HEIC
fb_h2_k1_mall_d0,IMG_0764-HEIC
fb_h2_k1_mall_d0,IMG_2308-HEIC
fb_h2_k1_mall_d0,IMG_2302-HEIC
fb_h2_k1_mall_d0,IMG_2274-HEIC
fb_h2_k1_mall_d0,IMG_2307-HEIC
fb_h2_k1_mall_d0,IMG_2333-HEIC
fb_h2_k1_mall_d0,IMG_2288-HEIC
fb_h2_k1_mall_d0,IMG_2351-HEIC
fb_h2_k1_mall_d0,IMG_2310-HEIC
fb_h2_k1_mall_d0,IMG_0767-HEIC
fb_h2_k1_mall_d0,IMG_0743-HEIC
fb_h2_k1_mall_d0,IMG_2291-HEIC
fb_h2_k1_mall_d0,IMG_2382-HEIC
fb_h2_k1_mall_d0,IMG_2380-HEIC
fb_h2_k1_mall_d0,IMG_0755-HEIC
fb_h2_k1_mall_d0,IMG_2384-HEIC
fb_h2_k1_mall_d0,IMG_2349-HEIC
fb_h2_k1_mall_d0,IMG_2256-HEIC
fb_h2_k1_mall_d0,IMG_2386-HEIC
fb_h2_k1_mall_d0,IMG_2336-HEIC
fb_h2_k1_mall_d0,IMG_0759-HEIC
fb_h2_k1_mall_d0,IMG_2385-HEIC
fb_h2_k1_mall_d0,IMG_2391-HEIC
fb_h2_k1_mall_d0,IMG_2294-HEIC
fb_h2_k1_mall_d0,IMG_2346-HEIC
fb_h2_k1_mall_d0,IMG_2252-HEIC
fb_h2_k1_mall_d0,IMG_2247-HEIC
fb_h2_k1_mall_d0,IMG_2258-HEIC
fb_h2_k1_mall_d0,IMG_2287-HEIC
fb_h2_k1_mall_d0,IMG_2389-HEIC
fb_h2_k1_mall_d0,IMG_2285-HEIC
fb_h2_k1_mall_d0,IMG_2304-HEIC
fb_h2_k1_mall_d0,IMG_2245-HEIC
fb_h2_k1_mall_d0,IMG_0751-HEIC
fb_h2_k1_mall_d0,IMG_2255-HEIC
fb_h2_k1_mall_d0,IMG_2339-HEIC
fb_h2_k1_mall_d0,IMG_0740-HEIC
fb_h2_k1_mall_d0,IMG_2254-HEIC
fb_h2_k1_mall_d0,IMG_2273-HEIC
fb_h2_k1_mall_d0,IMG_0741-HEIC
fb_h2_k1_mall_d0,IMG_2331-HEIC
fb_h2_k1_mall_d0,IMG_2259-HEIC
fb_h2_k1_mall_d0,IMG_2242-HEIC
fb_h2_k1_mall_d0,IMG_2244-HEIC
fb_h2_k1_mall_d0,IMG_2296-HEIC
fb_h2_k1_mall_d0,IMG_2342-HEIC
fb_h2_k1_mall_d0,IMG_2337-HEIC
fb_h2_k1_mall_d0,IMG_2253-HEIC
fb_h2_k1_mall_d0,IMG_0765-HEIC
fb_h2_k1_mall_d0,IMG_2246-HEIC
fb_h2_k1_mall_d0,IMG_2289-HEIC
fb_h2_k1_m15_d1,IMG_2195-HEIC
fb_h2_k1_m15_d1,IMG_2174-HEIC
fb_h2_k1_m15_d1,IMG_2184-HEIC
fb_h2_k1_m15_d1,IMG_2211-HEIC
fb_h2_k1_m15_d1,IMG_2150-HEIC
fb_h2_k1_m15_d1,IMG_2180-HEIC
fb_h2_k1_m15_d1,IMG_2193-HEIC
fb_h2_k1_m15_d1,IMG_2139-HEIC
fb_h2_k1_m15_d1,IMG_2169-HEIC
fb_h2_k1_m15_d1,IMG_2190-HEIC
fb_h2_k1_m15_d1,IMG_2205-HEIC
fb_h2_k1_m15_d1,IMG_2155-HEIC
fb_h2_k1_m15_d1,IMG_2203-HEIC
fb_h2_k1_m15_d1,IMG_2188-HEIC
fb_h2_k1_m15_d1,IMG_2214-HEIC
fb_h2_k1_m50_d1,IMG_2195-HEIC
fb_h2_k1_m50_d1,IMG_2174-HEIC
fb_h2_k1_m50_d1,IMG_2184-HEIC
fb_h2_k1_m50_d1,IMG_2211-HEIC
fb_h2_k1_m50_d1,IMG_2150-HEIC
fb_h2_k1_m50_d1,IMG_2180-HEIC
fb_h2_k1_m50_d1,IMG_2193-HEIC
fb_h2_k1_m50_d1,IMG_2139-HEIC
fb_h2_k1_m50_d1,IMG_2169-HEIC
fb_h2_k1_m50_d1,IMG_2190-HEIC
fb_h2_k1_m50_d1,IMG_2205-HEIC
fb_h2_k1_m50_d1,IMG_2155-HEIC
fb_h2_k1_m50_d1,IMG_2203-HEIC
fb_h2_k1_m50_d1,IMG_2188-HEIC
fb_h2_k1_m50_d1,IMG_2214-HEIC
fb_h2_k1_m50_d1,IMG_2194-HEIC
fb_h2_k1_m50_d1,IMG_2156-HEIC
fb_h2_k1_m50_d1,IMG_2176-HEIC
fb_h2_k1_m50_d1,IMG_2148-HEIC
fb_h2_k1_m50_d1,IMG_2151-HEIC
fb_h2_k1_m50_d1,IMG_2206-HEIC
fb_h2_k1_m50_d1,IMG_2134-HEIC
fb_h2_k1_m50_d1,IMG_2209-HEIC
fb_h2_k1_m50_d1,IMG_2202-HEIC
fb_h2_k1_m50_d1,IMG_2204-HEIC
fb_h2_k1_m50_d1,IMG_2183-HEIC
fb_h2_k1_m50_d1,IMG_2170-HEIC
fb_h2_k1_m50_d1,IMG_2133-HEIC
fb_h2_k1_m50_d1,IMG_2208-HEIC
fb_h2_k1_m50_d1,IMG_2175-HEIC
fb_h2_k1_m50_d1,IMG_2131-HEIC
fb_h2_k1_m50_d1,IMG_2149-HEIC
fb_h2_k1_m50_d1,IMG_2181-HEIC
fb_h2_k1_m50_d1,IMG_2159-HEIC
fb_h2_k1_m50_d1,IMG_2191-HEIC
fb_h2_k1_m50_d1,IMG_2185-HEIC
fb_h2_k1_m50_d1,IMG_2154-HEIC
fb_h2_k1_m50_d1,IMG_2158-HEIC
fb_h2_k1_m50_d1,IMG_2189-HEIC
fb_h2_k1_m50_d1,IMG_2187-HEIC
fb_h2_k1_m50_d1,IMG_2197-HEIC
fb_h2_k1_m50_d1,IMG_2152-HEIC
fb_h2_k1_m50_d1,IMG_2132-HEIC
fb_h2_k1_m50_d1,IMG_2213-HEIC
fb_h2_k1_m50_d1,IMG_2179-HEIC
fb_h2_k1_m50_d1,IMG_2177-HEIC
fb_h2_k1_m50_d1,IMG_2182-HEIC
fb_h2_k1_m50_d1,IMG_2201-HEIC
fb_h2_k1_m50_d1,IMG_2168-HEIC
fb_h2_k1_m50_d1,IMG_2153-HEIC
fb_h2_k1_mall_d1,IMG_2195-HEIC
fb_h2_k1_mall_d1,IMG_2174-HEIC
fb_h2_k1_mall_d1,IMG_2184-HEIC
fb_h2_k1_mall_d1,IMG_2211-HEIC
fb_h2_k1_mall_d1,IMG_2150-HEIC
fb_h2_k1_mall_d1,IMG_2180-HEIC
fb_h2_k1_mall_d1,IMG_2193-HEIC
fb_h2_k1_mall_d1,IMG_2139-HEIC
fb_h2_k1_mall_d1,IMG_2169-HEIC
fb_h2_k1_mall_d1,IMG_2190-HEIC
fb_h2_k1_mall_d1,IMG_2205-HEIC
fb_h2_k1_mall_d1,IMG_2155-HEIC
fb_h2_k1_mall_d1,IMG_2203-HEIC
fb_h2_k1_mall_d1,IMG_2188-HEIC
fb_h2_k1_mall_d1,IMG_2214-HEIC
fb_h2_k1_mall_d1,IMG_2194-HEIC
fb_h2_k1_mall_d1,IMG_2156-HEIC
fb_h2_k1_mall_d1,IMG_2176-HEIC
fb_h2_k1_mall_d1,IMG_2148-HEIC
fb_h2_k1_mall_d1,IMG_2151-HEIC
fb_h2_k1_mall_d1,IMG_2206-HEIC
fb_h2_k1_mall_d1,IMG_2134-HEIC
fb_h2_k1_mall_d1,IMG_2209-HEIC
fb_h2_k1_mall_d1,IMG_2202-HEIC
fb_h2_k1_mall_d1,IMG_2204-HEIC
fb_h2_k1_mall_d1,IMG_2183-HEIC
fb_h2_k1_mall_d1,IMG_2170-HEIC
fb_h2_k1_mall_d1,IMG_2133-HEIC
fb_h2_k1_mall_d1,IMG_2208-HEIC
fb_h2_k1_mall_d1,IMG_2175-HEIC
fb_h2_k1_mall_d1,IMG_2131-HEIC
fb_h2_k1_mall_d1,IMG_2149-HEIC
fb_h2_k1_mall_d1,IMG_2181-HEIC
fb_h2_k1_mall_d1,IMG_2159-HEIC
fb_h2_k1_mall_d1,IMG_2191-HEIC
fb_h2_k1_mall_d1,IMG_2185-HEIC
fb_h2_k1_mall_d1,IMG_2154-HEIC
fb_h2_k1_mall_d1,IMG_2158-HEIC
fb_h2_k1_mall_d1,IMG_2189-HEIC
fb_h2_k1_mall_d1,IMG_2187-HEIC
fb_h2_k1_mall_d1,IMG_2197-HEIC
fb_h2_k1_mall_d1,IMG_2152-HEIC
fb_h2_k1_mall_d1,IMG_2132-HEIC
fb_h2_k1_mall_d1,IMG_2213-HEIC
fb_h2_k1_mall_d1,IMG_2179-HEIC
fb_h2_k1_mall_d1,IMG_2177-HEIC
fb_h2_k1_mall_d1,IMG_2182-HEIC
fb_h2_k1_mall_d1,IMG_2201-HEIC
fb_h2_k1_mall_d1,IMG_2168-HEIC
fb_h2_k1_mall_d1,IMG_2153-HEIC
fb_h2_k1_mall_d1,IMG_2199-HEIC
fb_h2_k1_mall_d1,IMG_2216-HEIC
fb_h2_k1_mall_d1,IMG_2212-HEIC
fb_h2_k1_mall_d1,IMG_2196-HEIC
fb_h2_k1_mall_d1,IMG_2198-HEIC
fb_h2_k1_mall_d1,IMG_2178-HEIC
fb_h2_k1_mall_d1,IMG_2138-HEIC
fb_h2_k2_m15_d0,IMG_2332-HEIC
fb_h2_k2_m15_d0,IMG_0761-HEIC
fb_h2_k2_m15_d0,IMG_2240-HEIC
fb_h2_k2_m15_d0,IMG_2248-HEIC
fb_h2_k2_m15_d0,IMG_2256-HEIC
fb_h2_k2_m15_d0,IMG_2338-HEIC
fb_h2_k2_m15_d0,IMG_2384-HEIC
fb_h2_k2_m15_d0,IMG_2341-HEIC
fb_h2_k2_m15_d0,IMG_2294-HEIC
fb_h2_k2_m15_d0,IMG_0755-HEIC
fb_h2_k2_m15_d0,IMG_2306-HEIC
fb_h2_k2_m15_d0,IMG_2334-HEIC
fb_h2_k2_m15_d0,IMG_2390-HEIC
fb_h2_k2_m15_d0,IMG_2303-HEIC
fb_h2_k2_m15_d0,IMG_2333-HEIC
fb_h2_k2_m15_d0,IMG_2168-HEIC
fb_h2_k2_m15_d0,IMG_2211-HEIC
fb_h2_k2_m15_d0,IMG_2205-HEIC
fb_h2_k2_m15_d0,IMG_2177-HEIC
fb_h2_k2_m15_d0,IMG_2202-HEIC
fb_h2_k2_m15_d0,IMG_2195-HEIC
fb_h2_k2_m15_d0,IMG_2151-HEIC
fb_h2_k2_m15_d0,IMG_2170-HEIC
fb_h2_k2_m15_d0,IMG_2150-HEIC
fb_h2_k2_m15_d0,IMG_2169-HEIC
fb_h2_k2_m15_d0,IMG_2185-HEIC
fb_h2_k2_m15_d0,IMG_2178-HEIC
fb_h2_k2_m15_d0,IMG_2196-HEIC
fb_h2_k2_m15_d0,IMG_2212-HEIC
fb_h2_k2_m15_d0,IMG_2194-HEIC
fb_h2_k2_m50_d0,IMG_2332-HEIC
fb_h2_k2_m50_d0,IMG_0761-HEIC
fb_h2_k2_m50_d0,IMG_2240-HEIC
fb_h2_k2_m50_d0,IMG_2248-HEIC
fb_h2_k2_m50_d0,IMG_2256-HEIC
fb_h2_k2_m50_d0,IMG_2338-HEIC
fb_h2_k2_m50_d0,IMG_2384-HEIC
fb_h2_k2_m50_d0,IMG_2341-HEIC
fb_h2_k2_m50_d0,IMG_2294-HEIC
fb_h2_k2_m50_d0,IMG_0755-HEIC
fb_h2_k2_m50_d0,IMG_2306-HEIC
fb_h2_k2_m50_d0,IMG_2334-HEIC
fb_h2_k2_m50_d0,IMG_2390-HEIC
fb_h2_k2_m50_d0,IMG_2303-HEIC
fb_h2_k2_m50_d0,IMG_2333-HEIC
fb_h2_k2_m50_d0,IMG_2239-HEIC
fb_h2_k2_m50_d0,IMG_0766-HEIC
fb_h2_k2_m50_d0,IMG_2385-HEIC
fb_h2_k2_m50_d0,IMG_2245-HEIC
fb_h2_k2_m50_d0,IMG_2342-HEIC
fb_h2_k2_m50_d0,IMG_0743-HEIC
fb_h2_k2_m50_d0,IMG_2335-HEIC
fb_h2_k2_m50_d0,IMG_0757-HEIC
fb_h2_k2_m50_d0,IMG_2291-HEIC
fb_h2_k2_m50_d0,IMG_2349-HEIC
fb_h2_k2_m50_d0,IMG_0764-HEIC
fb_h2_k2_m50_d0,IMG_2285-HEIC
fb_h2_k2_m50_d0,IMG_0754-HEIC
fb_h2_k2_m50_d0,IMG_2337-HEIC
fb_h2_k2_m50_d0,IMG_2381-HEIC
fb_h2_k2_m50_d0,IMG_2254-HEIC
fb_h2_k2_m50_d0,IMG_0760-HEIC
fb_h2_k2_m50_d0,IMG_2352-HEIC
fb_h2_k2_m50_d0,IMG_2243-HEIC
fb_h2_k2_m50_d0,IMG_2296-HEIC
fb_h2_k2_m50_d0,IMG_2329-HEIC
fb_h2_k2_m50_d0,IMG_2336-HEIC
fb_h2_k2_m50_d0,IMG_2380-HEIC
fb_h2_k2_m50_d0,IMG_2389-HEIC
fb_h2_k2_m50_d0,IMG_2273-HEIC
fb_h2_k2_m50_d0,IMG_2289-HEIC
fb_h2_k2_m50_d0,IMG_2304-HEIC
fb_h2_k2_m50_d0,IMG_2251-HEIC
fb_h2_k2_m50_d0,IMG_2246-HEIC
fb_h2_k2_m50_d0,IMG_0771-HEIC
fb_h2_k2_m50_d0,IMG_2311-HEIC
fb_h2_k2_m50_d0,IMG_2302-HEIC
fb_h2_k2_m50_d0,IMG_0772-HEIC
fb_h2_k2_m50_d0,IMG_2258-HEIC
fb_h2_k2_m50_d0,IMG_2252-HEIC
fb_h2_k2_m50_d0,IMG_2168-HEIC
fb_h2_k2_m50_d0,IMG_2211-HEIC
fb_h2_k2_m50_d0,IMG_2205-HEIC
fb_h2_k2_m50_d0,IMG_2177-HEIC
fb_h2_k2_m50_d0,IMG_2202-HEIC
fb_h2_k2_m50_d0,IMG_2195-HEIC
fb_h2_k2_m50_d0,IMG_2151-HEIC
fb_h2_k2_m50_d0,IMG_2170-HEIC
fb_h2_k2_m50_d0,IMG_2150-HEIC
fb_h2_k2_m50_d0,IMG_2169-HEIC
fb_h2_k2_m50_d0,IMG_2185-HEIC
fb_h2_k2_m50_d0,IMG_2178-HEIC
fb_h2_k2_m50_d0,IMG_2196-HEIC
fb_h2_k2_m50_d0,IMG_2212-HEIC
fb_h2_k2_m50_d0,IMG_2194-HEIC
fb_h2_k2_m50_d0,IMG_2183-HEIC
fb_h2_k2_m50_d0,IMG_2206-HEIC
fb_h2_k2_m50_d0,IMG_2180-HEIC
fb_h2_k2_m50_d0,IMG_2199-HEIC
fb_h2_k2_m50_d0,IMG_2184-HEIC
fb_h2_k2_m50_d0,IMG_2198-HEIC
fb_h2_k2_m50_d0,IMG_2154-HEIC
fb_h2_k2_m50_d0,IMG_2190-HEIC
fb_h2_k2_m50_d0,IMG_2176-HEIC
fb_h2_k2_m50_d0,IMG_2214-HEIC
fb_h2_k2_m50_d0,IMG_2189-HEIC
fb_h2_k2_m50_d0,IMG_2139-HEIC
fb_h2_k2_m50_d0,IMG_2187-HEIC
fb_h2_k2_m50_d0,IMG_2208-HEIC
fb_h2_k2_m50_d0,IMG_2216-HEIC
fb_h2_k2_m50_d0,IMG_2134-HEIC
fb_h2_k2_m50_d0,IMG_2201-HEIC
fb_h2_k2_m50_d0,IMG_2155-HEIC
fb_h2_k2_m50_d0,IMG_2182-HEIC
fb_h2_k2_m50_d0,IMG_2174-HEIC
fb_h2_k2_m50_d0,IMG_2131-HEIC
fb_h2_k2_m50_d0,IMG_2204-HEIC
fb_h2_k2_m50_d0,IMG_2181-HEIC
fb_h2_k2_m50_d0,IMG_2138-HEIC
fb_h2_k2_m50_d0,IMG_2159-HEIC
fb_h2_k2_m50_d0,IMG_2203-HEIC
fb_h2_k2_m50_d0,IMG_2197-HEIC
fb_h2_k2_m50_d0,IMG_2158-HEIC
fb_h2_k2_m50_d0,IMG_2175-HEIC
fb_h2_k2_m50_d0,IMG_2156-HEIC
fb_h2_k2_m50_d0,IMG_2149-HEIC
fb_h2_k2_m50_d0,IMG_2193-HEIC
fb_h2_k2_m50_d0,IMG_2133-HEIC
fb_h2_k2_m50_d0,IMG_2152-HEIC
fb_h2_k2_m50_d0,IMG_2179-HEIC
fb_h2_k2_mall_d0,IMG_2332-HEIC
fb_h2_k2_mall_d0,IMG_0761-HEIC
fb_h2_k2_mall_d0,IMG_2240-HEIC
fb_h2_k2_mall_d0,IMG_2248-HEIC
fb_h2_k2_mall_d0,IMG_2256-HEIC
fb_h2_k2_mall_d0,IMG_2338-HEIC
fb_h2_k2_mall_d0,IMG_2384-HEIC
fb_h2_k2_mall_d0,IMG_2341-HEIC
fb_h2_k2_mall_d0,IMG_2294-HEIC
fb_h2_k2_mall_d0,IMG_0755-HEIC
fb_h2_k2_mall_d0,IMG_2306-HEIC
fb_h2_k2_mall_d0,IMG_2334-HEIC
fb_h2_k2_mall_d0,IMG_2390-HEIC
fb_h2_k2_mall_d0,IMG_2303-HEIC
fb_h2_k2_mall_d0,IMG_2333-HEIC
fb_h2_k2_mall_d0,IMG_2239-HEIC
fb_h2_k2_mall_d0,IMG_0766-HEIC
fb_h2_k2_mall_d0,IMG_2385-HEIC
fb_h2_k2_mall_d0,IMG_2245-HEIC
fb_h2_k2_mall_d0,IMG_2342-HEIC
fb_h2_k2_mall_d0,IMG_0743-HEIC
fb_h2_k2_mall_d0,IMG_2335-HEIC
fb_h2_k2_mall_d0,IMG_0757-HEIC
fb_h2_k2_mall_d0,IMG_2291-HEIC
fb_h2_k2_mall_d0,IMG_2349-HEIC
fb_h2_k2_mall_d0,IMG_0764-HEIC
fb_h2_k2_mall_d0,IMG_2285-HEIC
fb_h2_k2_mall_d0,IMG_0754-HEIC
fb_h2_k2_mall_d0,IMG_2337-HEIC
fb_h2_k2_mall_d0,IMG_2381-HEIC
fb_h2_k2_mall_d0,IMG_2254-HEIC
fb_h2_k2_mall_d0,IMG_0760-HEIC
fb_h2_k2_mall_d0,IMG_2352-HEIC
fb_h2_k2_mall_d0,IMG_2243-HEIC
fb_h2_k2_mall_d0,IMG_2296-HEIC
fb_h2_k2_mall_d0,IMG_2329-HEIC
fb_h2_k2_mall_d0,IMG_2336-HEIC
fb_h2_k2_mall_d0,IMG_2380-HEIC
fb_h2_k2_mall_d0,IMG_2389-HEIC
fb_h2_k2_mall_d0,IMG_2273-HEIC
fb_h2_k2_mall_d0,IMG_2289-HEIC
fb_h2_k2_mall_d0,IMG_2304-HEIC
fb_h2_k2_mall_d0,IMG_2251-HEIC
fb_h2_k2_mall_d0,IMG_2246-HEIC
fb_h2_k2_mall_d0,IMG_0771-HEIC
fb_h2_k2_mall_d0,IMG_2311-HEIC
fb_h2_k2_mall_d0,IMG_2302-HEIC
fb_h2_k2_mall_d0,IMG_0772-HEIC
fb_h2_k2_mall_d0,IMG_2258-HEIC
fb_h2_k2_mall_d0,IMG_2252-HEIC
fb_h2_k2_mall_d0,IMG_0756-HEIC
fb_h2_k2_mall_d0,IMG_2383-HEIC
fb_h2_k2_mall_d0,IMG_2290-HEIC
fb_h2_k2_mall_d0,IMG_2242-HEIC
fb_h2_k2_mall_d0,IMG_2270-HEIC
fb_h2_k2_mall_d0,IMG_2386-HEIC
fb_h2_k2_mall_d0,IMG_0742-HEIC
fb_h2_k2_mall_d0,IMG_2249-HEIC
fb_h2_k2_mall_d0,IMG_2346-HEIC
fb_h2_k2_mall_d0,IMG_2247-HEIC
fb_h2_k2_mall_d0,IMG_2343-HEIC
fb_h2_k2_mall_d0,IMG_0768-HEIC
fb_h2_k2_mall_d0,IMG_2293-HEIC
fb_h2_k2_mall_d0,IMG_0758-HEIC
fb_h2_k2_mall_d0,IMG_2382-HEIC
fb_h2_k2_mall_d0,IMG_2331-HEIC
fb_h2_k2_mall_d0,IMG_2244-HEIC
fb_h2_k2_mall_d0,IMG_2257-HEIC
fb_h2_k2_mall_d0,IMG_0773-HEIC
fb_h2_k2_mall_d0,IMG_2308-HEIC
fb_h2_k2_mall_d0,IMG_2345-HEIC
fb_h2_k2_mall_d0,IMG_0767-HEIC
fb_h2_k2_mall_d0,IMG_2274-HEIC
fb_h2_k2_mall_d0,IMG_2295-HEIC
fb_h2_k2_mall_d0,IMG_2307-HEIC
fb_h2_k2_mall_d0,IMG_2347-HEIC
fb_h2_k2_mall_d0,IMG_0737-HEIC
fb_h2_k2_mall_d0,IMG_0759-HEIC
fb_h2_k2_mall_d0,IMG_2253-HEIC
fb_h2_k2_mall_d0,IMG_0769-HEIC
fb_h2_k2_mall_d0,IMG_2288-HEIC
fb_h2_k2_mall_d0,IMG_2287-HEIC
fb_h2_k2_mall_d0,IMG_2391-HEIC
fb_h2_k2_mall_d0,IMG_0740-HEIC
fb_h2_k2_mall_d0,IMG_0751-HEIC
fb_h2_k2_mall_d0,IMG_2310-HEIC
fb_h2_k2_mall_d0,IMG_0763-HEIC
fb_h2_k2_mall_d0,IMG_2351-HEIC
fb_h2_k2_mall_d0,IMG_0765-HEIC
fb_h2_k2_mall_d0,IMG_0770-HEIC
fb_h2_k2_mall_d0,IMG_0752-HEIC
fb_h2_k2_mall_d0,IMG_2340-HEIC
fb_h2_k2_mall_d0,IMG_0741-HEIC
fb_h2_k2_mall_d0,IMG_2286-HEIC
fb_h2_k2_mall_d0,IMG_2339-HEIC
fb_h2_k2_mall_d0,IMG_2241-HEIC
fb_h2_k2_mall_d0,IMG_2305-HEIC
fb_h2_k2_mall_d0,IMG_2330-HEIC
fb_h2_k2_mall_d0,IMG_2259-HEIC
fb_h2_k2_mall_d0,IMG_2255-HEIC
fb_h2_k2_mall_d0,IMG_2309-HEIC
fb_h2_k2_mall_d0,IMG_2168-HEIC
fb_h2_k2_mall_d0,IMG_2211-HEIC
fb_h2_k2_mall_d0,IMG_2205-HEIC
fb_h2_k2_mall_d0,IMG_2177-HEIC
fb_h2_k2_mall_d0,IMG_2202-HEIC
fb_h2_k2_mall_d0,IMG_2195-HEIC
fb_h2_k2_mall_d0,IMG_2151-HEIC
fb_h2_k2_mall_d0,IMG_2170-HEIC
fb_h2_k2_mall_d0,IMG_2150-HEIC
fb_h2_k2_mall_d0,IMG_2169-HEIC
fb_h2_k2_mall_d0,IMG_2185-HEIC
fb_h2_k2_mall_d0,IMG_2178-HEIC
fb_h2_k2_mall_d0,IMG_2196-HEIC
fb_h2_k2_mall_d0,IMG_2212-HEIC
fb_h2_k2_mall_d0,IMG_2194-HEIC
fb_h2_k2_mall_d0,IMG_2183-HEIC
fb_h2_k2_mall_d0,IMG_2206-HEIC
fb_h2_k2_mall_d0,IMG_2180-HEIC
fb_h2_k2_mall_d0,IMG_2199-HEIC
fb_h2_k2_mall_d0,IMG_2184-HEIC
fb_h2_k2_mall_d0,IMG_2198-HEIC
fb_h2_k2_mall_d0,IMG_2154-HEIC
fb_h2_k2_mall_d0,IMG_2190-HEIC
fb_h2_k2_mall_d0,IMG_2176-HEIC
fb_h2_k2_mall_d0,IMG_2214-HEIC
fb_h2_k2_mall_d0,IMG_2189-HEIC
fb_h2_k2_mall_d0,IMG_2139-HEIC
fb_h2_k2_mall_d0,IMG_2187-HEIC
fb_h2_k2_mall_d0,IMG_2208-HEIC
fb_h2_k2_mall_d0,IMG_2216-HEIC
fb_h2_k2_mall_d0,IMG_2134-HEIC
fb_h2_k2_mall_d0,IMG_2201-HEIC
fb_h2_k2_mall_d0,IMG_2155-HEIC
fb_h2_k2_mall_d0,IMG_2182-HEIC
fb_h2_k2_mall_d0,IMG_2174-HEIC
fb_h2_k2_mall_d0,IMG_2131-HEIC
fb_h2_k2_mall_d0,IMG_2204-HEIC
fb_h2_k2_mall_d0,IMG_2181-HEIC
fb_h2_k2_mall_d0,IMG_2138-HEIC
fb_h2_k2_mall_d0,IMG_2159-HEIC
fb_h2_k2_mall_d0,IMG_2203-HEIC
fb_h2_k2_mall_d0,IMG_2197-HEIC
fb_h2_k2_mall_d0,IMG_2158-HEIC
fb_h2_k2_mall_d0,IMG_2175-HEIC
fb_h2_k2_mall_d0,IMG_2156-HEIC
fb_h2_k2_mall_d0,IMG_2149-HEIC
fb_h2_k2_mall_d0,IMG_2193-HEIC
fb_h2_k2_mall_d0,IMG_2133-HEIC
fb_h2_k2_mall_d0,IMG_2152-HEIC
fb_h2_k2_mall_d0,IMG_2179-HEIC
fb_h2_k2_mall_d0,IMG_2188-HEIC
fb_h2_k2_mall_d0,IMG_2209-HEIC
fb_h2_k2_mall_d0,IMG_2132-HEIC
fb_h2_k2_mall_d0,IMG_2191-HEIC
fb_h2_k2_mall_d0,IMG_2213-HEIC
fb_h2_k2_mall_d0,IMG_2153-HEIC
fb_h2_k2_mall_d0,IMG_2148-HEIC
fb_h2_k2_m15_d1,IMG_0235
fb_h2_k2_m15_d1,IMG_0174
fb_h2_k2_m15_d1,IMG_0074
fb_h2_k2_m15_d1,IMG_0185
fb_h2_k2_m15_d1,IMG_0230
fb_h2_k2_m15_d1,IMG_0091
fb_h2_k2_m15_d1,IMG_0182-HEIC
fb_h2_k2_m15_d1,IMG_0209
fb_h2_k2_m15_d1,IMG_0263
fb_h2_k2_m15_d1,IMG_0218
fb_h2_k2_m15_d1,IMG_0260
fb_h2_k2_m15_d1,IMG_0070
fb_h2_k2_m15_d1,IMG_0159
fb_h2_k2_m15_d1,IMG_0080
fb_h2_k2_m15_d1,IMG_0109-HEIC
fb_h2_k2_m15_d1,IMG_2247-HEIC
fb_h2_k2_m15_d1,IMG_0752-HEIC
fb_h2_k2_m15_d1,IMG_2289-HEIC
fb_h2_k2_m15_d1,IMG_0765-HEIC
fb_h2_k2_m15_d1,IMG_2329-HEIC
fb_h2_k2_m15_d1,IMG_0737-HEIC
fb_h2_k2_m15_d1,IMG_2342-HEIC
fb_h2_k2_m15_d1,IMG_2341-HEIC
fb_h2_k2_m15_d1,IMG_2295-HEIC
fb_h2_k2_m15_d1,IMG_2333-HEIC
fb_h2_k2_m15_d1,IMG_2391-HEIC
fb_h2_k2_m15_d1,IMG_2343-HEIC
fb_h2_k2_m15_d1,IMG_2253-HEIC
fb_h2_k2_m15_d1,IMG_2310-HEIC
fb_h2_k2_m15_d1,IMG_2242-HEIC
fb_h2_k2_m50_d1,IMG_0235
fb_h2_k2_m50_d1,IMG_0174
fb_h2_k2_m50_d1,IMG_0074
fb_h2_k2_m50_d1,IMG_0185
fb_h2_k2_m50_d1,IMG_0230
fb_h2_k2_m50_d1,IMG_0091
fb_h2_k2_m50_d1,IMG_0182-HEIC
fb_h2_k2_m50_d1,IMG_0209
fb_h2_k2_m50_d1,IMG_0263
fb_h2_k2_m50_d1,IMG_0218
fb_h2_k2_m50_d1,IMG_0260
fb_h2_k2_m50_d1,IMG_0070
fb_h2_k2_m50_d1,IMG_0159
fb_h2_k2_m50_d1,IMG_0080
fb_h2_k2_m50_d1,IMG_0109-HEIC
fb_h2_k2_m50_d1,IMG_0211
fb_h2_k2_m50_d1,IMG_0165
fb_h2_k2_m50_d1,IMG_0273
fb_h2_k2_m50_d1,IMG_0187-HEIC
fb_h2_k2_m50_d1,IMG_0136
fb_h2_k2_m50_d1,IMG_0106-HEIC
fb_h2_k2_m50_d1,IMG_0077
fb_h2_k2_m50_d1,IMG_0198
fb_h2_k2_m50_d1,IMG_0204
fb_h2_k2_m50_d1,IMG_0177
fb_h2_k2_m50_d1,IMG_0095
fb_h2_k2_m50_d1,IMG_0111-HEIC
fb_h2_k2_m50_d1,IMG_0078
fb_h2_k2_m50_d1,IMG_0219
fb_h2_k2_m50_d1,IMG_0102
fb_h2_k2_m50_d1,IMG_0116-HEIC
fb_h2_k2_m50_d1,IMG_0083-HEIC
fb_h2_k2_m50_d1,IMG_0066
fb_h2_k2_m50_d1,IMG_0069
fb_h2_k2_m50_d1,IMG_0267
fb_h2_k2_m50_d1,IMG_0178
fb_h2_k2_m50_d1,IMG_0262
fb_h2_k2_m50_d1,IMG_0173
fb_h2_k2_m50_d1,IMG_0108-HEIC
fb_h2_k2_m50_d1,IMG_0256
fb_h2_k2_m50_d1,IMG_0126-HEIC
fb_h2_k2_m50_d1,IMG_0090
fb_h2_k2_m50_d1,IMG_0279
fb_h2_k2_m50_d1,IMG_0148
fb_h2_k2_m50_d1,IMG_0184
fb_h2_k2_m50_d1,IMG_0257
fb_h2_k2_m50_d1,IMG_0192
fb_h2_k2_m50_d1,IMG_0153
fb_h2_k2_m50_d1,IMG_0073
fb_h2_k2_m50_d1,IMG_0072
fb_h2_k2_m50_d1,IMG_2247-HEIC
fb_h2_k2_m50_d1,IMG_0752-HEIC
fb_h2_k2_m50_d1,IMG_2289-HEIC
fb_h2_k2_m50_d1,IMG_0765-HEIC
fb_h2_k2_m50_d1,IMG_2329-HEIC
fb_h2_k2_m50_d1,IMG_0737-HEIC
fb_h2_k2_m50_d1,IMG_2342-HEIC
fb_h2_k2_m50_d1,IMG_2341-HEIC
fb_h2_k2_m50_d1,IMG_2295-HEIC
fb_h2_k2_m50_d1,IMG_2333-HEIC
fb_h2_k2_m50_d1,IMG_2391-HEIC
fb_h2_k2_m50_d1,IMG_2343-HEIC
fb_h2_k2_m50_d1,IMG_2253-HEIC
fb_h2_k2_m50_d1,IMG_2310-HEIC
fb_h2_k2_m50_d1,IMG_2242-HEIC
fb_h2_k2_m50_d1,IMG_2239-HEIC
fb_h2_k2_m50_d1,IMG_2330-HEIC
fb_h2_k2_m50_d1,IMG_2288-HEIC
fb_h2_k2_m50_d1,IMG_2331-HEIC
fb_h2_k2_m50_d1,IMG_2246-HEIC
fb_h2_k2_m50_d1,IMG_2287-HEIC
fb_h2_k2_m50_d1,IMG_0758-HEIC
fb_h2_k2_m50_d1,IMG_0759-HEIC
fb_h2_k2_m50_d1,IMG_2346-HEIC
fb_h2_k2_m50_d1,IMG_2351-HEIC
fb_h2_k2_m50_d1,IMG_0751-HEIC
fb_h2_k2_m50_d1,IMG_2347-HEIC
fb_h2_k2_m50_d1,IMG_2241-HEIC
fb_h2_k2_m50_d1,IMG_2257-HEIC
fb_h2_k2_m50_d1,IMG_2293-HEIC
fb_h2_k2_m50_d1,IMG_0761-HEIC
fb_h2_k2_m50_d1,IMG_2336-HEIC
fb_h2_k2_m50_d1,IMG_2340-HEIC
fb_h2_k2_m50_d1,IMG_0764-HEIC
fb_h2_k2_m50_d1,IMG_2349-HEIC
fb_h2_k2_m50_d1,IMG_2334-HEIC
fb_h2_k2_m50_d1,IMG_2243-HEIC
fb_h2_k2_m50_d1,IMG_2249-HEIC
fb_h2_k2_m50_d1,IMG_2273-HEIC
fb_h2_k2_m50_d1,IMG_0742-HEIC
fb_h2_k2_m50_d1,IMG_2308-HEIC
fb_h2_k2_m50_d1,IMG_0773-HEIC
fb_h2_k2_m50_d1,IMG_0766-HEIC
fb_h2_k2_m50_d1,IMG_2307-HEIC
fb_h2_k2_m50_d1,IMG_0772-HEIC
fb_h2_k2_m50_d1,IMG_2248-HEIC
fb_h2_k2_m50_d1,IMG_2338-HEIC
fb_h2_k2_m50_d1,IMG_2335-HEIC
fb_h2_k2_m50_d1,IMG_0769-HEIC
fb_h2_k2_m50_d1,IMG_2244-HEIC
fb_h2_k2_mall_d1,IMG_0235
fb_h2_k2_mall_d1,IMG_0174
fb_h2_k2_mall_d1,IMG_0074
fb_h2_k2_mall_d1,IMG_0185
fb_h2_k2_mall_d1,IMG_0230
fb_h2_k2_mall_d1,IMG_0091
fb_h2_k2_mall_d1,IMG_0182-HEIC
fb_h2_k2_mall_d1,IMG_0209
fb_h2_k2_mall_d1,IMG_0263
fb_h2_k2_mall_d1,IMG_0218
fb_h2_k2_mall_d1,IMG_0260
fb_h2_k2_mall_d1,IMG_0070
fb_h2_k2_mall_d1,IMG_0159
fb_h2_k2_mall_d1,IMG_0080
fb_h2_k2_mall_d1,IMG_0109-HEIC
fb_h2_k2_mall_d1,IMG_0211
fb_h2_k2_mall_d1,IMG_0165
fb_h2_k2_mall_d1,IMG_0273
fb_h2_k2_mall_d1,IMG_0187-HEIC
fb_h2_k2_mall_d1,IMG_0136
fb_h2_k2_mall_d1,IMG_0106-HEIC
fb_h2_k2_mall_d1,IMG_0077
fb_h2_k2_mall_d1,IMG_0198
fb_h2_k2_mall_d1,IMG_0204
fb_h2_k2_mall_d1,IMG_0177
fb_h2_k2_mall_d1,IMG_0095
fb_h2_k2_mall_d1,IMG_0111-HEIC
fb_h2_k2_mall_d1,IMG_0078
fb_h2_k2_mall_d1,IMG_0219
fb_h2_k2_mall_d1,IMG_0102
fb_h2_k2_mall_d1,IMG_0116-HEIC
fb_h2_k2_mall_d1,IMG_0083-HEIC
fb_h2_k2_mall_d1,IMG_0066
fb_h2_k2_mall_d1,IMG_0069
fb_h2_k2_mall_d1,IMG_0267
fb_h2_k2_mall_d1,IMG_0178
fb_h2_k2_mall_d1,IMG_0262
fb_h2_k2_mall_d1,IMG_0173
fb_h2_k2_mall_d1,IMG_0108-HEIC
fb_h2_k2_mall_d1,IMG_0256
fb_h2_k2_mall_d1,IMG_0126-HEIC
fb_h2_k2_mall_d1,IMG_0090
fb_h2_k2_mall_d1,IMG_0279
fb_h2_k2_mall_d1,IMG_0148
fb_h2_k2_mall_d1,IMG_0184
fb_h2_k2_mall_d1,IMG_0257
fb_h2_k2_mall_d1,IMG_0192
fb_h2_k2_mall_d1,IMG_0153
fb_h2_k2_mall_d1,IMG_0073
fb_h2_k2_mall_d1,IMG_0072
fb_h2_k2_mall_d1,IMG_0104-HEIC
fb_h2_k2_mall_d1,IMG_0220
fb_h2_k2_mall_d1,IMG_0089
fb_h2_k2_mall_d1,IMG_0284
fb_h2_k2_mall_d1,IMG_0210
fb_h2_k2_mall_d1,IMG_0179
fb_h2_k2_mall_d1,IMG_0175
fb_h2_k2_mall_d1,IMG_0105-HEIC
fb_h2_k2_mall_d1,IMG_0238
fb_h2_k2_mall_d1,IMG_0142
fb_h2_k2_mall_d1,IMG_0223
fb_h2_k2_mall_d1,IMG_0084
fb_h2_k2_mall_d1,IMG_2247-HEIC
fb_h2_k2_mall_d1,IMG_0752-HEIC
fb_h2_k2_mall_d1,IMG_2289-HEIC
fb_h2_k2_mall_d1,IMG_0765-HEIC
fb_h2_k2_mall_d1,IMG_2329-HEIC
fb_h2_k2_mall_d1,IMG_0737-HEIC
fb_h2_k2_mall_d1,IMG_2342-HEIC
fb_h2_k2_mall_d1,IMG_2341-HEIC
fb_h2_k2_mall_d1,IMG_2295-HEIC
fb_h2_k2_mall_d1,IMG_2333-HEIC
fb_h2_k2_mall_d1,IMG_2391-HEIC
fb_h2_k2_mall_d1,IMG_2343-HEIC
fb_h2_k2_mall_d1,IMG_2253-HEIC
fb_h2_k2_mall_d1,IMG_2310-HEIC
fb_h2_k2_mall_d1,IMG_2242-HEIC
fb_h2_k2_mall_d1,IMG_2239-HEIC
fb_h2_k2_mall_d1,IMG_2330-HEIC
fb_h2_k2_mall_d1,IMG_2288-HEIC
fb_h2_k2_mall_d1,IMG_2331-HEIC
fb_h2_k2_mall_d1,IMG_2246-HEIC
fb_h2_k2_mall_d1,IMG_2287-HEIC
fb_h2_k2_mall_d1,IMG_0758-HEIC
fb_h2_k2_mall_d1,IMG_0759-HEIC
fb_h2_k2_mall_d1,IMG_2346-HEIC
fb_h2_k2_mall_d1,IMG_2351-HEIC
fb_h2_k2_mall_d1,IMG_0751-HEIC
fb_h2_k2_mall_d1,IMG_2347-HEIC
fb_h2_k2_mall_d1,IMG_2241-HEIC
fb_h2_k2_mall_d1,IMG_2257-HEIC
fb_h2_k2_mall_d1,IMG_2293-HEIC
fb_h2_k2_mall_d1,IMG_0761-HEIC
fb_h2_k2_mall_d1,IMG_2336-HEIC
fb_h2_k2_mall_d1,IMG_2340-HEIC
fb_h2_k2_mall_d1,IMG_0764-HEIC
fb_h2_k2_mall_d1,IMG_2349-HEIC
fb_h2_k2_mall_d1,IMG_2334-HEIC
fb_h2_k2_mall_d1,IMG_2243-HEIC
fb_h2_k2_mall_d1,IMG_2249-HEIC
fb_h2_k2_mall_d1,IMG_2273-HEIC
fb_h2_k2_mall_d1,IMG_0742-HEIC
fb_h2_k2_mall_d1,IMG_2308-HEIC
fb_h2_k2_mall_d1,IMG_0773-HEIC
fb_h2_k2_mall_d1,IMG_0766-HEIC
fb_h2_k2_mall_d1,IMG_2307-HEIC
fb_h2_k2_mall_d1,IMG_0772-HEIC
fb_h2_k2_mall_d1,IMG_2248-HEIC
fb_h2_k2_mall_d1,IMG_2338-HEIC
fb_h2_k2_mall_d1,IMG_2335-HEIC
fb_h2_k2_mall_d1,IMG_0769-HEIC
fb_h2_k2_mall_d1,IMG_2244-HEIC
fb_h2_k2_mall_d1,IMG_2306-HEIC
fb_h2_k2_mall_d1,IMG_2345-HEIC
fb_h2_k2_mall_d1,IMG_2303-HEIC
fb_h2_k2_mall_d1,IMG_2311-HEIC
fb_h2_k2_mall_d1,IMG_2255-HEIC
fb_h2_k2_mall_d1,IMG_2384-HEIC
fb_h2_k2_mall_d1,IMG_2390-HEIC
fb_h2_k2_mall_d1,IMG_2245-HEIC
fb_h2_k2_mall_d1,IMG_2389-HEIC
fb_h2_k2_mall_d1,IMG_2294-HEIC
fb_h2_k2_mall_d1,IMG_2285-HEIC
fb_h2_k2_mall_d1,IMG_0770-HEIC
fb_h2_k2_mall_d1,IMG_0768-HEIC
fb_h2_k2_mall_d1,IMG_0755-HEIC
fb_h2_k2_mall_d1,IMG_2352-HEIC
fb_h2_k2_mall_d1,IMG_0767-HEIC
fb_h2_k2_mall_d1,IMG_2258-HEIC
fb_h2_k2_mall_d1,IMG_2252-HEIC
fb_h2_k2_mall_d1,IMG_0763-HEIC
fb_h2_k2_mall_d1,IMG_2291-HEIC
fb_h2_k2_mall_d1,IMG_2251-HEIC
fb_h2_k2_mall_d1,IMG_2382-HEIC
fb_h2_k2_mall_d1,IMG_0771-HEIC
fb_h2_k2_mall_d1,IMG_2332-HEIC
fb_h2_k2_mall_d1,IMG_0760-HEIC
fb_h2_k2_mall_d1,IMG_2383-HEIC
fb_h2_k2_mall_d1,IMG_2304-HEIC
fb_h2_k2_mall_d1,IMG_2305-HEIC
fb_h2_k2_mall_d1,IMG_0740-HEIC
fb_h2_k2_mall_d1,IMG_2309-HEIC
fb_h2_k2_mall_d1,IMG_2339-HEIC
fb_h2_k2_mall_d1,IMG_2386-HEIC
fb_h2_k2_mall_d1,IMG_2381-HEIC
fb_h2_k2_mall_d1,IMG_2296-HEIC
fb_h2_k2_mall_d1,IMG_2385-HEIC
fb_h2_k2_mall_d1,IMG_2380-HEIC
fb_h2_k2_mall_d1,IMG_2274-HEIC
fb_h2_k2_mall_d1,IMG_2256-HEIC
fb_h2_k2_mall_d1,IMG_2270-HEIC
fb_h2_k2_mall_d1,IMG_2337-HEIC
fb_h2_k2_mall_d1,IMG_0756-HEIC
fb_h2_k2_mall_d1,IMG_2240-HEIC
fb_h2_k2_mall_d1,IMG_2302-HEIC
fb_h2_k2_mall_d1,IMG_2259-HEIC
fb_h2_k2_mall_d1,IMG_2286-HEIC
fb_h2_k2_mall_d1,IMG_0743-HEIC
fb_h2_k2_mall_d1,IMG_0757-HEIC
fb_h2_k2_mall_d1,IMG_0754-HEIC
fb_h2_k2_mall_d1,IMG_2254-HEIC
fb_h2_k2_mall_d1,IMG_2290-HEIC
fb_h2_k2_mall_d1,IMG_0741-HEIC
fb_h2_k4_m15_d0,IMG_9768
fb_h2_k4_m15_d0,IMG_9832
fb_h2_k4_m15_d0,IMG_0398
fb_h2_k4_m15_d0,IMG_0291
fb_h2_k4_m15_d0,IMG_0046
fb_h2_k4_m15_d0,IMG_9805
fb_h2_k4_m15_d0,IMG_0393
fb_h2_k4_m15_d0,IMG_9783-HEIC
fb_h2_k4_m15_d0,IMG_9816
fb_h2_k4_m15_d0,IMG_0381
fb_h2_k4_m15_d0,IMG_0404
fb_h2_k4_m15_d0,IMG_9955-HEIC
fb_h2_k4_m15_d0,IMG_7016-HEIC
fb_h2_k4_m15_d0,IMG_9909-HEIC
fb_h2_k4_m15_d0,IMG_0387
fb_h2_k4_m15_d0,IMG_0104-HEIC
fb_h2_k4_m15_d0,IMG_0179
fb_h2_k4_m15_d0,IMG_0142
fb_h2_k4_m15_d0,IMG_0126-HEIC
fb_h2_k4_m15_d0,IMG_0187-HEIC
fb_h2_k4_m15_d0,IMG_0175
fb_h2_k4_m15_d0,IMG_0262
fb_h2_k4_m15_d0,IMG_0106-HEIC
fb_h2_k4_m15_d0,IMG_0084
fb_h2_k4_m15_d0,IMG_0204
fb_h2_k4_m15_d0,IMG_0105-HEIC
fb_h2_k4_m15_d0,IMG_0185
fb_h2_k4_m15_d0,IMG_0209
fb_h2_k4_m15_d0,IMG_0102
fb_h2_k4_m15_d0,IMG_0078
fb_h2_k4_m15_d0,IMG_9920
fb_h2_k4_m15_d0,IMG_9903
fb_h2_k4_m15_d0,IMG_9939
fb_h2_k4_m15_d0,IMG_9968
fb_h2_k4_m15_d0,IMG_9910
fb_h2_k4_m15_d0,IMG_9904
fb_h2_k4_m15_d0,IMG_9969
fb_h2_k4_m15_d0,IMG_9907
fb_h2_k4_m15_d0,IMG_9972
fb_h2_k4_m15_d0,IMG_9989
fb_h2_k4_m15_d0,IMG_9921
fb_h2_k4_m15_d0,IMG_9902
fb_h2_k4_m15_d0,IMG_9928
fb_h2_k4_m15_d0,IMG_9896
fb_h2_k4_m15_d0,IMG_9891
fb_h2_k4_m15_d0,IMG_2204-HEIC
fb_h2_k4_m15_d0,IMG_2148-HEIC
fb_h2_k4_m15_d0,IMG_2156-HEIC
fb_h2_k4_m15_d0,IMG_2216-HEIC
fb_h2_k4_m15_d0,IMG_2153-HEIC
fb_h2_k4_m15_d0,IMG_2149-HEIC
fb_h2_k4_m15_d0,IMG_2195-HEIC
fb_h2_k4_m15_d0,IMG_2206-HEIC
fb_h2_k4_m15_d0,IMG_2175-HEIC
fb_h2_k4_m15_d0,IMG_2180-HEIC
fb_h2_k4_m15_d0,IMG_2187-HEIC
fb_h2_k4_m15_d0,IMG_2199-HEIC
fb_h2_k4_m15_d0,IMG_2211-HEIC
fb_h2_k4_m15_d0,IMG_2168-HEIC
fb_h2_k4_m15_d0,IMG_2190-HEIC
fb_h2_k4_m50_d0,IMG_9768
fb_h2_k4_m50_d0,IMG_9832
fb_h2_k4_m50_d0,IMG_0398
fb_h2_k4_m50_d0,IMG_0291
fb_h2_k4_m50_d0,IMG_0046
fb_h2_k4_m50_d0,IMG_9805
fb_h2_k4_m50_d0,IMG_0393
fb_h2_k4_m50_d0,IMG_9783-HEIC
fb_h2_k4_m50_d0,IMG_9816
fb_h2_k4_m50_d0,IMG_0381
fb_h2_k4_m50_d0,IMG_0404
fb_h2_k4_m50_d0,IMG_9955-HEIC
fb_h2_k4_m50_d0,IMG_7016-HEIC
fb_h2_k4_m50_d0,IMG_9909-HEIC
fb_h2_k4_m50_d0,IMG_0387
fb_h2_k4_m50_d0,IMG_9858
fb_h2_k4_m50_d0,IMG_9769
fb_h2_k4_m50_d0,IMG_9818
fb_h2_k4_m50_d0,IMG_9819
fb_h2_k4_m50_d0,IMG_9879
fb_h2_k4_m50_d0,IMG_9843
fb_h2_k4_m50_d0,IMG_0028
fb_h2_k4_m50_d0,IMG_9764
fb_h2_k4_m50_d0,IMG_9868-HEIC
fb_h2_k4_m50_d0,IMG_9771
fb_h2_k4_m50_d0,IMG_7021
fb_h2_k4_m50_d0,IMG_9854
fb_h2_k4_m50_d0,IMG_9799
fb_h2_k4_m50_d0,IMG_0375
fb_h2_k4_m50_d0,IMG_0003
fb_h2_k4_m50_d0,IMG_9806
fb_h2_k4_m50_d0,IMG_0433
fb_h2_k4_m50_d0,IMG_0358
fb_h2_k4_m50_d0,IMG_9916-HEIC
fb_h2_k4_m50_d0,IMG_9873
fb_h2_k4_m50_d0,IMG_9765
fb_h2_k4_m50_d0,IMG_9814
fb_h2_k4_m50_d0,IMG_9861-HEIC
fb_h2_k4_m50_d0,IMG_9867
fb_h2_k4_m50_d0,IMG_9822
fb_h2_k4_m50_d0,IMG_9876
fb_h2_k4_m50_d0,IMG_0421
fb_h2_k4_m50_d0,IMG_9981-HEIC
fb_h2_k4_m50_d0,IMG_9809
fb_h2_k4_m50_d0,IMG_9859
fb_h2_k4_m50_d0,IMG_9906-HEIC
fb_h2_k4_m50_d0,IMG_9825
fb_h2_k4_m50_d0,IMG_0340
fb_h2_k4_m50_d0,IMG_9966
fb_h2_k4_m50_d0,IMG_9964
fb_h2_k4_m50_d0,IMG_0104-HEIC
fb_h2_k4_m50_d0,IMG_0179
fb_h2_k4_m50_d0,IMG_0142
fb_h2_k4_m50_d0,IMG_0126-HEIC
fb_h2_k4_m50_d0,IMG_0187-HEIC
fb_h2_k4_m50_d0,IMG_0175
fb_h2_k4_m50_d0,IMG_0262
fb_h2_k4_m50_d0,IMG_0106-HEIC
fb_h2_k4_m50_d0,IMG_0084
fb_h2_k4_m50_d0,IMG_0204
fb_h2_k4_m50_d0,IMG_0105-HEIC
fb_h2_k4_m50_d0,IMG_0185
fb_h2_k4_m50_d0,IMG_0209
fb_h2_k4_m50_d0,IMG_0102
fb_h2_k4_m50_d0,IMG_0078
fb_h2_k4_m50_d0,IMG_0165
fb_h2_k4_m50_d0,IMG_0091
fb_h2_k4_m50_d0,IMG_0069
fb_h2_k4_m50_d0,IMG_0148
fb_h2_k4_m50_d0,IMG_0077
fb_h2_k4_m50_d0,IMG_0072
fb_h2_k4_m50_d0,IMG_0089
fb_h2_k4_m50_d0,IMG_0192
fb_h2_k4_m50_d0,IMG_0284
fb_h2_k4_m50_d0,IMG_0095
fb_h2_k4_m50_d0,IMG_0263
fb_h2_k4_m50_d0,IMG_0198
fb_h2_k4_m50_d0,IMG_0256
fb_h2_k4_m50_d0,IMG_0218
fb_h2_k4_m50_d0,IMG_0223
fb_h2_k4_m50_d0,IMG_0109-HEIC
fb_h2_k4_m50_d0,IMG_0267
fb_h2_k4_m50_d0,IMG_0273
fb_h2_k4_m50_d0,IMG_0235
fb_h2_k4_m50_d0,IMG_0066
fb_h2_k4_m50_d0,IMG_0220
fb_h2_k4_m50_d0,IMG_0159
fb_h2_k4_m50_d0,IMG_0211
fb_h2_k4_m50_d0,IMG_0153
fb_h2_k4_m50_d0,IMG_0230
fb_h2_k4_m50_d0,IMG_0174
fb_h2_k4_m50_d0,IMG_0090
fb_h2_k4_m50_d0,IMG_0136
fb_h2_k4_m50_d0,IMG_0070
fb_h2_k4_m50_d0,IMG_0083-HEIC
fb_h2_k4_m50_d0,IMG_0260
fb_h2_k4_m50_d0,IMG_0279
fb_h2_k4_m50_d0,IMG_0111-HEIC
fb_h2_k4_m50_d0,IMG_0173
fb_h2_k4_m50_d0,IMG_0238
fb_h2_k4_m50_d0,IMG_9920
fb_h2_k4_m50_d0,IMG_9903
fb_h2_k4_m50_d0,IMG_9939
fb_h2_k4_m50_d0,IMG_9968
fb_h2_k4_m50_d0,IMG_9910
fb_h2_k4_m50_d0,IMG_9904
fb_h2_k4_m50_d0,IMG_9969
fb_h2_k4_m50_d0,IMG_9907
fb_h2_k4_m50_d0,IMG_9972
fb_h2_k4_m50_d0,IMG_9989
fb_h2_k4_m50_d0,IMG_9921
fb_h2_k4_m50_d0,IMG_9902
fb_h2_k4_m50_d0,IMG_9928
fb_h2_k4_m50_d0,IMG_9896
fb_h2_k4_m50_d0,IMG_9891
fb_h2_k4_m50_d0,IMG_9940
fb_h2_k4_m50_d0,IMG_9890
fb_h2_k4_m50_d0,IMG_9924
fb_h2_k4_m50_d0,IMG_9888
fb_h2_k4_m50_d0,IMG_9958
fb_h2_k4_m50_d0,IMG_9951
fb_h2_k4_m50_d0,IMG_9927
fb_h2_k4_m50_d0,IMG_9987
fb_h2_k4_m50_d0,IMG_9965
fb_h2_k4_m50_d0,IMG_9943
fb_h2_k4_m50_d0,IMG_9925
fb_h2_k4_m50_d0,IMG_9918
fb_h2_k4_m50_d0,IMG_9931
fb_h2_k4_m50_d0,IMG_9963
fb_h2_k4_m50_d0,IMG_9923
fb_h2_k4_m50_d0,IMG_9948
fb_h2_k4_m50_d0,IMG_9957
fb_h2_k4_m50_d0,IMG_9887
fb_h2_k4_m50_d0,IMG_9953
fb_h2_k4_m50_d0,IMG_9911
fb_h2_k4_m50_d0,IMG_9893
fb_h2_k4_m50_d0,IMG_9970
fb_h2_k4_m50_d0,IMG_9946
fb_h2_k4_m50_d0,IMG_9922
fb_h2_k4_m50_d0,IMG_9983
fb_h2_k4_m50_d0,IMG_9960
fb_h2_k4_m50_d0,IMG_9949
fb_h2_k4_m50_d0,IMG_9941
fb_h2_k4_m50_d0,IMG_9942
fb_h2_k4_m50_d0,IMG_9886
fb_h2_k4_m50_d0,IMG_9900
fb_h2_k4_m50_d0,IMG_9929
fb_h2_k4_m50_d0,IMG_9961
fb_h2_k4_m50_d0,IMG_9955
fb_h2_k4_m50_d0,IMG_9914-HEIC
fb_h2_k4_m50_d0,IMG_2204-HEIC
fb_h2_k4_m50_d0,IMG_2148-HEIC
fb_h2_k4_m50_d0,IMG_2156-HEIC
fb_h2_k4_m50_d0,IMG_2216-HEIC
fb_h2_k4_m50_d0,IMG_2153-HEIC
fb_h2_k4_m50_d0,IMG_2149-HEIC
fb_h2_k4_m50_d0,IMG_2195-HEIC
fb_h2_k4_m50_d0,IMG_2206-HEIC
fb_h2_k4_m50_d0,IMG_2175-HEIC
fb_h2_k4_m50_d0,IMG_2180-HEIC
fb_h2_k4_m50_d0,IMG_2187-HEIC
fb_h2_k4_m50_d0,IMG_2199-HEIC
fb_h2_k4_m50_d0,IMG_2211-HEIC
fb_h2_k4_m50_d0,IMG_2168-HEIC
fb_h2_k4_m50_d0,IMG_2190-HEIC
fb_h2_k4_m50_d0,IMG_2138-HEIC
fb_h2_k4_m50_d0,IMG_2132-HEIC
fb_h2_k4_m50_d0,IMG_2179-HEIC
fb_h2_k4_m50_d0,IMG_2139-HEIC
fb_h2_k4_m50_d0,IMG_2188-HEIC
fb_h2_k4_m50_d0,IMG_2184-HEIC
fb_h2_k4_m50_d0,IMG_2191-HEIC
fb_h2_k4_m50_d0,IMG_2214-HEIC
fb_h2_k4_m50_d0,IMG_2178-HEIC
fb_h2_k4_m50_d0,IMG_2181-HEIC
fb_h2_k4_m50_d0,IMG_2209-HEIC
fb_h2_k4_m50_d0,IMG_2203-HEIC
fb_h2_k4_m50_d0,IMG_2133-HEIC
fb_h2_k4_m50_d0,IMG_2201-HEIC
fb_h2_k4_m50_d0,IMG_2177-HEIC
fb_h2_k4_m50_d0,IMG_2198-HEIC
fb_h2_k4_m50_d0,IMG_2202-HEIC
fb_h2_k4_m50_d0,IMG_2213-HEIC
fb_h2_k4_m50_d0,IMG_2189-HEIC
fb_h2_k4_m50_d0,IMG_2154-HEIC
fb_h2_k4_m50_d0,IMG_2155-HEIC
fb_h2_k4_m50_d0,IMG_2197-HEIC
fb_h2_k4_m50_d0,IMG_2182-HEIC
fb_h2_k4_m50_d0,IMG_2185-HEIC
fb_h2_k4_m50_d0,IMG_2205-HEIC
fb_h2_k4_m50_d0,IMG_2174-HEIC
fb_h2_k4_m50_d0,IMG_2150-HEIC
fb_h2_k4_m50_d0,IMG_2169-HEIC
fb_h2_k4_m50_d0,IMG_2176-HEIC
fb_h2_k4_m50_d0,IMG_2208-HEIC
fb_h2_k4_m50_d0,IMG_2158-HEIC
fb_h2_k4_m50_d0,IMG_2196-HEIC
fb_h2_k4_m50_d0,IMG_2194-HEIC
fb_h2_k4_m50_d0,IMG_2159-HEIC
fb_h2_k4_m50_d0,IMG_2193-HEIC
fb_h2_k4_mall_d0,IMG_9768
fb_h2_k4_mall_d0,IMG_9832
fb_h2_k4_mall_d0,IMG_0398
fb_h2_k4_mall_d0,IMG_0291
fb_h2_k4_mall_d0,IMG_0046
fb_h2_k4_mall_d0,IMG_9805
fb_h2_k4_mall_d0,IMG_0393
fb_h2_k4_mall_d0,IMG_9783-HEIC
fb_h2_k4_mall_d0,IMG_9816
fb_h2_k4_mall_d0,IMG_0381
fb_h2_k4_mall_d0,IMG_0404
fb_h2_k4_mall_d0,IMG_9955-HEIC
fb_h2_k4_mall_d0,IMG_7016-HEIC
fb_h2_k4_mall_d0,IMG_9909-HEIC
fb_h2_k4_mall_d0,IMG_0387
fb_h2_k4_mall_d0,IMG_9858
fb_h2_k4_mall_d0,IMG_9769
fb_h2_k4_mall_d0,IMG_9818
fb_h2_k4_mall_d0,IMG_9819
fb_h2_k4_mall_d0,IMG_9879
fb_h2_k4_mall_d0,IMG_9843
fb_h2_k4_mall_d0,IMG_0028
fb_h2_k4_mall_d0,IMG_9764
fb_h2_k4_mall_d0,IMG_9868-HEIC
fb_h2_k4_mall_d0,IMG_9771
fb_h2_k4_mall_d0,IMG_7021
fb_h2_k4_mall_d0,IMG_9854
fb_h2_k4_mall_d0,IMG_9799
fb_h2_k4_mall_d0,IMG_0375
fb_h2_k4_mall_d0,IMG_0003
fb_h2_k4_mall_d0,IMG_9806
fb_h2_k4_mall_d0,IMG_0433
fb_h2_k4_mall_d0,IMG_0358
fb_h2_k4_mall_d0,IMG_9916-HEIC
fb_h2_k4_mall_d0,IMG_9873
fb_h2_k4_mall_d0,IMG_9765
fb_h2_k4_mall_d0,IMG_9814
fb_h2_k4_mall_d0,IMG_9861-HEIC
fb_h2_k4_mall_d0,IMG_9867
fb_h2_k4_mall_d0,IMG_9822
fb_h2_k4_mall_d0,IMG_9876
fb_h2_k4_mall_d0,IMG_0421
fb_h2_k4_mall_d0,IMG_9981-HEIC
fb_h2_k4_mall_d0,IMG_9809
fb_h2_k4_mall_d0,IMG_9859
fb_h2_k4_mall_d0,IMG_9906-HEIC
fb_h2_k4_mall_d0,IMG_9825
fb_h2_k4_mall_d0,IMG_0340
fb_h2_k4_mall_d0,IMG_9966
fb_h2_k4_mall_d0,IMG_9964
fb_h2_k4_mall_d0,IMG_9938
fb_h2_k4_mall_d0,IMG_9823
fb_h2_k4_mall_d0,IMG_9773
fb_h2_k4_mall_d0,IMG_0008
fb_h2_k4_mall_d0,IMG_9812
fb_h2_k4_mall_d0,IMG_0002
fb_h2_k4_mall_d0,IMG_9804
fb_h2_k4_mall_d0,IMG_9907-HEIC
fb_h2_k4_mall_d0,IMG_0016
fb_h2_k4_mall_d0,IMG_9875
fb_h2_k4_mall_d0,IMG_9905-HEIC
fb_h2_k4_mall_d0,IMG_9864
fb_h2_k4_mall_d0,IMG_9820
fb_h2_k4_mall_d0,IMG_9774
fb_h2_k4_mall_d0,IMG_0323
fb_h2_k4_mall_d0,IMG_0450
fb_h2_k4_mall_d0,IMG_9979-HEIC
fb_h2_k4_mall_d0,IMG_9810
fb_h2_k4_mall_d0,IMG_0328
fb_h2_k4_mall_d0,IMG_9857
fb_h2_k4_mall_d0,IMG_9803
fb_h2_k4_mall_d0,IMG_9836
fb_h2_k4_mall_d0,IMG_9997
fb_h2_k4_mall_d0,IMG_0305
fb_h2_k4_mall_d0,IMG_9777
fb_h2_k4_mall_d0,IMG_9918-HEIC
fb_h2_k4_mall_d0,IMG_9870
fb_h2_k4_mall_d0,IMG_9826
fb_h2_k4_mall_d0,IMG_0439
fb_h2_k4_mall_d0,IMG_9766
fb_h2_k4_mall_d0,IMG_9801
fb_h2_k4_mall_d0,IMG_9775
fb_h2_k4_mall_d0,IMG_9828
fb_h2_k4_mall_d0,IMG_9840
fb_h2_k4_mall_d0,IMG_0364
fb_h2_k4_mall_d0,IMG_9874
fb_h2_k4_mall_d0,IMG_9848
fb_h2_k4_mall_d0,IMG_9920-HEIC
fb_h2_k4_mall_d0,IMG_9842
fb_h2_k4_mall_d0,IMG_9951-HEIC
fb_h2_k4_mall_d0,IMG_9779-HEIC
fb_h2_k4_mall_d0,IMG_9821
fb_h2_k4_mall_d0,IMG_9985-HEIC
fb_h2_k4_mall_d0,IMG_9763
fb_h2_k4_mall_d0,IMG_9829
fb_h2_k4_mall_d0,IMG_9866
fb_h2_k4_mall_d0,IMG_0311
fb_h2_k4_mall_d0,IMG_9917-HEIC
fb_h2_k4_mall_d0,IMG_9811
fb_h2_k4_mall_d0,IMG_9998
fb_h2_k4_mall_d0,IMG_9839
fb_h2_k4_mall_d0,IMG_9807
fb_h2_k4_mall_d0,IMG_9999
fb_h2_k4_mall_d0,IMG_9949-HEIC
fb_h2_k4_mall_d0,IMG_9971
fb_h2_k4_mall_d0,IMG_9880
fb_h2_k4_mall_d0,IMG_9948-HEIC
fb_h2_k4_mall_d0,IMG_0427
fb_h2_k4_mall_d0,IMG_9800
fb_h2_k4_mall_d0,IMG_0370
fb_h2_k4_mall_d0,IMG_9833
fb_h2_k4_mall_d0,IMG_9984-HEIC
fb_h2_k4_mall_d0,IMG_0416
fb_h2_k4_mall_d0,IMG_9911-HEIC
fb_h2_k4_mall_d0,IMG_9827
fb_h2_k4_mall_d0,IMG_9881
fb_h2_k4_mall_d0,IMG_9947-HEIC
fb_h2_k4_mall_d0,IMG_9784-HEIC
fb_h2_k4_mall_d0,IMG_0410
fb_h2_k4_mall_d0,IMG_0457
fb_h2_k4_mall_d0,IMG_0040
fb_h2_k4_mall_d0,IMG_0051
fb_h2_k4_mall_d0,IMG_9990-HEIC
fb_h2_k4_mall_d0,IMG_9915-HEIC
fb_h2_k4_mall_d0,IMG_9834
fb_h2_k4_mall_d0,IMG_0300
fb_h2_k4_mall_d0,IMG_0346
fb_h2_k4_mall_d0,IMG_9989-HEIC
fb_h2_k4_mall_d0,IMG_0034
fb_h2_k4_mall_d0,IMG_9813
fb_h2_k4_mall_d0,IMG_0351
fb_h2_k4_mall_d0,IMG_9838
fb_h2_k4_mall_d0,IMG_9978-HEIC
fb_h2_k4_mall_d0,IMG_9865
fb_h2_k4_mall_d0,IMG_9844
fb_h2_k4_mall_d0,IMG_9770
fb_h2_k4_mall_d0,IMG_9869
fb_h2_k4_mall_d0,IMG_9982-HEIC
fb_h2_k4_mall_d0,IMG_9767
fb_h2_k4_mall_d0,IMG_0444
fb_h2_k4_mall_d0,IMG_9808
fb_h2_k4_mall_d0,IMG_0104-HEIC
fb_h2_k4_mall_d0,IMG_0179
fb_h2_k4_mall_d0,IMG_0142
fb_h2_k4_mall_d0,IMG_0126-HEIC
fb_h2_k4_mall_d0,IMG_0187-HEIC
fb_h2_k4_mall_d0,IMG_0175
fb_h2_k4_mall_d0,IMG_0262
fb_h2_k4_mall_d0,IMG_0106-HEIC
fb_h2_k4_mall_d0,IMG_0084
fb_h2_k4_mall_d0,IMG_0204
fb_h2_k4_mall_d0,IMG_0105-HEIC
fb_h2_k4_mall_d0,IMG_0185
fb_h2_k4_mall_d0,IMG_0209
fb_h2_k4_mall_d0,IMG_0102
fb_h2_k4_mall_d0,IMG_0078
fb_h2_k4_mall_d0,IMG_0165
fb_h2_k4_mall_d0,IMG_0091
fb_h2_k4_mall_d0,IMG_0069
fb_h2_k4_mall_d0,IMG_0148
fb_h2_k4_mall_d0,IMG_0077
fb_h2_k4_mall_d0,IMG_0072
fb_h2_k4_mall_d0,IMG_0089
fb_h2_k4_mall_d0,IMG_0192
fb_h2_k4_mall_d0,IMG_0284
fb_h2_k4_mall_d0,IMG_0095
fb_h2_k4_mall_d0,IMG_0263
fb_h2_k4_mall_d0,IMG_0198
fb_h2_k4_mall_d0,IMG_0256
fb_h2_k4_mall_d0,IMG_0218
fb_h2_k4_mall_d0,IMG_0223
fb_h2_k4_mall_d0,IMG_0109-HEIC
fb_h2_k4_mall_d0,IMG_0267
fb_h2_k4_mall_d0,IMG_0273
fb_h2_k4_mall_d0,IMG_0235
fb_h2_k4_mall_d0,IMG_0066
fb_h2_k4_mall_d0,IMG_0220
fb_h2_k4_mall_d0,IMG_0159
fb_h2_k4_mall_d0,IMG_0211
fb_h2_k4_mall_d0,IMG_0153
fb_h2_k4_mall_d0,IMG_0230
fb_h2_k4_mall_d0,IMG_0174
fb_h2_k4_mall_d0,IMG_0090
fb_h2_k4_mall_d0,IMG_0136
fb_h2_k4_mall_d0,IMG_0070
fb_h2_k4_mall_d0,IMG_0083-HEIC
fb_h2_k4_mall_d0,IMG_0260
fb_h2_k4_mall_d0,IMG_0279
fb_h2_k4_mall_d0,IMG_0111-HEIC
fb_h2_k4_mall_d0,IMG_0173
fb_h2_k4_mall_d0,IMG_0238
fb_h2_k4_mall_d0,IMG_0116-HEIC
fb_h2_k4_mall_d0,IMG_0108-HEIC
fb_h2_k4_mall_d0,IMG_0177
fb_h2_k4_mall_d0,IMG_0178
fb_h2_k4_mall_d0,IMG_0210
fb_h2_k4_mall_d0,IMG_0080
fb_h2_k4_mall_d0,IMG_0074
fb_h2_k4_mall_d0,IMG_0219
fb_h2_k4_mall_d0,IMG_0184
fb_h2_k4_mall_d0,IMG_0257
fb_h2_k4_mall_d0,IMG_0073
fb_h2_k4_mall_d0,IMG_0182-HEIC
fb_h2_k4_mall_d0,IMG_9920
fb_h2_k4_mall_d0,IMG_9903
fb_h2_k4_mall_d0,IMG_9939
fb_h2_k4_mall_d0,IMG_9968
fb_h2_k4_mall_d0,IMG_9910
fb_h2_k4_mall_d0,IMG_9904
fb_h2_k4_mall_d0,IMG_9969
fb_h2_k4_mall_d0,IMG_9907
fb_h2_k4_mall_d0,IMG_9972
fb_h2_k4_mall_d0,IMG_9989
fb_h2_k4_mall_d0,IMG_9921
fb_h2_k4_mall_d0,IMG_9902
fb_h2_k4_mall_d0,IMG_9928
fb_h2_k4_mall_d0,IMG_9896
fb_h2_k4_mall_d0,IMG_9891
fb_h2_k4_mall_d0,IMG_9940
fb_h2_k4_mall_d0,IMG_9890
fb_h2_k4_mall_d0,IMG_9924
fb_h2_k4_mall_d0,IMG_9888
fb_h2_k4_mall_d0,IMG_9958
fb_h2_k4_mall_d0,IMG_9951
fb_h2_k4_mall_d0,IMG_9927
fb_h2_k4_mall_d0,IMG_9987
fb_h2_k4_mall_d0,IMG_9965
fb_h2_k4_mall_d0,IMG_9943
fb_h2_k4_mall_d0,IMG_9925
fb_h2_k4_mall_d0,IMG_9918
fb_h2_k4_mall_d0,IMG_9931
fb_h2_k4_mall_d0,IMG_9963
fb_h2_k4_mall_d0,IMG_9923
fb_h2_k4_mall_d0,IMG_9948
fb_h2_k4_mall_d0,IMG_9957
fb_h2_k4_mall_d0,IMG_9887
fb_h2_k4_mall_d0,IMG_9953
fb_h2_k4_mall_d0,IMG_9911
fb_h2_k4_mall_d0,IMG_9893
fb_h2_k4_mall_d0,IMG_9970
fb_h2_k4_mall_d0,IMG_9946
fb_h2_k4_mall_d0,IMG_9922
fb_h2_k4_mall_d0,IMG_9983
fb_h2_k4_mall_d0,IMG_9960
fb_h2_k4_mall_d0,IMG_9949
fb_h2_k4_mall_d0,IMG_9941
fb_h2_k4_mall_d0,IMG_9942
fb_h2_k4_mall_d0,IMG_9886
fb_h2_k4_mall_d0,IMG_9900
fb_h2_k4_mall_d0,IMG_9929
fb_h2_k4_mall_d0,IMG_9961
fb_h2_k4_mall_d0,IMG_9955
fb_h2_k4_mall_d0,IMG_9914-HEIC
fb_h2_k4_mall_d0,IMG_9944
fb_h2_k4_mall_d0,IMG_9892
fb_h2_k4_mall_d0,IMG_9897
fb_h2_k4_mall_d0,IMG_9984
fb_h2_k4_mall_d0,IMG_9889
fb_h2_k4_mall_d0,IMG_9899
fb_h2_k4_mall_d0,IMG_9980
fb_h2_k4_mall_d0,IMG_9962
fb_h2_k4_mall_d0,IMG_9919
fb_h2_k4_mall_d0,IMG_9915
fb_h2_k4_mall_d0,IMG_9916
fb_h2_k4_mall_d0,IMG_9898
fb_h2_k4_mall_d0,IMG_9991
fb_h2_k4_mall_d0,IMG_9908
fb_h2_k4_mall_d0,IMG_9973
fb_h2_k4_mall_d0,IMG_9990
fb_h2_k4_mall_d0,IMG_9894
fb_h2_k4_mall_d0,IMG_9986
fb_h2_k4_mall_d0,IMG_9959
fb_h2_k4_mall_d0,IMG_9895
fb_h2_k4_mall_d0,IMG_9956
fb_h2_k4_mall_d0,IMG_9985
fb_h2_k4_mall_d0,IMG_9905
fb_h2_k4_mall_d0,IMG_9917
fb_h2_k4_mall_d0,IMG_9906
fb_h2_k4_mall_d0,IMG_9933
fb_h2_k4_mall_d0,IMG_9885
fb_h2_k4_mall_d0,IMG_9947
fb_h2_k4_mall_d0,IMG_9988
fb_h2_k4_mall_d0,IMG_9977
fb_h2_k4_mall_d0,IMG_9912-HEIC
fb_h2_k4_mall_d0,IMG_9926
fb_h2_k4_mall_d0,IMG_2204-HEIC
fb_h2_k4_mall_d0,IMG_2148-HEIC
fb_h2_k4_mall_d0,IMG_2156-HEIC
fb_h2_k4_mall_d0,IMG_2216-HEIC
fb_h2_k4_mall_d0,IMG_2153-HEIC
fb_h2_k4_mall_d0,IMG_2149-HEIC
fb_h2_k4_mall_d0,IMG_2195-HEIC
fb_h2_k4_mall_d0,IMG_2206-HEIC
fb_h2_k4_mall_d0,IMG_2175-HEIC
fb_h2_k4_mall_d0,IMG_2180-HEIC
fb_h2_k4_mall_d0,IMG_2187-HEIC
fb_h2_k4_mall_d0,IMG_2199-HEIC
fb_h2_k4_mall_d0,IMG_2211-HEIC
fb_h2_k4_mall_d0,IMG_2168-HEIC
fb_h2_k4_mall_d0,IMG_2190-HEIC
fb_h2_k4_mall_d0,IMG_2138-HEIC
fb_h2_k4_mall_d0,IMG_2132-HEIC
fb_h2_k4_mall_d0,IMG_2179-HEIC
fb_h2_k4_mall_d0,IMG_2139-HEIC
fb_h2_k4_mall_d0,IMG_2188-HEIC
fb_h2_k4_mall_d0,IMG_2184-HEIC
fb_h2_k4_mall_d0,IMG_2191-HEIC
fb_h2_k4_mall_d0,IMG_2214-HEIC
fb_h2_k4_mall_d0,IMG_2178-HEIC
fb_h2_k4_mall_d0,IMG_2181-HEIC
fb_h2_k4_mall_d0,IMG_2209-HEIC
fb_h2_k4_mall_d0,IMG_2203-HEIC
fb_h2_k4_mall_d0,IMG_2133-HEIC
fb_h2_k4_mall_d0,IMG_2201-HEIC
fb_h2_k4_mall_d0,IMG_2177-HEIC
fb_h2_k4_mall_d0,IMG_2198-HEIC
fb_h2_k4_mall_d0,IMG_2202-HEIC
fb_h2_k4_mall_d0,IMG_2213-HEIC
fb_h2_k4_mall_d0,IMG_2189-HEIC
fb_h2_k4_mall_d0,IMG_2154-HEIC
fb_h2_k4_mall_d0,IMG_2155-HEIC
fb_h2_k4_mall_d0,IMG_2197-HEIC
fb_h2_k4_mall_d0,IMG_2182-HEIC
fb_h2_k4_mall_d0,IMG_2185-HEIC
fb_h2_k4_mall_d0,IMG_2205-HEIC
fb_h2_k4_mall_d0,IMG_2174-HEIC
fb_h2_k4_mall_d0,IMG_2150-HEIC
fb_h2_k4_mall_d0,IMG_2169-HEIC
fb_h2_k4_mall_d0,IMG_2176-HEIC
fb_h2_k4_mall_d0,IMG_2208-HEIC
fb_h2_k4_mall_d0,IMG_2158-HEIC
fb_h2_k4_mall_d0,IMG_2196-HEIC
fb_h2_k4_mall_d0,IMG_2194-HEIC
fb_h2_k4_mall_d0,IMG_2159-HEIC
fb_h2_k4_mall_d0,IMG_2193-HEIC
fb_h2_k4_mall_d0,IMG_2152-HEIC
fb_h2_k4_mall_d0,IMG_2151-HEIC
fb_h2_k4_mall_d0,IMG_2212-HEIC
fb_h2_k4_mall_d0,IMG_2131-HEIC
fb_h2_k4_mall_d0,IMG_2170-HEIC
fb_h2_k4_mall_d0,IMG_2134-HEIC
fb_h2_k4_mall_d0,IMG_2183-HEIC
fb_h2_k4_m15_d1,IMG_2477-HEIC
fb_h2_k4_m15_d1,IMG_2589-HEIC
fb_h2_k4_m15_d1,IMG_2621-HEIC
fb_h2_k4_m15_d1,IMG_2539-HEIC
fb_h2_k4_m15_d1,IMG_2537-HEIC
fb_h2_k4_m15_d1,IMG_2566-HEIC
fb_h2_k4_m15_d1,IMG_2577-HEIC
fb_h2_k4_m15_d1,IMG_2519-HEIC
fb_h2_k4_m15_d1,IMG_2584-HEIC
fb_h2_k4_m15_d1,IMG_2610-HEIC
fb_h2_k4_m15_d1,IMG_2494-HEIC
fb_h2_k4_m15_d1,IMG_2557-HEIC
fb_h2_k4_m15_d1,IMG_2581-HEIC
fb_h2_k4_m15_d1,IMG_2476-HEIC
fb_h2_k4_m15_d1,IMG_2452-HEIC
fb_h2_k4_m15_d1,IMG_0238
fb_h2_k4_m15_d1,IMG_0078
fb_h2_k4_m15_d1,IMG_0260
fb_h2_k4_m15_d1,IMG_0165
fb_h2_k4_m15_d1,IMG_0211
fb_h2_k4_m15_d1,IMG_0192
fb_h2_k4_m15_d1,IMG_0273
fb_h2_k4_m15_d1,IMG_0108-HEIC
fb_h2_k4_m15_d1,IMG_0159
fb_h2_k4_m15_d1,IMG_0219
fb_h2_k4_m15_d1,IMG_0257
fb_h2_k4_m15_d1,IMG_0256
fb_h2_k4_m15_d1,IMG_0109-HEIC
fb_h2_k4_m15_d1,IMG_0069
fb_h2_k4_m15_d1,IMG_0204
fb_h2_k4_m15_d1,IMG_9965
fb_h2_k4_m15_d1,IMG_9929
fb_h2_k4_m15_d1,IMG_9973
fb_h2_k4_m15_d1,IMG_9885
fb_h2_k4_m15_d1,IMG_9917
fb_h2_k4_m15_d1,IMG_9958
fb_h2_k4_m15_d1,IMG_9912-HEIC
fb_h2_k4_m15_d1,IMG_9940
fb_h2_k4_m15_d1,IMG_9989
fb_h2_k4_m15_d1,IMG_9920
fb_h2_k4_m15_d1,IMG_9907
fb_h2_k4_m15_d1,IMG_9939
fb_h2_k4_m15_d1,IMG_9942
fb_h2_k4_m15_d1,IMG_9928
fb_h2_k4_m15_d1,IMG_9902
fb_h2_k4_m15_d1,IMG_2183-HEIC
fb_h2_k4_m15_d1,IMG_2132-HEIC
fb_h2_k4_m15_d1,IMG_2206-HEIC
fb_h2_k4_m15_d1,IMG_2150-HEIC
fb_h2_k4_m15_d1,IMG_2187-HEIC
fb_h2_k4_m15_d1,IMG_2191-HEIC
fb_h2_k4_m15_d1,IMG_2158-HEIC
fb_h2_k4_m15_d1,IMG_2185-HEIC
fb_h2_k4_m15_d1,IMG_2156-HEIC
fb_h2_k4_m15_d1,IMG_2155-HEIC
fb_h2_k4_m15_d1,IMG_2152-HEIC
fb_h2_k4_m15_d1,IMG_2216-HEIC
fb_h2_k4_m15_d1,IMG_2159-HEIC
fb_h2_k4_m15_d1,IMG_2133-HEIC
fb_h2_k4_m15_d1,IMG_2198-HEIC
fb_h2_k4_m50_d1,IMG_2477-HEIC
fb_h2_k4_m50_d1,IMG_2589-HEIC
fb_h2_k4_m50_d1,IMG_2621-HEIC
fb_h2_k4_m50_d1,IMG_2539-HEIC
fb_h2_k4_m50_d1,IMG_2537-HEIC
fb_h2_k4_m50_d1,IMG_2566-HEIC
fb_h2_k4_m50_d1,IMG_2577-HEIC
fb_h2_k4_m50_d1,IMG_2519-HEIC
fb_h2_k4_m50_d1,IMG_2584-HEIC
fb_h2_k4_m50_d1,IMG_2610-HEIC
fb_h2_k4_m50_d1,IMG_2494-HEIC
fb_h2_k4_m50_d1,IMG_2557-HEIC
fb_h2_k4_m50_d1,IMG_2581-HEIC
fb_h2_k4_m50_d1,IMG_2476-HEIC
fb_h2_k4_m50_d1,IMG_2452-HEIC
fb_h2_k4_m50_d1,IMG_2492-HEIC
fb_h2_k4_m50_d1,IMG_2526-HEIC
fb_h2_k4_m50_d1,IMG_2620-HEIC
fb_h2_k4_m50_d1,IMG_2701-HEIC
fb_h2_k4_m50_d1,IMG_2596-HEIC
fb_h2_k4_m50_d1,IMG_2496-HEIC
fb_h2_k4_m50_d1,IMG_2481-HEIC
fb_h2_k4_m50_d1,IMG_2619-HEIC
fb_h2_k4_m50_d1,IMG_2520-HEIC
fb_h2_k4_m50_d1,IMG_2604-HEIC
fb_h2_k4_m50_d1,IMG_2585-HEIC
fb_h2_k4_m50_d1,IMG_2618-HEIC
fb_h2_k4_m50_d1,IMG_2522-HEIC
fb_h2_k4_m50_d1,IMG_2588-HEIC
fb_h2_k4_m50_d1,IMG_2523-HEIC
fb_h2_k4_m50_d1,IMG_2491-HEIC
fb_h2_k4_m50_d1,IMG_2480-HEIC
fb_h2_k4_m50_d1,IMG_2576-HEIC
fb_h2_k4_m50_d1,IMG_2542-HEIC
fb_h2_k4_m50_d1,IMG_2593-HEIC
fb_h2_k4_m50_d1,IMG_2586-HEIC
fb_h2_k4_m50_d1,IMG_2571-HEIC
fb_h2_k4_m50_d1,IMG_2534-HEIC
fb_h2_k4_m50_d1,IMG_2666-HEIC
fb_h2_k4_m50_d1,IMG_2495-HEIC
fb_h2_k4_m50_d1,IMG_2603-HEIC
fb_h2_k4_m50_d1,IMG_2513-HEIC
fb_h2_k4_m50_d1,IMG_2521-HEIC
fb_h2_k4_m50_d1,IMG_2580-HEIC
fb_h2_k4_m50_d1,IMG_2616-HEIC
fb_h2_k4_m50_d1,IMG_2482-HEIC
fb_h2_k4_m50_d1,IMG_2591-HEIC
fb_h2_k4_m50_d1,IMG_2569-HEIC
fb_h2_k4_m50_d1,IMG_2634-HEIC
fb_h2_k4_m50_d1,IMG_2540-HEIC
fb_h2_k4_m50_d1,IMG_0238
fb_h2_k4_m50_d1,IMG_0078
fb_h2_k4_m50_d1,IMG_0260
fb_h2_k4_m50_d1,IMG_0165
fb_h2_k4_m50_d1,IMG_0211
fb_h2_k4_m50_d1,IMG_0192
fb_h2_k4_m50_d1,IMG_0273
fb_h2_k4_m50_d1,IMG_0108-HEIC
fb_h2_k4_m50_d1,IMG_0159
fb_h2_k4_m50_d1,IMG_0219
fb_h2_k4_m50_d1,IMG_0257
fb_h2_k4_m50_d1,IMG_0256
fb_h2_k4_m50_d1,IMG_0109-HEIC
fb_h2_k4_m50_d1,IMG_0069
fb_h2_k4_m50_d1,IMG_0204
fb_h2_k4_m50_d1,IMG_0177
fb_h2_k4_m50_d1,IMG_0223
fb_h2_k4_m50_d1,IMG_0083-HEIC
fb_h2_k4_m50_d1,IMG_0066
fb_h2_k4_m50_d1,IMG_0263
fb_h2_k4_m50_d1,IMG_0179
fb_h2_k4_m50_d1,IMG_0073
fb_h2_k4_m50_d1,IMG_0262
fb_h2_k4_m50_d1,IMG_0182-HEIC
fb_h2_k4_m50_d1,IMG_0084
fb_h2_k4_m50_d1,IMG_0284
fb_h2_k4_m50_d1,IMG_0089
fb_h2_k4_m50_d1,IMG_0095
fb_h2_k4_m50_d1,IMG_0116-HEIC
fb_h2_k4_m50_d1,IMG_0106-HEIC
fb_h2_k4_m50_d1,IMG_0187-HEIC
fb_h2_k4_m50_d1,IMG_0184
fb_h2_k4_m50_d1,IMG_0279
fb_h2_k4_m50_d1,IMG_0102
fb_h2_k4_m50_d1,IMG_0148
fb_h2_k4_m50_d1,IMG_0209
fb_h2_k4_m50_d1,IMG_0185
fb_h2_k4_m50_d1,IMG_0198
fb_h2_k4_m50_d1,IMG_0104-HEIC
fb_h2_k4_m50_d1,IMG_0230
fb_h2_k4_m50_d1,IMG_0080
fb_h2_k4_m50_d1,IMG_0218
fb_h2_k4_m50_d1,IMG_0178
fb_h2_k4_m50_d1,IMG_0072
fb_h2_k4_m50_d1,IMG_0175
fb_h2_k4_m50_d1,IMG_0091
fb_h2_k4_m50_d1,IMG_0126-HEIC
fb_h2_k4_m50_d1,IMG_0267
fb_h2_k4_m50_d1,IMG_0220
fb_h2_k4_m50_d1,IMG_0074
fb_h2_k4_m50_d1,IMG_9965
fb_h2_k4_m50_d1,IMG_9929
fb_h2_k4_m50_d1,IMG_9973
fb_h2_k4_m50_d1,IMG_9885
fb_h2_k4_m50_d1,IMG_9917
fb_h2_k4_m50_d1,IMG_9958
fb_h2_k4_m50_d1,IMG_9912-HEIC
fb_h2_k4_m50_d1,IMG_9940
fb_h2_k4_m50_d1,IMG_9989
fb_h2_k4_m50_d1,IMG_9920
fb_h2_k4_m50_d1,IMG_9907
fb_h2_k4_m50_d1,IMG_9939
fb_h2_k4_m50_d1,IMG_9942
fb_h2_k4_m50_d1,IMG_9928
fb_h2_k4_m50_d1,IMG_9902
fb_h2_k4_m50_d1,IMG_9903
fb_h2_k4_m50_d1,IMG_9941
fb_h2_k4_m50_d1,IMG_9949
fb_h2_k4_m50_d1,IMG_9908
fb_h2_k4_m50_d1,IMG_9886
fb_h2_k4_m50_d1,IMG_9957
fb_h2_k4_m50_d1,IMG_9900
fb_h2_k4_m50_d1,IMG_9916
fb_h2_k4_m50_d1,IMG_9923
fb_h2_k4_m50_d1,IMG_9906
fb_h2_k4_m50_d1,IMG_9914-HEIC
fb_h2_k4_m50_d1,IMG_9955
fb_h2_k4_m50_d1,IMG_9969
fb_h2_k4_m50_d1,IMG_9898
fb_h2_k4_m50_d1,IMG_9951
fb_h2_k4_m50_d1,IMG_9910
fb_h2_k4_m50_d1,IMG_9983
fb_h2_k4_m50_d1,IMG_9915
fb_h2_k4_m50_d1,IMG_9968
fb_h2_k4_m50_d1,IMG_9959
fb_h2_k4_m50_d1,IMG_9990
fb_h2_k4_m50_d1,IMG_9911
fb_h2_k4_m50_d1,IMG_9956
fb_h2_k4_m50_d1,IMG_9988
fb_h2_k4_m50_d1,IMG_9948
fb_h2_k4_m50_d1,IMG_9926
fb_h2_k4_m50_d1,IMG_9960
fb_h2_k4_m50_d1,IMG_9985
fb_h2_k4_m50_d1,IMG_9924
fb_h2_k4_m50_d1,IMG_9894
fb_h2_k4_m50_d1,IMG_9933
fb_h2_k4_m50_d1,IMG_9931
fb_h2_k4_m50_d1,IMG_9918
fb_h2_k4_m50_d1,IMG_9893
fb_h2_k4_m50_d1,IMG_9947
fb_h2_k4_m50_d1,IMG_2183-HEIC
fb_h2_k4_m50_d1,IMG_2132-HEIC
fb_h2_k4_m50_d1,IMG_2206-HEIC
fb_h2_k4_m50_d1,IMG_2150-HEIC
fb_h2_k4_m50_d1,IMG_2187-HEIC
fb_h2_k4_m50_d1,IMG_2191-HEIC
fb_h2_k4_m50_d1,IMG_2158-HEIC
fb_h2_k4_m50_d1,IMG_2185-HEIC
fb_h2_k4_m50_d1,IMG_2156-HEIC
fb_h2_k4_m50_d1,IMG_2155-HEIC
fb_h2_k4_m50_d1,IMG_2152-HEIC
fb_h2_k4_m50_d1,IMG_2216-HEIC
fb_h2_k4_m50_d1,IMG_2159-HEIC
fb_h2_k4_m50_d1,IMG_2133-HEIC
fb_h2_k4_m50_d1,IMG_2198-HEIC
fb_h2_k4_m50_d1,IMG_2154-HEIC
fb_h2_k4_m50_d1,IMG_2189-HEIC
fb_h2_k4_m50_d1,IMG_2201-HEIC
fb_h2_k4_m50_d1,IMG_2174-HEIC
fb_h2_k4_m50_d1,IMG_2193-HEIC
fb_h2_k4_m50_d1,IMG_2203-HEIC
fb_h2_k4_m50_d1,IMG_2149-HEIC
fb_h2_k4_m50_d1,IMG_2134-HEIC
fb_h2_k4_m50_d1,IMG_2211-HEIC
fb_h2_k4_m50_d1,IMG_2153-HEIC
fb_h2_k4_m50_d1,IMG_2199-HEIC
fb_h2_k4_m50_d1,IMG_2138-HEIC
fb_h2_k4_m50_d1,IMG_2188-HEIC
fb_h2_k4_m50_d1,IMG_2175-HEIC
fb_h2_k4_m50_d1,IMG_2148-HEIC
fb_h2_k4_m50_d1,IMG_2151-HEIC
fb_h2_k4_m50_d1,IMG_2214-HEIC
fb_h2_k4_m50_d1,IMG_2168-HEIC
fb_h2_k4_m50_d1,IMG_2177-HEIC
fb_h2_k4_m50_d1,IMG_2209-HEIC
fb_h2_k4_m50_d1,IMG_2194-HEIC
fb_h2_k4_m50_d1,IMG_2195-HEIC
fb_h2_k4_m50_d1,IMG_2169-HEIC
fb_h2_k4_m50_d1,IMG_2181-HEIC
fb_h2_k4_m50_d1,IMG_2139-HEIC
fb_h2_k4_m50_d1,IMG_2204-HEIC
fb_h2_k4_m50_d1,IMG_2196-HEIC
fb_h2_k4_m50_d1,IMG_2197-HEIC
fb_h2_k4_m50_d1,IMG_2213-HEIC
fb_h2_k4_m50_d1,IMG_2170-HEIC
fb_h2_k4_m50_d1,IMG_2212-HEIC
fb_h2_k4_m50_d1,IMG_2179-HEIC
fb_h2_k4_m50_d1,IMG_2182-HEIC
fb_h2_k4_m50_d1,IMG_2176-HEIC
fb_h2_k4_m50_d1,IMG_2208-HEIC
fb_h2_k4_mall_d1,IMG_2477-HEIC
fb_h2_k4_mall_d1,IMG_2589-HEIC
fb_h2_k4_mall_d1,IMG_2621-HEIC
fb_h2_k4_mall_d1,IMG_2539-HEIC
fb_h2_k4_mall_d1,IMG_2537-HEIC
fb_h2_k4_mall_d1,IMG_2566-HEIC
fb_h2_k4_mall_d1,IMG_2577-HEIC
fb_h2_k4_mall_d1,IMG_2519-HEIC
fb_h2_k4_mall_d1,IMG_2584-HEIC
fb_h2_k4_mall_d1,IMG_2610-HEIC
fb_h2_k4_mall_d1,IMG_2494-HEIC
fb_h2_k4_mall_d1,IMG_2557-HEIC
fb_h2_k4_mall_d1,IMG_2581-HEIC
fb_h2_k4_mall_d1,IMG_2476-HEIC
fb_h2_k4_mall_d1,IMG_2452-HEIC
fb_h2_k4_mall_d1,IMG_2492-HEIC
fb_h2_k4_mall_d1,IMG_2526-HEIC
fb_h2_k4_mall_d1,IMG_2620-HEIC
fb_h2_k4_mall_d1,IMG_2701-HEIC
fb_h2_k4_mall_d1,IMG_2596-HEIC
fb_h2_k4_mall_d1,IMG_2496-HEIC
fb_h2_k4_mall_d1,IMG_2481-HEIC
fb_h2_k4_mall_d1,IMG_2619-HEIC
fb_h2_k4_mall_d1,IMG_2520-HEIC
fb_h2_k4_mall_d1,IMG_2604-HEIC
fb_h2_k4_mall_d1,IMG_2585-HEIC
fb_h2_k4_mall_d1,IMG_2618-HEIC
fb_h2_k4_mall_d1,IMG_2522-HEIC
fb_h2_k4_mall_d1,IMG_2588-HEIC
fb_h2_k4_mall_d1,IMG_2523-HEIC
fb_h2_k4_mall_d1,IMG_2491-HEIC
fb_h2_k4_mall_d1,IMG_2480-HEIC
fb_h2_k4_mall_d1,IMG_2576-HEIC
fb_h2_k4_mall_d1,IMG_2542-HEIC
fb_h2_k4_mall_d1,IMG_2593-HEIC
fb_h2_k4_mall_d1,IMG_2586-HEIC
fb_h2_k4_mall_d1,IMG_2571-HEIC
fb_h2_k4_mall_d1,IMG_2534-HEIC
fb_h2_k4_mall_d1,IMG_2666-HEIC
fb_h2_k4_mall_d1,IMG_2495-HEIC
fb_h2_k4_mall_d1,IMG_2603-HEIC
fb_h2_k4_mall_d1,IMG_2513-HEIC
fb_h2_k4_mall_d1,IMG_2521-HEIC
fb_h2_k4_mall_d1,IMG_2580-HEIC
fb_h2_k4_mall_d1,IMG_2616-HEIC
fb_h2_k4_mall_d1,IMG_2482-HEIC
fb_h2_k4_mall_d1,IMG_2591-HEIC
fb_h2_k4_mall_d1,IMG_2569-HEIC
fb_h2_k4_mall_d1,IMG_2634-HEIC
fb_h2_k4_mall_d1,IMG_2540-HEIC
fb_h2_k4_mall_d1,IMG_2644-HEIC
fb_h2_k4_mall_d1,IMG_2475-HEIC
fb_h2_k4_mall_d1,IMG_2654-HEIC
fb_h2_k4_mall_d1,IMG_2700-HEIC
fb_h2_k4_mall_d1,IMG_2538-HEIC
fb_h2_k4_mall_d1,IMG_2570-HEIC
fb_h2_k4_mall_d1,IMG_2587-HEIC
fb_h2_k4_mall_d1,IMG_2541-HEIC
fb_h2_k4_mall_d1,IMG_2617-HEIC
fb_h2_k4_mall_d1,IMG_2646-HEIC
fb_h2_k4_mall_d1,IMG_2582-HEIC
fb_h2_k4_mall_d1,IMG_2489-HEIC
fb_h2_k4_mall_d1,IMG_2567-HEIC
fb_h2_k4_mall_d1,IMG_2594-HEIC
fb_h2_k4_mall_d1,IMG_2597-HEIC
fb_h2_k4_mall_d1,IMG_2564-HEIC
fb_h2_k4_mall_d1,IMG_2417-HEIC
fb_h2_k4_mall_d1,IMG_2660-HEIC
fb_h2_k4_mall_d1,IMG_2395-HEIC
fb_h2_k4_mall_d1,IMG_2635-HEIC
fb_h2_k4_mall_d1,IMG_2636-HEIC
fb_h2_k4_mall_d1,IMG_2686-HEIC
fb_h2_k4_mall_d1,IMG_2648-HEIC
fb_h2_k4_mall_d1,IMG_2572-HEIC
fb_h2_k4_mall_d1,IMG_2535-HEIC
fb_h2_k4_mall_d1,IMG_2590-HEIC
fb_h2_k4_mall_d1,IMG_2592-HEIC
fb_h2_k4_mall_d1,IMG_2550-HEIC
fb_h2_k4_mall_d1,IMG_2579-HEIC
fb_h2_k4_mall_d1,IMG_2595-HEIC
fb_h2_k4_mall_d1,IMG_2525-HEIC
fb_h2_k4_mall_d1,IMG_2446-HEIC
fb_h2_k4_mall_d1,IMG_2493-HEIC
fb_h2_k4_mall_d1,IMG_2524-HEIC
fb_h2_k4_mall_d1,IMG_2583-HEIC
fb_h2_k4_mall_d1,IMG_2599-HEIC
fb_h2_k4_mall_d1,IMG_2615-HEIC
fb_h2_k4_mall_d1,IMG_2488-HEIC
fb_h2_k4_mall_d1,IMG_2578-HEIC
fb_h2_k4_mall_d1,IMG_2637-HEIC
fb_h2_k4_mall_d1,IMG_2533-HEIC
fb_h2_k4_mall_d1,IMG_2536-HEIC
fb_h2_k4_mall_d1,IMG_2478-HEIC
fb_h2_k4_mall_d1,IMG_2504-HEIC
fb_h2_k4_mall_d1,IMG_2680-HEIC
fb_h2_k4_mall_d1,IMG_2598-HEIC
fb_h2_k4_mall_d1,IMG_2674-HEIC
fb_h2_k4_mall_d1,IMG_2600-HEIC
fb_h2_k4_mall_d1,IMG_2647-HEIC
fb_h2_k4_mall_d1,IMG_2545-HEIC
fb_h2_k4_mall_d1,IMG_2643-HEIC
fb_h2_k4_mall_d1,IMG_2638-HEIC
fb_h2_k4_mall_d1,IMG_0238
fb_h2_k4_mall_d1,IMG_0078
fb_h2_k4_mall_d1,IMG_0260
fb_h2_k4_mall_d1,IMG_0165
fb_h2_k4_mall_d1,IMG_0211
fb_h2_k4_mall_d1,IMG_0192
fb_h2_k4_mall_d1,IMG_0273
fb_h2_k4_mall_d1,IMG_0108-HEIC
fb_h2_k4_mall_d1,IMG_0159
fb_h2_k4_mall_d1,IMG_0219
fb_h2_k4_mall_d1,IMG_0257
fb_h2_k4_mall_d1,IMG_0256
fb_h2_k4_mall_d1,IMG_0109-HEIC
fb_h2_k4_mall_d1,IMG_0069
fb_h2_k4_mall_d1,IMG_0204
fb_h2_k4_mall_d1,IMG_0177
fb_h2_k4_mall_d1,IMG_0223
fb_h2_k4_mall_d1,IMG_0083-HEIC
fb_h2_k4_mall_d1,IMG_0066
fb_h2_k4_mall_d1,IMG_0263
fb_h2_k4_mall_d1,IMG_0179
fb_h2_k4_mall_d1,IMG_0073
fb_h2_k4_mall_d1,IMG_0262
fb_h2_k4_mall_d1,IMG_0182-HEIC
fb_h2_k4_mall_d1,IMG_0084
fb_h2_k4_mall_d1,IMG_0284
fb_h2_k4_mall_d1,IMG_0089
fb_h2_k4_mall_d1,IMG_0095
fb_h2_k4_mall_d1,IMG_0116-HEIC
fb_h2_k4_mall_d1,IMG_0106-HEIC
fb_h2_k4_mall_d1,IMG_0187-HEIC
fb_h2_k4_mall_d1,IMG_0184
fb_h2_k4_mall_d1,IMG_0279
fb_h2_k4_mall_d1,IMG_0102
fb_h2_k4_mall_d1,IMG_0148
fb_h2_k4_mall_d1,IMG_0209
fb_h2_k4_mall_d1,IMG_0185
fb_h2_k4_mall_d1,IMG_0198
fb_h2_k4_mall_d1,IMG_0104-HEIC
fb_h2_k4_mall_d1,IMG_0230
fb_h2_k4_mall_d1,IMG_0080
fb_h2_k4_mall_d1,IMG_0218
fb_h2_k4_mall_d1,IMG_0178
fb_h2_k4_mall_d1,IMG_0072
fb_h2_k4_mall_d1,IMG_0175
fb_h2_k4_mall_d1,IMG_0091
fb_h2_k4_mall_d1,IMG_0126-HEIC
fb_h2_k4_mall_d1,IMG_0267
fb_h2_k4_mall_d1,IMG_0220
fb_h2_k4_mall_d1,IMG_0074
fb_h2_k4_mall_d1,IMG_0142
fb_h2_k4_mall_d1,IMG_0235
fb_h2_k4_mall_d1,IMG_0210
fb_h2_k4_mall_d1,IMG_0174
fb_h2_k4_mall_d1,IMG_0136
fb_h2_k4_mall_d1,IMG_0105-HEIC
fb_h2_k4_mall_d1,IMG_0077
fb_h2_k4_mall_d1,IMG_0153
fb_h2_k4_mall_d1,IMG_0111-HEIC
fb_h2_k4_mall_d1,IMG_0090
fb_h2_k4_mall_d1,IMG_0173
fb_h2_k4_mall_d1,IMG_0070
fb_h2_k4_mall_d1,IMG_9965
fb_h2_k4_mall_d1,IMG_9929
fb_h2_k4_mall_d1,IMG_9973
fb_h2_k4_mall_d1,IMG_9885
fb_h2_k4_mall_d1,IMG_9917
fb_h2_k4_mall_d1,IMG_9958
fb_h2_k4_mall_d1,IMG_9912-HEIC
fb_h2_k4_mall_d1,IMG_9940
fb_h2_k4_mall_d1,IMG_9989
fb_h2_k4_mall_d1,IMG_9920
fb_h2_k4_mall_d1,IMG_9907
fb_h2_k4_mall_d1,IMG_9939
fb_h2_k4_mall_d1,IMG_9942
fb_h2_k4_mall_d1,IMG_9928
fb_h2_k4_mall_d1,IMG_9902
fb_h2_k4_mall_d1,IMG_9903
fb_h2_k4_mall_d1,IMG_9941
fb_h2_k4_mall_d1,IMG_9949
fb_h2_k4_mall_d1,IMG_9908
fb_h2_k4_mall_d1,IMG_9886
fb_h2_k4_mall_d1,IMG_9957
fb_h2_k4_mall_d1,IMG_9900
fb_h2_k4_mall_d1,IMG_9916
fb_h2_k4_mall_d1,IMG_9923
fb_h2_k4_mall_d1,IMG_9906
fb_h2_k4_mall_d1,IMG_9914-HEIC
fb_h2_k4_mall_d1,IMG_9955
fb_h2_k4_mall_d1,IMG_9969
fb_h2_k4_mall_d1,IMG_9898
fb_h2_k4_mall_d1,IMG_9951
fb_h2_k4_mall_d1,IMG_9910
fb_h2_k4_mall_d1,IMG_9983
fb_h2_k4_mall_d1,IMG_9915
fb_h2_k4_mall_d1,IMG_9968
fb_h2_k4_mall_d1,IMG_9959
fb_h2_k4_mall_d1,IMG_9990
fb_h2_k4_mall_d1,IMG_9911
fb_h2_k4_mall_d1,IMG_9956
fb_h2_k4_mall_d1,IMG_9988
fb_h2_k4_mall_d1,IMG_9948
fb_h2_k4_mall_d1,IMG_9926
fb_h2_k4_mall_d1,IMG_9960
fb_h2_k4_mall_d1,IMG_9985
fb_h2_k4_mall_d1,IMG_9924
fb_h2_k4_mall_d1,IMG_9894
fb_h2_k4_mall_d1,IMG_9933
fb_h2_k4_mall_d1,IMG_9931
fb_h2_k4_mall_d1,IMG_9918
fb_h2_k4_mall_d1,IMG_9893
fb_h2_k4_mall_d1,IMG_9947
fb_h2_k4_mall_d1,IMG_9946
fb_h2_k4_mall_d1,IMG_9961
fb_h2_k4_mall_d1,IMG_9895
fb_h2_k4_mall_d1,IMG_9890
fb_h2_k4_mall_d1,IMG_9963
fb_h2_k4_mall_d1,IMG_9986
fb_h2_k4_mall_d1,IMG_9888
fb_h2_k4_mall_d1,IMG_9987
fb_h2_k4_mall_d1,IMG_9922
fb_h2_k4_mall_d1,IMG_9962
fb_h2_k4_mall_d1,IMG_9899
fb_h2_k4_mall_d1,IMG_9980
fb_h2_k4_mall_d1,IMG_9953
fb_h2_k4_mall_d1,IMG_9944
fb_h2_k4_mall_d1,IMG_9897
fb_h2_k4_mall_d1,IMG_9970
fb_h2_k4_mall_d1,IMG_9977
fb_h2_k4_mall_d1,IMG_9927
fb_h2_k4_mall_d1,IMG_9991
fb_h2_k4_mall_d1,IMG_9896
fb_h2_k4_mall_d1,IMG_9943
fb_h2_k4_mall_d1,IMG_9887
fb_h2_k4_mall_d1,IMG_9891
fb_h2_k4_mall_d1,IMG_9892
fb_h2_k4_mall_d1,IMG_9921
fb_h2_k4_mall_d1,IMG_9984
fb_h2_k4_mall_d1,IMG_9925
fb_h2_k4_mall_d1,IMG_9904
fb_h2_k4_mall_d1,IMG_9972
fb_h2_k4_mall_d1,IMG_9905
fb_h2_k4_mall_d1,IMG_9889
fb_h2_k4_mall_d1,IMG_9919
fb_h2_k4_mall_d1,IMG_2183-HEIC
fb_h2_k4_mall_d1,IMG_2132-HEIC
fb_h2_k4_mall_d1,IMG_2206-HEIC
fb_h2_k4_mall_d1,IMG_2150-HEIC
fb_h2_k4_mall_d1,IMG_2187-HEIC
fb_h2_k4_mall_d1,IMG_2191-HEIC
fb_h2_k4_mall_d1,IMG_2158-HEIC
fb_h2_k4_mall_d1,IMG_2185-HEIC
fb_h2_k4_mall_d1,IMG_2156-HEIC
fb_h2_k4_mall_d1,IMG_2155-HEIC
fb_h2_k4_mall_d1,IMG_2152-HEIC
fb_h2_k4_mall_d1,IMG_2216-HEIC
fb_h2_k4_mall_d1,IMG_2159-HEIC
fb_h2_k4_mall_d1,IMG_2133-HEIC
fb_h2_k4_mall_d1,IMG_2198-HEIC
fb_h2_k4_mall_d1,IMG_2154-HEIC
fb_h2_k4_mall_d1,IMG_2189-HEIC
fb_h2_k4_mall_d1,IMG_2201-HEIC
fb_h2_k4_mall_d1,IMG_2174-HEIC
fb_h2_k4_mall_d1,IMG_2193-HEIC
fb_h2_k4_mall_d1,IMG_2203-HEIC
fb_h2_k4_mall_d1,IMG_2149-HEIC
fb_h2_k4_mall_d1,IMG_2134-HEIC
fb_h2_k4_mall_d1,IMG_2211-HEIC
fb_h2_k4_mall_d1,IMG_2153-HEIC
fb_h2_k4_mall_d1,IMG_2199-HEIC
fb_h2_k4_mall_d1,IMG_2138-HEIC
fb_h2_k4_mall_d1,IMG_2188-HEIC
fb_h2_k4_mall_d1,IMG_2175-HEIC
fb_h2_k4_mall_d1,IMG_2148-HEIC
fb_h2_k4_mall_d1,IMG_2151-HEIC
fb_h2_k4_mall_d1,IMG_2214-HEIC
fb_h2_k4_mall_d1,IMG_2168-HEIC
fb_h2_k4_mall_d1,IMG_2177-HEIC
fb_h2_k4_mall_d1,IMG_2209-HEIC
fb_h2_k4_mall_d1,IMG_2194-HEIC
fb_h2_k4_mall_d1,IMG_2195-HEIC
fb_h2_k4_mall_d1,IMG_2169-HEIC
fb_h2_k4_mall_d1,IMG_2181-HEIC
fb_h2_k4_mall_d1,IMG_2139-HEIC
fb_h2_k4_mall_d1,IMG_2204-HEIC
fb_h2_k4_mall_d1,IMG_2196-HEIC
fb_h2_k4_mall_d1,IMG_2197-HEIC
fb_h2_k4_mall_d1,IMG_2213-HEIC
fb_h2_k4_mall_d1,IMG_2170-HEIC
fb_h2_k4_mall_d1,IMG_2212-HEIC
fb_h2_k4_mall_d1,IMG_2179-HEIC
fb_h2_k4_mall_d1,IMG_2182-HEIC
fb_h2_k4_mall_d1,IMG_2176-HEIC
fb_h2_k4_mall_d1,IMG_2208-HEIC
fb_h2_k4_mall_d1,IMG_2180-HEIC
fb_h2_k4_mall_d1,IMG_2190-HEIC
fb_h2_k4_mall_d1,IMG_2184-HEIC
fb_h2_k4_mall_d1,IMG_2205-HEIC
fb_h2_k4_mall_d1,IMG_2178-HEIC
fb_h2_k4_mall_d1,IMG_2131-HEIC
fb_h2_k4_mall_d1,IMG_2202-HEIC
fb_h2_k7_m15_d0,IMG_0375
fb_h2_k7_m15_d0,IMG_9971
fb_h2_k7_m15_d0,IMG_9808
fb_h2_k7_m15_d0,IMG_9764
fb_h2_k7_m15_d0,IMG_0416
fb_h2_k7_m15_d0,IMG_0404
fb_h2_k7_m15_d0,IMG_0450
fb_h2_k7_m15_d0,IMG_9947-HEIC
fb_h2_k7_m15_d0,IMG_9915-HEIC
fb_h2_k7_m15_d0,IMG_9801
fb_h2_k7_m15_d0,IMG_9818
fb_h2_k7_m15_d0,IMG_9844
fb_h2_k7_m15_d0,IMG_9771
fb_h2_k7_m15_d0,IMG_9865
fb_h2_k7_m15_d0,IMG_9821
fb_h2_k7_m15_d0,IMG_2584-HEIC
fb_h2_k7_m15_d0,IMG_2492-HEIC
fb_h2_k7_m15_d0,IMG_2592-HEIC
fb_h2_k7_m15_d0,IMG_2534-HEIC
fb_h2_k7_m15_d0,IMG_2600-HEIC
fb_h2_k7_m15_d0,IMG_2520-HEIC
fb_h2_k7_m15_d0,IMG_2545-HEIC
fb_h2_k7_m15_d0,IMG_2476-HEIC
fb_h2_k7_m15_d0,IMG_2477-HEIC
fb_h2_k7_m15_d0,IMG_2550-HEIC
fb_h2_k7_m15_d0,IMG_2491-HEIC
fb_h2_k7_m15_d0,IMG_2610-HEIC
fb_h2_k7_m15_d0,IMG_2567-HEIC
fb_h2_k7_m15_d0,IMG_2579-HEIC
fb_h2_k7_m15_d0,IMG_2619-HEIC
fb_h2_k7_m15_d0,IMG_0148
fb_h2_k7_m15_d0,IMG_0238
fb_h2_k7_m15_d0,IMG_0069
fb_h2_k7_m15_d0,IMG_0080
fb_h2_k7_m15_d0,IMG_0192
fb_h2_k7_m15_d0,IMG_0084
fb_h2_k7_m15_d0,IMG_0174
fb_h2_k7_m15_d0,IMG_0256
fb_h2_k7_m15_d0,IMG_0108-HEIC
fb_h2_k7_m15_d0,IMG_0177
fb_h2_k7_m15_d0,IMG_0074
fb_h2_k7_m15_d0,IMG_0235
fb_h2_k7_m15_d0,IMG_0230
fb_h2_k7_m15_d0,IMG_0095
fb_h2_k7_m15_d0,IMG_0279
fb_h2_k7_m15_d0,IMG_2251-HEIC
fb_h2_k7_m15_d0,IMG_2246-HEIC
fb_h2_k7_m15_d0,IMG_0767-HEIC
fb_h2_k7_m15_d0,IMG_2296-HEIC
fb_h2_k7_m15_d0,IMG_0773-HEIC
fb_h2_k7_m15_d0,IMG_0751-HEIC
fb_h2_k7_m15_d0,IMG_2342-HEIC
fb_h2_k7_m15_d0,IMG_2329-HEIC
fb_h2_k7_m15_d0,IMG_2259-HEIC
fb_h2_k7_m15_d0,IMG_2270-HEIC
fb_h2_k7_m15_d0,IMG_2257-HEIC
fb_h2_k7_m15_d0,IMG_2303-HEIC
fb_h2_k7_m15_d0,IMG_0741-HEIC
fb_h2_k7_m15_d0,IMG_0765-HEIC
fb_h2_k7_m15_d0,IMG_0737-HEIC
fb_h2_k7_m15_d0,IMG_3976
fb_h2_k7_m15_d0,IMG_1914
fb_h2_k7_m15_d0,IMG_1997
fb_h2_k7_m15_d0,IMG_1993
fb_h2_k7_m15_d0,IMG_2057
fb_h2_k7_m15_d0,IMG_3996
fb_h2_k7_m15_d0,IMG_2030
fb_h2_k7_m15_d0,IMG_4001
fb_h2_k7_m15_d0,IMG_4058
fb_h2_k7_m15_d0,IMG_1971
fb_h2_k7_m15_d0,IMG_3982
fb_h2_k7_m15_d0,IMG_1959
fb_h2_k7_m15_d0,IMG_4047
fb_h2_k7_m15_d0,IMG_1962
fb_h2_k7_m15_d0,IMG_1922
fb_h2_k7_m15_d0,IMG_9921
fb_h2_k7_m15_d0,IMG_9924
fb_h2_k7_m15_d0,IMG_9946
fb_h2_k7_m15_d0,IMG_9906
fb_h2_k7_m15_d0,IMG_9904
fb_h2_k7_m15_d0,IMG_9962
fb_h2_k7_m15_d0,IMG_9943
fb_h2_k7_m15_d0,IMG_9907
fb_h2_k7_m15_d0,IMG_9905
fb_h2_k7_m15_d0,IMG_9959
fb_h2_k7_m15_d0,IMG_9980
fb_h2_k7_m15_d0,IMG_9928
fb_h2_k7_m15_d0,IMG_9923
fb_h2_k7_m15_d0,IMG_9896
fb_h2_k7_m15_d0,IMG_9919
fb_h2_k7_m15_d0,IMG_2194-HEIC
fb_h2_k7_m15_d0,IMG_2183-HEIC
fb_h2_k7_m15_d0,IMG_2151-HEIC
fb_h2_k7_m15_d0,IMG_2149-HEIC
fb_h2_k7_m15_d0,IMG_2201-HEIC
fb_h2_k7_m15_d0,IMG_2148-HEIC
fb_h2_k7_m15_d0,IMG_2150-HEIC
fb_h2_k7_m15_d0,IMG_2193-HEIC
fb_h2_k7_m15_d0,IMG_2152-HEIC
fb_h2_k7_m15_d0,IMG_2189-HEIC
fb_h2_k7_m15_d0,IMG_2216-HEIC
fb_h2_k7_m15_d0,IMG_2155-HEIC
fb_h2_k7_m15_d0,IMG_2204-HEIC
fb_h2_k7_m15_d0,IMG_2176-HEIC
fb_h2_k7_m15_d0,IMG_2180-HEIC
fb_h2_k7_m50_d0,IMG_0375
fb_h2_k7_m50_d0,IMG_9971
fb_h2_k7_m50_d0,IMG_9808
fb_h2_k7_m50_d0,IMG_9764
fb_h2_k7_m50_d0,IMG_0416
fb_h2_k7_m50_d0,IMG_0404
fb_h2_k7_m50_d0,IMG_0450
fb_h2_k7_m50_d0,IMG_9947-HEIC
fb_h2_k7_m50_d0,IMG_9915-HEIC
fb_h2_k7_m50_d0,IMG_9801
fb_h2_k7_m50_d0,IMG_9818
fb_h2_k7_m50_d0,IMG_9844
fb_h2_k7_m50_d0,IMG_9771
fb_h2_k7_m50_d0,IMG_9865
fb_h2_k7_m50_d0,IMG_9821
fb_h2_k7_m50_d0,IMG_9836
fb_h2_k7_m50_d0,IMG_9867
fb_h2_k7_m50_d0,IMG_9917-HEIC
fb_h2_k7_m50_d0,IMG_0410
fb_h2_k7_m50_d0,IMG_9768
fb_h2_k7_m50_d0,IMG_9810
fb_h2_k7_m50_d0,IMG_9800
fb_h2_k7_m50_d0,IMG_9843
fb_h2_k7_m50_d0,IMG_7021
fb_h2_k7_m50_d0,IMG_9866
fb_h2_k7_m50_d0,IMG_9990-HEIC
fb_h2_k7_m50_d0,IMG_9806
fb_h2_k7_m50_d0,IMG_9833
fb_h2_k7_m50_d0,IMG_9783-HEIC
fb_h2_k7_m50_d0,IMG_9881
fb_h2_k7_m50_d0,IMG_0393
fb_h2_k7_m50_d0,IMG_9857
fb_h2_k7_m50_d0,IMG_9861-HEIC
fb_h2_k7_m50_d0,IMG_9906-HEIC
fb_h2_k7_m50_d0,IMG_9823
fb_h2_k7_m50_d0,IMG_9907-HEIC
fb_h2_k7_m50_d0,IMG_0046
fb_h2_k7_m50_d0,IMG_9870
fb_h2_k7_m50_d0,IMG_9773
fb_h2_k7_m50_d0,IMG_9874
fb_h2_k7_m50_d0,IMG_9949-HEIC
fb_h2_k7_m50_d0,IMG_0002
fb_h2_k7_m50_d0,IMG_9998
fb_h2_k7_m50_d0,IMG_9804
fb_h2_k7_m50_d0,IMG_9981-HEIC
fb_h2_k7_m50_d0,IMG_9766
fb_h2_k7_m50_d0,IMG_9911-HEIC
fb_h2_k7_m50_d0,IMG_9905-HEIC
fb_h2_k7_m50_d0,IMG_0444
fb_h2_k7_m50_d0,IMG_9920-HEIC
fb_h2_k7_m50_d0,IMG_2584-HEIC
fb_h2_k7_m50_d0,IMG_2492-HEIC
fb_h2_k7_m50_d0,IMG_2592-HEIC
fb_h2_k7_m50_d0,IMG_2534-HEIC
fb_h2_k7_m50_d0,IMG_2600-HEIC
fb_h2_k7_m50_d0,IMG_2520-HEIC
fb_h2_k7_m50_d0,IMG_2545-HEIC
fb_h2_k7_m50_d0,IMG_2476-HEIC
fb_h2_k7_m50_d0,IMG_2477-HEIC
fb_h2_k7_m50_d0,IMG_2550-HEIC
fb_h2_k7_m50_d0,IMG_2491-HEIC
fb_h2_k7_m50_d0,IMG_2610-HEIC
fb_h2_k7_m50_d0,IMG_2567-HEIC
fb_h2_k7_m50_d0,IMG_2579-HEIC
fb_h2_k7_m50_d0,IMG_2619-HEIC
fb_h2_k7_m50_d0,IMG_2535-HEIC
fb_h2_k7_m50_d0,IMG_2493-HEIC
fb_h2_k7_m50_d0,IMG_2700-HEIC
fb_h2_k7_m50_d0,IMG_2417-HEIC
fb_h2_k7_m50_d0,IMG_2538-HEIC
fb_h2_k7_m50_d0,IMG_2588-HEIC
fb_h2_k7_m50_d0,IMG_2570-HEIC
fb_h2_k7_m50_d0,IMG_2480-HEIC
fb_h2_k7_m50_d0,IMG_2536-HEIC
fb_h2_k7_m50_d0,IMG_2526-HEIC
fb_h2_k7_m50_d0,IMG_2621-HEIC
fb_h2_k7_m50_d0,IMG_2489-HEIC
fb_h2_k7_m50_d0,IMG_2637-HEIC
fb_h2_k7_m50_d0,IMG_2481-HEIC
fb_h2_k7_m50_d0,IMG_2452-HEIC
fb_h2_k7_m50_d0,IMG_2615-HEIC
fb_h2_k7_m50_d0,IMG_2648-HEIC
fb_h2_k7_m50_d0,IMG_2533-HEIC
fb_h2_k7_m50_d0,IMG_2585-HEIC
fb_h2_k7_m50_d0,IMG_2680-HEIC
fb_h2_k7_m50_d0,IMG_2587-HEIC
fb_h2_k7_m50_d0,IMG_2635-HEIC
fb_h2_k7_m50_d0,IMG_2576-HEIC
fb_h2_k7_m50_d0,IMG_2513-HEIC
fb_h2_k7_m50_d0,IMG_2475-HEIC
fb_h2_k7_m50_d0,IMG_2581-HEIC
fb_h2_k7_m50_d0,IMG_2542-HEIC
fb_h2_k7_m50_d0,IMG_2701-HEIC
fb_h2_k7_m50_d0,IMG_2523-HEIC
fb_h2_k7_m50_d0,IMG_2590-HEIC
fb_h2_k7_m50_d0,IMG_2594-HEIC
fb_h2_k7_m50_d0,IMG_2604-HEIC
fb_h2_k7_m50_d0,IMG_2593-HEIC
fb_h2_k7_m50_d0,IMG_2564-HEIC
fb_h2_k7_m50_d0,IMG_2478-HEIC
fb_h2_k7_m50_d0,IMG_0148
fb_h2_k7_m50_d0,IMG_0238
fb_h2_k7_m50_d0,IMG_0069
fb_h2_k7_m50_d0,IMG_0080
fb_h2_k7_m50_d0,IMG_0192
fb_h2_k7_m50_d0,IMG_0084
fb_h2_k7_m50_d0,IMG_0174
fb_h2_k7_m50_d0,IMG_0256
fb_h2_k7_m50_d0,IMG_0108-HEIC
fb_h2_k7_m50_d0,IMG_0177
fb_h2_k7_m50_d0,IMG_0074
fb_h2_k7_m50_d0,IMG_0235
fb_h2_k7_m50_d0,IMG_0230
fb_h2_k7_m50_d0,IMG_0095
fb_h2_k7_m50_d0,IMG_0279
fb_h2_k7_m50_d0,IMG_0136
fb_h2_k7_m50_d0,IMG_0257
fb_h2_k7_m50_d0,IMG_0175
fb_h2_k7_m50_d0,IMG_0089
fb_h2_k7_m50_d0,IMG_0273
fb_h2_k7_m50_d0,IMG_0284
fb_h2_k7_m50_d0,IMG_0066
fb_h2_k7_m50_d0,IMG_0262
fb_h2_k7_m50_d0,IMG_0219
fb_h2_k7_m50_d0,IMG_0090
fb_h2_k7_m50_d0,IMG_0126-HEIC
fb_h2_k7_m50_d0,IMG_0182-HEIC
fb_h2_k7_m50_d0,IMG_0179
fb_h2_k7_m50_d0,IMG_0165
fb_h2_k7_m50_d0,IMG_0184
fb_h2_k7_m50_d0,IMG_0211
fb_h2_k7_m50_d0,IMG_0153
fb_h2_k7_m50_d0,IMG_0116-HEIC
fb_h2_k7_m50_d0,IMG_0106-HEIC
fb_h2_k7_m50_d0,IMG_0198
fb_h2_k7_m50_d0,IMG_0102
fb_h2_k7_m50_d0,IMG_0173
fb_h2_k7_m50_d0,IMG_0187-HEIC
fb_h2_k7_m50_d0,IMG_0142
fb_h2_k7_m50_d0,IMG_0105-HEIC
fb_h2_k7_m50_d0,IMG_0073
fb_h2_k7_m50_d0,IMG_0260
fb_h2_k7_m50_d0,IMG_0220
fb_h2_k7_m50_d0,IMG_0210
fb_h2_k7_m50_d0,IMG_0267
fb_h2_k7_m50_d0,IMG_0091
fb_h2_k7_m50_d0,IMG_0185
fb_h2_k7_m50_d0,IMG_0178
fb_h2_k7_m50_d0,IMG_0083-HEIC
fb_h2_k7_m50_d0,IMG_0159
fb_h2_k7_m50_d0,IMG_2251-HEIC
fb_h2_k7_m50_d0,IMG_2246-HEIC
fb_h2_k7_m50_d0,IMG_0767-HEIC
fb_h2_k7_m50_d0,IMG_2296-HEIC
fb_h2_k7_m50_d0,IMG_0773-HEIC
fb_h2_k7_m50_d0,IMG_0751-HEIC
fb_h2_k7_m50_d0,IMG_2342-HEIC
fb_h2_k7_m50_d0,IMG_2329-HEIC
fb_h2_k7_m50_d0,IMG_2259-HEIC
fb_h2_k7_m50_d0,IMG_2270-HEIC
fb_h2_k7_m50_d0,IMG_2257-HEIC
fb_h2_k7_m50_d0,IMG_2303-HEIC
fb_h2_k7_m50_d0,IMG_0741-HEIC
fb_h2_k7_m50_d0,IMG_0765-HEIC
fb_h2_k7_m50_d0,IMG_0737-HEIC
fb_h2_k7_m50_d0,IMG_2335-HEIC
fb_h2_k7_m50_d0,IMG_0758-HEIC
fb_h2_k7_m50_d0,IMG_2382-HEIC
fb_h2_k7_m50_d0,IMG_2295-HEIC
fb_h2_k7_m50_d0,IMG_0768-HEIC
fb_h2_k7_m50_d0,IMG_0764-HEIC
fb_h2_k7_m50_d0,IMG_2339-HEIC
fb_h2_k7_m50_d0,IMG_2333-HEIC
fb_h2_k7_m50_d0,IMG_0770-HEIC
fb_h2_k7_m50_d0,IMG_0760-HEIC
fb_h2_k7_m50_d0,IMG_2383-HEIC
fb_h2_k7_m50_d0,IMG_2239-HEIC
fb_h2_k7_m50_d0,IMG_2340-HEIC
fb_h2_k7_m50_d0,IMG_2293-HEIC
fb_h2_k7_m50_d0,IMG_2309-HEIC
fb_h2_k7_m50_d0,IMG_2285-HEIC
fb_h2_k7_m50_d0,IMG_0761-HEIC
fb_h2_k7_m50_d0,IMG_0759-HEIC
fb_h2_k7_m50_d0,IMG_0754-HEIC
fb_h2_k7_m50_d0,IMG_2252-HEIC
fb_h2_k7_m50_d0,IMG_2386-HEIC
fb_h2_k7_m50_d0,IMG_0771-HEIC
fb_h2_k7_m50_d0,IMG_2389-HEIC
fb_h2_k7_m50_d0,IMG_2302-HEIC
fb_h2_k7_m50_d0,IMG_2347-HEIC
fb_h2_k7_m50_d0,IMG_2391-HEIC
fb_h2_k7_m50_d0,IMG_2255-HEIC
fb_h2_k7_m50_d0,IMG_2254-HEIC
fb_h2_k7_m50_d0,IMG_2253-HEIC
fb_h2_k7_m50_d0,IMG_2390-HEIC
fb_h2_k7_m50_d0,IMG_2256-HEIC
fb_h2_k7_m50_d0,IMG_2286-HEIC
fb_h2_k7_m50_d0,IMG_2384-HEIC
fb_h2_k7_m50_d0,IMG_2289-HEIC
fb_h2_k7_m50_d0,IMG_0743-HEIC
fb_h2_k7_m50_d0,IMG_3976
fb_h2_k7_m50_d0,IMG_1914
fb_h2_k7_m50_d0,IMG_1997
fb_h2_k7_m50_d0,IMG_1993
fb_h2_k7_m50_d0,IMG_2057
fb_h2_k7_m50_d0,IMG_3996
fb_h2_k7_m50_d0,IMG_2030
fb_h2_k7_m50_d0,IMG_4001
fb_h2_k7_m50_d0,IMG_4058
fb_h2_k7_m50_d0,IMG_1971
fb_h2_k7_m50_d0,IMG_3982
fb_h2_k7_m50_d0,IMG_1959
fb_h2_k7_m50_d0,IMG_4047
fb_h2_k7_m50_d0,IMG_1962
fb_h2_k7_m50_d0,IMG_1922
fb_h2_k7_m50_d0,IMG_4003
fb_h2_k7_m50_d0,IMG_2056
fb_h2_k7_m50_d0,IMG_2052
fb_h2_k7_m50_d0,IMG_1965
fb_h2_k7_m50_d0,IMG_2025
fb_h2_k7_m50_d0,IMG_3993
fb_h2_k7_m50_d0,IMG_2038
fb_h2_k7_m50_d0,IMG_2048
fb_h2_k7_m50_d0,IMG_2051
fb_h2_k7_m50_d0,IMG_2001
fb_h2_k7_m50_d0,IMG_1956
fb_h2_k7_m50_d0,IMG_3963
fb_h2_k7_m50_d0,IMG_2042
fb_h2_k7_m50_d0,IMG_2012
fb_h2_k7_m50_d0,IMG_3929
fb_h2_k7_m50_d0,IMG_4013
fb_h2_k7_m50_d0,IMG_4015
fb_h2_k7_m50_d0,IMG_1924
fb_h2_k7_m50_d0,IMG_3987
fb_h2_k7_m50_d0,IMG_3931
fb_h2_k7_m50_d0,IMG_1908
fb_h2_k7_m50_d0,IMG_2018
fb_h2_k7_m50_d0,IMG_1912
fb_h2_k7_m50_d0,IMG_2037
fb_h2_k7_m50_d0,IMG_3918
fb_h2_k7_m50_d0,IMG_2045
fb_h2_k7_m50_d0,IMG_3992
fb_h2_k7_m50_d0,IMG_3928
fb_h2_k7_m50_d0,IMG_3980
fb_h2_k7_m50_d0,IMG_1998
fb_h2_k7_m50_d0,IMG_3984
fb_h2_k7_m50_d0,IMG_2050
fb_h2_k7_m50_d0,IMG_1960
fb_h2_k7_m50_d0,IMG_1918
fb_h2_k7_m50_d0,IMG_2032
fb_h2_k7_m50_d0,IMG_9921
fb_h2_k7_m50_d0,IMG_9924
fb_h2_k7_m50_d0,IMG_9946
fb_h2_k7_m50_d0,IMG_9906
fb_h2_k7_m50_d0,IMG_9904
fb_h2_k7_m50_d0,IMG_9962
fb_h2_k7_m50_d0,IMG_9943
fb_h2_k7_m50_d0,IMG_9907
fb_h2_k7_m50_d0,IMG_9905
fb_h2_k7_m50_d0,IMG_9959
fb_h2_k7_m50_d0,IMG_9980
fb_h2_k7_m50_d0,IMG_9928
fb_h2_k7_m50_d0,IMG_9923
fb_h2_k7_m50_d0,IMG_9896
fb_h2_k7_m50_d0,IMG_9919
fb_h2_k7_m50_d0,IMG_9986
fb_h2_k7_m50_d0,IMG_9991
fb_h2_k7_m50_d0,IMG_9892
fb_h2_k7_m50_d0,IMG_9908
fb_h2_k7_m50_d0,IMG_9903
fb_h2_k7_m50_d0,IMG_9941
fb_h2_k7_m50_d0,IMG_9973
fb_h2_k7_m50_d0,IMG_9983
fb_h2_k7_m50_d0,IMG_9917
fb_h2_k7_m50_d0,IMG_9968
fb_h2_k7_m50_d0,IMG_9889
fb_h2_k7_m50_d0,IMG_9895
fb_h2_k7_m50_d0,IMG_9902
fb_h2_k7_m50_d0,IMG_9918
fb_h2_k7_m50_d0,IMG_9899
fb_h2_k7_m50_d0,IMG_9927
fb_h2_k7_m50_d0,IMG_9900
fb_h2_k7_m50_d0,IMG_9893
fb_h2_k7_m50_d0,IMG_9939
fb_h2_k7_m50_d0,IMG_9958
fb_h2_k7_m50_d0,IMG_9891
fb_h2_k7_m50_d0,IMG_9926
fb_h2_k7_m50_d0,IMG_9910
fb_h2_k7_m50_d0,IMG_9894
fb_h2_k7_m50_d0,IMG_9915
fb_h2_k7_m50_d0,IMG_9929
fb_h2_k7_m50_d0,IMG_9988
fb_h2_k7_m50_d0,IMG_9888
fb_h2_k7_m50_d0,IMG_9984
fb_h2_k7_m50_d0,IMG_9955
fb_h2_k7_m50_d0,IMG_9898
fb_h2_k7_m50_d0,IMG_9911
fb_h2_k7_m50_d0,IMG_9956
fb_h2_k7_m50_d0,IMG_9914-HEIC
fb_h2_k7_m50_d0,IMG_9977
fb_h2_k7_m50_d0,IMG_2194-HEIC
fb_h2_k7_m50_d0,IMG_2183-HEIC
fb_h2_k7_m50_d0,IMG_2151-HEIC
fb_h2_k7_m50_d0,IMG_2149-HEIC
fb_h2_k7_m50_d0,IMG_2201-HEIC
fb_h2_k7_m50_d0,IMG_2148-HEIC
fb_h2_k7_m50_d0,IMG_2150-HEIC
fb_h2_k7_m50_d0,IMG_2193-HEIC
fb_h2_k7_m50_d0,IMG_2152-HEIC
fb_h2_k7_m50_d0,IMG_2189-HEIC
fb_h2_k7_m50_d0,IMG_2216-HEIC
fb_h2_k7_m50_d0,IMG_2155-HEIC
fb_h2_k7_m50_d0,IMG_2204-HEIC
fb_h2_k7_m50_d0,IMG_2176-HEIC
fb_h2_k7_m50_d0,IMG_2180-HEIC
fb_h2_k7_m50_d0,IMG_2132-HEIC
fb_h2_k7_m50_d0,IMG_2175-HEIC
fb_h2_k7_m50_d0,IMG_2169-HEIC
fb_h2_k7_m50_d0,IMG_2209-HEIC
fb_h2_k7_m50_d0,IMG_2188-HEIC
fb_h2_k7_m50_d0,IMG_2168-HEIC
fb_h2_k7_m50_d0,IMG_2177-HEIC
fb_h2_k7_m50_d0,IMG_2206-HEIC
fb_h2_k7_m50_d0,IMG_2174-HEIC
fb_h2_k7_m50_d0,IMG_2202-HEIC
fb_h2_k7_m50_d0,IMG_2195-HEIC
fb_h2_k7_m50_d0,IMG_2213-HEIC
fb_h2_k7_m50_d0,IMG_2212-HEIC
fb_h2_k7_m50_d0,IMG_2199-HEIC
fb_h2_k7_m50_d0,IMG_2184-HEIC
fb_h2_k7_m50_d0,IMG_2133-HEIC
fb_h2_k7_m50_d0,IMG_2191-HEIC
fb_h2_k7_m50_d0,IMG_2203-HEIC
fb_h2_k7_m50_d0,IMG_2208-HEIC
fb_h2_k7_m50_d0,IMG_2178-HEIC
fb_h2_k7_m50_d0,IMG_2187-HEIC
fb_h2_k7_m50_d0,IMG_2153-HEIC
fb_h2_k7_m50_d0,IMG_2139-HEIC
fb_h2_k7_m50_d0,IMG_2156-HEIC
fb_h2_k7_m50_d0,IMG_2179-HEIC
fb_h2_k7_m50_d0,IMG_2138-HEIC
fb_h2_k7_m50_d0,IMG_2197-HEIC
fb_h2_k7_m50_d0,IMG_2158-HEIC
fb_h2_k7_m50_d0,IMG_2182-HEIC
fb_h2_k7_m50_d0,IMG_2170-HEIC
fb_h2_k7_m50_d0,IMG_2198-HEIC
fb_h2_k7_m50_d0,IMG_2154-HEIC
fb_h2_k7_m50_d0,IMG_2134-HEIC
fb_h2_k7_m50_d0,IMG_2190-HEIC
fb_h2_k7_m50_d0,IMG_2131-HEIC
fb_h2_k7_mall_d0,IMG_0375
fb_h2_k7_mall_d0,IMG_9971
fb_h2_k7_mall_d0,IMG_9808
fb_h2_k7_mall_d0,IMG_9764
fb_h2_k7_mall_d0,IMG_0416
fb_h2_k7_mall_d0,IMG_0404
fb_h2_k7_mall_d0,IMG_0450
fb_h2_k7_mall_d0,IMG_9947-HEIC
fb_h2_k7_mall_d0,IMG_9915-HEIC
fb_h2_k7_mall_d0,IMG_9801
fb_h2_k7_mall_d0,IMG_9818
fb_h2_k7_mall_d0,IMG_9844
fb_h2_k7_mall_d0,IMG_9771
fb_h2_k7_mall_d0,IMG_9865
fb_h2_k7_mall_d0,IMG_9821
fb_h2_k7_mall_d0,IMG_9836
fb_h2_k7_mall_d0,IMG_9867
fb_h2_k7_mall_d0,IMG_9917-HEIC
fb_h2_k7_mall_d0,IMG_0410
fb_h2_k7_mall_d0,IMG_9768
fb_h2_k7_mall_d0,IMG_9810
fb_h2_k7_mall_d0,IMG_9800
fb_h2_k7_mall_d0,IMG_9843
fb_h2_k7_mall_d0,IMG_7021
fb_h2_k7_mall_d0,IMG_9866
fb_h2_k7_mall_d0,IMG_9990-HEIC
fb_h2_k7_mall_d0,IMG_9806
fb_h2_k7_mall_d0,IMG_9833
fb_h2_k7_mall_d0,IMG_9783-HEIC
fb_h2_k7_mall_d0,IMG_9881
fb_h2_k7_mall_d0,IMG_0393
fb_h2_k7_mall_d0,IMG_9857
fb_h2_k7_mall_d0,IMG_9861-HEIC
fb_h2_k7_mall_d0,IMG_9906-HEIC
fb_h2_k7_mall_d0,IMG_9823
fb_h2_k7_mall_d0,IMG_9907-HEIC
fb_h2_k7_mall_d0,IMG_0046
fb_h2_k7_mall_d0,IMG_9870
fb_h2_k7_mall_d0,IMG_9773
fb_h2_k7_mall_d0,IMG_9874
fb_h2_k7_mall_d0,IMG_9949-HEIC
fb_h2_k7_mall_d0,IMG_0002
fb_h2_k7_mall_d0,IMG_9998
fb_h2_k7_mall_d0,IMG_9804
fb_h2_k7_mall_d0,IMG_9981-HEIC
fb_h2_k7_mall_d0,IMG_9766
fb_h2_k7_mall_d0,IMG_9911-HEIC
fb_h2_k7_mall_d0,IMG_9905-HEIC
fb_h2_k7_mall_d0,IMG_0444
fb_h2_k7_mall_d0,IMG_9920-HEIC
fb_h2_k7_mall_d0,IMG_9838
fb_h2_k7_mall_d0,IMG_0346
fb_h2_k7_mall_d0,IMG_9799
fb_h2_k7_mall_d0,IMG_0439
fb_h2_k7_mall_d0,IMG_9955-HEIC
fb_h2_k7_mall_d0,IMG_9827
fb_h2_k7_mall_d0,IMG_9805
fb_h2_k7_mall_d0,IMG_9985-HEIC
fb_h2_k7_mall_d0,IMG_9966
fb_h2_k7_mall_d0,IMG_9825
fb_h2_k7_mall_d0,IMG_9984-HEIC
fb_h2_k7_mall_d0,IMG_9989-HEIC
fb_h2_k7_mall_d0,IMG_9854
fb_h2_k7_mall_d0,IMG_0034
fb_h2_k7_mall_d0,IMG_9873
fb_h2_k7_mall_d0,IMG_9918-HEIC
fb_h2_k7_mall_d0,IMG_0351
fb_h2_k7_mall_d0,IMG_9784-HEIC
fb_h2_k7_mall_d0,IMG_9982-HEIC
fb_h2_k7_mall_d0,IMG_9832
fb_h2_k7_mall_d0,IMG_9938
fb_h2_k7_mall_d0,IMG_0370
fb_h2_k7_mall_d0,IMG_9978-HEIC
fb_h2_k7_mall_d0,IMG_0311
fb_h2_k7_mall_d0,IMG_9964
fb_h2_k7_mall_d0,IMG_0433
fb_h2_k7_mall_d0,IMG_9997
fb_h2_k7_mall_d0,IMG_9813
fb_h2_k7_mall_d0,IMG_0340
fb_h2_k7_mall_d0,IMG_9858
fb_h2_k7_mall_d0,IMG_0051
fb_h2_k7_mall_d0,IMG_9828
fb_h2_k7_mall_d0,IMG_9909-HEIC
fb_h2_k7_mall_d0,IMG_9875
fb_h2_k7_mall_d0,IMG_9769
fb_h2_k7_mall_d0,IMG_9803
fb_h2_k7_mall_d0,IMG_0003
fb_h2_k7_mall_d0,IMG_9775
fb_h2_k7_mall_d0,IMG_0398
fb_h2_k7_mall_d0,IMG_9916-HEIC
fb_h2_k7_mall_d0,IMG_9839
fb_h2_k7_mall_d0,IMG_9767
fb_h2_k7_mall_d0,IMG_9842
fb_h2_k7_mall_d0,IMG_0427
fb_h2_k7_mall_d0,IMG_0008
fb_h2_k7_mall_d0,IMG_9770
fb_h2_k7_mall_d0,IMG_9834
fb_h2_k7_mall_d0,IMG_9859
fb_h2_k7_mall_d0,IMG_9979-HEIC
fb_h2_k7_mall_d0,IMG_9876
fb_h2_k7_mall_d0,IMG_9765
fb_h2_k7_mall_d0,IMG_9777
fb_h2_k7_mall_d0,IMG_0381
fb_h2_k7_mall_d0,IMG_9822
fb_h2_k7_mall_d0,IMG_9811
fb_h2_k7_mall_d0,IMG_9779-HEIC
fb_h2_k7_mall_d0,IMG_9809
fb_h2_k7_mall_d0,IMG_9868-HEIC
fb_h2_k7_mall_d0,IMG_0323
fb_h2_k7_mall_d0,IMG_0364
fb_h2_k7_mall_d0,IMG_0300
fb_h2_k7_mall_d0,IMG_7016-HEIC
fb_h2_k7_mall_d0,IMG_9816
fb_h2_k7_mall_d0,IMG_9826
fb_h2_k7_mall_d0,IMG_9763
fb_h2_k7_mall_d0,IMG_9864
fb_h2_k7_mall_d0,IMG_9951-HEIC
fb_h2_k7_mall_d0,IMG_9879
fb_h2_k7_mall_d0,IMG_0358
fb_h2_k7_mall_d0,IMG_9880
fb_h2_k7_mall_d0,IMG_0040
fb_h2_k7_mall_d0,IMG_0291
fb_h2_k7_mall_d0,IMG_9869
fb_h2_k7_mall_d0,IMG_9999
fb_h2_k7_mall_d0,IMG_0028
fb_h2_k7_mall_d0,IMG_9807
fb_h2_k7_mall_d0,IMG_9812
fb_h2_k7_mall_d0,IMG_0387
fb_h2_k7_mall_d0,IMG_9774
fb_h2_k7_mall_d0,IMG_0305
fb_h2_k7_mall_d0,IMG_9840
fb_h2_k7_mall_d0,IMG_0457
fb_h2_k7_mall_d0,IMG_9848
fb_h2_k7_mall_d0,IMG_9829
fb_h2_k7_mall_d0,IMG_9814
fb_h2_k7_mall_d0,IMG_9948-HEIC
fb_h2_k7_mall_d0,IMG_0016
fb_h2_k7_mall_d0,IMG_0421
fb_h2_k7_mall_d0,IMG_9819
fb_h2_k7_mall_d0,IMG_0328
fb_h2_k7_mall_d0,IMG_9820
fb_h2_k7_mall_d0,IMG_2584-HEIC
fb_h2_k7_mall_d0,IMG_2492-HEIC
fb_h2_k7_mall_d0,IMG_2592-HEIC
fb_h2_k7_mall_d0,IMG_2534-HEIC
fb_h2_k7_mall_d0,IMG_2600-HEIC
fb_h2_k7_mall_d0,IMG_2520-HEIC
fb_h2_k7_mall_d0,IMG_2545-HEIC
fb_h2_k7_mall_d0,IMG_2476-HEIC
fb_h2_k7_mall_d0,IMG_2477-HEIC
fb_h2_k7_mall_d0,IMG_2550-HEIC
fb_h2_k7_mall_d0,IMG_2491-HEIC
fb_h2_k7_mall_d0,IMG_2610-HEIC
fb_h2_k7_mall_d0,IMG_2567-HEIC
fb_h2_k7_mall_d0,IMG_2579-HEIC
fb_h2_k7_mall_d0,IMG_2619-HEIC
fb_h2_k7_mall_d0,IMG_2535-HEIC
fb_h2_k7_mall_d0,IMG_2493-HEIC
fb_h2_k7_mall_d0,IMG_2700-HEIC
fb_h2_k7_mall_d0,IMG_2417-HEIC
fb_h2_k7_mall_d0,IMG_2538-HEIC
fb_h2_k7_mall_d0,IMG_2588-HEIC
fb_h2_k7_mall_d0,IMG_2570-HEIC
fb_h2_k7_mall_d0,IMG_2480-HEIC
fb_h2_k7_mall_d0,IMG_2536-HEIC
fb_h2_k7_mall_d0,IMG_2526-HEIC
fb_h2_k7_mall_d0,IMG_2621-HEIC
fb_h2_k7_mall_d0,IMG_2489-HEIC
fb_h2_k7_mall_d0,IMG_2637-HEIC
fb_h2_k7_mall_d0,IMG_2481-HEIC
fb_h2_k7_mall_d0,IMG_2452-HEIC
fb_h2_k7_mall_d0,IMG_2615-HEIC
fb_h2_k7_mall_d0,IMG_2648-HEIC
fb_h2_k7_mall_d0,IMG_2533-HEIC
fb_h2_k7_mall_d0,IMG_2585-HEIC
fb_h2_k7_mall_d0,IMG_2680-HEIC
fb_h2_k7_mall_d0,IMG_2587-HEIC
fb_h2_k7_mall_d0,IMG_2635-HEIC
fb_h2_k7_mall_d0,IMG_2576-HEIC
fb_h2_k7_mall_d0,IMG_2513-HEIC
fb_h2_k7_mall_d0,IMG_2475-HEIC
fb_h2_k7_mall_d0,IMG_2581-HEIC
fb_h2_k7_mall_d0,IMG_2542-HEIC
fb_h2_k7_mall_d0,IMG_2701-HEIC
fb_h2_k7_mall_d0,IMG_2523-HEIC
fb_h2_k7_mall_d0,IMG_2590-HEIC
fb_h2_k7_mall_d0,IMG_2594-HEIC
fb_h2_k7_mall_d0,IMG_2604-HEIC
fb_h2_k7_mall_d0,IMG_2593-HEIC
fb_h2_k7_mall_d0,IMG_2564-HEIC
fb_h2_k7_mall_d0,IMG_2478-HEIC
fb_h2_k7_mall_d0,IMG_2616-HEIC
fb_h2_k7_mall_d0,IMG_2540-HEIC
fb_h2_k7_mall_d0,IMG_2591-HEIC
fb_h2_k7_mall_d0,IMG_2646-HEIC
fb_h2_k7_mall_d0,IMG_2634-HEIC
fb_h2_k7_mall_d0,IMG_2595-HEIC
fb_h2_k7_mall_d0,IMG_2603-HEIC
fb_h2_k7_mall_d0,IMG_2589-HEIC
fb_h2_k7_mall_d0,IMG_2620-HEIC
fb_h2_k7_mall_d0,IMG_2596-HEIC
fb_h2_k7_mall_d0,IMG_2557-HEIC
fb_h2_k7_mall_d0,IMG_2524-HEIC
fb_h2_k7_mall_d0,IMG_2597-HEIC
fb_h2_k7_mall_d0,IMG_2494-HEIC
fb_h2_k7_mall_d0,IMG_2539-HEIC
fb_h2_k7_mall_d0,IMG_2577-HEIC
fb_h2_k7_mall_d0,IMG_2636-HEIC
fb_h2_k7_mall_d0,IMG_2638-HEIC
fb_h2_k7_mall_d0,IMG_2618-HEIC
fb_h2_k7_mall_d0,IMG_2537-HEIC
fb_h2_k7_mall_d0,IMG_2582-HEIC
fb_h2_k7_mall_d0,IMG_2496-HEIC
fb_h2_k7_mall_d0,IMG_2495-HEIC
fb_h2_k7_mall_d0,IMG_2586-HEIC
fb_h2_k7_mall_d0,IMG_2522-HEIC
fb_h2_k7_mall_d0,IMG_2580-HEIC
fb_h2_k7_mall_d0,IMG_2519-HEIC
fb_h2_k7_mall_d0,IMG_2660-HEIC
fb_h2_k7_mall_d0,IMG_2569-HEIC
fb_h2_k7_mall_d0,IMG_2674-HEIC
fb_h2_k7_mall_d0,IMG_2571-HEIC
fb_h2_k7_mall_d0,IMG_2488-HEIC
fb_h2_k7_mall_d0,IMG_2541-HEIC
fb_h2_k7_mall_d0,IMG_2446-HEIC
fb_h2_k7_mall_d0,IMG_2482-HEIC
fb_h2_k7_mall_d0,IMG_2572-HEIC
fb_h2_k7_mall_d0,IMG_2395-HEIC
fb_h2_k7_mall_d0,IMG_2521-HEIC
fb_h2_k7_mall_d0,IMG_2666-HEIC
fb_h2_k7_mall_d0,IMG_2643-HEIC
fb_h2_k7_mall_d0,IMG_2686-HEIC
fb_h2_k7_mall_d0,IMG_2578-HEIC
fb_h2_k7_mall_d0,IMG_2598-HEIC
fb_h2_k7_mall_d0,IMG_2617-HEIC
fb_h2_k7_mall_d0,IMG_2504-HEIC
fb_h2_k7_mall_d0,IMG_2644-HEIC
fb_h2_k7_mall_d0,IMG_2647-HEIC
fb_h2_k7_mall_d0,IMG_2525-HEIC
fb_h2_k7_mall_d0,IMG_2599-HEIC
fb_h2_k7_mall_d0,IMG_2654-HEIC
fb_h2_k7_mall_d0,IMG_2583-HEIC
fb_h2_k7_mall_d0,IMG_2566-HEIC
fb_h2_k7_mall_d0,IMG_0148
fb_h2_k7_mall_d0,IMG_0238
fb_h2_k7_mall_d0,IMG_0069
fb_h2_k7_mall_d0,IMG_0080
fb_h2_k7_mall_d0,IMG_0192
fb_h2_k7_mall_d0,IMG_0084
fb_h2_k7_mall_d0,IMG_0174
fb_h2_k7_mall_d0,IMG_0256
fb_h2_k7_mall_d0,IMG_0108-HEIC
fb_h2_k7_mall_d0,IMG_0177
fb_h2_k7_mall_d0,IMG_0074
fb_h2_k7_mall_d0,IMG_0235
fb_h2_k7_mall_d0,IMG_0230
fb_h2_k7_mall_d0,IMG_0095
fb_h2_k7_mall_d0,IMG_0279
fb_h2_k7_mall_d0,IMG_0136
fb_h2_k7_mall_d0,IMG_0257
fb_h2_k7_mall_d0,IMG_0175
fb_h2_k7_mall_d0,IMG_0089
fb_h2_k7_mall_d0,IMG_0273
fb_h2_k7_mall_d0,IMG_0284
fb_h2_k7_mall_d0,IMG_0066
fb_h2_k7_mall_d0,IMG_0262
fb_h2_k7_mall_d0,IMG_0219
fb_h2_k7_mall_d0,IMG_0090
fb_h2_k7_mall_d0,IMG_0126-HEIC
fb_h2_k7_mall_d0,IMG_0182-HEIC
fb_h2_k7_mall_d0,IMG_0179
fb_h2_k7_mall_d0,IMG_0165
fb_h2_k7_mall_d0,IMG_0184
fb_h2_k7_mall_d0,IMG_0211
fb_h2_k7_mall_d0,IMG_0153
fb_h2_k7_mall_d0,IMG_0116-HEIC
fb_h2_k7_mall_d0,IMG_0106-HEIC
fb_h2_k7_mall_d0,IMG_0198
fb_h2_k7_mall_d0,IMG_0102
fb_h2_k7_mall_d0,IMG_0173
fb_h2_k7_mall_d0,IMG_0187-HEIC
fb_h2_k7_mall_d0,IMG_0142
fb_h2_k7_mall_d0,IMG_0105-HEIC
fb_h2_k7_mall_d0,IMG_0073
fb_h2_k7_mall_d0,IMG_0260
fb_h2_k7_mall_d0,IMG_0220
fb_h2_k7_mall_d0,IMG_0210
fb_h2_k7_mall_d0,IMG_0267
fb_h2_k7_mall_d0,IMG_0091
fb_h2_k7_mall_d0,IMG_0185
fb_h2_k7_mall_d0,IMG_0178
fb_h2_k7_mall_d0,IMG_0083-HEIC
fb_h2_k7_mall_d0,IMG_0159
fb_h2_k7_mall_d0,IMG_0070
fb_h2_k7_mall_d0,IMG_0104-HEIC
fb_h2_k7_mall_d0,IMG_0263
fb_h2_k7_mall_d0,IMG_0109-HEIC
fb_h2_k7_mall_d0,IMG_0077
fb_h2_k7_mall_d0,IMG_0209
fb_h2_k7_mall_d0,IMG_0218
fb_h2_k7_mall_d0,IMG_0111-HEIC
fb_h2_k7_mall_d0,IMG_0072
fb_h2_k7_mall_d0,IMG_0223
fb_h2_k7_mall_d0,IMG_0078
fb_h2_k7_mall_d0,IMG_0204
fb_h2_k7_mall_d0,IMG_2251-HEIC
fb_h2_k7_mall_d0,IMG_2246-HEIC
fb_h2_k7_mall_d0,IMG_0767-HEIC
fb_h2_k7_mall_d0,IMG_2296-HEIC
fb_h2_k7_mall_d0,IMG_0773-HEIC
fb_h2_k7_mall_d0,IMG_0751-HEIC
fb_h2_k7_mall_d0,IMG_2342-HEIC
fb_h2_k7_mall_d0,IMG_2329-HEIC
fb_h2_k7_mall_d0,IMG_2259-HEIC
fb_h2_k7_mall_d0,IMG_2270-HEIC
fb_h2_k7_mall_d0,IMG_2257-HEIC
fb_h2_k7_mall_d0,IMG_2303-HEIC
fb_h2_k7_mall_d0,IMG_0741-HEIC
fb_h2_k7_mall_d0,IMG_0765-HEIC
fb_h2_k7_mall_d0,IMG_0737-HEIC
fb_h2_k7_mall_d0,IMG_2335-HEIC
fb_h2_k7_mall_d0,IMG_0758-HEIC
fb_h2_k7_mall_d0,IMG_2382-HEIC
fb_h2_k7_mall_d0,IMG_2295-HEIC
fb_h2_k7_mall_d0,IMG_0768-HEIC
fb_h2_k7_mall_d0,IMG_0764-HEIC
fb_h2_k7_mall_d0,IMG_2339-HEIC
fb_h2_k7_mall_d0,IMG_2333-HEIC
fb_h2_k7_mall_d0,IMG_0770-HEIC
fb_h2_k7_mall_d0,IMG_0760-HEIC
fb_h2_k7_mall_d0,IMG_2383-HEIC
fb_h2_k7_mall_d0,IMG_2239-HEIC
fb_h2_k7_mall_d0,IMG_2340-HEIC
fb_h2_k7_mall_d0,IMG_2293-HEIC
fb_h2_k7_mall_d0,IMG_2309-HEIC
fb_h2_k7_mall_d0,IMG_2285-HEIC
fb_h2_k7_mall_d0,IMG_0761-HEIC
fb_h2_k7_mall_d0,IMG_0759-HEIC
fb_h2_k7_mall_d0,IMG_0754-HEIC
fb_h2_k7_mall_d0,IMG_2252-HEIC
fb_h2_k7_mall_d0,IMG_2386-HEIC
fb_h2_k7_mall_d0,IMG_0771-HEIC
fb_h2_k7_mall_d0,IMG_2389-HEIC
fb_h2_k7_mall_d0,IMG_2302-HEIC
fb_h2_k7_mall_d0,IMG_2347-HEIC
fb_h2_k7_mall_d0,IMG_2391-HEIC
fb_h2_k7_mall_d0,IMG_2255-HEIC
fb_h2_k7_mall_d0,IMG_2254-HEIC
fb_h2_k7_mall_d0,IMG_2253-HEIC
fb_h2_k7_mall_d0,IMG_2390-HEIC
fb_h2_k7_mall_d0,IMG_2256-HEIC
fb_h2_k7_mall_d0,IMG_2286-HEIC
fb_h2_k7_mall_d0,IMG_2384-HEIC
fb_h2_k7_mall_d0,IMG_2289-HEIC
fb_h2_k7_mall_d0,IMG_0743-HEIC
fb_h2_k7_mall_d0,IMG_2308-HEIC
fb_h2_k7_mall_d0,IMG_2290-HEIC
fb_h2_k7_mall_d0,IMG_2287-HEIC
fb_h2_k7_mall_d0,IMG_2249-HEIC
fb_h2_k7_mall_d0,IMG_2306-HEIC
fb_h2_k7_mall_d0,IMG_2345-HEIC
fb_h2_k7_mall_d0,IMG_2288-HEIC
fb_h2_k7_mall_d0,IMG_2274-HEIC
fb_h2_k7_mall_d0,IMG_2330-HEIC
fb_h2_k7_mall_d0,IMG_2338-HEIC
fb_h2_k7_mall_d0,IMG_2346-HEIC
fb_h2_k7_mall_d0,IMG_2307-HEIC
fb_h2_k7_mall_d0,IMG_2248-HEIC
fb_h2_k7_mall_d0,IMG_2294-HEIC
fb_h2_k7_mall_d0,IMG_0740-HEIC
fb_h2_k7_mall_d0,IMG_2245-HEIC
fb_h2_k7_mall_d0,IMG_2331-HEIC
fb_h2_k7_mall_d0,IMG_2258-HEIC
fb_h2_k7_mall_d0,IMG_2247-HEIC
fb_h2_k7_mall_d0,IMG_2291-HEIC
fb_h2_k7_mall_d0,IMG_2341-HEIC
fb_h2_k7_mall_d0,IMG_0766-HEIC
fb_h2_k7_mall_d0,IMG_2385-HEIC
fb_h2_k7_mall_d0,IMG_2343-HEIC
fb_h2_k7_mall_d0,IMG_0757-HEIC
fb_h2_k7_mall_d0,IMG_0763-HEIC
fb_h2_k7_mall_d0,IMG_2311-HEIC
fb_h2_k7_mall_d0,IMG_2241-HEIC
fb_h2_k7_mall_d0,IMG_2310-HEIC
fb_h2_k7_mall_d0,IMG_2380-HEIC
fb_h2_k7_mall_d0,IMG_2273-HEIC
fb_h2_k7_mall_d0,IMG_2332-HEIC
fb_h2_k7_mall_d0,IMG_2305-HEIC
fb_h2_k7_mall_d0,IMG_2351-HEIC
fb_h2_k7_mall_d0,IMG_0755-HEIC
fb_h2_k7_mall_d0,IMG_2337-HEIC
fb_h2_k7_mall_d0,IMG_2244-HEIC
fb_h2_k7_mall_d0,IMG_2349-HEIC
fb_h2_k7_mall_d0,IMG_2381-HEIC
fb_h2_k7_mall_d0,IMG_0772-HEIC
fb_h2_k7_mall_d0,IMG_2242-HEIC
fb_h2_k7_mall_d0,IMG_2304-HEIC
fb_h2_k7_mall_d0,IMG_0752-HEIC
fb_h2_k7_mall_d0,IMG_0742-HEIC
fb_h2_k7_mall_d0,IMG_2243-HEIC
fb_h2_k7_mall_d0,IMG_2336-HEIC
fb_h2_k7_mall_d0,IMG_2352-HEIC
fb_h2_k7_mall_d0,IMG_0769-HEIC
fb_h2_k7_mall_d0,IMG_2240-HEIC
fb_h2_k7_mall_d0,IMG_0756-HEIC
fb_h2_k7_mall_d0,IMG_2334-HEIC
fb_h2_k7_mall_d0,IMG_3976
fb_h2_k7_mall_d0,IMG_1914
fb_h2_k7_mall_d0,IMG_1997
fb_h2_k7_mall_d0,IMG_1993
fb_h2_k7_mall_d0,IMG_2057
fb_h2_k7_mall_d0,IMG_3996
fb_h2_k7_mall_d0,IMG_2030
fb_h2_k7_mall_d0,IMG_4001
fb_h2_k7_mall_d0,IMG_4058
fb_h2_k7_mall_d0,IMG_1971
fb_h2_k7_mall_d0,IMG_3982
fb_h2_k7_mall_d0,IMG_1959
fb_h2_k7_mall_d0,IMG_4047
fb_h2_k7_mall_d0,IMG_1962
fb_h2_k7_mall_d0,IMG_1922
fb_h2_k7_mall_d0,IMG_4003
fb_h2_k7_mall_d0,IMG_2056
fb_h2_k7_mall_d0,IMG_2052
fb_h2_k7_mall_d0,IMG_1965
fb_h2_k7_mall_d0,IMG_2025
fb_h2_k7_mall_d0,IMG_3993
fb_h2_k7_mall_d0,IMG_2038
fb_h2_k7_mall_d0,IMG_2048
fb_h2_k7_mall_d0,IMG_2051
fb_h2_k7_mall_d0,IMG_2001
fb_h2_k7_mall_d0,IMG_1956
fb_h2_k7_mall_d0,IMG_3963
fb_h2_k7_mall_d0,IMG_2042
fb_h2_k7_mall_d0,IMG_2012
fb_h2_k7_mall_d0,IMG_3929
fb_h2_k7_mall_d0,IMG_4013
fb_h2_k7_mall_d0,IMG_4015
fb_h2_k7_mall_d0,IMG_1924
fb_h2_k7_mall_d0,IMG_3987
fb_h2_k7_mall_d0,IMG_3931
fb_h2_k7_mall_d0,IMG_1908
fb_h2_k7_mall_d0,IMG_2018
fb_h2_k7_mall_d0,IMG_1912
fb_h2_k7_mall_d0,IMG_2037
fb_h2_k7_mall_d0,IMG_3918
fb_h2_k7_mall_d0,IMG_2045
fb_h2_k7_mall_d0,IMG_3992
fb_h2_k7_mall_d0,IMG_3928
fb_h2_k7_mall_d0,IMG_3980
fb_h2_k7_mall_d0,IMG_1998
fb_h2_k7_mall_d0,IMG_3984
fb_h2_k7_mall_d0,IMG_2050
fb_h2_k7_mall_d0,IMG_1960
fb_h2_k7_mall_d0,IMG_1918
fb_h2_k7_mall_d0,IMG_2032
fb_h2_k7_mall_d0,IMG_4026
fb_h2_k7_mall_d0,IMG_4002
fb_h2_k7_mall_d0,IMG_2014
fb_h2_k7_mall_d0,IMG_3926
fb_h2_k7_mall_d0,IMG_3986
fb_h2_k7_mall_d0,IMG_4014
fb_h2_k7_mall_d0,IMG_4032
fb_h2_k7_mall_d0,IMG_4024
fb_h2_k7_mall_d0,IMG_3994
fb_h2_k7_mall_d0,IMG_1966
fb_h2_k7_mall_d0,IMG_2054
fb_h2_k7_mall_d0,IMG_1923
fb_h2_k7_mall_d0,IMG_4005
fb_h2_k7_mall_d0,IMG_3997
fb_h2_k7_mall_d0,IMG_3962
fb_h2_k7_mall_d0,IMG_2044
fb_h2_k7_mall_d0,IMG_3978
fb_h2_k7_mall_d0,IMG_4019
fb_h2_k7_mall_d0,IMG_1909
fb_h2_k7_mall_d0,IMG_2046
fb_h2_k7_mall_d0,IMG_2026
fb_h2_k7_mall_d0,IMG_2013
fb_h2_k7_mall_d0,IMG_1970
fb_h2_k7_mall_d0,IMG_3961
fb_h2_k7_mall_d0,IMG_1968
fb_h2_k7_mall_d0,IMG_1958
fb_h2_k7_mall_d0,IMG_3921
fb_h2_k7_mall_d0,IMG_2047
fb_h2_k7_mall_d0,IMG_1964
fb_h2_k7_mall_d0,IMG_4053
fb_h2_k7_mall_d0,IMG_1999
fb_h2_k7_mall_d0,IMG_1917
fb_h2_k7_mall_d0,IMG_1929
fb_h2_k7_mall_d0,IMG_3999
fb_h2_k7_mall_d0,IMG_4031
fb_h2_k7_mall_d0,IMG_4025
fb_h2_k7_mall_d0,IMG_1913
fb_h2_k7_mall_d0,IMG_1957
fb_h2_k7_mall_d0,IMG_2019
fb_h2_k7_mall_d0,IMG_3925
fb_h2_k7_mall_d0,IMG_4011
fb_h2_k7_mall_d0,IMG_3924
fb_h2_k7_mall_d0,IMG_3981
fb_h2_k7_mall_d0,IMG_3932
fb_h2_k7_mall_d0,IMG_1963
fb_h2_k7_mall_d0,IMG_2031
fb_h2_k7_mall_d0,IMG_1961
fb_h2_k7_mall_d0,IMG_4004
fb_h2_k7_mall_d0,IMG_3923
fb_h2_k7_mall_d0,IMG_2024
fb_h2_k7_mall_d0,IMG_3998
fb_h2_k7_mall_d0,IMG_4029
fb_h2_k7_mall_d0,IMG_4033
fb_h2_k7_mall_d0,IMG_2016
fb_h2_k7_mall_d0,IMG_2043
fb_h2_k7_mall_d0,IMG_3920
fb_h2_k7_mall_d0,IMG_1916
fb_h2_k7_mall_d0,IMG_4041
fb_h2_k7_mall_d0,IMG_3965
fb_h2_k7_mall_d0,IMG_2023
fb_h2_k7_mall_d0,IMG_4020
fb_h2_k7_mall_d0,IMG_2053
fb_h2_k7_mall_d0,IMG_1928
fb_h2_k7_mall_d0,IMG_4034
fb_h2_k7_mall_d0,IMG_3930
fb_h2_k7_mall_d0,IMG_3983
fb_h2_k7_mall_d0,IMG_1915
fb_h2_k7_mall_d0,IMG_1996
fb_h2_k7_mall_d0,IMG_3977
fb_h2_k7_mall_d0,IMG_2010
fb_h2_k7_mall_d0,IMG_2011
fb_h2_k7_mall_d0,IMG_2055
fb_h2_k7_mall_d0,IMG_1925
fb_h2_k7_mall_d0,IMG_2022
fb_h2_k7_mall_d0,IMG_3995
fb_h2_k7_mall_d0,IMG_2015
fb_h2_k7_mall_d0,IMG_3975
fb_h2_k7_mall_d0,IMG_1969
fb_h2_k7_mall_d0,IMG_2002
fb_h2_k7_mall_d0,IMG_2009
fb_h2_k7_mall_d0,IMG_2040
fb_h2_k7_mall_d0,IMG_2039
fb_h2_k7_mall_d0,IMG_2049
fb_h2_k7_mall_d0,IMG_3919
fb_h2_k7_mall_d0,IMG_4012
fb_h2_k7_mall_d0,IMG_9921
fb_h2_k7_mall_d0,IMG_9924
fb_h2_k7_mall_d0,IMG_9946
fb_h2_k7_mall_d0,IMG_9906
fb_h2_k7_mall_d0,IMG_9904
fb_h2_k7_mall_d0,IMG_9962
fb_h2_k7_mall_d0,IMG_9943
fb_h2_k7_mall_d0,IMG_9907
fb_h2_k7_mall_d0,IMG_9905
fb_h2_k7_mall_d0,IMG_9959
fb_h2_k7_mall_d0,IMG_9980
fb_h2_k7_mall_d0,IMG_9928
fb_h2_k7_mall_d0,IMG_9923
fb_h2_k7_mall_d0,IMG_9896
fb_h2_k7_mall_d0,IMG_9919
fb_h2_k7_mall_d0,IMG_9986
fb_h2_k7_mall_d0,IMG_9991
fb_h2_k7_mall_d0,IMG_9892
fb_h2_k7_mall_d0,IMG_9908
fb_h2_k7_mall_d0,IMG_9903
fb_h2_k7_mall_d0,IMG_9941
fb_h2_k7_mall_d0,IMG_9973
fb_h2_k7_mall_d0,IMG_9983
fb_h2_k7_mall_d0,IMG_9917
fb_h2_k7_mall_d0,IMG_9968
fb_h2_k7_mall_d0,IMG_9889
fb_h2_k7_mall_d0,IMG_9895
fb_h2_k7_mall_d0,IMG_9902
fb_h2_k7_mall_d0,IMG_9918
fb_h2_k7_mall_d0,IMG_9899
fb_h2_k7_mall_d0,IMG_9927
fb_h2_k7_mall_d0,IMG_9900
fb_h2_k7_mall_d0,IMG_9893
fb_h2_k7_mall_d0,IMG_9939
fb_h2_k7_mall_d0,IMG_9958
fb_h2_k7_mall_d0,IMG_9891
fb_h2_k7_mall_d0,IMG_9926
fb_h2_k7_mall_d0,IMG_9910
fb_h2_k7_mall_d0,IMG_9894
fb_h2_k7_mall_d0,IMG_9915
fb_h2_k7_mall_d0,IMG_9929
fb_h2_k7_mall_d0,IMG_9988
fb_h2_k7_mall_d0,IMG_9888
fb_h2_k7_mall_d0,IMG_9984
fb_h2_k7_mall_d0,IMG_9955
fb_h2_k7_mall_d0,IMG_9898
fb_h2_k7_mall_d0,IMG_9911
fb_h2_k7_mall_d0,IMG_9956
fb_h2_k7_mall_d0,IMG_9914-HEIC
fb_h2_k7_mall_d0,IMG_9977
fb_h2_k7_mall_d0,IMG_9965
fb_h2_k7_mall_d0,IMG_9949
fb_h2_k7_mall_d0,IMG_9987
fb_h2_k7_mall_d0,IMG_9961
fb_h2_k7_mall_d0,IMG_9947
fb_h2_k7_mall_d0,IMG_9960
fb_h2_k7_mall_d0,IMG_9942
fb_h2_k7_mall_d0,IMG_9897
fb_h2_k7_mall_d0,IMG_9990
fb_h2_k7_mall_d0,IMG_9885
fb_h2_k7_mall_d0,IMG_9922
fb_h2_k7_mall_d0,IMG_9933
fb_h2_k7_mall_d0,IMG_9920
fb_h2_k7_mall_d0,IMG_9890
fb_h2_k7_mall_d0,IMG_9912-HEIC
fb_h2_k7_mall_d0,IMG_9969
fb_h2_k7_mall_d0,IMG_9887
fb_h2_k7_mall_d0,IMG_9957
fb_h2_k7_mall_d0,IMG_9985
fb_h2_k7_mall_d0,IMG_9989
fb_h2_k7_mall_d0,IMG_9944
fb_h2_k7_mall_d0,IMG_9940
fb_h2_k7_mall_d0,IMG_9972
fb_h2_k7_mall_d0,IMG_9963
fb_h2_k7_mall_d0,IMG_9970
fb_h2_k7_mall_d0,IMG_9886
fb_h2_k7_mall_d0,IMG_9916
fb_h2_k7_mall_d0,IMG_9931
fb_h2_k7_mall_d0,IMG_9948
fb_h2_k7_mall_d0,IMG_9951
fb_h2_k7_mall_d0,IMG_9953
fb_h2_k7_mall_d0,IMG_9925
fb_h2_k7_mall_d0,IMG_2194-HEIC
fb_h2_k7_mall_d0,IMG_2183-HEIC
fb_h2_k7_mall_d0,IMG_2151-HEIC
fb_h2_k7_mall_d0,IMG_2149-HEIC
fb_h2_k7_mall_d0,IMG_2201-HEIC
fb_h2_k7_mall_d0,IMG_2148-HEIC
fb_h2_k7_mall_d0,IMG_2150-HEIC
fb_h2_k7_mall_d0,IMG_2193-HEIC
fb_h2_k7_mall_d0,IMG_2152-HEIC
fb_h2_k7_mall_d0,IMG_2189-HEIC
fb_h2_k7_mall_d0,IMG_2216-HEIC
fb_h2_k7_mall_d0,IMG_2155-HEIC
fb_h2_k7_mall_d0,IMG_2204-HEIC
fb_h2_k7_mall_d0,IMG_2176-HEIC
fb_h2_k7_mall_d0,IMG_2180-HEIC
fb_h2_k7_mall_d0,IMG_2132-HEIC
fb_h2_k7_mall_d0,IMG_2175-HEIC
fb_h2_k7_mall_d0,IMG_2169-HEIC
fb_h2_k7_mall_d0,IMG_2209-HEIC
fb_h2_k7_mall_d0,IMG_2188-HEIC
fb_h2_k7_mall_d0,IMG_2168-HEIC
fb_h2_k7_mall_d0,IMG_2177-HEIC
fb_h2_k7_mall_d0,IMG_2206-HEIC
fb_h2_k7_mall_d0,IMG_2174-HEIC
fb_h2_k7_mall_d0,IMG_2202-HEIC
fb_h2_k7_mall_d0,IMG_2195-HEIC
fb_h2_k7_mall_d0,IMG_2213-HEIC
fb_h2_k7_mall_d0,IMG_2212-HEIC
fb_h2_k7_mall_d0,IMG_2199-HEIC
fb_h2_k7_mall_d0,IMG_2184-HEIC
fb_h2_k7_mall_d0,IMG_2133-HEIC
fb_h2_k7_mall_d0,IMG_2191-HEIC
fb_h2_k7_mall_d0,IMG_2203-HEIC
fb_h2_k7_mall_d0,IMG_2208-HEIC
fb_h2_k7_mall_d0,IMG_2178-HEIC
fb_h2_k7_mall_d0,IMG_2187-HEIC
fb_h2_k7_mall_d0,IMG_2153-HEIC
fb_h2_k7_mall_d0,IMG_2139-HEIC
fb_h2_k7_mall_d0,IMG_2156-HEIC
fb_h2_k7_mall_d0,IMG_2179-HEIC
fb_h2_k7_mall_d0,IMG_2138-HEIC
fb_h2_k7_mall_d0,IMG_2197-HEIC
fb_h2_k7_mall_d0,IMG_2158-HEIC
fb_h2_k7_mall_d0,IMG_2182-HEIC
fb_h2_k7_mall_d0,IMG_2170-HEIC
fb_h2_k7_mall_d0,IMG_2198-HEIC
fb_h2_k7_mall_d0,IMG_2154-HEIC
fb_h2_k7_mall_d0,IMG_2134-HEIC
fb_h2_k7_mall_d0,IMG_2190-HEIC
fb_h2_k7_mall_d0,IMG_2131-HEIC
fb_h2_k7_mall_d0,IMG_2196-HEIC
fb_h2_k7_mall_d0,IMG_2211-HEIC
fb_h2_k7_mall_d0,IMG_2214-HEIC
fb_h2_k7_mall_d0,IMG_2185-HEIC
fb_h2_k7_mall_d0,IMG_2181-HEIC
fb_h2_k7_mall_d0,IMG_2205-HEIC
fb_h2_k7_mall_d0,IMG_2159-HEIC
fb_h3_k1_m15_d0,IMG_9928
fb_h3_k1_m15_d0,IMG_9925
fb_h3_k1_m15_d0,IMG_9890
fb_h3_k1_m15_d0,IMG_9947
fb_h3_k1_m15_d0,IMG_9903
fb_h3_k1_m15_d0,IMG_9924
fb_h3_k1_m15_d0,IMG_9959
fb_h3_k1_m15_d0,IMG_9931
fb_h3_k1_m15_d0,IMG_9906
fb_h3_k1_m15_d0,IMG_9939
fb_h3_k1_m15_d0,IMG_9984
fb_h3_k1_m15_d0,IMG_9886
fb_h3_k1_m15_d0,IMG_9923
fb_h3_k1_m15_d0,IMG_9926
fb_h3_k1_m15_d0,IMG_9990
fb_h3_k1_m50_d0,IMG_9928
fb_h3_k1_m50_d0,IMG_9925
fb_h3_k1_m50_d0,IMG_9890
fb_h3_k1_m50_d0,IMG_9947
fb_h3_k1_m50_d0,IMG_9903
fb_h3_k1_m50_d0,IMG_9924
fb_h3_k1_m50_d0,IMG_9959
fb_h3_k1_m50_d0,IMG_9931
fb_h3_k1_m50_d0,IMG_9906
fb_h3_k1_m50_d0,IMG_9939
fb_h3_k1_m50_d0,IMG_9984
fb_h3_k1_m50_d0,IMG_9886
fb_h3_k1_m50_d0,IMG_9923
fb_h3_k1_m50_d0,IMG_9926
fb_h3_k1_m50_d0,IMG_9990
fb_h3_k1_m50_d0,IMG_9892
fb_h3_k1_m50_d0,IMG_9991
fb_h3_k1_m50_d0,IMG_9986
fb_h3_k1_m50_d0,IMG_9949
fb_h3_k1_m50_d0,IMG_9921
fb_h3_k1_m50_d0,IMG_9902
fb_h3_k1_m50_d0,IMG_9920
fb_h3_k1_m50_d0,IMG_9919
fb_h3_k1_m50_d0,IMG_9895
fb_h3_k1_m50_d0,IMG_9891
fb_h3_k1_m50_d0,IMG_9963
fb_h3_k1_m50_d0,IMG_9940
fb_h3_k1_m50_d0,IMG_9885
fb_h3_k1_m50_d0,IMG_9944
fb_h3_k1_m50_d0,IMG_9988
fb_h3_k1_m50_d0,IMG_9915
fb_h3_k1_m50_d0,IMG_9900
fb_h3_k1_m50_d0,IMG_9958
fb_h3_k1_m50_d0,IMG_9970
fb_h3_k1_m50_d0,IMG_9927
fb_h3_k1_m50_d0,IMG_9933
fb_h3_k1_m50_d0,IMG_9929
fb_h3_k1_m50_d0,IMG_9942
fb_h3_k1_m50_d0,IMG_9914-HEIC
fb_h3_k1_m50_d0,IMG_9980
fb_h3_k1_m50_d0,IMG_9887
fb_h3_k1_m50_d0,IMG_9888
fb_h3_k1_m50_d0,IMG_9918
fb_h3_k1_m50_d0,IMG_9957
fb_h3_k1_m50_d0,IMG_9962
fb_h3_k1_m50_d0,IMG_9922
fb_h3_k1_m50_d0,IMG_9960
fb_h3_k1_m50_d0,IMG_9889
fb_h3_k1_m50_d0,IMG_9912-HEIC
fb_h3_k1_m50_d0,IMG_9899
fb_h3_k1_mall_d0,IMG_9928
fb_h3_k1_mall_d0,IMG_9925
fb_h3_k1_mall_d0,IMG_9890
fb_h3_k1_mall_d0,IMG_9947
fb_h3_k1_mall_d0,IMG_9903
fb_h3_k1_mall_d0,IMG_9924
fb_h3_k1_mall_d0,IMG_9959
fb_h3_k1_mall_d0,IMG_9931
fb_h3_k1_mall_d0,IMG_9906
fb_h3_k1_mall_d0,IMG_9939
fb_h3_k1_mall_d0,IMG_9984
fb_h3_k1_mall_d0,IMG_9886
fb_h3_k1_mall_d0,IMG_9923
fb_h3_k1_mall_d0,IMG_9926
fb_h3_k1_mall_d0,IMG_9990
fb_h3_k1_mall_d0,IMG_9892
fb_h3_k1_mall_d0,IMG_9991
fb_h3_k1_mall_d0,IMG_9986
fb_h3_k1_mall_d0,IMG_9949
fb_h3_k1_mall_d0,IMG_9921
fb_h3_k1_mall_d0,IMG_9902
fb_h3_k1_mall_d0,IMG_9920
fb_h3_k1_mall_d0,IMG_9919
fb_h3_k1_mall_d0,IMG_9895
fb_h3_k1_mall_d0,IMG_9891
fb_h3_k1_mall_d0,IMG_9963
fb_h3_k1_mall_d0,IMG_9940
fb_h3_k1_mall_d0,IMG_9885
fb_h3_k1_mall_d0,IMG_9944
fb_h3_k1_mall_d0,IMG_9988
fb_h3_k1_mall_d0,IMG_9915
fb_h3_k1_mall_d0,IMG_9900
fb_h3_k1_mall_d0,IMG_9958
fb_h3_k1_mall_d0,IMG_9970
fb_h3_k1_mall_d0,IMG_9927
fb_h3_k1_mall_d0,IMG_9933
fb_h3_k1_mall_d0,IMG_9929
fb_h3_k1_mall_d0,IMG_9942
fb_h3_k1_mall_d0,IMG_9914-HEIC
fb_h3_k1_mall_d0,IMG_9980
fb_h3_k1_mall_d0,IMG_9887
fb_h3_k1_mall_d0,IMG_9888
fb_h3_k1_mall_d0,IMG_9918
fb_h3_k1_mall_d0,IMG_9957
fb_h3_k1_mall_d0,IMG_9962
fb_h3_k1_mall_d0,IMG_9922
fb_h3_k1_mall_d0,IMG_9960
fb_h3_k1_mall_d0,IMG_9889
fb_h3_k1_mall_d0,IMG_9912-HEIC
fb_h3_k1_mall_d0,IMG_9899
fb_h3_k1_mall_d0,IMG_9898
fb_h3_k1_mall_d0,IMG_9941
fb_h3_k1_mall_d0,IMG_9972
fb_h3_k1_mall_d0,IMG_9946
fb_h3_k1_mall_d0,IMG_9956
fb_h3_k1_mall_d0,IMG_9904
fb_h3_k1_mall_d0,IMG_9955
fb_h3_k1_mall_d0,IMG_9894
fb_h3_k1_mall_d0,IMG_9911
fb_h3_k1_mall_d0,IMG_9916
fb_h3_k1_mall_d0,IMG_9965
fb_h3_k1_mall_d0,IMG_9908
fb_h3_k1_mall_d0,IMG_9893
fb_h3_k1_mall_d0,IMG_9983
fb_h3_k1_mall_d0,IMG_9943
fb_h3_k1_mall_d0,IMG_9910
fb_h3_k1_mall_d0,IMG_9973
fb_h3_k1_mall_d0,IMG_9989
fb_h3_k1_mall_d0,IMG_9987
fb_h3_k1_mall_d0,IMG_9985
fb_h3_k1_mall_d0,IMG_9951
fb_h3_k1_mall_d0,IMG_9917
fb_h3_k1_mall_d0,IMG_9977
fb_h3_k1_mall_d0,IMG_9961
fb_h3_k1_mall_d0,IMG_9905
fb_h3_k1_mall_d0,IMG_9948
fb_h3_k1_mall_d0,IMG_9953
fb_h3_k1_mall_d0,IMG_9968
fb_h3_k1_mall_d0,IMG_9897
fb_h3_k1_mall_d0,IMG_9969
fb_h3_k1_mall_d0,IMG_9896
fb_h3_k1_mall_d0,IMG_9907
fb_h3_k1_m15_d1,IMG_4191
fb_h3_k1_m15_d1,IMG_4256
fb_h3_k1_m15_d1,IMG_4185
fb_h3_k1_m15_d1,IMG_4192
fb_h3_k1_m15_d1,IMG_4064
fb_h3_k1_m15_d1,IMG_2115
fb_h3_k1_m15_d1,IMG_2106
fb_h3_k1_m15_d1,IMG_4114
fb_h3_k1_m15_d1,IMG_4161
fb_h3_k1_m15_d1,IMG_4106
fb_h3_k1_m15_d1,IMG_2110
fb_h3_k1_m15_d1,IMG_4115
fb_h3_k1_m15_d1,IMG_4190
fb_h3_k1_m15_d1,IMG_4159
fb_h3_k1_m15_d1,IMG_4203
fb_h3_k1_m50_d1,IMG_4191
fb_h3_k1_m50_d1,IMG_4256
fb_h3_k1_m50_d1,IMG_4185
fb_h3_k1_m50_d1,IMG_4192
fb_h3_k1_m50_d1,IMG_4064
fb_h3_k1_m50_d1,IMG_2115
fb_h3_k1_m50_d1,IMG_2106
fb_h3_k1_m50_d1,IMG_4114
fb_h3_k1_m50_d1,IMG_4161
fb_h3_k1_m50_d1,IMG_4106
fb_h3_k1_m50_d1,IMG_2110
fb_h3_k1_m50_d1,IMG_4115
fb_h3_k1_m50_d1,IMG_4190
fb_h3_k1_m50_d1,IMG_4159
fb_h3_k1_m50_d1,IMG_4203
fb_h3_k1_m50_d1,IMG_2117
fb_h3_k1_m50_d1,IMG_2107
fb_h3_k1_m50_d1,IMG_4188
fb_h3_k1_m50_d1,IMG_4193
fb_h3_k1_m50_d1,IMG_4149
fb_h3_k1_m50_d1,IMG_4070
fb_h3_k1_m50_d1,IMG_2131
fb_h3_k1_m50_d1,IMG_2079
fb_h3_k1_m50_d1,IMG_2062
fb_h3_k1_m50_d1,IMG_2066
fb_h3_k1_m50_d1,IMG_4112
fb_h3_k1_m50_d1,IMG_4156
fb_h3_k1_m50_d1,IMG_2081
fb_h3_k1_m50_d1,IMG_2071
fb_h3_k1_m50_d1,IMG_4095
fb_h3_k1_m50_d1,IMG_4148
fb_h3_k1_m50_d1,IMG_4187
fb_h3_k1_m50_d1,IMG_4089
fb_h3_k1_m50_d1,IMG_4067
fb_h3_k1_m50_d1,IMG_4219
fb_h3_k1_m50_d1,IMG_4109
fb_h3_k1_m50_d1,IMG_4213
fb_h3_k1_m50_d1,IMG_4176
fb_h3_k1_m50_d1,IMG_4104
fb_h3_k1_m50_d1,IMG_2134
fb_h3_k1_m50_d1,IMG_2122
fb_h3_k1_m50_d1,IMG_4090
fb_h3_k1_m50_d1,IMG_4087
fb_h3_k1_m50_d1,IMG_4105
fb_h3_k1_m50_d1,IMG_4075
fb_h3_k1_m50_d1,IMG_4065
fb_h3_k1_m50_d1,IMG_2061
fb_h3_k1_m50_d1,IMG_2083
fb_h3_k1_m50_d1,IMG_2084
fb_h3_k1_m50_d1,IMG_2076
fb_h3_k1_mall_d1,IMG_4191
fb_h3_k1_mall_d1,IMG_4256
fb_h3_k1_mall_d1,IMG_4185
fb_h3_k1_mall_d1,IMG_4192
fb_h3_k1_mall_d1,IMG_4064
fb_h3_k1_mall_d1,IMG_2115
fb_h3_k1_mall_d1,IMG_2106
fb_h3_k1_mall_d1,IMG_4114
fb_h3_k1_mall_d1,IMG_4161
fb_h3_k1_mall_d1,IMG_4106
fb_h3_k1_mall_d1,IMG_2110
fb_h3_k1_mall_d1,IMG_4115
fb_h3_k1_mall_d1,IMG_4190
fb_h3_k1_mall_d1,IMG_4159
fb_h3_k1_mall_d1,IMG_4203
fb_h3_k1_mall_d1,IMG_2117
fb_h3_k1_mall_d1,IMG_2107
fb_h3_k1_mall_d1,IMG_4188
fb_h3_k1_mall_d1,IMG_4193
fb_h3_k1_mall_d1,IMG_4149
fb_h3_k1_mall_d1,IMG_4070
fb_h3_k1_mall_d1,IMG_2131
fb_h3_k1_mall_d1,IMG_2079
fb_h3_k1_mall_d1,IMG_2062
fb_h3_k1_mall_d1,IMG_2066
fb_h3_k1_mall_d1,IMG_4112
fb_h3_k1_mall_d1,IMG_4156
fb_h3_k1_mall_d1,IMG_2081
fb_h3_k1_mall_d1,IMG_2071
fb_h3_k1_mall_d1,IMG_4095
fb_h3_k1_mall_d1,IMG_4148
fb_h3_k1_mall_d1,IMG_4187
fb_h3_k1_mall_d1,IMG_4089
fb_h3_k1_mall_d1,IMG_4067
fb_h3_k1_mall_d1,IMG_4219
fb_h3_k1_mall_d1,IMG_4109
fb_h3_k1_mall_d1,IMG_4213
fb_h3_k1_mall_d1,IMG_4176
fb_h3_k1_mall_d1,IMG_4104
fb_h3_k1_mall_d1,IMG_2134
fb_h3_k1_mall_d1,IMG_2122
fb_h3_k1_mall_d1,IMG_4090
fb_h3_k1_mall_d1,IMG_4087
fb_h3_k1_mall_d1,IMG_4105
fb_h3_k1_mall_d1,IMG_4075
fb_h3_k1_mall_d1,IMG_4065
fb_h3_k1_mall_d1,IMG_2061
fb_h3_k1_mall_d1,IMG_2083
fb_h3_k1_mall_d1,IMG_2084
fb_h3_k1_mall_d1,IMG_2076
fb_h3_k1_mall_d1,IMG_4152
fb_h3_k1_mall_d1,IMG_4123
fb_h3_k1_mall_d1,IMG_4085
fb_h3_k1_mall_d1,IMG_4172
fb_h3_k1_mall_d1,IMG_4116
fb_h3_k1_mall_d1,IMG_2104
fb_h3_k1_mall_d1,IMG_2064
fb_h3_k1_mall_d1,IMG_4180
fb_h3_k1_mall_d1,IMG_4220
fb_h3_k1_mall_d1,IMG_4134
fb_h3_k1_mall_d1,IMG_2102
fb_h3_k1_mall_d1,IMG_2089
fb_h3_k1_mall_d1,IMG_4201
fb_h3_k1_mall_d1,IMG_4162
fb_h3_k1_mall_d1,IMG_4169
fb_h3_k1_mall_d1,IMG_4221
fb_h3_k1_mall_d1,IMG_4178
fb_h3_k1_mall_d1,IMG_4202
fb_h3_k1_mall_d1,IMG_2088
fb_h3_k1_mall_d1,IMG_4164
fb_h3_k1_mall_d1,IMG_4120
fb_h3_k1_mall_d1,IMG_4073
fb_h3_k1_mall_d1,IMG_2059
fb_h3_k1_mall_d1,IMG_2133
fb_h3_k1_mall_d1,IMG_2108
fb_h3_k1_mall_d1,IMG_2101
fb_h3_k1_mall_d1,IMG_4086
fb_h3_k1_mall_d1,IMG_4145
fb_h3_k1_mall_d1,IMG_2095
fb_h3_k1_mall_d1,IMG_4088
fb_h3_k1_mall_d1,IMG_2109
fb_h3_k1_mall_d1,IMG_2080
fb_h3_k1_mall_d1,IMG_4181
fb_h3_k1_mall_d1,IMG_4200
fb_h3_k1_mall_d1,IMG_4170
fb_h3_k1_mall_d1,IMG_2067
fb_h3_k1_mall_d1,IMG_4143
fb_h3_k1_mall_d1,IMG_2082
fb_h3_k1_mall_d1,IMG_4174
fb_h3_k1_mall_d1,IMG_4113
fb_h3_k1_mall_d1,IMG_4098
fb_h3_k1_mall_d1,IMG_2085
fb_h3_k1_mall_d1,IMG_4069
fb_h3_k1_mall_d1,IMG_4182
fb_h3_k1_mall_d1,IMG_4150
fb_h3_k1_mall_d1,IMG_2130
fb_h3_k1_mall_d1,IMG_4072
fb_h3_k1_mall_d1,IMG_4184
fb_h3_k1_mall_d1,IMG_2075
fb_h3_k1_mall_d1,IMG_4146
fb_h3_k1_mall_d1,IMG_4071
fb_h3_k1_mall_d1,IMG_4111
fb_h3_k1_mall_d1,IMG_2058
fb_h3_k1_mall_d1,IMG_4186
fb_h3_k1_mall_d1,IMG_2116
fb_h3_k1_mall_d1,IMG_2119
fb_h3_k1_mall_d1,IMG_4183
fb_h3_k1_mall_d1,IMG_4147
fb_h3_k1_mall_d1,IMG_4165
fb_h3_k1_mall_d1,IMG_2120
fb_h3_k1_mall_d1,IMG_2135
fb_h3_k1_mall_d1,IMG_4091
fb_h3_k1_mall_d1,IMG_2078
fb_h3_k1_mall_d1,IMG_4151
fb_h3_k1_mall_d1,IMG_2074
fb_h3_k1_mall_d1,IMG_2060
fb_h3_k1_mall_d1,IMG_4144
fb_h3_k1_mall_d1,IMG_4218
fb_h3_k1_mall_d1,IMG_2121
fb_h3_k1_mall_d1,IMG_4110
fb_h3_k1_mall_d1,IMG_2077
fb_h3_k1_mall_d1,IMG_4155
fb_h3_k1_mall_d1,IMG_4117
fb_h3_k1_mall_d1,IMG_2132
fb_h3_k1_mall_d1,IMG_2103
fb_h3_k1_mall_d1,IMG_2063
fb_h3_k1_mall_d1,IMG_2073
fb_h3_k1_mall_d1,IMG_4068
fb_h3_k1_mall_d1,IMG_2072
fb_h3_k1_mall_d1,IMG_4118
fb_h3_k1_mall_d1,IMG_2105
fb_h3_k1_mall_d1,IMG_2070
fb_h3_k1_mall_d1,IMG_4157
fb_h3_k1_mall_d1,IMG_4189
fb_h3_k1_mall_d1,IMG_4163
fb_h3_k1_mall_d1,IMG_4179
fb_h3_k1_mall_d1,IMG_2100
fb_h3_k1_mall_d1,IMG_4153
fb_h3_k1_mall_d1,IMG_4262
fb_h3_k1_mall_d1,IMG_4096
fb_h3_k1_mall_d1,IMG_2068
fb_h3_k1_mall_d1,IMG_4194
fb_h3_k1_mall_d1,IMG_4168
fb_h3_k1_mall_d1,IMG_4066
fb_h3_k1_mall_d1,IMG_4103
fb_h3_k1_mall_d1,IMG_4154
fb_h3_k1_mall_d1,IMG_2069
fb_h3_k2_m15_d0,IMG_3965
fb_h3_k2_m15_d0,IMG_1970
fb_h3_k2_m15_d0,IMG_3976
fb_h3_k2_m15_d0,IMG_3982
fb_h3_k2_m15_d0,IMG_3924
fb_h3_k2_m15_d0,IMG_3997
fb_h3_k2_m15_d0,IMG_1918
fb_h3_k2_m15_d0,IMG_3992
fb_h3_k2_m15_d0,IMG_1966
fb_h3_k2_m15_d0,IMG_4026
fb_h3_k2_m15_d0,IMG_3932
fb_h3_k2_m15_d0,IMG_3920
fb_h3_k2_m15_d0,IMG_2012
fb_h3_k2_m15_d0,IMG_4019
fb_h3_k2_m15_d0,IMG_2042
fb_h3_k2_m15_d0,IMG_2185-HEIC
fb_h3_k2_m15_d0,IMG_2203-HEIC
fb_h3_k2_m15_d0,IMG_2206-HEIC
fb_h3_k2_m15_d0,IMG_2153-HEIC
fb_h3_k2_m15_d0,IMG_2188-HEIC
fb_h3_k2_m15_d0,IMG_2191-HEIC
fb_h3_k2_m15_d0,IMG_2168-HEIC
fb_h3_k2_m15_d0,IMG_2181-HEIC
fb_h3_k2_m15_d0,IMG_2139-HEIC
fb_h3_k2_m15_d0,IMG_2205-HEIC
fb_h3_k2_m15_d0,IMG_2214-HEIC
fb_h3_k2_m15_d0,IMG_2176-HEIC
fb_h3_k2_m15_d0,IMG_2202-HEIC
fb_h3_k2_m15_d0,IMG_2156-HEIC
fb_h3_k2_m15_d0,IMG_2174-HEIC
fb_h3_k2_m50_d0,IMG_3965
fb_h3_k2_m50_d0,IMG_1970
fb_h3_k2_m50_d0,IMG_3976
fb_h3_k2_m50_d0,IMG_3982
fb_h3_k2_m50_d0,IMG_3924
fb_h3_k2_m50_d0,IMG_3997
fb_h3_k2_m50_d0,IMG_1918
fb_h3_k2_m50_d0,IMG_3992
fb_h3_k2_m50_d0,IMG_1966
fb_h3_k2_m50_d0,IMG_4026
fb_h3_k2_m50_d0,IMG_3932
fb_h3_k2_m50_d0,IMG_3920
fb_h3_k2_m50_d0,IMG_2012
fb_h3_k2_m50_d0,IMG_4019
fb_h3_k2_m50_d0,IMG_2042
fb_h3_k2_m50_d0,IMG_4053
fb_h3_k2_m50_d0,IMG_3931
fb_h3_k2_m50_d0,IMG_1925
fb_h3_k2_m50_d0,IMG_2002
fb_h3_k2_m50_d0,IMG_1961
fb_h3_k2_m50_d0,IMG_3977
fb_h3_k2_m50_d0,IMG_1996
fb_h3_k2_m50_d0,IMG_4029
fb_h3_k2_m50_d0,IMG_4002
fb_h3_k2_m50_d0,IMG_2050
fb_h3_k2_m50_d0,IMG_2055
fb_h3_k2_m50_d0,IMG_3986
fb_h3_k2_m50_d0,IMG_2048
fb_h3_k2_m50_d0,IMG_2013
fb_h3_k2_m50_d0,IMG_3926
fb_h3_k2_m50_d0,IMG_1909
fb_h3_k2_m50_d0,IMG_3919
fb_h3_k2_m50_d0,IMG_1968
fb_h3_k2_m50_d0,IMG_2024
fb_h3_k2_m50_d0,IMG_2054
fb_h3_k2_m50_d0,IMG_1917
fb_h3_k2_m50_d0,IMG_3929
fb_h3_k2_m50_d0,IMG_2025
fb_h3_k2_m50_d0,IMG_4015
fb_h3_k2_m50_d0,IMG_3994
fb_h3_k2_m50_d0,IMG_2052
fb_h3_k2_m50_d0,IMG_3930
fb_h3_k2_m50_d0,IMG_2047
fb_h3_k2_m50_d0,IMG_4013
fb_h3_k2_m50_d0,IMG_4014
fb_h3_k2_m50_d0,IMG_2039
fb_h3_k2_m50_d0,IMG_4025
fb_h3_k2_m50_d0,IMG_4041
fb_h3_k2_m50_d0,IMG_2014
fb_h3_k2_m50_d0,IMG_1914
fb_h3_k2_m50_d0,IMG_2185-HEIC
fb_h3_k2_m50_d0,IMG_2203-HEIC
fb_h3_k2_m50_d0,IMG_2206-HEIC
fb_h3_k2_m50_d0,IMG_2153-HEIC
fb_h3_k2_m50_d0,IMG_2188-HEIC
fb_h3_k2_m50_d0,IMG_2191-HEIC
fb_h3_k2_m50_d0,IMG_2168-HEIC
fb_h3_k2_m50_d0,IMG_2181-HEIC
fb_h3_k2_m50_d0,IMG_2139-HEIC
fb_h3_k2_m50_d0,IMG_2205-HEIC
fb_h3_k2_m50_d0,IMG_2214-HEIC
fb_h3_k2_m50_d0,IMG_2176-HEIC
fb_h3_k2_m50_d0,IMG_2202-HEIC
fb_h3_k2_m50_d0,IMG_2156-HEIC
fb_h3_k2_m50_d0,IMG_2174-HEIC
fb_h3_k2_m50_d0,IMG_2179-HEIC
fb_h3_k2_m50_d0,IMG_2148-HEIC
fb_h3_k2_m50_d0,IMG_2212-HEIC
fb_h3_k2_m50_d0,IMG_2201-HEIC
fb_h3_k2_m50_d0,IMG_2194-HEIC
fb_h3_k2_m50_d0,IMG_2189-HEIC
fb_h3_k2_m50_d0,IMG_2204-HEIC
fb_h3_k2_m50_d0,IMG_2213-HEIC
fb_h3_k2_m50_d0,IMG_2197-HEIC
fb_h3_k2_m50_d0,IMG_2187-HEIC
fb_h3_k2_m50_d0,IMG_2150-HEIC
fb_h3_k2_m50_d0,IMG_2182-HEIC
fb_h3_k2_m50_d0,IMG_2178-HEIC
fb_h3_k2_m50_d0,IMG_2177-HEIC
fb_h3_k2_m50_d0,IMG_2133-HEIC
fb_h3_k2_m50_d0,IMG_2216-HEIC
fb_h3_k2_m50_d0,IMG_2138-HEIC
fb_h3_k2_m50_d0,IMG_2198-HEIC
fb_h3_k2_m50_d0,IMG_2159-HEIC
fb_h3_k2_m50_d0,IMG_2196-HEIC
fb_h3_k2_m50_d0,IMG_2195-HEIC
fb_h3_k2_m50_d0,IMG_2199-HEIC
fb_h3_k2_m50_d0,IMG_2183-HEIC
fb_h3_k2_m50_d0,IMG_2170-HEIC
fb_h3_k2_m50_d0,IMG_2132-HEIC
fb_h3_k2_m50_d0,IMG_2149-HEIC
fb_h3_k2_m50_d0,IMG_2175-HEIC
fb_h3_k2_m50_d0,IMG_2155-HEIC
fb_h3_k2_m50_d0,IMG_2208-HEIC
fb_h3_k2_m50_d0,IMG_2154-HEIC
fb_h3_k2_m50_d0,IMG_2151-HEIC
fb_h3_k2_m50_d0,IMG_2184-HEIC
fb_h3_k2_m50_d0,IMG_2190-HEIC
fb_h3_k2_m50_d0,IMG_2193-HEIC
fb_h3_k2_m50_d0,IMG_2211-HEIC
fb_h3_k2_mall_d0,IMG_3965
fb_h3_k2_mall_d0,IMG_1970
fb_h3_k2_mall_d0,IMG_3976
fb_h3_k2_mall_d0,IMG_3982
fb_h3_k2_mall_d0,IMG_3924
fb_h3_k2_mall_d0,IMG_3997
fb_h3_k2_mall_d0,IMG_1918
fb_h3_k2_mall_d0,IMG_3992
fb_h3_k2_mall_d0,IMG_1966
fb_h3_k2_mall_d0,IMG_4026
fb_h3_k2_mall_d0,IMG_3932
fb_h3_k2_mall_d0,IMG_3920
fb_h3_k2_mall_d0,IMG_2012
fb_h3_k2_mall_d0,IMG_4019
fb_h3_k2_mall_d0,IMG_2042
fb_h3_k2_mall_d0,IMG_4053
fb_h3_k2_mall_d0,IMG_3931
fb_h3_k2_mall_d0,IMG_1925
fb_h3_k2_mall_d0,IMG_2002
fb_h3_k2_mall_d0,IMG_1961
fb_h3_k2_mall_d0,IMG_3977
fb_h3_k2_mall_d0,IMG_1996
fb_h3_k2_mall_d0,IMG_4029
fb_h3_k2_mall_d0,IMG_4002
fb_h3_k2_mall_d0,IMG_2050
fb_h3_k2_mall_d0,IMG_2055
fb_h3_k2_mall_d0,IMG_3986
fb_h3_k2_mall_d0,IMG_2048
fb_h3_k2_mall_d0,IMG_2013
fb_h3_k2_mall_d0,IMG_3926
fb_h3_k2_mall_d0,IMG_1909
fb_h3_k2_mall_d0,IMG_3919
fb_h3_k2_mall_d0,IMG_1968
fb_h3_k2_mall_d0,IMG_2024
fb_h3_k2_mall_d0,IMG_2054
fb_h3_k2_mall_d0,IMG_1917
fb_h3_k2_mall_d0,IMG_3929
fb_h3_k2_mall_d0,IMG_2025
fb_h3_k2_mall_d0,IMG_4015
fb_h3_k2_mall_d0,IMG_3994
fb_h3_k2_mall_d0,IMG_2052
fb_h3_k2_mall_d0,IMG_3930
fb_h3_k2_mall_d0,IMG_2047
fb_h3_k2_mall_d0,IMG_4013
fb_h3_k2_mall_d0,IMG_4014
fb_h3_k2_mall_d0,IMG_2039
fb_h3_k2_mall_d0,IMG_4025
fb_h3_k2_mall_d0,IMG_4041
fb_h3_k2_mall_d0,IMG_2014
fb_h3_k2_mall_d0,IMG_1914
fb_h3_k2_mall_d0,IMG_4034
fb_h3_k2_mall_d0,IMG_2009
fb_h3_k2_mall_d0,IMG_2049
fb_h3_k2_mall_d0,IMG_2026
fb_h3_k2_mall_d0,IMG_4001
fb_h3_k2_mall_d0,IMG_3995
fb_h3_k2_mall_d0,IMG_4011
fb_h3_k2_mall_d0,IMG_2023
fb_h3_k2_mall_d0,IMG_2010
fb_h3_k2_mall_d0,IMG_3928
fb_h3_k2_mall_d0,IMG_2011
fb_h3_k2_mall_d0,IMG_2019
fb_h3_k2_mall_d0,IMG_2040
fb_h3_k2_mall_d0,IMG_2043
fb_h3_k2_mall_d0,IMG_2022
fb_h3_k2_mall_d0,IMG_1999
fb_h3_k2_mall_d0,IMG_1957
fb_h3_k2_mall_d0,IMG_3984
fb_h3_k2_mall_d0,IMG_4032
fb_h3_k2_mall_d0,IMG_3975
fb_h3_k2_mall_d0,IMG_1964
fb_h3_k2_mall_d0,IMG_1916
fb_h3_k2_mall_d0,IMG_4047
fb_h3_k2_mall_d0,IMG_1959
fb_h3_k2_mall_d0,IMG_2044
fb_h3_k2_mall_d0,IMG_4004
fb_h3_k2_mall_d0,IMG_1993
fb_h3_k2_mall_d0,IMG_2018
fb_h3_k2_mall_d0,IMG_3993
fb_h3_k2_mall_d0,IMG_2037
fb_h3_k2_mall_d0,IMG_1915
fb_h3_k2_mall_d0,IMG_1922
fb_h3_k2_mall_d0,IMG_3999
fb_h3_k2_mall_d0,IMG_1969
fb_h3_k2_mall_d0,IMG_4020
fb_h3_k2_mall_d0,IMG_4005
fb_h3_k2_mall_d0,IMG_4058
fb_h3_k2_mall_d0,IMG_1998
fb_h3_k2_mall_d0,IMG_1960
fb_h3_k2_mall_d0,IMG_1958
fb_h3_k2_mall_d0,IMG_4033
fb_h3_k2_mall_d0,IMG_2045
fb_h3_k2_mall_d0,IMG_2001
fb_h3_k2_mall_d0,IMG_3918
fb_h3_k2_mall_d0,IMG_3923
fb_h3_k2_mall_d0,IMG_3925
fb_h3_k2_mall_d0,IMG_1908
fb_h3_k2_mall_d0,IMG_3981
fb_h3_k2_mall_d0,IMG_1971
fb_h3_k2_mall_d0,IMG_2032
fb_h3_k2_mall_d0,IMG_3961
fb_h3_k2_mall_d0,IMG_3998
fb_h3_k2_mall_d0,IMG_2031
fb_h3_k2_mall_d0,IMG_2051
fb_h3_k2_mall_d0,IMG_3983
fb_h3_k2_mall_d0,IMG_4031
fb_h3_k2_mall_d0,IMG_2056
fb_h3_k2_mall_d0,IMG_2053
fb_h3_k2_mall_d0,IMG_4012
fb_h3_k2_mall_d0,IMG_1912
fb_h3_k2_mall_d0,IMG_2038
fb_h3_k2_mall_d0,IMG_1962
fb_h3_k2_mall_d0,IMG_2057
fb_h3_k2_mall_d0,IMG_3987
fb_h3_k2_mall_d0,IMG_1997
fb_h3_k2_mall_d0,IMG_1913
fb_h3_k2_mall_d0,IMG_1923
fb_h3_k2_mall_d0,IMG_3963
fb_h3_k2_mall_d0,IMG_1924
fb_h3_k2_mall_d0,IMG_1929
fb_h3_k2_mall_d0,IMG_3996
fb_h3_k2_mall_d0,IMG_1963
fb_h3_k2_mall_d0,IMG_2046
fb_h3_k2_mall_d0,IMG_4024
fb_h3_k2_mall_d0,IMG_3962
fb_h3_k2_mall_d0,IMG_1928
fb_h3_k2_mall_d0,IMG_3978
fb_h3_k2_mall_d0,IMG_3980
fb_h3_k2_mall_d0,IMG_2030
fb_h3_k2_mall_d0,IMG_3921
fb_h3_k2_mall_d0,IMG_2016
fb_h3_k2_mall_d0,IMG_4003
fb_h3_k2_mall_d0,IMG_2015
fb_h3_k2_mall_d0,IMG_1965
fb_h3_k2_mall_d0,IMG_1956
fb_h3_k2_mall_d0,IMG_2185-HEIC
fb_h3_k2_mall_d0,IMG_2203-HEIC
fb_h3_k2_mall_d0,IMG_2206-HEIC
fb_h3_k2_mall_d0,IMG_2153-HEIC
fb_h3_k2_mall_d0,IMG_2188-HEIC
fb_h3_k2_mall_d0,IMG_2191-HEIC
fb_h3_k2_mall_d0,IMG_2168-HEIC
fb_h3_k2_mall_d0,IMG_2181-HEIC
fb_h3_k2_mall_d0,IMG_2139-HEIC
fb_h3_k2_mall_d0,IMG_2205-HEIC
fb_h3_k2_mall_d0,IMG_2214-HEIC
fb_h3_k2_mall_d0,IMG_2176-HEIC
fb_h3_k2_mall_d0,IMG_2202-HEIC
fb_h3_k2_mall_d0,IMG_2156-HEIC
fb_h3_k2_mall_d0,IMG_2174-HEIC
fb_h3_k2_mall_d0,IMG_2179-HEIC
fb_h3_k2_mall_d0,IMG_2148-HEIC
fb_h3_k2_mall_d0,IMG_2212-HEIC
fb_h3_k2_mall_d0,IMG_2201-HEIC
fb_h3_k2_mall_d0,IMG_2194-HEIC
fb_h3_k2_mall_d0,IMG_2189-HEIC
fb_h3_k2_mall_d0,IMG_2204-HEIC
fb_h3_k2_mall_d0,IMG_2213-HEIC
fb_h3_k2_mall_d0,IMG_2197-HEIC
fb_h3_k2_mall_d0,IMG_2187-HEIC
fb_h3_k2_mall_d0,IMG_2150-HEIC
fb_h3_k2_mall_d0,IMG_2182-HEIC
fb_h3_k2_mall_d0,IMG_2178-HEIC
fb_h3_k2_mall_d0,IMG_2177-HEIC
fb_h3_k2_mall_d0,IMG_2133-HEIC
fb_h3_k2_mall_d0,IMG_2216-HEIC
fb_h3_k2_mall_d0,IMG_2138-HEIC
fb_h3_k2_mall_d0,IMG_2198-HEIC
fb_h3_k2_mall_d0,IMG_2159-HEIC
fb_h3_k2_mall_d0,IMG_2196-HEIC
fb_h3_k2_mall_d0,IMG_2195-HEIC
fb_h3_k2_mall_d0,IMG_2199-HEIC
fb_h3_k2_mall_d0,IMG_2183-HEIC
fb_h3_k2_mall_d0,IMG_2170-HEIC
fb_h3_k2_mall_d0,IMG_2132-HEIC
fb_h3_k2_mall_d0,IMG_2149-HEIC
fb_h3_k2_mall_d0,IMG_2175-HEIC
fb_h3_k2_mall_d0,IMG_2155-HEIC
fb_h3_k2_mall_d0,IMG_2208-HEIC
fb_h3_k2_mall_d0,IMG_2154-HEIC
fb_h3_k2_mall_d0,IMG_2151-HEIC
fb_h3_k2_mall_d0,IMG_2184-HEIC
fb_h3_k2_mall_d0,IMG_2190-HEIC
fb_h3_k2_mall_d0,IMG_2193-HEIC
fb_h3_k2_mall_d0,IMG_2211-HEIC
fb_h3_k2_mall_d0,IMG_2209-HEIC
fb_h3_k2_mall_d0,IMG_2131-HEIC
fb_h3_k2_mall_d0,IMG_2158-HEIC
fb_h3_k2_mall_d0,IMG_2152-HEIC
fb_h3_k2_mall_d0,IMG_2180-HEIC
fb_h3_k2_mall_d0,IMG_2169-HEIC
fb_h3_k2_mall_d0,IMG_2134-HEIC
fb_h3_k2_m15_d1,IMG_4182
fb_h3_k2_m15_d1,IMG_4117
fb_h3_k2_m15_d1,IMG_4156
fb_h3_k2_m15_d1,IMG_4095
fb_h3_k2_m15_d1,IMG_4188
fb_h3_k2_m15_d1,IMG_2103
fb_h3_k2_m15_d1,IMG_4159
fb_h3_k2_m15_d1,IMG_2105
fb_h3_k2_m15_d1,IMG_4201
fb_h3_k2_m15_d1,IMG_4104
fb_h3_k2_m15_d1,IMG_2075
fb_h3_k2_m15_d1,IMG_2130
fb_h3_k2_m15_d1,IMG_4181
fb_h3_k2_m15_d1,IMG_2066
fb_h3_k2_m15_d1,IMG_4176
fb_h3_k2_m15_d1,IMG_1924
fb_h3_k2_m15_d1,IMG_2009
fb_h3_k2_m15_d1,IMG_1971
fb_h3_k2_m15_d1,IMG_2011
fb_h3_k2_m15_d1,IMG_4002
fb_h3_k2_m15_d1,IMG_4034
fb_h3_k2_m15_d1,IMG_2046
fb_h3_k2_m15_d1,IMG_2030
fb_h3_k2_m15_d1,IMG_4011
fb_h3_k2_m15_d1,IMG_4032
fb_h3_k2_m15_d1,IMG_4031
fb_h3_k2_m15_d1,IMG_2047
fb_h3_k2_m15_d1,IMG_2040
fb_h3_k2_m15_d1,IMG_1968
fb_h3_k2_m15_d1,IMG_3977
fb_h3_k2_m50_d1,IMG_4182
fb_h3_k2_m50_d1,IMG_4117
fb_h3_k2_m50_d1,IMG_4156
fb_h3_k2_m50_d1,IMG_4095
fb_h3_k2_m50_d1,IMG_4188
fb_h3_k2_m50_d1,IMG_2103
fb_h3_k2_m50_d1,IMG_4159
fb_h3_k2_m50_d1,IMG_2105
fb_h3_k2_m50_d1,IMG_4201
fb_h3_k2_m50_d1,IMG_4104
fb_h3_k2_m50_d1,IMG_2075
fb_h3_k2_m50_d1,IMG_2130
fb_h3_k2_m50_d1,IMG_4181
fb_h3_k2_m50_d1,IMG_2066
fb_h3_k2_m50_d1,IMG_4176
fb_h3_k2_m50_d1,IMG_2110
fb_h3_k2_m50_d1,IMG_4106
fb_h3_k2_m50_d1,IMG_4113
fb_h3_k2_m50_d1,IMG_4186
fb_h3_k2_m50_d1,IMG_4098
fb_h3_k2_m50_d1,IMG_4200
fb_h3_k2_m50_d1,IMG_4219
fb_h3_k2_m50_d1,IMG_4189
fb_h3_k2_m50_d1,IMG_4180
fb_h3_k2_m50_d1,IMG_2076
fb_h3_k2_m50_d1,IMG_2131
fb_h3_k2_m50_d1,IMG_2059
fb_h3_k2_m50_d1,IMG_2079
fb_h3_k2_m50_d1,IMG_4089
fb_h3_k2_m50_d1,IMG_4262
fb_h3_k2_m50_d1,IMG_2101
fb_h3_k2_m50_d1,IMG_4144
fb_h3_k2_m50_d1,IMG_4193
fb_h3_k2_m50_d1,IMG_4071
fb_h3_k2_m50_d1,IMG_4213
fb_h3_k2_m50_d1,IMG_4143
fb_h3_k2_m50_d1,IMG_4183
fb_h3_k2_m50_d1,IMG_4192
fb_h3_k2_m50_d1,IMG_2070
fb_h3_k2_m50_d1,IMG_4123
fb_h3_k2_m50_d1,IMG_4067
fb_h3_k2_m50_d1,IMG_4112
fb_h3_k2_m50_d1,IMG_2072
fb_h3_k2_m50_d1,IMG_2068
fb_h3_k2_m50_d1,IMG_2116
fb_h3_k2_m50_d1,IMG_4154
fb_h3_k2_m50_d1,IMG_4191
fb_h3_k2_m50_d1,IMG_2132
fb_h3_k2_m50_d1,IMG_4069
fb_h3_k2_m50_d1,IMG_4085
fb_h3_k2_m50_d1,IMG_1924
fb_h3_k2_m50_d1,IMG_2009
fb_h3_k2_m50_d1,IMG_1971
fb_h3_k2_m50_d1,IMG_2011
fb_h3_k2_m50_d1,IMG_4002
fb_h3_k2_m50_d1,IMG_4034
fb_h3_k2_m50_d1,IMG_2046
fb_h3_k2_m50_d1,IMG_2030
fb_h3_k2_m50_d1,IMG_4011
fb_h3_k2_m50_d1,IMG_4032
fb_h3_k2_m50_d1,IMG_4031
fb_h3_k2_m50_d1,IMG_2047
fb_h3_k2_m50_d1,IMG_2040
fb_h3_k2_m50_d1,IMG_1968
fb_h3_k2_m50_d1,IMG_3977
fb_h3_k2_m50_d1,IMG_1956
fb_h3_k2_m50_d1,IMG_4041
fb_h3_k2_m50_d1,IMG_1965
fb_h3_k2_m50_d1,IMG_4003
fb_h3_k2_m50_d1,IMG_1996
fb_h3_k2_m50_d1,IMG_1922
fb_h3_k2_m50_d1,IMG_1963
fb_h3_k2_m50_d1,IMG_4012
fb_h3_k2_m50_d1,IMG_3982
fb_h3_k2_m50_d1,IMG_4014
fb_h3_k2_m50_d1,IMG_3963
fb_h3_k2_m50_d1,IMG_4029
fb_h3_k2_m50_d1,IMG_4024
fb_h3_k2_m50_d1,IMG_3986
fb_h3_k2_m50_d1,IMG_2050
fb_h3_k2_m50_d1,IMG_1998
fb_h3_k2_m50_d1,IMG_2002
fb_h3_k2_m50_d1,IMG_1914
fb_h3_k2_m50_d1,IMG_3983
fb_h3_k2_m50_d1,IMG_2018
fb_h3_k2_m50_d1,IMG_2052
fb_h3_k2_m50_d1,IMG_3919
fb_h3_k2_m50_d1,IMG_1915
fb_h3_k2_m50_d1,IMG_4005
fb_h3_k2_m50_d1,IMG_2038
fb_h3_k2_m50_d1,IMG_3929
fb_h3_k2_m50_d1,IMG_3925
fb_h3_k2_m50_d1,IMG_3976
fb_h3_k2_m50_d1,IMG_1993
fb_h3_k2_m50_d1,IMG_2023
fb_h3_k2_m50_d1,IMG_4001
fb_h3_k2_m50_d1,IMG_3999
fb_h3_k2_m50_d1,IMG_2019
fb_h3_k2_m50_d1,IMG_1970
fb_h3_k2_m50_d1,IMG_2026
fb_h3_k2_mall_d1,IMG_4182
fb_h3_k2_mall_d1,IMG_4117
fb_h3_k2_mall_d1,IMG_4156
fb_h3_k2_mall_d1,IMG_4095
fb_h3_k2_mall_d1,IMG_4188
fb_h3_k2_mall_d1,IMG_2103
fb_h3_k2_mall_d1,IMG_4159
fb_h3_k2_mall_d1,IMG_2105
fb_h3_k2_mall_d1,IMG_4201
fb_h3_k2_mall_d1,IMG_4104
fb_h3_k2_mall_d1,IMG_2075
fb_h3_k2_mall_d1,IMG_2130
fb_h3_k2_mall_d1,IMG_4181
fb_h3_k2_mall_d1,IMG_2066
fb_h3_k2_mall_d1,IMG_4176
fb_h3_k2_mall_d1,IMG_2110
fb_h3_k2_mall_d1,IMG_4106
fb_h3_k2_mall_d1,IMG_4113
fb_h3_k2_mall_d1,IMG_4186
fb_h3_k2_mall_d1,IMG_4098
fb_h3_k2_mall_d1,IMG_4200
fb_h3_k2_mall_d1,IMG_4219
fb_h3_k2_mall_d1,IMG_4189
fb_h3_k2_mall_d1,IMG_4180
fb_h3_k2_mall_d1,IMG_2076
fb_h3_k2_mall_d1,IMG_2131
fb_h3_k2_mall_d1,IMG_2059
fb_h3_k2_mall_d1,IMG_2079
fb_h3_k2_mall_d1,IMG_4089
fb_h3_k2_mall_d1,IMG_4262
fb_h3_k2_mall_d1,IMG_2101
fb_h3_k2_mall_d1,IMG_4144
fb_h3_k2_mall_d1,IMG_4193
fb_h3_k2_mall_d1,IMG_4071
fb_h3_k2_mall_d1,IMG_4213
fb_h3_k2_mall_d1,IMG_4143
fb_h3_k2_mall_d1,IMG_4183
fb_h3_k2_mall_d1,IMG_4192
fb_h3_k2_mall_d1,IMG_2070
fb_h3_k2_mall_d1,IMG_4123
fb_h3_k2_mall_d1,IMG_4067
fb_h3_k2_mall_d1,IMG_4112
fb_h3_k2_mall_d1,IMG_2072
fb_h3_k2_mall_d1,IMG_2068
fb_h3_k2_mall_d1,IMG_2116
fb_h3_k2_mall_d1,IMG_4154
fb_h3_k2_mall_d1,IMG_4191
fb_h3_k2_mall_d1,IMG_2132
fb_h3_k2_mall_d1,IMG_4069
fb_h3_k2_mall_d1,IMG_4085
fb_h3_k2_mall_d1,IMG_2115
fb_h3_k2_mall_d1,IMG_4146
fb_h3_k2_mall_d1,IMG_2084
fb_h3_k2_mall_d1,IMG_4148
fb_h3_k2_mall_d1,IMG_4070
fb_h3_k2_mall_d1,IMG_4178
fb_h3_k2_mall_d1,IMG_4194
fb_h3_k2_mall_d1,IMG_4105
fb_h3_k2_mall_d1,IMG_2135
fb_h3_k2_mall_d1,IMG_2081
fb_h3_k2_mall_d1,IMG_2109
fb_h3_k2_mall_d1,IMG_4073
fb_h3_k2_mall_d1,IMG_4116
fb_h3_k2_mall_d1,IMG_4155
fb_h3_k2_mall_d1,IMG_2073
fb_h3_k2_mall_d1,IMG_4169
fb_h3_k2_mall_d1,IMG_4066
fb_h3_k2_mall_d1,IMG_4161
fb_h3_k2_mall_d1,IMG_2120
fb_h3_k2_mall_d1,IMG_4220
fb_h3_k2_mall_d1,IMG_4090
fb_h3_k2_mall_d1,IMG_4118
fb_h3_k2_mall_d1,IMG_4164
fb_h3_k2_mall_d1,IMG_4114
fb_h3_k2_mall_d1,IMG_2071
fb_h3_k2_mall_d1,IMG_4202
fb_h3_k2_mall_d1,IMG_4087
fb_h3_k2_mall_d1,IMG_4187
fb_h3_k2_mall_d1,IMG_4162
fb_h3_k2_mall_d1,IMG_2064
fb_h3_k2_mall_d1,IMG_2107
fb_h3_k2_mall_d1,IMG_4068
fb_h3_k2_mall_d1,IMG_4157
fb_h3_k2_mall_d1,IMG_2062
fb_h3_k2_mall_d1,IMG_4256
fb_h3_k2_mall_d1,IMG_4165
fb_h3_k2_mall_d1,IMG_4111
fb_h3_k2_mall_d1,IMG_2061
fb_h3_k2_mall_d1,IMG_4163
fb_h3_k2_mall_d1,IMG_2077
fb_h3_k2_mall_d1,IMG_2104
fb_h3_k2_mall_d1,IMG_4115
fb_h3_k2_mall_d1,IMG_4185
fb_h3_k2_mall_d1,IMG_4110
fb_h3_k2_mall_d1,IMG_4149
fb_h3_k2_mall_d1,IMG_4174
fb_h3_k2_mall_d1,IMG_4152
fb_h3_k2_mall_d1,IMG_4184
fb_h3_k2_mall_d1,IMG_4218
fb_h3_k2_mall_d1,IMG_2080
fb_h3_k2_mall_d1,IMG_2117
fb_h3_k2_mall_d1,IMG_4065
fb_h3_k2_mall_d1,IMG_2058
fb_h3_k2_mall_d1,IMG_4168
fb_h3_k2_mall_d1,IMG_4109
fb_h3_k2_mall_d1,IMG_2088
fb_h3_k2_mall_d1,IMG_4103
fb_h3_k2_mall_d1,IMG_4088
fb_h3_k2_mall_d1,IMG_4203
fb_h3_k2_mall_d1,IMG_2060
fb_h3_k2_mall_d1,IMG_4096
fb_h3_k2_mall_d1,IMG_2134
fb_h3_k2_mall_d1,IMG_2119
fb_h3_k2_mall_d1,IMG_4091
fb_h3_k2_mall_d1,IMG_2085
fb_h3_k2_mall_d1,IMG_2095
fb_h3_k2_mall_d1,IMG_2133
fb_h3_k2_mall_d1,IMG_4072
fb_h3_k2_mall_d1,IMG_4150
fb_h3_k2_mall_d1,IMG_4221
fb_h3_k2_mall_d1,IMG_2106
fb_h3_k2_mall_d1,IMG_2074
fb_h3_k2_mall_d1,IMG_4170
fb_h3_k2_mall_d1,IMG_2089
fb_h3_k2_mall_d1,IMG_2063
fb_h3_k2_mall_d1,IMG_4086
fb_h3_k2_mall_d1,IMG_2102
fb_h3_k2_mall_d1,IMG_2108
fb_h3_k2_mall_d1,IMG_4120
fb_h3_k2_mall_d1,IMG_2083
fb_h3_k2_mall_d1,IMG_4151
fb_h3_k2_mall_d1,IMG_4179
fb_h3_k2_mall_d1,IMG_4153
fb_h3_k2_mall_d1,IMG_2069
fb_h3_k2_mall_d1,IMG_2067
fb_h3_k2_mall_d1,IMG_4190
fb_h3_k2_mall_d1,IMG_2100
fb_h3_k2_mall_d1,IMG_4064
fb_h3_k2_mall_d1,IMG_4145
fb_h3_k2_mall_d1,IMG_4075
fb_h3_k2_mall_d1,IMG_4134
fb_h3_k2_mall_d1,IMG_2078
fb_h3_k2_mall_d1,IMG_4172
fb_h3_k2_mall_d1,IMG_4147
fb_h3_k2_mall_d1,IMG_2121
fb_h3_k2_mall_d1,IMG_2122
fb_h3_k2_mall_d1,IMG_2082
fb_h3_k2_mall_d1,IMG_1924
fb_h3_k2_mall_d1,IMG_2009
fb_h3_k2_mall_d1,IMG_1971
fb_h3_k2_mall_d1,IMG_2011
fb_h3_k2_mall_d1,IMG_4002
fb_h3_k2_mall_d1,IMG_4034
fb_h3_k2_mall_d1,IMG_2046
fb_h3_k2_mall_d1,IMG_2030
fb_h3_k2_mall_d1,IMG_4011
fb_h3_k2_mall_d1,IMG_4032
fb_h3_k2_mall_d1,IMG_4031
fb_h3_k2_mall_d1,IMG_2047
fb_h3_k2_mall_d1,IMG_2040
fb_h3_k2_mall_d1,IMG_1968
fb_h3_k2_mall_d1,IMG_3977
fb_h3_k2_mall_d1,IMG_1956
fb_h3_k2_mall_d1,IMG_4041
fb_h3_k2_mall_d1,IMG_1965
fb_h3_k2_mall_d1,IMG_4003
fb_h3_k2_mall_d1,IMG_1996
fb_h3_k2_mall_d1,IMG_1922
fb_h3_k2_mall_d1,IMG_1963
fb_h3_k2_mall_d1,IMG_4012
fb_h3_k2_mall_d1,IMG_3982
fb_h3_k2_mall_d1,IMG_4014
fb_h3_k2_mall_d1,IMG_3963
fb_h3_k2_mall_d1,IMG_4029
fb_h3_k2_mall_d1,IMG_4024
fb_h3_k2_mall_d1,IMG_3986
fb_h3_k2_mall_d1,IMG_2050
fb_h3_k2_mall_d1,IMG_1998
fb_h3_k2_mall_d1,IMG_2002
fb_h3_k2_mall_d1,IMG_1914
fb_h3_k2_mall_d1,IMG_3983
fb_h3_k2_mall_d1,IMG_2018
fb_h3_k2_mall_d1,IMG_2052
fb_h3_k2_mall_d1,IMG_3919
fb_h3_k2_mall_d1,IMG_1915
fb_h3_k2_mall_d1,IMG_4005
fb_h3_k2_mall_d1,IMG_2038
fb_h3_k2_mall_d1,IMG_3929
fb_h3_k2_mall_d1,IMG_3925
fb_h3_k2_mall_d1,IMG_3976
fb_h3_k2_mall_d1,IMG_1993
fb_h3_k2_mall_d1,IMG_2023
fb_h3_k2_mall_d1,IMG_4001
fb_h3_k2_mall_d1,IMG_3999
fb_h3_k2_mall_d1,IMG_2019
fb_h3_k2_mall_d1,IMG_1970
fb_h3_k2_mall_d1,IMG_2026
fb_h3_k2_mall_d1,IMG_4013
fb_h3_k2_mall_d1,IMG_2014
fb_h3_k2_mall_d1,IMG_2024
fb_h3_k2_mall_d1,IMG_3992
fb_h3_k2_mall_d1,IMG_4025
fb_h3_k2_mall_d1,IMG_2015
fb_h3_k2_mall_d1,IMG_3994
fb_h3_k2_mall_d1,IMG_2057
fb_h3_k2_mall_d1,IMG_2051
fb_h3_k2_mall_d1,IMG_3920
fb_h3_k2_mall_d1,IMG_4019
fb_h3_k2_mall_d1,IMG_2016
fb_h3_k2_mall_d1,IMG_1917
fb_h3_k2_mall_d1,IMG_2032
fb_h3_k2_mall_d1,IMG_3995
fb_h3_k2_mall_d1,IMG_1962
fb_h3_k2_mall_d1,IMG_4015
fb_h3_k2_mall_d1,IMG_3962
fb_h3_k2_mall_d1,IMG_1958
fb_h3_k2_mall_d1,IMG_3961
fb_h3_k2_mall_d1,IMG_1999
fb_h3_k2_mall_d1,IMG_1929
fb_h3_k2_mall_d1,IMG_3984
fb_h3_k2_mall_d1,IMG_2037
fb_h3_k2_mall_d1,IMG_1912
fb_h3_k2_mall_d1,IMG_1909
fb_h3_k2_mall_d1,IMG_1961
fb_h3_k2_mall_d1,IMG_1957
fb_h3_k2_mall_d1,IMG_3918
fb_h3_k2_mall_d1,IMG_2048
fb_h3_k2_mall_d1,IMG_1925
fb_h3_k2_mall_d1,IMG_3924
fb_h3_k2_mall_d1,IMG_2031
fb_h3_k2_mall_d1,IMG_2043
fb_h3_k2_mall_d1,IMG_4033
fb_h3_k2_mall_d1,IMG_2055
fb_h3_k2_mall_d1,IMG_1913
fb_h3_k2_mall_d1,IMG_3931
fb_h3_k2_mall_d1,IMG_1997
fb_h3_k2_mall_d1,IMG_4047
fb_h3_k2_mall_d1,IMG_3987
fb_h3_k2_mall_d1,IMG_3928
fb_h3_k2_mall_d1,IMG_4026
fb_h3_k2_mall_d1,IMG_2056
fb_h3_k2_mall_d1,IMG_3980
fb_h3_k2_mall_d1,IMG_2044
fb_h3_k2_mall_d1,IMG_3996
fb_h3_k2_mall_d1,IMG_3998
fb_h3_k2_mall_d1,IMG_2042
fb_h3_k2_mall_d1,IMG_1908
fb_h3_k2_mall_d1,IMG_4004
fb_h3_k2_mall_d1,IMG_3932
fb_h3_k2_mall_d1,IMG_2053
fb_h3_k2_mall_d1,IMG_3921
fb_h3_k2_mall_d1,IMG_1918
fb_h3_k2_mall_d1,IMG_4020
fb_h3_k2_mall_d1,IMG_1959
fb_h3_k2_mall_d1,IMG_2022
fb_h3_k2_mall_d1,IMG_1916
fb_h3_k2_mall_d1,IMG_1969
fb_h3_k2_mall_d1,IMG_3993
fb_h3_k2_mall_d1,IMG_2001
fb_h3_k2_mall_d1,IMG_2045
fb_h3_k2_mall_d1,IMG_4058
fb_h3_k2_mall_d1,IMG_2012
fb_h3_k2_mall_d1,IMG_2010
fb_h3_k2_mall_d1,IMG_3923
fb_h3_k2_mall_d1,IMG_2054
fb_h3_k2_mall_d1,IMG_2039
fb_h3_k2_mall_d1,IMG_3975
fb_h3_k2_mall_d1,IMG_3926
fb_h3_k2_mall_d1,IMG_1966
fb_h3_k2_mall_d1,IMG_2025
fb_h3_k2_mall_d1,IMG_3997
fb_h3_k2_mall_d1,IMG_3978
fb_h3_k2_mall_d1,IMG_3965
fb_h3_k2_mall_d1,IMG_1960
fb_h3_k2_mall_d1,IMG_3930
fb_h3_k2_mall_d1,IMG_2013
fb_h3_k2_mall_d1,IMG_3981
fb_h3_k2_mall_d1,IMG_1923
fb_h3_k2_mall_d1,IMG_1964
fb_h3_k2_mall_d1,IMG_2049
fb_h3_k2_mall_d1,IMG_1928
fb_h3_k2_mall_d1,IMG_4053
fb_h3_k4_m15_d0,IMG_2074
fb_h3_k4_m15_d0,IMG_4069
fb_h3_k4_m15_d0,IMG_4095
fb_h3_k4_m15_d0,IMG_4174
fb_h3_k4_m15_d0,IMG_2131
fb_h3_k4_m15_d0,IMG_2060
fb_h3_k4_m15_d0,IMG_4067
fb_h3_k4_m15_d0,IMG_4165
fb_h3_k4_m15_d0,IMG_2068
fb_h3_k4_m15_d0,IMG_2105
fb_h3_k4_m15_d0,IMG_4143
fb_h3_k4_m15_d0,IMG_4104
fb_h3_k4_m15_d0,IMG_4068
fb_h3_k4_m15_d0,IMG_4256
fb_h3_k4_m15_d0,IMG_2135
fb_h3_k4_m15_d0,IMG_3995
fb_h3_k4_m15_d0,IMG_2015
fb_h3_k4_m15_d0,IMG_1963
fb_h3_k4_m15_d0,IMG_2050
fb_h3_k4_m15_d0,IMG_4025
fb_h3_k4_m15_d0,IMG_2056
fb_h3_k4_m15_d0,IMG_2025
fb_h3_k4_m15_d0,IMG_1918
fb_h3_k4_m15_d0,IMG_2010
fb_h3_k4_m15_d0,IMG_1966
fb_h3_k4_m15_d0,IMG_3980
fb_h3_k4_m15_d0,IMG_3986
fb_h3_k4_m15_d0,IMG_1912
fb_h3_k4_m15_d0,IMG_3930
fb_h3_k4_m15_d0,IMG_2046
fb_h3_k4_m15_d0,IMG_9906
fb_h3_k4_m15_d0,IMG_9986
fb_h3_k4_m15_d0,IMG_9980
fb_h3_k4_m15_d0,IMG_9990
fb_h3_k4_m15_d0,IMG_9927
fb_h3_k4_m15_d0,IMG_9962
fb_h3_k4_m15_d0,IMG_9890
fb_h3_k4_m15_d0,IMG_9943
fb_h3_k4_m15_d0,IMG_9949
fb_h3_k4_m15_d0,IMG_9947
fb_h3_k4_m15_d0,IMG_9970
fb_h3_k4_m15_d0,IMG_9912-HEIC
fb_h3_k4_m15_d0,IMG_9955
fb_h3_k4_m15_d0,IMG_9902
fb_h3_k4_m15_d0,IMG_9904
fb_h3_k4_m15_d0,IMG_2155-HEIC
fb_h3_k4_m15_d0,IMG_2195-HEIC
fb_h3_k4_m15_d0,IMG_2175-HEIC
fb_h3_k4_m15_d0,IMG_2134-HEIC
fb_h3_k4_m15_d0,IMG_2169-HEIC
fb_h3_k4_m15_d0,IMG_2212-HEIC
fb_h3_k4_m15_d0,IMG_2204-HEIC
fb_h3_k4_m15_d0,IMG_2132-HEIC
fb_h3_k4_m15_d0,IMG_2206-HEIC
fb_h3_k4_m15_d0,IMG_2211-HEIC
fb_h3_k4_m15_d0,IMG_2154-HEIC
fb_h3_k4_m15_d0,IMG_2152-HEIC
fb_h3_k4_m15_d0,IMG_2209-HEIC
fb_h3_k4_m15_d0,IMG_2199-HEIC
fb_h3_k4_m15_d0,IMG_2190-HEIC
fb_h3_k4_m50_d0,IMG_2074
fb_h3_k4_m50_d0,IMG_4069
fb_h3_k4_m50_d0,IMG_4095
fb_h3_k4_m50_d0,IMG_4174
fb_h3_k4_m50_d0,IMG_2131
fb_h3_k4_m50_d0,IMG_2060
fb_h3_k4_m50_d0,IMG_4067
fb_h3_k4_m50_d0,IMG_4165
fb_h3_k4_m50_d0,IMG_2068
fb_h3_k4_m50_d0,IMG_2105
fb_h3_k4_m50_d0,IMG_4143
fb_h3_k4_m50_d0,IMG_4104
fb_h3_k4_m50_d0,IMG_4068
fb_h3_k4_m50_d0,IMG_4256
fb_h3_k4_m50_d0,IMG_2135
fb_h3_k4_m50_d0,IMG_2109
fb_h3_k4_m50_d0,IMG_2101
fb_h3_k4_m50_d0,IMG_2100
fb_h3_k4_m50_d0,IMG_4150
fb_h3_k4_m50_d0,IMG_2107
fb_h3_k4_m50_d0,IMG_4262
fb_h3_k4_m50_d0,IMG_4117
fb_h3_k4_m50_d0,IMG_2077
fb_h3_k4_m50_d0,IMG_4178
fb_h3_k4_m50_d0,IMG_4184
fb_h3_k4_m50_d0,IMG_4065
fb_h3_k4_m50_d0,IMG_2116
fb_h3_k4_m50_d0,IMG_2084
fb_h3_k4_m50_d0,IMG_2069
fb_h3_k4_m50_d0,IMG_2117
fb_h3_k4_m50_d0,IMG_2106
fb_h3_k4_m50_d0,IMG_4064
fb_h3_k4_m50_d0,IMG_2134
fb_h3_k4_m50_d0,IMG_4090
fb_h3_k4_m50_d0,IMG_2104
fb_h3_k4_m50_d0,IMG_4151
fb_h3_k4_m50_d0,IMG_4219
fb_h3_k4_m50_d0,IMG_2061
fb_h3_k4_m50_d0,IMG_4114
fb_h3_k4_m50_d0,IMG_4152
fb_h3_k4_m50_d0,IMG_4149
fb_h3_k4_m50_d0,IMG_4072
fb_h3_k4_m50_d0,IMG_4176
fb_h3_k4_m50_d0,IMG_2121
fb_h3_k4_m50_d0,IMG_2082
fb_h3_k4_m50_d0,IMG_2080
fb_h3_k4_m50_d0,IMG_4087
fb_h3_k4_m50_d0,IMG_4106
fb_h3_k4_m50_d0,IMG_2063
fb_h3_k4_m50_d0,IMG_4203
fb_h3_k4_m50_d0,IMG_3995
fb_h3_k4_m50_d0,IMG_2015
fb_h3_k4_m50_d0,IMG_1963
fb_h3_k4_m50_d0,IMG_2050
fb_h3_k4_m50_d0,IMG_4025
fb_h3_k4_m50_d0,IMG_2056
fb_h3_k4_m50_d0,IMG_2025
fb_h3_k4_m50_d0,IMG_1918
fb_h3_k4_m50_d0,IMG_2010
fb_h3_k4_m50_d0,IMG_1966
fb_h3_k4_m50_d0,IMG_3980
fb_h3_k4_m50_d0,IMG_3986
fb_h3_k4_m50_d0,IMG_1912
fb_h3_k4_m50_d0,IMG_3930
fb_h3_k4_m50_d0,IMG_2046
fb_h3_k4_m50_d0,IMG_1922
fb_h3_k4_m50_d0,IMG_3931
fb_h3_k4_m50_d0,IMG_2054
fb_h3_k4_m50_d0,IMG_2057
fb_h3_k4_m50_d0,IMG_1913
fb_h3_k4_m50_d0,IMG_2045
fb_h3_k4_m50_d0,IMG_3929
fb_h3_k4_m50_d0,IMG_4026
fb_h3_k4_m50_d0,IMG_3962
fb_h3_k4_m50_d0,IMG_3977
fb_h3_k4_m50_d0,IMG_2014
fb_h3_k4_m50_d0,IMG_2024
fb_h3_k4_m50_d0,IMG_4031
fb_h3_k4_m50_d0,IMG_1917
fb_h3_k4_m50_d0,IMG_3923
fb_h3_k4_m50_d0,IMG_1914
fb_h3_k4_m50_d0,IMG_3987
fb_h3_k4_m50_d0,IMG_4032
fb_h3_k4_m50_d0,IMG_4029
fb_h3_k4_m50_d0,IMG_2055
fb_h3_k4_m50_d0,IMG_1956
fb_h3_k4_m50_d0,IMG_2001
fb_h3_k4_m50_d0,IMG_3926
fb_h3_k4_m50_d0,IMG_3976
fb_h3_k4_m50_d0,IMG_3961
fb_h3_k4_m50_d0,IMG_2016
fb_h3_k4_m50_d0,IMG_2053
fb_h3_k4_m50_d0,IMG_3975
fb_h3_k4_m50_d0,IMG_3993
fb_h3_k4_m50_d0,IMG_1997
fb_h3_k4_m50_d0,IMG_2032
fb_h3_k4_m50_d0,IMG_1969
fb_h3_k4_m50_d0,IMG_1929
fb_h3_k4_m50_d0,IMG_4041
fb_h3_k4_m50_d0,IMG_2013
fb_h3_k4_m50_d0,IMG_9906
fb_h3_k4_m50_d0,IMG_9986
fb_h3_k4_m50_d0,IMG_9980
fb_h3_k4_m50_d0,IMG_9990
fb_h3_k4_m50_d0,IMG_9927
fb_h3_k4_m50_d0,IMG_9962
fb_h3_k4_m50_d0,IMG_9890
fb_h3_k4_m50_d0,IMG_9943
fb_h3_k4_m50_d0,IMG_9949
fb_h3_k4_m50_d0,IMG_9947
fb_h3_k4_m50_d0,IMG_9970
fb_h3_k4_m50_d0,IMG_9912-HEIC
fb_h3_k4_m50_d0,IMG_9955
fb_h3_k4_m50_d0,IMG_9902
fb_h3_k4_m50_d0,IMG_9904
fb_h3_k4_m50_d0,IMG_9928
fb_h3_k4_m50_d0,IMG_9888
fb_h3_k4_m50_d0,IMG_9929
fb_h3_k4_m50_d0,IMG_9959
fb_h3_k4_m50_d0,IMG_9951
fb_h3_k4_m50_d0,IMG_9944
fb_h3_k4_m50_d0,IMG_9948
fb_h3_k4_m50_d0,IMG_9926
fb_h3_k4_m50_d0,IMG_9946
fb_h3_k4_m50_d0,IMG_9915
fb_h3_k4_m50_d0,IMG_9989
fb_h3_k4_m50_d0,IMG_9918
fb_h3_k4_m50_d0,IMG_9987
fb_h3_k4_m50_d0,IMG_9965
fb_h3_k4_m50_d0,IMG_9956
fb_h3_k4_m50_d0,IMG_9889
fb_h3_k4_m50_d0,IMG_9905
fb_h3_k4_m50_d0,IMG_9899
fb_h3_k4_m50_d0,IMG_9991
fb_h3_k4_m50_d0,IMG_9886
fb_h3_k4_m50_d0,IMG_9972
fb_h3_k4_m50_d0,IMG_9958
fb_h3_k4_m50_d0,IMG_9896
fb_h3_k4_m50_d0,IMG_9977
fb_h3_k4_m50_d0,IMG_9910
fb_h3_k4_m50_d0,IMG_9957
fb_h3_k4_m50_d0,IMG_9988
fb_h3_k4_m50_d0,IMG_9897
fb_h3_k4_m50_d0,IMG_9900
fb_h3_k4_m50_d0,IMG_9942
fb_h3_k4_m50_d0,IMG_9892
fb_h3_k4_m50_d0,IMG_9968
fb_h3_k4_m50_d0,IMG_9916
fb_h3_k4_m50_d0,IMG_9924
fb_h3_k4_m50_d0,IMG_9983
fb_h3_k4_m50_d0,IMG_2155-HEIC
fb_h3_k4_m50_d0,IMG_2195-HEIC
fb_h3_k4_m50_d0,IMG_2175-HEIC
fb_h3_k4_m50_d0,IMG_2134-HEIC
fb_h3_k4_m50_d0,IMG_2169-HEIC
fb_h3_k4_m50_d0,IMG_2212-HEIC
fb_h3_k4_m50_d0,IMG_2204-HEIC
fb_h3_k4_m50_d0,IMG_2132-HEIC
fb_h3_k4_m50_d0,IMG_2206-HEIC
fb_h3_k4_m50_d0,IMG_2211-HEIC
fb_h3_k4_m50_d0,IMG_2154-HEIC
fb_h3_k4_m50_d0,IMG_2152-HEIC
fb_h3_k4_m50_d0,IMG_2209-HEIC
fb_h3_k4_m50_d0,IMG_2199-HEIC
fb_h3_k4_m50_d0,IMG_2190-HEIC
fb_h3_k4_m50_d0,IMG_2203-HEIC
fb_h3_k4_m50_d0,IMG_2194-HEIC
fb_h3_k4_m50_d0,IMG_2193-HEIC
fb_h3_k4_m50_d0,IMG_2179-HEIC
fb_h3_k4_m50_d0,IMG_2185-HEIC
fb_h3_k4_m50_d0,IMG_2180-HEIC
fb_h3_k4_m50_d0,IMG_2181-HEIC
fb_h3_k4_m50_d0,IMG_2149-HEIC
fb_h3_k4_m50_d0,IMG_2184-HEIC
fb_h3_k4_m50_d0,IMG_2176-HEIC
fb_h3_k4_m50_d0,IMG_2187-HEIC
fb_h3_k4_m50_d0,IMG_2168-HEIC
fb_h3_k4_m50_d0,IMG_2151-HEIC
fb_h3_k4_m50_d0,IMG_2216-HEIC
fb_h3_k4_m50_d0,IMG_2213-HEIC
fb_h3_k4_m50_d0,IMG_2197-HEIC
fb_h3_k4_m50_d0,IMG_2131-HEIC
fb_h3_k4_m50_d0,IMG_2178-HEIC
fb_h3_k4_m50_d0,IMG_2205-HEIC
fb_h3_k4_m50_d0,IMG_2214-HEIC
fb_h3_k4_m50_d0,IMG_2208-HEIC
fb_h3_k4_m50_d0,IMG_2133-HEIC
fb_h3_k4_m50_d0,IMG_2148-HEIC
fb_h3_k4_m50_d0,IMG_2183-HEIC
fb_h3_k4_m50_d0,IMG_2153-HEIC
fb_h3_k4_m50_d0,IMG_2150-HEIC
fb_h3_k4_m50_d0,IMG_2170-HEIC
fb_h3_k4_m50_d0,IMG_2159-HEIC
fb_h3_k4_m50_d0,IMG_2191-HEIC
fb_h3_k4_m50_d0,IMG_2202-HEIC
fb_h3_k4_m50_d0,IMG_2196-HEIC
fb_h3_k4_m50_d0,IMG_2174-HEIC
fb_h3_k4_m50_d0,IMG_2201-HEIC
fb_h3_k4_m50_d0,IMG_2188-HEIC
fb_h3_k4_m50_d0,IMG_2177-HEIC
fb_h3_k4_mall_d0,IMG_2074
fb_h3_k4_mall_d0,IMG_4069
fb_h3_k4_mall_d0,IMG_4095
fb_h3_k4_mall_d0,IMG_4174
fb_h3_k4_mall_d0,IMG_2131
fb_h3_k4_mall_d0,IMG_2060
fb_h3_k4_mall_d0,IMG_4067
fb_h3_k4_mall_d0,IMG_4165
fb_h3_k4_mall_d0,IMG_2068
fb_h3_k4_mall_d0,IMG_2105
fb_h3_k4_mall_d0,IMG_4143
fb_h3_k4_mall_d0,IMG_4104
fb_h3_k4_mall_d0,IMG_4068
fb_h3_k4_mall_d0,IMG_4256
fb_h3_k4_mall_d0,IMG_2135
fb_h3_k4_mall_d0,IMG_2109
fb_h3_k4_mall_d0,IMG_2101
fb_h3_k4_mall_d0,IMG_2100
fb_h3_k4_mall_d0,IMG_4150
fb_h3_k4_mall_d0,IMG_2107
fb_h3_k4_mall_d0,IMG_4262
fb_h3_k4_mall_d0,IMG_4117
fb_h3_k4_mall_d0,IMG_2077
fb_h3_k4_mall_d0,IMG_4178
fb_h3_k4_mall_d0,IMG_4184
fb_h3_k4_mall_d0,IMG_4065
fb_h3_k4_mall_d0,IMG_2116
fb_h3_k4_mall_d0,IMG_2084
fb_h3_k4_mall_d0,IMG_2069
fb_h3_k4_mall_d0,IMG_2117
fb_h3_k4_mall_d0,IMG_2106
fb_h3_k4_mall_d0,IMG_4064
fb_h3_k4_mall_d0,IMG_2134
fb_h3_k4_mall_d0,IMG_4090
fb_h3_k4_mall_d0,IMG_2104
fb_h3_k4_mall_d0,IMG_4151
fb_h3_k4_mall_d0,IMG_4219
fb_h3_k4_mall_d0,IMG_2061
fb_h3_k4_mall_d0,IMG_4114
fb_h3_k4_mall_d0,IMG_4152
fb_h3_k4_mall_d0,IMG_4149
fb_h3_k4_mall_d0,IMG_4072
fb_h3_k4_mall_d0,IMG_4176
fb_h3_k4_mall_d0,IMG_2121
fb_h3_k4_mall_d0,IMG_2082
fb_h3_k4_mall_d0,IMG_2080
fb_h3_k4_mall_d0,IMG_4087
fb_h3_k4_mall_d0,IMG_4106
fb_h3_k4_mall_d0,IMG_2063
fb_h3_k4_mall_d0,IMG_4203
fb_h3_k4_mall_d0,IMG_4110
fb_h3_k4_mall_d0,IMG_4191
fb_h3_k4_mall_d0,IMG_2089
fb_h3_k4_mall_d0,IMG_2083
fb_h3_k4_mall_d0,IMG_2095
fb_h3_k4_mall_d0,IMG_4163
fb_h3_k4_mall_d0,IMG_4169
fb_h3_k4_mall_d0,IMG_4066
fb_h3_k4_mall_d0,IMG_4220
fb_h3_k4_mall_d0,IMG_4115
fb_h3_k4_mall_d0,IMG_4154
fb_h3_k4_mall_d0,IMG_4155
fb_h3_k4_mall_d0,IMG_4088
fb_h3_k4_mall_d0,IMG_2119
fb_h3_k4_mall_d0,IMG_2064
fb_h3_k4_mall_d0,IMG_4180
fb_h3_k4_mall_d0,IMG_4109
fb_h3_k4_mall_d0,IMG_4192
fb_h3_k4_mall_d0,IMG_2120
fb_h3_k4_mall_d0,IMG_2110
fb_h3_k4_mall_d0,IMG_4193
fb_h3_k4_mall_d0,IMG_4164
fb_h3_k4_mall_d0,IMG_4170
fb_h3_k4_mall_d0,IMG_4183
fb_h3_k4_mall_d0,IMG_4200
fb_h3_k4_mall_d0,IMG_4073
fb_h3_k4_mall_d0,IMG_4168
fb_h3_k4_mall_d0,IMG_2076
fb_h3_k4_mall_d0,IMG_4186
fb_h3_k4_mall_d0,IMG_4091
fb_h3_k4_mall_d0,IMG_4185
fb_h3_k4_mall_d0,IMG_2073
fb_h3_k4_mall_d0,IMG_4120
fb_h3_k4_mall_d0,IMG_4145
fb_h3_k4_mall_d0,IMG_4194
fb_h3_k4_mall_d0,IMG_4161
fb_h3_k4_mall_d0,IMG_2085
fb_h3_k4_mall_d0,IMG_4218
fb_h3_k4_mall_d0,IMG_4086
fb_h3_k4_mall_d0,IMG_2103
fb_h3_k4_mall_d0,IMG_2133
fb_h3_k4_mall_d0,IMG_2088
fb_h3_k4_mall_d0,IMG_4071
fb_h3_k4_mall_d0,IMG_4189
fb_h3_k4_mall_d0,IMG_4134
fb_h3_k4_mall_d0,IMG_2067
fb_h3_k4_mall_d0,IMG_4085
fb_h3_k4_mall_d0,IMG_2102
fb_h3_k4_mall_d0,IMG_4153
fb_h3_k4_mall_d0,IMG_2072
fb_h3_k4_mall_d0,IMG_4116
fb_h3_k4_mall_d0,IMG_2075
fb_h3_k4_mall_d0,IMG_4144
fb_h3_k4_mall_d0,IMG_4098
fb_h3_k4_mall_d0,IMG_4159
fb_h3_k4_mall_d0,IMG_4096
fb_h3_k4_mall_d0,IMG_4147
fb_h3_k4_mall_d0,IMG_2062
fb_h3_k4_mall_d0,IMG_2079
fb_h3_k4_mall_d0,IMG_4146
fb_h3_k4_mall_d0,IMG_4103
fb_h3_k4_mall_d0,IMG_4157
fb_h3_k4_mall_d0,IMG_4201
fb_h3_k4_mall_d0,IMG_2130
fb_h3_k4_mall_d0,IMG_4113
fb_h3_k4_mall_d0,IMG_4182
fb_h3_k4_mall_d0,IMG_2078
fb_h3_k4_mall_d0,IMG_4123
fb_h3_k4_mall_d0,IMG_2115
fb_h3_k4_mall_d0,IMG_2081
fb_h3_k4_mall_d0,IMG_2059
fb_h3_k4_mall_d0,IMG_4202
fb_h3_k4_mall_d0,IMG_4162
fb_h3_k4_mall_d0,IMG_2122
fb_h3_k4_mall_d0,IMG_4221
fb_h3_k4_mall_d0,IMG_4070
fb_h3_k4_mall_d0,IMG_4181
fb_h3_k4_mall_d0,IMG_4075
fb_h3_k4_mall_d0,IMG_4179
fb_h3_k4_mall_d0,IMG_4118
fb_h3_k4_mall_d0,IMG_4190
fb_h3_k4_mall_d0,IMG_2070
fb_h3_k4_mall_d0,IMG_4112
fb_h3_k4_mall_d0,IMG_4105
fb_h3_k4_mall_d0,IMG_4148
fb_h3_k4_mall_d0,IMG_2108
fb_h3_k4_mall_d0,IMG_2071
fb_h3_k4_mall_d0,IMG_2058
fb_h3_k4_mall_d0,IMG_2132
fb_h3_k4_mall_d0,IMG_4172
fb_h3_k4_mall_d0,IMG_4213
fb_h3_k4_mall_d0,IMG_4187
fb_h3_k4_mall_d0,IMG_4156
fb_h3_k4_mall_d0,IMG_4089
fb_h3_k4_mall_d0,IMG_4111
fb_h3_k4_mall_d0,IMG_4188
fb_h3_k4_mall_d0,IMG_2066
fb_h3_k4_mall_d0,IMG_3995
fb_h3_k4_mall_d0,IMG_2015
fb_h3_k4_mall_d0,IMG_1963
fb_h3_k4_mall_d0,IMG_2050
fb_h3_k4_mall_d0,IMG_4025
fb_h3_k4_mall_d0,IMG_2056
fb_h3_k4_mall_d0,IMG_2025
fb_h3_k4_mall_d0,IMG_1918
fb_h3_k4_mall_d0,IMG_2010
fb_h3_k4_mall_d0,IMG_1966
fb_h3_k4_mall_d0,IMG_3980
fb_h3_k4_mall_d0,IMG_3986
fb_h3_k4_mall_d0,IMG_1912
fb_h3_k4_mall_d0,IMG_3930
fb_h3_k4_mall_d0,IMG_2046
fb_h3_k4_mall_d0,IMG_1922
fb_h3_k4_mall_d0,IMG_3931
fb_h3_k4_mall_d0,IMG_2054
fb_h3_k4_mall_d0,IMG_2057
fb_h3_k4_mall_d0,IMG_1913
fb_h3_k4_mall_d0,IMG_2045
fb_h3_k4_mall_d0,IMG_3929
fb_h3_k4_mall_d0,IMG_4026
fb_h3_k4_mall_d0,IMG_3962
fb_h3_k4_mall_d0,IMG_3977
fb_h3_k4_mall_d0,IMG_2014
fb_h3_k4_mall_d0,IMG_2024
fb_h3_k4_mall_d0,IMG_4031
fb_h3_k4_mall_d0,IMG_1917
fb_h3_k4_mall_d0,IMG_3923
fb_h3_k4_mall_d0,IMG_1914
fb_h3_k4_mall_d0,IMG_3987
fb_h3_k4_mall_d0,IMG_4032
fb_h3_k4_mall_d0,IMG_4029
fb_h3_k4_mall_d0,IMG_2055
fb_h3_k4_mall_d0,IMG_1956
fb_h3_k4_mall_d0,IMG_2001
fb_h3_k4_mall_d0,IMG_3926
fb_h3_k4_mall_d0,IMG_3976
fb_h3_k4_mall_d0,IMG_3961
fb_h3_k4_mall_d0,IMG_2016
fb_h3_k4_mall_d0,IMG_2053
fb_h3_k4_mall_d0,IMG_3975
fb_h3_k4_mall_d0,IMG_3993
fb_h3_k4_mall_d0,IMG_1997
fb_h3_k4_mall_d0,IMG_2032
fb_h3_k4_mall_d0,IMG_1969
fb_h3_k4_mall_d0,IMG_1929
fb_h3_k4_mall_d0,IMG_4041
fb_h3_k4_mall_d0,IMG_2013
fb_h3_k4_mall_d0,IMG_2012
fb_h3_k4_mall_d0,IMG_4019
fb_h3_k4_mall_d0,IMG_3997
fb_h3_k4_mall_d0,IMG_3996
fb_h3_k4_mall_d0,IMG_3992
fb_h3_k4_mall_d0,IMG_1971
fb_h3_k4_mall_d0,IMG_2019
fb_h3_k4_mall_d0,IMG_2043
fb_h3_k4_mall_d0,IMG_2002
fb_h3_k4_mall_d0,IMG_3982
fb_h3_k4_mall_d0,IMG_3920
fb_h3_k4_mall_d0,IMG_3932
fb_h3_k4_mall_d0,IMG_2048
fb_h3_k4_mall_d0,IMG_3965
fb_h3_k4_mall_d0,IMG_3925
fb_h3_k4_mall_d0,IMG_2031
fb_h3_k4_mall_d0,IMG_2037
fb_h3_k4_mall_d0,IMG_3998
fb_h3_k4_mall_d0,IMG_1996
fb_h3_k4_mall_d0,IMG_3994
fb_h3_k4_mall_d0,IMG_4033
fb_h3_k4_mall_d0,IMG_4034
fb_h3_k4_mall_d0,IMG_3984
fb_h3_k4_mall_d0,IMG_1998
fb_h3_k4_mall_d0,IMG_4011
fb_h3_k4_mall_d0,IMG_2009
fb_h3_k4_mall_d0,IMG_2040
fb_h3_k4_mall_d0,IMG_1958
fb_h3_k4_mall_d0,IMG_1970
fb_h3_k4_mall_d0,IMG_1962
fb_h3_k4_mall_d0,IMG_4002
fb_h3_k4_mall_d0,IMG_1909
fb_h3_k4_mall_d0,IMG_1965
fb_h3_k4_mall_d0,IMG_3983
fb_h3_k4_mall_d0,IMG_2026
fb_h3_k4_mall_d0,IMG_4013
fb_h3_k4_mall_d0,IMG_1964
fb_h3_k4_mall_d0,IMG_2018
fb_h3_k4_mall_d0,IMG_1968
fb_h3_k4_mall_d0,IMG_4001
fb_h3_k4_mall_d0,IMG_2051
fb_h3_k4_mall_d0,IMG_3963
fb_h3_k4_mall_d0,IMG_2049
fb_h3_k4_mall_d0,IMG_1928
fb_h3_k4_mall_d0,IMG_1993
fb_h3_k4_mall_d0,IMG_3919
fb_h3_k4_mall_d0,IMG_2042
fb_h3_k4_mall_d0,IMG_4015
fb_h3_k4_mall_d0,IMG_3978
fb_h3_k4_mall_d0,IMG_4058
fb_h3_k4_mall_d0,IMG_1923
fb_h3_k4_mall_d0,IMG_1960
fb_h3_k4_mall_d0,IMG_3918
fb_h3_k4_mall_d0,IMG_3999
fb_h3_k4_mall_d0,IMG_1916
fb_h3_k4_mall_d0,IMG_1959
fb_h3_k4_mall_d0,IMG_1957
fb_h3_k4_mall_d0,IMG_2044
fb_h3_k4_mall_d0,IMG_4003
fb_h3_k4_mall_d0,IMG_3924
fb_h3_k4_mall_d0,IMG_2047
fb_h3_k4_mall_d0,IMG_3921
fb_h3_k4_mall_d0,IMG_1961
fb_h3_k4_mall_d0,IMG_4014
fb_h3_k4_mall_d0,IMG_4004
fb_h3_k4_mall_d0,IMG_2022
fb_h3_k4_mall_d0,IMG_1925
fb_h3_k4_mall_d0,IMG_2011
fb_h3_k4_mall_d0,IMG_1924
fb_h3_k4_mall_d0,IMG_3928
fb_h3_k4_mall_d0,IMG_2052
fb_h3_k4_mall_d0,IMG_4012
fb_h3_k4_mall_d0,IMG_1999
fb_h3_k4_mall_d0,IMG_2023
fb_h3_k4_mall_d0,IMG_2038
fb_h3_k4_mall_d0,IMG_4020
fb_h3_k4_mall_d0,IMG_1908
fb_h3_k4_mall_d0,IMG_1915
fb_h3_k4_mall_d0,IMG_3981
fb_h3_k4_mall_d0,IMG_4024
fb_h3_k4_mall_d0,IMG_4047
fb_h3_k4_mall_d0,IMG_4005
fb_h3_k4_mall_d0,IMG_2039
fb_h3_k4_mall_d0,IMG_4053
fb_h3_k4_mall_d0,IMG_2030
fb_h3_k4_mall_d0,IMG_9906
fb_h3_k4_mall_d0,IMG_9986
fb_h3_k4_mall_d0,IMG_9980
fb_h3_k4_mall_d0,IMG_9990
fb_h3_k4_mall_d0,IMG_9927
fb_h3_k4_mall_d0,IMG_9962
fb_h3_k4_mall_d0,IMG_9890
fb_h3_k4_mall_d0,IMG_9943
fb_h3_k4_mall_d0,IMG_9949
fb_h3_k4_mall_d0,IMG_9947
fb_h3_k4_mall_d0,IMG_9970
fb_h3_k4_mall_d0,IMG_9912-HEIC
fb_h3_k4_mall_d0,IMG_9955
fb_h3_k4_mall_d0,IMG_9902
fb_h3_k4_mall_d0,IMG_9904
fb_h3_k4_mall_d0,IMG_9928
fb_h3_k4_mall_d0,IMG_9888
fb_h3_k4_mall_d0,IMG_9929
fb_h3_k4_mall_d0,IMG_9959
fb_h3_k4_mall_d0,IMG_9951
fb_h3_k4_mall_d0,IMG_9944
fb_h3_k4_mall_d0,IMG_9948
fb_h3_k4_mall_d0,IMG_9926
fb_h3_k4_mall_d0,IMG_9946
fb_h3_k4_mall_d0,IMG_9915
fb_h3_k4_mall_d0,IMG_9989
fb_h3_k4_mall_d0,IMG_9918
fb_h3_k4_mall_d0,IMG_9987
fb_h3_k4_mall_d0,IMG_9965
fb_h3_k4_mall_d0,IMG_9956
fb_h3_k4_mall_d0,IMG_9889
fb_h3_k4_mall_d0,IMG_9905
fb_h3_k4_mall_d0,IMG_9899
fb_h3_k4_mall_d0,IMG_9991
fb_h3_k4_mall_d0,IMG_9886
fb_h3_k4_mall_d0,IMG_9972
fb_h3_k4_mall_d0,IMG_9958
fb_h3_k4_mall_d0,IMG_9896
fb_h3_k4_mall_d0,IMG_9977
fb_h3_k4_mall_d0,IMG_9910
fb_h3_k4_mall_d0,IMG_9957
fb_h3_k4_mall_d0,IMG_9988
fb_h3_k4_mall_d0,IMG_9897
fb_h3_k4_mall_d0,IMG_9900
fb_h3_k4_mall_d0,IMG_9942
fb_h3_k4_mall_d0,IMG_9892
fb_h3_k4_mall_d0,IMG_9968
fb_h3_k4_mall_d0,IMG_9916
fb_h3_k4_mall_d0,IMG_9924
fb_h3_k4_mall_d0,IMG_9983
fb_h3_k4_mall_d0,IMG_9891
fb_h3_k4_mall_d0,IMG_9931
fb_h3_k4_mall_d0,IMG_9920
fb_h3_k4_mall_d0,IMG_9917
fb_h3_k4_mall_d0,IMG_9953
fb_h3_k4_mall_d0,IMG_9973
fb_h3_k4_mall_d0,IMG_9908
fb_h3_k4_mall_d0,IMG_9914-HEIC
fb_h3_k4_mall_d0,IMG_9925
fb_h3_k4_mall_d0,IMG_9969
fb_h3_k4_mall_d0,IMG_9984
fb_h3_k4_mall_d0,IMG_9921
fb_h3_k4_mall_d0,IMG_9894
fb_h3_k4_mall_d0,IMG_9911
fb_h3_k4_mall_d0,IMG_9898
fb_h3_k4_mall_d0,IMG_9907
fb_h3_k4_mall_d0,IMG_9922
fb_h3_k4_mall_d0,IMG_9919
fb_h3_k4_mall_d0,IMG_9903
fb_h3_k4_mall_d0,IMG_9961
fb_h3_k4_mall_d0,IMG_9885
fb_h3_k4_mall_d0,IMG_9963
fb_h3_k4_mall_d0,IMG_9985
fb_h3_k4_mall_d0,IMG_9895
fb_h3_k4_mall_d0,IMG_9939
fb_h3_k4_mall_d0,IMG_9893
fb_h3_k4_mall_d0,IMG_9960
fb_h3_k4_mall_d0,IMG_9923
fb_h3_k4_mall_d0,IMG_9887
fb_h3_k4_mall_d0,IMG_9940
fb_h3_k4_mall_d0,IMG_9933
fb_h3_k4_mall_d0,IMG_9941
fb_h3_k4_mall_d0,IMG_2155-HEIC
fb_h3_k4_mall_d0,IMG_2195-HEIC
fb_h3_k4_mall_d0,IMG_2175-HEIC
fb_h3_k4_mall_d0,IMG_2134-HEIC
fb_h3_k4_mall_d0,IMG_2169-HEIC
fb_h3_k4_mall_d0,IMG_2212-HEIC
fb_h3_k4_mall_d0,IMG_2204-HEIC
fb_h3_k4_mall_d0,IMG_2132-HEIC
fb_h3_k4_mall_d0,IMG_2206-HEIC
fb_h3_k4_mall_d0,IMG_2211-HEIC
fb_h3_k4_mall_d0,IMG_2154-HEIC
fb_h3_k4_mall_d0,IMG_2152-HEIC
fb_h3_k4_mall_d0,IMG_2209-HEIC
fb_h3_k4_mall_d0,IMG_2199-HEIC
fb_h3_k4_mall_d0,IMG_2190-HEIC
fb_h3_k4_mall_d0,IMG_2203-HEIC
fb_h3_k4_mall_d0,IMG_2194-HEIC
fb_h3_k4_mall_d0,IMG_2193-HEIC
fb_h3_k4_mall_d0,IMG_2179-HEIC
fb_h3_k4_mall_d0,IMG_2185-HEIC
fb_h3_k4_mall_d0,IMG_2180-HEIC
fb_h3_k4_mall_d0,IMG_2181-HEIC
fb_h3_k4_mall_d0,IMG_2149-HEIC
fb_h3_k4_mall_d0,IMG_2184-HEIC
fb_h3_k4_mall_d0,IMG_2176-HEIC
fb_h3_k4_mall_d0,IMG_2187-HEIC
fb_h3_k4_mall_d0,IMG_2168-HEIC
fb_h3_k4_mall_d0,IMG_2151-HEIC
fb_h3_k4_mall_d0,IMG_2216-HEIC
fb_h3_k4_mall_d0,IMG_2213-HEIC
fb_h3_k4_mall_d0,IMG_2197-HEIC
fb_h3_k4_mall_d0,IMG_2131-HEIC
fb_h3_k4_mall_d0,IMG_2178-HEIC
fb_h3_k4_mall_d0,IMG_2205-HEIC
fb_h3_k4_mall_d0,IMG_2214-HEIC
fb_h3_k4_mall_d0,IMG_2208-HEIC
fb_h3_k4_mall_d0,IMG_2133-HEIC
fb_h3_k4_mall_d0,IMG_2148-HEIC
fb_h3_k4_mall_d0,IMG_2183-HEIC
fb_h3_k4_mall_d0,IMG_2153-HEIC
fb_h3_k4_mall_d0,IMG_2150-HEIC
fb_h3_k4_mall_d0,IMG_2170-HEIC
fb_h3_k4_mall_d0,IMG_2159-HEIC
fb_h3_k4_mall_d0,IMG_2191-HEIC
fb_h3_k4_mall_d0,IMG_2202-HEIC
fb_h3_k4_mall_d0,IMG_2196-HEIC
fb_h3_k4_mall_d0,IMG_2174-HEIC
fb_h3_k4_mall_d0,IMG_2201-HEIC
fb_h3_k4_mall_d0,IMG_2188-HEIC
fb_h3_k4_mall_d0,IMG_2177-HEIC
fb_h3_k4_mall_d0,IMG_2138-HEIC
fb_h3_k4_mall_d0,IMG_2139-HEIC
fb_h3_k4_mall_d0,IMG_2189-HEIC
fb_h3_k4_mall_d0,IMG_2182-HEIC
fb_h3_k4_mall_d0,IMG_2156-HEIC
fb_h3_k4_mall_d0,IMG_2158-HEIC
fb_h3_k4_mall_d0,IMG_2198-HEIC
fb_h3_k4_m15_d1,IMG_0002
fb_h3_k4_m15_d1,IMG_9777
fb_h3_k4_m15_d1,IMG_9938
fb_h3_k4_m15_d1,IMG_9999
fb_h3_k4_m15_d1,IMG_9909-HEIC
fb_h3_k4_m15_d1,IMG_0375
fb_h3_k4_m15_d1,IMG_9948-HEIC
fb_h3_k4_m15_d1,IMG_9842
fb_h3_k4_m15_d1,IMG_9989-HEIC
fb_h3_k4_m15_d1,IMG_9867
fb_h3_k4_m15_d1,IMG_9763
fb_h3_k4_m15_d1,IMG_9839
fb_h3_k4_m15_d1,IMG_9906-HEIC
fb_h3_k4_m15_d1,IMG_9875
fb_h3_k4_m15_d1,IMG_9864
fb_h3_k4_m15_d1,IMG_2478-HEIC
fb_h3_k4_m15_d1,IMG_2557-HEIC
fb_h3_k4_m15_d1,IMG_2524-HEIC
fb_h3_k4_m15_d1,IMG_2494-HEIC
fb_h3_k4_m15_d1,IMG_2537-HEIC
fb_h3_k4_m15_d1,IMG_2395-HEIC
fb_h3_k4_m15_d1,IMG_2489-HEIC
fb_h3_k4_m15_d1,IMG_2480-HEIC
fb_h3_k4_m15_d1,IMG_2587-HEIC
fb_h3_k4_m15_d1,IMG_2522-HEIC
fb_h3_k4_m15_d1,IMG_2603-HEIC
fb_h3_k4_m15_d1,IMG_2488-HEIC
fb_h3_k4_m15_d1,IMG_2585-HEIC
fb_h3_k4_m15_d1,IMG_2686-HEIC
fb_h3_k4_m15_d1,IMG_2592-HEIC
fb_h3_k4_m15_d1,IMG_9916
fb_h3_k4_m15_d1,IMG_9894
fb_h3_k4_m15_d1,IMG_9923
fb_h3_k4_m15_d1,IMG_9914-HEIC
fb_h3_k4_m15_d1,IMG_9965
fb_h3_k4_m15_d1,IMG_9890
fb_h3_k4_m15_d1,IMG_9983
fb_h3_k4_m15_d1,IMG_9929
fb_h3_k4_m15_d1,IMG_9900
fb_h3_k4_m15_d1,IMG_9963
fb_h3_k4_m15_d1,IMG_9891
fb_h3_k4_m15_d1,IMG_9888
fb_h3_k4_m15_d1,IMG_9970
fb_h3_k4_m15_d1,IMG_9924
fb_h3_k4_m15_d1,IMG_9988
fb_h3_k4_m15_d1,IMG_2176-HEIC
fb_h3_k4_m15_d1,IMG_2183-HEIC
fb_h3_k4_m15_d1,IMG_2193-HEIC
fb_h3_k4_m15_d1,IMG_2212-HEIC
fb_h3_k4_m15_d1,IMG_2211-HEIC
fb_h3_k4_m15_d1,IMG_2168-HEIC
fb_h3_k4_m15_d1,IMG_2208-HEIC
fb_h3_k4_m15_d1,IMG_2195-HEIC
fb_h3_k4_m15_d1,IMG_2191-HEIC
fb_h3_k4_m15_d1,IMG_2199-HEIC
fb_h3_k4_m15_d1,IMG_2139-HEIC
fb_h3_k4_m15_d1,IMG_2153-HEIC
fb_h3_k4_m15_d1,IMG_2134-HEIC
fb_h3_k4_m15_d1,IMG_2175-HEIC
fb_h3_k4_m15_d1,IMG_2178-HEIC
fb_h3_k4_m50_d1,IMG_0002
fb_h3_k4_m50_d1,IMG_9777
fb_h3_k4_m50_d1,IMG_9938
fb_h3_k4_m50_d1,IMG_9999
fb_h3_k4_m50_d1,IMG_9909-HEIC
fb_h3_k4_m50_d1,IMG_0375
fb_h3_k4_m50_d1,IMG_9948-HEIC
fb_h3_k4_m50_d1,IMG_9842
fb_h3_k4_m50_d1,IMG_9989-HEIC
fb_h3_k4_m50_d1,IMG_9867
fb_h3_k4_m50_d1,IMG_9763
fb_h3_k4_m50_d1,IMG_9839
fb_h3_k4_m50_d1,IMG_9906-HEIC
fb_h3_k4_m50_d1,IMG_9875
fb_h3_k4_m50_d1,IMG_9864
fb_h3_k4_m50_d1,IMG_9880
fb_h3_k4_m50_d1,IMG_0433
fb_h3_k4_m50_d1,IMG_9822
fb_h3_k4_m50_d1,IMG_9816
fb_h3_k4_m50_d1,IMG_9915-HEIC
fb_h3_k4_m50_d1,IMG_9916-HEIC
fb_h3_k4_m50_d1,IMG_0340
fb_h3_k4_m50_d1,IMG_9799
fb_h3_k4_m50_d1,IMG_9767
fb_h3_k4_m50_d1,IMG_9971
fb_h3_k4_m50_d1,IMG_9955-HEIC
fb_h3_k4_m50_d1,IMG_0381
fb_h3_k4_m50_d1,IMG_9979-HEIC
fb_h3_k4_m50_d1,IMG_9771
fb_h3_k4_m50_d1,IMG_9818
fb_h3_k4_m50_d1,IMG_0398
fb_h3_k4_m50_d1,IMG_9905-HEIC
fb_h3_k4_m50_d1,IMG_0346
fb_h3_k4_m50_d1,IMG_9990-HEIC
fb_h3_k4_m50_d1,IMG_9801
fb_h3_k4_m50_d1,IMG_9947-HEIC
fb_h3_k4_m50_d1,IMG_0421
fb_h3_k4_m50_d1,IMG_0051
fb_h3_k4_m50_d1,IMG_9870
fb_h3_k4_m50_d1,IMG_9813
fb_h3_k4_m50_d1,IMG_0034
fb_h3_k4_m50_d1,IMG_0291
fb_h3_k4_m50_d1,IMG_9978-HEIC
fb_h3_k4_m50_d1,IMG_0003
fb_h3_k4_m50_d1,IMG_0410
fb_h3_k4_m50_d1,IMG_0028
fb_h3_k4_m50_d1,IMG_0323
fb_h3_k4_m50_d1,IMG_9907-HEIC
fb_h3_k4_m50_d1,IMG_9876
fb_h3_k4_m50_d1,IMG_9869
fb_h3_k4_m50_d1,IMG_2478-HEIC
fb_h3_k4_m50_d1,IMG_2557-HEIC
fb_h3_k4_m50_d1,IMG_2524-HEIC
fb_h3_k4_m50_d1,IMG_2494-HEIC
fb_h3_k4_m50_d1,IMG_2537-HEIC
fb_h3_k4_m50_d1,IMG_2395-HEIC
fb_h3_k4_m50_d1,IMG_2489-HEIC
fb_h3_k4_m50_d1,IMG_2480-HEIC
fb_h3_k4_m50_d1,IMG_2587-HEIC
fb_h3_k4_m50_d1,IMG_2522-HEIC
fb_h3_k4_m50_d1,IMG_2603-HEIC
fb_h3_k4_m50_d1,IMG_2488-HEIC
fb_h3_k4_m50_d1,IMG_2585-HEIC
fb_h3_k4_m50_d1,IMG_2686-HEIC
fb_h3_k4_m50_d1,IMG_2592-HEIC
fb_h3_k4_m50_d1,IMG_2674-HEIC
fb_h3_k4_m50_d1,IMG_2542-HEIC
fb_h3_k4_m50_d1,IMG_2597-HEIC
fb_h3_k4_m50_d1,IMG_2599-HEIC
fb_h3_k4_m50_d1,IMG_2545-HEIC
fb_h3_k4_m50_d1,IMG_2523-HEIC
fb_h3_k4_m50_d1,IMG_2576-HEIC
fb_h3_k4_m50_d1,IMG_2541-HEIC
fb_h3_k4_m50_d1,IMG_2569-HEIC
fb_h3_k4_m50_d1,IMG_2589-HEIC
fb_h3_k4_m50_d1,IMG_2577-HEIC
fb_h3_k4_m50_d1,IMG_2584-HEIC
fb_h3_k4_m50_d1,IMG_2504-HEIC
fb_h3_k4_m50_d1,IMG_2586-HEIC
fb_h3_k4_m50_d1,IMG_2593-HEIC
fb_h3_k4_m50_d1,IMG_2475-HEIC
fb_h3_k4_m50_d1,IMG_2637-HEIC
fb_h3_k4_m50_d1,IMG_2635-HEIC
fb_h3_k4_m50_d1,IMG_2539-HEIC
fb_h3_k4_m50_d1,IMG_2572-HEIC
fb_h3_k4_m50_d1,IMG_2493-HEIC
fb_h3_k4_m50_d1,IMG_2535-HEIC
fb_h3_k4_m50_d1,IMG_2615-HEIC
fb_h3_k4_m50_d1,IMG_2590-HEIC
fb_h3_k4_m50_d1,IMG_2610-HEIC
fb_h3_k4_m50_d1,IMG_2519-HEIC
fb_h3_k4_m50_d1,IMG_2600-HEIC
fb_h3_k4_m50_d1,IMG_2452-HEIC
fb_h3_k4_m50_d1,IMG_2540-HEIC
fb_h3_k4_m50_d1,IMG_2647-HEIC
fb_h3_k4_m50_d1,IMG_2477-HEIC
fb_h3_k4_m50_d1,IMG_2643-HEIC
fb_h3_k4_m50_d1,IMG_2533-HEIC
fb_h3_k4_m50_d1,IMG_2644-HEIC
fb_h3_k4_m50_d1,IMG_2579-HEIC
fb_h3_k4_m50_d1,IMG_9916
fb_h3_k4_m50_d1,IMG_9894
fb_h3_k4_m50_d1,IMG_9923
fb_h3_k4_m50_d1,IMG_9914-HEIC
fb_h3_k4_m50_d1,IMG_9965
fb_h3_k4_m50_d1,IMG_9890
fb_h3_k4_m50_d1,IMG_9983
fb_h3_k4_m50_d1,IMG_9929
fb_h3_k4_m50_d1,IMG_9900
fb_h3_k4_m50_d1,IMG_9963
fb_h3_k4_m50_d1,IMG_9891
fb_h3_k4_m50_d1,IMG_9888
fb_h3_k4_m50_d1,IMG_9970
fb_h3_k4_m50_d1,IMG_9924
fb_h3_k4_m50_d1,IMG_9988
fb_h3_k4_m50_d1,IMG_9922
fb_h3_k4_m50_d1,IMG_9885
fb_h3_k4_m50_d1,IMG_9946
fb_h3_k4_m50_d1,IMG_9959
fb_h3_k4_m50_d1,IMG_9961
fb_h3_k4_m50_d1,IMG_9895
fb_h3_k4_m50_d1,IMG_9955
fb_h3_k4_m50_d1,IMG_9896
fb_h3_k4_m50_d1,IMG_9899
fb_h3_k4_m50_d1,IMG_9947
fb_h3_k4_m50_d1,IMG_9917
fb_h3_k4_m50_d1,IMG_9889
fb_h3_k4_m50_d1,IMG_9939
fb_h3_k4_m50_d1,IMG_9943
fb_h3_k4_m50_d1,IMG_9912-HEIC
fb_h3_k4_m50_d1,IMG_9977
fb_h3_k4_m50_d1,IMG_9948
fb_h3_k4_m50_d1,IMG_9926
fb_h3_k4_m50_d1,IMG_9933
fb_h3_k4_m50_d1,IMG_9907
fb_h3_k4_m50_d1,IMG_9910
fb_h3_k4_m50_d1,IMG_9969
fb_h3_k4_m50_d1,IMG_9942
fb_h3_k4_m50_d1,IMG_9973
fb_h3_k4_m50_d1,IMG_9886
fb_h3_k4_m50_d1,IMG_9958
fb_h3_k4_m50_d1,IMG_9925
fb_h3_k4_m50_d1,IMG_9902
fb_h3_k4_m50_d1,IMG_9911
fb_h3_k4_m50_d1,IMG_9892
fb_h3_k4_m50_d1,IMG_9944
fb_h3_k4_m50_d1,IMG_9906
fb_h3_k4_m50_d1,IMG_9986
fb_h3_k4_m50_d1,IMG_9985
fb_h3_k4_m50_d1,IMG_9953
fb_h3_k4_m50_d1,IMG_2176-HEIC
fb_h3_k4_m50_d1,IMG_2183-HEIC
fb_h3_k4_m50_d1,IMG_2193-HEIC
fb_h3_k4_m50_d1,IMG_2212-HEIC
fb_h3_k4_m50_d1,IMG_2211-HEIC
fb_h3_k4_m50_d1,IMG_2168-HEIC
fb_h3_k4_m50_d1,IMG_2208-HEIC
fb_h3_k4_m50_d1,IMG_2195-HEIC
fb_h3_k4_m50_d1,IMG_2191-HEIC
fb_h3_k4_m50_d1,IMG_2199-HEIC
fb_h3_k4_m50_d1,IMG_2139-HEIC
fb_h3_k4_m50_d1,IMG_2153-HEIC
fb_h3_k4_m50_d1,IMG_2134-HEIC
fb_h3_k4_m50_d1,IMG_2175-HEIC
fb_h3_k4_m50_d1,IMG_2178-HEIC
fb_h3_k4_m50_d1,IMG_2213-HEIC
fb_h3_k4_m50_d1,IMG_2216-HEIC
fb_h3_k4_m50_d1,IMG_2204-HEIC
fb_h3_k4_m50_d1,IMG_2182-HEIC
fb_h3_k4_m50_d1,IMG_2138-HEIC
fb_h3_k4_m50_d1,IMG_2188-HEIC
fb_h3_k4_m50_d1,IMG_2180-HEIC
fb_h3_k4_m50_d1,IMG_2184-HEIC
fb_h3_k4_m50_d1,IMG_2189-HEIC
fb_h3_k4_m50_d1,IMG_2132-HEIC
fb_h3_k4_m50_d1,IMG_2133-HEIC
fb_h3_k4_m50_d1,IMG_2190-HEIC
fb_h3_k4_m50_d1,IMG_2185-HEIC
fb_h3_k4_m50_d1,IMG_2196-HEIC
fb_h3_k4_m50_d1,IMG_2170-HEIC
fb_h3_k4_m50_d1,IMG_2174-HEIC
fb_h3_k4_m50_d1,IMG_2169-HEIC
fb_h3_k4_m50_d1,IMG_2152-HEIC
fb_h3_k4_m50_d1,IMG_2209-HEIC
fb_h3_k4_m50_d1,IMG_2154-HEIC
fb_h3_k4_m50_d1,IMG_2203-HEIC
fb_h3_k4_m50_d1,IMG_2151-HEIC
fb_h3_k4_m50_d1,IMG_2214-HEIC
fb_h3_k4_m50_d1,IMG_2194-HEIC
fb_h3_k4_m50_d1,IMG_2155-HEIC
fb_h3_k4_m50_d1,IMG_2149-HEIC
fb_h3_k4_m50_d1,IMG_2156-HEIC
fb_h3_k4_m50_d1,IMG_2197-HEIC
fb_h3_k4_m50_d1,IMG_2198-HEIC
fb_h3_k4_m50_d1,IMG_2187-HEIC
fb_h3_k4_m50_d1,IMG_2148-HEIC
fb_h3_k4_m50_d1,IMG_2202-HEIC
fb_h3_k4_m50_d1,IMG_2205-HEIC
fb_h3_k4_m50_d1,IMG_2181-HEIC
fb_h3_k4_m50_d1,IMG_2159-HEIC
fb_h3_k4_mall_d1,IMG_0002
fb_h3_k4_mall_d1,IMG_9777
fb_h3_k4_mall_d1,IMG_9938
fb_h3_k4_mall_d1,IMG_9999
fb_h3_k4_mall_d1,IMG_9909-HEIC
fb_h3_k4_mall_d1,IMG_0375
fb_h3_k4_mall_d1,IMG_9948-HEIC
fb_h3_k4_mall_d1,IMG_9842
fb_h3_k4_mall_d1,IMG_9989-HEIC
fb_h3_k4_mall_d1,IMG_9867
fb_h3_k4_mall_d1,IMG_9763
fb_h3_k4_mall_d1,IMG_9839
fb_h3_k4_mall_d1,IMG_9906-HEIC
fb_h3_k4_mall_d1,IMG_9875
fb_h3_k4_mall_d1,IMG_9864
fb_h3_k4_mall_d1,IMG_9880
fb_h3_k4_mall_d1,IMG_0433
fb_h3_k4_mall_d1,IMG_9822
fb_h3_k4_mall_d1,IMG_9816
fb_h3_k4_mall_d1,IMG_9915-HEIC
fb_h3_k4_mall_d1,IMG_9916-HEIC
fb_h3_k4_mall_d1,IMG_0340
fb_h3_k4_mall_d1,IMG_9799
fb_h3_k4_mall_d1,IMG_9767
fb_h3_k4_mall_d1,IMG_9971
fb_h3_k4_mall_d1,IMG_9955-HEIC
fb_h3_k4_mall_d1,IMG_0381
fb_h3_k4_mall_d1,IMG_9979-HEIC
fb_h3_k4_mall_d1,IMG_9771
fb_h3_k4_mall_d1,IMG_9818
fb_h3_k4_mall_d1,IMG_0398
fb_h3_k4_mall_d1,IMG_9905-HEIC
fb_h3_k4_mall_d1,IMG_0346
fb_h3_k4_mall_d1,IMG_9990-HEIC
fb_h3_k4_mall_d1,IMG_9801
fb_h3_k4_mall_d1,IMG_9947-HEIC
fb_h3_k4_mall_d1,IMG_0421
fb_h3_k4_mall_d1,IMG_0051
fb_h3_k4_mall_d1,IMG_9870
fb_h3_k4_mall_d1,IMG_9813
fb_h3_k4_mall_d1,IMG_0034
fb_h3_k4_mall_d1,IMG_0291
fb_h3_k4_mall_d1,IMG_9978-HEIC
fb_h3_k4_mall_d1,IMG_0003
fb_h3_k4_mall_d1,IMG_0410
fb_h3_k4_mall_d1,IMG_0028
fb_h3_k4_mall_d1,IMG_0323
fb_h3_k4_mall_d1,IMG_9907-HEIC
fb_h3_k4_mall_d1,IMG_9876
fb_h3_k4_mall_d1,IMG_9869
fb_h3_k4_mall_d1,IMG_9854
fb_h3_k4_mall_d1,IMG_9770
fb_h3_k4_mall_d1,IMG_9827
fb_h3_k4_mall_d1,IMG_9920-HEIC
fb_h3_k4_mall_d1,IMG_9829
fb_h3_k4_mall_d1,IMG_0370
fb_h3_k4_mall_d1,IMG_0300
fb_h3_k4_mall_d1,IMG_9918-HEIC
fb_h3_k4_mall_d1,IMG_9881
fb_h3_k4_mall_d1,IMG_0328
fb_h3_k4_mall_d1,IMG_9951-HEIC
fb_h3_k4_mall_d1,IMG_9814
fb_h3_k4_mall_d1,IMG_9820
fb_h3_k4_mall_d1,IMG_9768
fb_h3_k4_mall_d1,IMG_9861-HEIC
fb_h3_k4_mall_d1,IMG_9812
fb_h3_k4_mall_d1,IMG_9865
fb_h3_k4_mall_d1,IMG_9766
fb_h3_k4_mall_d1,IMG_9779-HEIC
fb_h3_k4_mall_d1,IMG_9823
fb_h3_k4_mall_d1,IMG_9783-HEIC
fb_h3_k4_mall_d1,IMG_9879
fb_h3_k4_mall_d1,IMG_9964
fb_h3_k4_mall_d1,IMG_9765
fb_h3_k4_mall_d1,IMG_9810
fb_h3_k4_mall_d1,IMG_0444
fb_h3_k4_mall_d1,IMG_9836
fb_h3_k4_mall_d1,IMG_9840
fb_h3_k4_mall_d1,IMG_9858
fb_h3_k4_mall_d1,IMG_0457
fb_h3_k4_mall_d1,IMG_0008
fb_h3_k4_mall_d1,IMG_9775
fb_h3_k4_mall_d1,IMG_0439
fb_h3_k4_mall_d1,IMG_0393
fb_h3_k4_mall_d1,IMG_9769
fb_h3_k4_mall_d1,IMG_9806
fb_h3_k4_mall_d1,IMG_9784-HEIC
fb_h3_k4_mall_d1,IMG_9773
fb_h3_k4_mall_d1,IMG_9819
fb_h3_k4_mall_d1,IMG_9833
fb_h3_k4_mall_d1,IMG_0416
fb_h3_k4_mall_d1,IMG_9811
fb_h3_k4_mall_d1,IMG_9866
fb_h3_k4_mall_d1,IMG_9825
fb_h3_k4_mall_d1,IMG_9874
fb_h3_k4_mall_d1,IMG_9821
fb_h3_k4_mall_d1,IMG_0387
fb_h3_k4_mall_d1,IMG_0305
fb_h3_k4_mall_d1,IMG_9982-HEIC
fb_h3_k4_mall_d1,IMG_0351
fb_h3_k4_mall_d1,IMG_9873
fb_h3_k4_mall_d1,IMG_7021
fb_h3_k4_mall_d1,IMG_9984-HEIC
fb_h3_k4_mall_d1,IMG_9838
fb_h3_k4_mall_d1,IMG_9803
fb_h3_k4_mall_d1,IMG_9828
fb_h3_k4_mall_d1,IMG_9834
fb_h3_k4_mall_d1,IMG_9917-HEIC
fb_h3_k4_mall_d1,IMG_9868-HEIC
fb_h3_k4_mall_d1,IMG_9809
fb_h3_k4_mall_d1,IMG_9774
fb_h3_k4_mall_d1,IMG_9966
fb_h3_k4_mall_d1,IMG_9859
fb_h3_k4_mall_d1,IMG_9843
fb_h3_k4_mall_d1,IMG_0046
fb_h3_k4_mall_d1,IMG_0404
fb_h3_k4_mall_d1,IMG_0358
fb_h3_k4_mall_d1,IMG_0450
fb_h3_k4_mall_d1,IMG_9808
fb_h3_k4_mall_d1,IMG_9844
fb_h3_k4_mall_d1,IMG_9949-HEIC
fb_h3_k4_mall_d1,IMG_7016-HEIC
fb_h3_k4_mall_d1,IMG_9764
fb_h3_k4_mall_d1,IMG_9981-HEIC
fb_h3_k4_mall_d1,IMG_0427
fb_h3_k4_mall_d1,IMG_0364
fb_h3_k4_mall_d1,IMG_9998
fb_h3_k4_mall_d1,IMG_0311
fb_h3_k4_mall_d1,IMG_9800
fb_h3_k4_mall_d1,IMG_9832
fb_h3_k4_mall_d1,IMG_9826
fb_h3_k4_mall_d1,IMG_9848
fb_h3_k4_mall_d1,IMG_9804
fb_h3_k4_mall_d1,IMG_9807
fb_h3_k4_mall_d1,IMG_9911-HEIC
fb_h3_k4_mall_d1,IMG_9997
fb_h3_k4_mall_d1,IMG_9805
fb_h3_k4_mall_d1,IMG_9985-HEIC
fb_h3_k4_mall_d1,IMG_0016
fb_h3_k4_mall_d1,IMG_9857
fb_h3_k4_mall_d1,IMG_0040
fb_h3_k4_mall_d1,IMG_2478-HEIC
fb_h3_k4_mall_d1,IMG_2557-HEIC
fb_h3_k4_mall_d1,IMG_2524-HEIC
fb_h3_k4_mall_d1,IMG_2494-HEIC
fb_h3_k4_mall_d1,IMG_2537-HEIC
fb_h3_k4_mall_d1,IMG_2395-HEIC
fb_h3_k4_mall_d1,IMG_2489-HEIC
fb_h3_k4_mall_d1,IMG_2480-HEIC
fb_h3_k4_mall_d1,IMG_2587-HEIC
fb_h3_k4_mall_d1,IMG_2522-HEIC
fb_h3_k4_mall_d1,IMG_2603-HEIC
fb_h3_k4_mall_d1,IMG_2488-HEIC
fb_h3_k4_mall_d1,IMG_2585-HEIC
fb_h3_k4_mall_d1,IMG_2686-HEIC
fb_h3_k4_mall_d1,IMG_2592-HEIC
fb_h3_k4_mall_d1,IMG_2674-HEIC
fb_h3_k4_mall_d1,IMG_2542-HEIC
fb_h3_k4_mall_d1,IMG_2597-HEIC
fb_h3_k4_mall_d1,IMG_2599-HEIC
fb_h3_k4_mall_d1,IMG_2545-HEIC
fb_h3_k4_mall_d1,IMG_2523-HEIC
fb_h3_k4_mall_d1,IMG_2576-HEIC
fb_h3_k4_mall_d1,IMG_2541-HEIC
fb_h3_k4_mall_d1,IMG_2569-HEIC
fb_h3_k4_mall_d1,IMG_2589-HEIC
fb_h3_k4_mall_d1,IMG_2577-HEIC
fb_h3_k4_mall_d1,IMG_2584-HEIC
fb_h3_k4_mall_d1,IMG_2504-HEIC
fb_h3_k4_mall_d1,IMG_2586-HEIC
fb_h3_k4_mall_d1,IMG_2593-HEIC
fb_h3_k4_mall_d1,IMG_2475-HEIC
fb_h3_k4_mall_d1,IMG_2637-HEIC
fb_h3_k4_mall_d1,IMG_2635-HEIC
fb_h3_k4_mall_d1,IMG_2539-HEIC
fb_h3_k4_mall_d1,IMG_2572-HEIC
fb_h3_k4_mall_d1,IMG_2493-HEIC
fb_h3_k4_mall_d1,IMG_2535-HEIC
fb_h3_k4_mall_d1,IMG_2615-HEIC
fb_h3_k4_mall_d1,IMG_2590-HEIC
fb_h3_k4_mall_d1,IMG_2610-HEIC
fb_h3_k4_mall_d1,IMG_2519-HEIC
fb_h3_k4_mall_d1,IMG_2600-HEIC
fb_h3_k4_mall_d1,IMG_2452-HEIC
fb_h3_k4_mall_d1,IMG_2540-HEIC
fb_h3_k4_mall_d1,IMG_2647-HEIC
fb_h3_k4_mall_d1,IMG_2477-HEIC
fb_h3_k4_mall_d1,IMG_2643-HEIC
fb_h3_k4_mall_d1,IMG_2533-HEIC
fb_h3_k4_mall_d1,IMG_2644-HEIC
fb_h3_k4_mall_d1,IMG_2579-HEIC
fb_h3_k4_mall_d1,IMG_2646-HEIC
fb_h3_k4_mall_d1,IMG_2491-HEIC
fb_h3_k4_mall_d1,IMG_2595-HEIC
fb_h3_k4_mall_d1,IMG_2566-HEIC
fb_h3_k4_mall_d1,IMG_2495-HEIC
fb_h3_k4_mall_d1,IMG_2446-HEIC
fb_h3_k4_mall_d1,IMG_2666-HEIC
fb_h3_k4_mall_d1,IMG_2620-HEIC
fb_h3_k4_mall_d1,IMG_2616-HEIC
fb_h3_k4_mall_d1,IMG_2596-HEIC
fb_h3_k4_mall_d1,IMG_2534-HEIC
fb_h3_k4_mall_d1,IMG_2638-HEIC
fb_h3_k4_mall_d1,IMG_2567-HEIC
fb_h3_k4_mall_d1,IMG_2571-HEIC
fb_h3_k4_mall_d1,IMG_2636-HEIC
fb_h3_k4_mall_d1,IMG_2481-HEIC
fb_h3_k4_mall_d1,IMG_2496-HEIC
fb_h3_k4_mall_d1,IMG_2621-HEIC
fb_h3_k4_mall_d1,IMG_2520-HEIC
fb_h3_k4_mall_d1,IMG_2700-HEIC
fb_h3_k4_mall_d1,IMG_2617-HEIC
fb_h3_k4_mall_d1,IMG_2634-HEIC
fb_h3_k4_mall_d1,IMG_2604-HEIC
fb_h3_k4_mall_d1,IMG_2536-HEIC
fb_h3_k4_mall_d1,IMG_2417-HEIC
fb_h3_k4_mall_d1,IMG_2580-HEIC
fb_h3_k4_mall_d1,IMG_2618-HEIC
fb_h3_k4_mall_d1,IMG_2521-HEIC
fb_h3_k4_mall_d1,IMG_2578-HEIC
fb_h3_k4_mall_d1,IMG_2588-HEIC
fb_h3_k4_mall_d1,IMG_2648-HEIC
fb_h3_k4_mall_d1,IMG_2525-HEIC
fb_h3_k4_mall_d1,IMG_2619-HEIC
fb_h3_k4_mall_d1,IMG_2570-HEIC
fb_h3_k4_mall_d1,IMG_2594-HEIC
fb_h3_k4_mall_d1,IMG_2591-HEIC
fb_h3_k4_mall_d1,IMG_2526-HEIC
fb_h3_k4_mall_d1,IMG_2538-HEIC
fb_h3_k4_mall_d1,IMG_2598-HEIC
fb_h3_k4_mall_d1,IMG_2482-HEIC
fb_h3_k4_mall_d1,IMG_2701-HEIC
fb_h3_k4_mall_d1,IMG_2550-HEIC
fb_h3_k4_mall_d1,IMG_2476-HEIC
fb_h3_k4_mall_d1,IMG_2513-HEIC
fb_h3_k4_mall_d1,IMG_2564-HEIC
fb_h3_k4_mall_d1,IMG_2581-HEIC
fb_h3_k4_mall_d1,IMG_2660-HEIC
fb_h3_k4_mall_d1,IMG_2492-HEIC
fb_h3_k4_mall_d1,IMG_2680-HEIC
fb_h3_k4_mall_d1,IMG_2583-HEIC
fb_h3_k4_mall_d1,IMG_2654-HEIC
fb_h3_k4_mall_d1,IMG_2582-HEIC
fb_h3_k4_mall_d1,IMG_9916
fb_h3_k4_mall_d1,IMG_9894
fb_h3_k4_mall_d1,IMG_9923
fb_h3_k4_mall_d1,IMG_9914-HEIC
fb_h3_k4_mall_d1,IMG_9965
fb_h3_k4_mall_d1,IMG_9890
fb_h3_k4_mall_d1,IMG_9983
fb_h3_k4_mall_d1,IMG_9929
fb_h3_k4_mall_d1,IMG_9900
fb_h3_k4_mall_d1,IMG_9963
fb_h3_k4_mall_d1,IMG_9891
fb_h3_k4_mall_d1,IMG_9888
fb_h3_k4_mall_d1,IMG_9970
fb_h3_k4_mall_d1,IMG_9924
fb_h3_k4_mall_d1,IMG_9988
fb_h3_k4_mall_d1,IMG_9922
fb_h3_k4_mall_d1,IMG_9885
fb_h3_k4_mall_d1,IMG_9946
fb_h3_k4_mall_d1,IMG_9959
fb_h3_k4_mall_d1,IMG_9961
fb_h3_k4_mall_d1,IMG_9895
fb_h3_k4_mall_d1,IMG_9955
fb_h3_k4_mall_d1,IMG_9896
fb_h3_k4_mall_d1,IMG_9899
fb_h3_k4_mall_d1,IMG_9947
fb_h3_k4_mall_d1,IMG_9917
fb_h3_k4_mall_d1,IMG_9889
fb_h3_k4_mall_d1,IMG_9939
fb_h3_k4_mall_d1,IMG_9943
fb_h3_k4_mall_d1,IMG_9912-HEIC
fb_h3_k4_mall_d1,IMG_9977
fb_h3_k4_mall_d1,IMG_9948
fb_h3_k4_mall_d1,IMG_9926
fb_h3_k4_mall_d1,IMG_9933
fb_h3_k4_mall_d1,IMG_9907
fb_h3_k4_mall_d1,IMG_9910
fb_h3_k4_mall_d1,IMG_9969
fb_h3_k4_mall_d1,IMG_9942
fb_h3_k4_mall_d1,IMG_9973
fb_h3_k4_mall_d1,IMG_9886
fb_h3_k4_mall_d1,IMG_9958
fb_h3_k4_mall_d1,IMG_9925
fb_h3_k4_mall_d1,IMG_9902
fb_h3_k4_mall_d1,IMG_9911
fb_h3_k4_mall_d1,IMG_9892
fb_h3_k4_mall_d1,IMG_9944
fb_h3_k4_mall_d1,IMG_9906
fb_h3_k4_mall_d1,IMG_9986
fb_h3_k4_mall_d1,IMG_9985
fb_h3_k4_mall_d1,IMG_9953
fb_h3_k4_mall_d1,IMG_9928
fb_h3_k4_mall_d1,IMG_9920
fb_h3_k4_mall_d1,IMG_9915
fb_h3_k4_mall_d1,IMG_9904
fb_h3_k4_mall_d1,IMG_9908
fb_h3_k4_mall_d1,IMG_9903
fb_h3_k4_mall_d1,IMG_9893
fb_h3_k4_mall_d1,IMG_9984
fb_h3_k4_mall_d1,IMG_9905
fb_h3_k4_mall_d1,IMG_9921
fb_h3_k4_mall_d1,IMG_9991
fb_h3_k4_mall_d1,IMG_9990
fb_h3_k4_mall_d1,IMG_9897
fb_h3_k4_mall_d1,IMG_9898
fb_h3_k4_mall_d1,IMG_9980
fb_h3_k4_mall_d1,IMG_9919
fb_h3_k4_mall_d1,IMG_9949
fb_h3_k4_mall_d1,IMG_9927
fb_h3_k4_mall_d1,IMG_9968
fb_h3_k4_mall_d1,IMG_9941
fb_h3_k4_mall_d1,IMG_9931
fb_h3_k4_mall_d1,IMG_9951
fb_h3_k4_mall_d1,IMG_9956
fb_h3_k4_mall_d1,IMG_9987
fb_h3_k4_mall_d1,IMG_9957
fb_h3_k4_mall_d1,IMG_9918
fb_h3_k4_mall_d1,IMG_9960
fb_h3_k4_mall_d1,IMG_9989
fb_h3_k4_mall_d1,IMG_9962
fb_h3_k4_mall_d1,IMG_9887
fb_h3_k4_mall_d1,IMG_9972
fb_h3_k4_mall_d1,IMG_9940
fb_h3_k4_mall_d1,IMG_2176-HEIC
fb_h3_k4_mall_d1,IMG_2183-HEIC
fb_h3_k4_mall_d1,IMG_2193-HEIC
fb_h3_k4_mall_d1,IMG_2212-HEIC
fb_h3_k4_mall_d1,IMG_2211-HEIC
fb_h3_k4_mall_d1,IMG_2168-HEIC
fb_h3_k4_mall_d1,IMG_2208-HEIC
fb_h3_k4_mall_d1,IMG_2195-HEIC
fb_h3_k4_mall_d1,IMG_2191-HEIC
fb_h3_k4_mall_d1,IMG_2199-HEIC
fb_h3_k4_mall_d1,IMG_2139-HEIC
fb_h3_k4_mall_d1,IMG_2153-HEIC
fb_h3_k4_mall_d1,IMG_2134-HEIC
fb_h3_k4_mall_d1,IMG_2175-HEIC
fb_h3_k4_mall_d1,IMG_2178-HEIC
fb_h3_k4_mall_d1,IMG_2213-HEIC
fb_h3_k4_mall_d1,IMG_2216-HEIC
fb_h3_k4_mall_d1,IMG_2204-HEIC
fb_h3_k4_mall_d1,IMG_2182-HEIC
fb_h3_k4_mall_d1,IMG_2138-HEIC
fb_h3_k4_mall_d1,IMG_2188-HEIC
fb_h3_k4_mall_d1,IMG_2180-HEIC
fb_h3_k4_mall_d1,IMG_2184-HEIC
fb_h3_k4_mall_d1,IMG_2189-HEIC
fb_h3_k4_mall_d1,IMG_2132-HEIC
fb_h3_k4_mall_d1,IMG_2133-HEIC
fb_h3_k4_mall_d1,IMG_2190-HEIC
fb_h3_k4_mall_d1,IMG_2185-HEIC
fb_h3_k4_mall_d1,IMG_2196-HEIC
fb_h3_k4_mall_d1,IMG_2170-HEIC
fb_h3_k4_mall_d1,IMG_2174-HEIC
fb_h3_k4_mall_d1,IMG_2169-HEIC
fb_h3_k4_mall_d1,IMG_2152-HEIC
fb_h3_k4_mall_d1,IMG_2209-HEIC
fb_h3_k4_mall_d1,IMG_2154-HEIC
fb_h3_k4_mall_d1,IMG_2203-HEIC
fb_h3_k4_mall_d1,IMG_2151-HEIC
fb_h3_k4_mall_d1,IMG_2214-HEIC
fb_h3_k4_mall_d1,IMG_2194-HEIC
fb_h3_k4_mall_d1,IMG_2155-HEIC
fb_h3_k4_mall_d1,IMG_2149-HEIC
fb_h3_k4_mall_d1,IMG_2156-HEIC
fb_h3_k4_mall_d1,IMG_2197-HEIC
fb_h3_k4_mall_d1,IMG_2198-HEIC
fb_h3_k4_mall_d1,IMG_2187-HEIC
fb_h3_k4_mall_d1,IMG_2148-HEIC
fb_h3_k4_mall_d1,IMG_2202-HEIC
fb_h3_k4_mall_d1,IMG_2205-HEIC
fb_h3_k4_mall_d1,IMG_2181-HEIC
fb_h3_k4_mall_d1,IMG_2159-HEIC
fb_h3_k4_mall_d1,IMG_2150-HEIC
fb_h3_k4_mall_d1,IMG_2131-HEIC
fb_h3_k4_mall_d1,IMG_2179-HEIC
fb_h3_k4_mall_d1,IMG_2201-HEIC
fb_h3_k4_mall_d1,IMG_2206-HEIC
fb_h3_k4_mall_d1,IMG_2158-HEIC
fb_h3_k4_mall_d1,IMG_2177-HEIC
fb_h3_k7_m15_d0,IMG_0311
fb_h3_k7_m15_d0,IMG_9879
fb_h3_k7_m15_d0,IMG_9880
fb_h3_k7_m15_d0,IMG_9825
fb_h3_k7_m15_d0,IMG_0358
fb_h3_k7_m15_d0,IMG_9834
fb_h3_k7_m15_d0,IMG_0450
fb_h3_k7_m15_d0,IMG_9764
fb_h3_k7_m15_d0,IMG_9816
fb_h3_k7_m15_d0,IMG_9857
fb_h3_k7_m15_d0,IMG_9767
fb_h3_k7_m15_d0,IMG_9998
fb_h3_k7_m15_d0,IMG_9971
fb_h3_k7_m15_d0,IMG_0387
fb_h3_k7_m15_d0,IMG_9784-HEIC
fb_h3_k7_m15_d0,IMG_2594-HEIC
fb_h3_k7_m15_d0,IMG_2571-HEIC
fb_h3_k7_m15_d0,IMG_2534-HEIC
fb_h3_k7_m15_d0,IMG_2504-HEIC
fb_h3_k7_m15_d0,IMG_2595-HEIC
fb_h3_k7_m15_d0,IMG_2524-HEIC
fb_h3_k7_m15_d0,IMG_2478-HEIC
fb_h3_k7_m15_d0,IMG_2395-HEIC
fb_h3_k7_m15_d0,IMG_2572-HEIC
fb_h3_k7_m15_d0,IMG_2586-HEIC
fb_h3_k7_m15_d0,IMG_2636-HEIC
fb_h3_k7_m15_d0,IMG_2580-HEIC
fb_h3_k7_m15_d0,IMG_2491-HEIC
fb_h3_k7_m15_d0,IMG_2582-HEIC
fb_h3_k7_m15_d0,IMG_2648-HEIC
fb_h3_k7_m15_d0,IMG_2121
fb_h3_k7_m15_d0,IMG_4200
fb_h3_k7_m15_d0,IMG_4162
fb_h3_k7_m15_d0,IMG_4185
fb_h3_k7_m15_d0,IMG_4256
fb_h3_k7_m15_d0,IMG_4180
fb_h3_k7_m15_d0,IMG_4104
fb_h3_k7_m15_d0,IMG_4067
fb_h3_k7_m15_d0,IMG_4186
fb_h3_k7_m15_d0,IMG_2107
fb_h3_k7_m15_d0,IMG_4149
fb_h3_k7_m15_d0,IMG_2082
fb_h3_k7_m15_d0,IMG_4182
fb_h3_k7_m15_d0,IMG_2077
fb_h3_k7_m15_d0,IMG_4219
fb_h3_k7_m15_d0,IMG_2307-HEIC
fb_h3_k7_m15_d0,IMG_2311-HEIC
fb_h3_k7_m15_d0,IMG_2329-HEIC
fb_h3_k7_m15_d0,IMG_0765-HEIC
fb_h3_k7_m15_d0,IMG_0760-HEIC
fb_h3_k7_m15_d0,IMG_0769-HEIC
fb_h3_k7_m15_d0,IMG_2391-HEIC
fb_h3_k7_m15_d0,IMG_2352-HEIC
fb_h3_k7_m15_d0,IMG_2331-HEIC
fb_h3_k7_m15_d0,IMG_2345-HEIC
fb_h3_k7_m15_d0,IMG_0740-HEIC
fb_h3_k7_m15_d0,IMG_2384-HEIC
fb_h3_k7_m15_d0,IMG_2295-HEIC
fb_h3_k7_m15_d0,IMG_2252-HEIC
fb_h3_k7_m15_d0,IMG_0761-HEIC
fb_h3_k7_m15_d0,IMG_2012
fb_h3_k7_m15_d0,IMG_2056
fb_h3_k7_m15_d0,IMG_3976
fb_h3_k7_m15_d0,IMG_3983
fb_h3_k7_m15_d0,IMG_1999
fb_h3_k7_m15_d0,IMG_3993
fb_h3_k7_m15_d0,IMG_2022
fb_h3_k7_m15_d0,IMG_2051
fb_h3_k7_m15_d0,IMG_2042
fb_h3_k7_m15_d0,IMG_3963
fb_h3_k7_m15_d0,IMG_3961
fb_h3_k7_m15_d0,IMG_3994
fb_h3_k7_m15_d0,IMG_2057
fb_h3_k7_m15_d0,IMG_3982
fb_h3_k7_m15_d0,IMG_1914
fb_h3_k7_m15_d0,IMG_9980
fb_h3_k7_m15_d0,IMG_9896
fb_h3_k7_m15_d0,IMG_9892
fb_h3_k7_m15_d0,IMG_9989
fb_h3_k7_m15_d0,IMG_9969
fb_h3_k7_m15_d0,IMG_9991
fb_h3_k7_m15_d0,IMG_9886
fb_h3_k7_m15_d0,IMG_9951
fb_h3_k7_m15_d0,IMG_9929
fb_h3_k7_m15_d0,IMG_9902
fb_h3_k7_m15_d0,IMG_9912-HEIC
fb_h3_k7_m15_d0,IMG_9923
fb_h3_k7_m15_d0,IMG_9885
fb_h3_k7_m15_d0,IMG_9898
fb_h3_k7_m15_d0,IMG_9956
fb_h3_k7_m15_d0,IMG_2132-HEIC
fb_h3_k7_m15_d0,IMG_2208-HEIC
fb_h3_k7_m15_d0,IMG_2134-HEIC
fb_h3_k7_m15_d0,IMG_2178-HEIC
fb_h3_k7_m15_d0,IMG_2179-HEIC
fb_h3_k7_m15_d0,IMG_2213-HEIC
fb_h3_k7_m15_d0,IMG_2206-HEIC
fb_h3_k7_m15_d0,IMG_2155-HEIC
fb_h3_k7_m15_d0,IMG_2202-HEIC
fb_h3_k7_m15_d0,IMG_2189-HEIC
fb_h3_k7_m15_d0,IMG_2177-HEIC
fb_h3_k7_m15_d0,IMG_2203-HEIC
fb_h3_k7_m15_d0,IMG_2174-HEIC
fb_h3_k7_m15_d0,IMG_2198-HEIC
fb_h3_k7_m15_d0,IMG_2182-HEIC
fb_h3_k7_m50_d0,IMG_0311
fb_h3_k7_m50_d0,IMG_9879
fb_h3_k7_m50_d0,IMG_9880
fb_h3_k7_m50_d0,IMG_9825
fb_h3_k7_m50_d0,IMG_0358
fb_h3_k7_m50_d0,IMG_9834
fb_h3_k7_m50_d0,IMG_0450
fb_h3_k7_m50_d0,IMG_9764
fb_h3_k7_m50_d0,IMG_9816
fb_h3_k7_m50_d0,IMG_9857
fb_h3_k7_m50_d0,IMG_9767
fb_h3_k7_m50_d0,IMG_9998
fb_h3_k7_m50_d0,IMG_9971
fb_h3_k7_m50_d0,IMG_0387
fb_h3_k7_m50_d0,IMG_9784-HEIC
fb_h3_k7_m50_d0,IMG_9989-HEIC
fb_h3_k7_m50_d0,IMG_9909-HEIC
fb_h3_k7_m50_d0,IMG_0427
fb_h3_k7_m50_d0,IMG_9964
fb_h3_k7_m50_d0,IMG_0340
fb_h3_k7_m50_d0,IMG_9812
fb_h3_k7_m50_d0,IMG_0393
fb_h3_k7_m50_d0,IMG_9917-HEIC
fb_h3_k7_m50_d0,IMG_9799
fb_h3_k7_m50_d0,IMG_0008
fb_h3_k7_m50_d0,IMG_9870
fb_h3_k7_m50_d0,IMG_9773
fb_h3_k7_m50_d0,IMG_9873
fb_h3_k7_m50_d0,IMG_9874
fb_h3_k7_m50_d0,IMG_7016-HEIC
fb_h3_k7_m50_d0,IMG_9807
fb_h3_k7_m50_d0,IMG_9840
fb_h3_k7_m50_d0,IMG_0444
fb_h3_k7_m50_d0,IMG_0291
fb_h3_k7_m50_d0,IMG_9916-HEIC
fb_h3_k7_m50_d0,IMG_0300
fb_h3_k7_m50_d0,IMG_9768
fb_h3_k7_m50_d0,IMG_0034
fb_h3_k7_m50_d0,IMG_9822
fb_h3_k7_m50_d0,IMG_9842
fb_h3_k7_m50_d0,IMG_9997
fb_h3_k7_m50_d0,IMG_9783-HEIC
fb_h3_k7_m50_d0,IMG_0410
fb_h3_k7_m50_d0,IMG_0364
fb_h3_k7_m50_d0,IMG_9955-HEIC
fb_h3_k7_m50_d0,IMG_9828
fb_h3_k7_m50_d0,IMG_9982-HEIC
fb_h3_k7_m50_d0,IMG_9765
fb_h3_k7_m50_d0,IMG_9848
fb_h3_k7_m50_d0,IMG_0351
fb_h3_k7_m50_d0,IMG_2594-HEIC
fb_h3_k7_m50_d0,IMG_2571-HEIC
fb_h3_k7_m50_d0,IMG_2534-HEIC
fb_h3_k7_m50_d0,IMG_2504-HEIC
fb_h3_k7_m50_d0,IMG_2595-HEIC
fb_h3_k7_m50_d0,IMG_2524-HEIC
fb_h3_k7_m50_d0,IMG_2478-HEIC
fb_h3_k7_m50_d0,IMG_2395-HEIC
fb_h3_k7_m50_d0,IMG_2572-HEIC
fb_h3_k7_m50_d0,IMG_2586-HEIC
fb_h3_k7_m50_d0,IMG_2636-HEIC
fb_h3_k7_m50_d0,IMG_2580-HEIC
fb_h3_k7_m50_d0,IMG_2491-HEIC
fb_h3_k7_m50_d0,IMG_2582-HEIC
fb_h3_k7_m50_d0,IMG_2648-HEIC
fb_h3_k7_m50_d0,IMG_2477-HEIC
fb_h3_k7_m50_d0,IMG_2513-HEIC
fb_h3_k7_m50_d0,IMG_2600-HEIC
fb_h3_k7_m50_d0,IMG_2570-HEIC
fb_h3_k7_m50_d0,IMG_2615-HEIC
fb_h3_k7_m50_d0,IMG_2590-HEIC
fb_h3_k7_m50_d0,IMG_2598-HEIC
fb_h3_k7_m50_d0,IMG_2521-HEIC
fb_h3_k7_m50_d0,IMG_2635-HEIC
fb_h3_k7_m50_d0,IMG_2634-HEIC
fb_h3_k7_m50_d0,IMG_2585-HEIC
fb_h3_k7_m50_d0,IMG_2619-HEIC
fb_h3_k7_m50_d0,IMG_2522-HEIC
fb_h3_k7_m50_d0,IMG_2643-HEIC
fb_h3_k7_m50_d0,IMG_2638-HEIC
fb_h3_k7_m50_d0,IMG_2637-HEIC
fb_h3_k7_m50_d0,IMG_2493-HEIC
fb_h3_k7_m50_d0,IMG_2579-HEIC
fb_h3_k7_m50_d0,IMG_2550-HEIC
fb_h3_k7_m50_d0,IMG_2597-HEIC
fb_h3_k7_m50_d0,IMG_2577-HEIC
fb_h3_k7_m50_d0,IMG_2680-HEIC
fb_h3_k7_m50_d0,IMG_2519-HEIC
fb_h3_k7_m50_d0,IMG_2583-HEIC
fb_h3_k7_m50_d0,IMG_2475-HEIC
fb_h3_k7_m50_d0,IMG_2488-HEIC
fb_h3_k7_m50_d0,IMG_2589-HEIC
fb_h3_k7_m50_d0,IMG_2538-HEIC
fb_h3_k7_m50_d0,IMG_2654-HEIC
fb_h3_k7_m50_d0,IMG_2617-HEIC
fb_h3_k7_m50_d0,IMG_2494-HEIC
fb_h3_k7_m50_d0,IMG_2496-HEIC
fb_h3_k7_m50_d0,IMG_2533-HEIC
fb_h3_k7_m50_d0,IMG_2480-HEIC
fb_h3_k7_m50_d0,IMG_2584-HEIC
fb_h3_k7_m50_d0,IMG_2121
fb_h3_k7_m50_d0,IMG_4200
fb_h3_k7_m50_d0,IMG_4162
fb_h3_k7_m50_d0,IMG_4185
fb_h3_k7_m50_d0,IMG_4256
fb_h3_k7_m50_d0,IMG_4180
fb_h3_k7_m50_d0,IMG_4104
fb_h3_k7_m50_d0,IMG_4067
fb_h3_k7_m50_d0,IMG_4186
fb_h3_k7_m50_d0,IMG_2107
fb_h3_k7_m50_d0,IMG_4149
fb_h3_k7_m50_d0,IMG_2082
fb_h3_k7_m50_d0,IMG_4182
fb_h3_k7_m50_d0,IMG_2077
fb_h3_k7_m50_d0,IMG_4219
fb_h3_k7_m50_d0,IMG_2117
fb_h3_k7_m50_d0,IMG_4220
fb_h3_k7_m50_d0,IMG_4179
fb_h3_k7_m50_d0,IMG_4178
fb_h3_k7_m50_d0,IMG_2083
fb_h3_k7_m50_d0,IMG_4213
fb_h3_k7_m50_d0,IMG_2134
fb_h3_k7_m50_d0,IMG_4221
fb_h3_k7_m50_d0,IMG_4117
fb_h3_k7_m50_d0,IMG_4090
fb_h3_k7_m50_d0,IMG_4112
fb_h3_k7_m50_d0,IMG_2116
fb_h3_k7_m50_d0,IMG_2062
fb_h3_k7_m50_d0,IMG_2089
fb_h3_k7_m50_d0,IMG_4194
fb_h3_k7_m50_d0,IMG_4105
fb_h3_k7_m50_d0,IMG_2105
fb_h3_k7_m50_d0,IMG_4065
fb_h3_k7_m50_d0,IMG_4184
fb_h3_k7_m50_d0,IMG_4144
fb_h3_k7_m50_d0,IMG_4146
fb_h3_k7_m50_d0,IMG_4161
fb_h3_k7_m50_d0,IMG_2135
fb_h3_k7_m50_d0,IMG_4218
fb_h3_k7_m50_d0,IMG_4143
fb_h3_k7_m50_d0,IMG_4069
fb_h3_k7_m50_d0,IMG_4147
fb_h3_k7_m50_d0,IMG_2073
fb_h3_k7_m50_d0,IMG_2130
fb_h3_k7_m50_d0,IMG_4075
fb_h3_k7_m50_d0,IMG_2103
fb_h3_k7_m50_d0,IMG_4073
fb_h3_k7_m50_d0,IMG_2068
fb_h3_k7_m50_d0,IMG_4202
fb_h3_k7_m50_d0,IMG_4190
fb_h3_k7_m50_d0,IMG_2307-HEIC
fb_h3_k7_m50_d0,IMG_2311-HEIC
fb_h3_k7_m50_d0,IMG_2329-HEIC
fb_h3_k7_m50_d0,IMG_0765-HEIC
fb_h3_k7_m50_d0,IMG_0760-HEIC
fb_h3_k7_m50_d0,IMG_0769-HEIC
fb_h3_k7_m50_d0,IMG_2391-HEIC
fb_h3_k7_m50_d0,IMG_2352-HEIC
fb_h3_k7_m50_d0,IMG_2331-HEIC
fb_h3_k7_m50_d0,IMG_2345-HEIC
fb_h3_k7_m50_d0,IMG_0740-HEIC
fb_h3_k7_m50_d0,IMG_2384-HEIC
fb_h3_k7_m50_d0,IMG_2295-HEIC
fb_h3_k7_m50_d0,IMG_2252-HEIC
fb_h3_k7_m50_d0,IMG_0761-HEIC
fb_h3_k7_m50_d0,IMG_2249-HEIC
fb_h3_k7_m50_d0,IMG_0754-HEIC
fb_h3_k7_m50_d0,IMG_2337-HEIC
fb_h3_k7_m50_d0,IMG_2302-HEIC
fb_h3_k7_m50_d0,IMG_2349-HEIC
fb_h3_k7_m50_d0,IMG_2304-HEIC
fb_h3_k7_m50_d0,IMG_0767-HEIC
fb_h3_k7_m50_d0,IMG_2242-HEIC
fb_h3_k7_m50_d0,IMG_0766-HEIC
fb_h3_k7_m50_d0,IMG_2289-HEIC
fb_h3_k7_m50_d0,IMG_2241-HEIC
fb_h3_k7_m50_d0,IMG_2240-HEIC
fb_h3_k7_m50_d0,IMG_2340-HEIC
fb_h3_k7_m50_d0,IMG_2246-HEIC
fb_h3_k7_m50_d0,IMG_2330-HEIC
fb_h3_k7_m50_d0,IMG_2239-HEIC
fb_h3_k7_m50_d0,IMG_2390-HEIC
fb_h3_k7_m50_d0,IMG_2291-HEIC
fb_h3_k7_m50_d0,IMG_2293-HEIC
fb_h3_k7_m50_d0,IMG_2258-HEIC
fb_h3_k7_m50_d0,IMG_0743-HEIC
fb_h3_k7_m50_d0,IMG_2257-HEIC
fb_h3_k7_m50_d0,IMG_2270-HEIC
fb_h3_k7_m50_d0,IMG_2288-HEIC
fb_h3_k7_m50_d0,IMG_2244-HEIC
fb_h3_k7_m50_d0,IMG_0756-HEIC
fb_h3_k7_m50_d0,IMG_2273-HEIC
fb_h3_k7_m50_d0,IMG_0755-HEIC
fb_h3_k7_m50_d0,IMG_2385-HEIC
fb_h3_k7_m50_d0,IMG_2245-HEIC
fb_h3_k7_m50_d0,IMG_2382-HEIC
fb_h3_k7_m50_d0,IMG_2296-HEIC
fb_h3_k7_m50_d0,IMG_0768-HEIC
fb_h3_k7_m50_d0,IMG_2253-HEIC
fb_h3_k7_m50_d0,IMG_2286-HEIC
fb_h3_k7_m50_d0,IMG_2012
fb_h3_k7_m50_d0,IMG_2056
fb_h3_k7_m50_d0,IMG_3976
fb_h3_k7_m50_d0,IMG_3983
fb_h3_k7_m50_d0,IMG_1999
fb_h3_k7_m50_d0,IMG_3993
fb_h3_k7_m50_d0,IMG_2022
fb_h3_k7_m50_d0,IMG_2051
fb_h3_k7_m50_d0,IMG_2042
fb_h3_k7_m50_d0,IMG_3963
fb_h3_k7_m50_d0,IMG_3961
fb_h3_k7_m50_d0,IMG_3994
fb_h3_k7_m50_d0,IMG_2057
fb_h3_k7_m50_d0,IMG_3982
fb_h3_k7_m50_d0,IMG_1914
fb_h3_k7_m50_d0,IMG_4047
fb_h3_k7_m50_d0,IMG_3999
fb_h3_k7_m50_d0,IMG_1964
fb_h3_k7_m50_d0,IMG_3925
fb_h3_k7_m50_d0,IMG_2030
fb_h3_k7_m50_d0,IMG_1918
fb_h3_k7_m50_d0,IMG_2048
fb_h3_k7_m50_d0,IMG_4003
fb_h3_k7_m50_d0,IMG_2049
fb_h3_k7_m50_d0,IMG_2045
fb_h3_k7_m50_d0,IMG_4025
fb_h3_k7_m50_d0,IMG_3978
fb_h3_k7_m50_d0,IMG_1923
fb_h3_k7_m50_d0,IMG_1969
fb_h3_k7_m50_d0,IMG_1922
fb_h3_k7_m50_d0,IMG_3920
fb_h3_k7_m50_d0,IMG_1963
fb_h3_k7_m50_d0,IMG_2024
fb_h3_k7_m50_d0,IMG_2015
fb_h3_k7_m50_d0,IMG_1970
fb_h3_k7_m50_d0,IMG_1924
fb_h3_k7_m50_d0,IMG_2031
fb_h3_k7_m50_d0,IMG_4001
fb_h3_k7_m50_d0,IMG_4024
fb_h3_k7_m50_d0,IMG_2046
fb_h3_k7_m50_d0,IMG_2044
fb_h3_k7_m50_d0,IMG_1961
fb_h3_k7_m50_d0,IMG_1917
fb_h3_k7_m50_d0,IMG_4002
fb_h3_k7_m50_d0,IMG_2023
fb_h3_k7_m50_d0,IMG_3987
fb_h3_k7_m50_d0,IMG_4033
fb_h3_k7_m50_d0,IMG_3921
fb_h3_k7_m50_d0,IMG_4013
fb_h3_k7_m50_d0,IMG_3975
fb_h3_k7_m50_d0,IMG_9980
fb_h3_k7_m50_d0,IMG_9896
fb_h3_k7_m50_d0,IMG_9892
fb_h3_k7_m50_d0,IMG_9989
fb_h3_k7_m50_d0,IMG_9969
fb_h3_k7_m50_d0,IMG_9991
fb_h3_k7_m50_d0,IMG_9886
fb_h3_k7_m50_d0,IMG_9951
fb_h3_k7_m50_d0,IMG_9929
fb_h3_k7_m50_d0,IMG_9902
fb_h3_k7_m50_d0,IMG_9912-HEIC
fb_h3_k7_m50_d0,IMG_9923
fb_h3_k7_m50_d0,IMG_9885
fb_h3_k7_m50_d0,IMG_9898
fb_h3_k7_m50_d0,IMG_9956
fb_h3_k7_m50_d0,IMG_9963
fb_h3_k7_m50_d0,IMG_9940
fb_h3_k7_m50_d0,IMG_9895
fb_h3_k7_m50_d0,IMG_9897
fb_h3_k7_m50_d0,IMG_9965
fb_h3_k7_m50_d0,IMG_9961
fb_h3_k7_m50_d0,IMG_9970
fb_h3_k7_m50_d0,IMG_9924
fb_h3_k7_m50_d0,IMG_9915
fb_h3_k7_m50_d0,IMG_9887
fb_h3_k7_m50_d0,IMG_9941
fb_h3_k7_m50_d0,IMG_9973
fb_h3_k7_m50_d0,IMG_9922
fb_h3_k7_m50_d0,IMG_9891
fb_h3_k7_m50_d0,IMG_9959
fb_h3_k7_m50_d0,IMG_9911
fb_h3_k7_m50_d0,IMG_9889
fb_h3_k7_m50_d0,IMG_9968
fb_h3_k7_m50_d0,IMG_9962
fb_h3_k7_m50_d0,IMG_9906
fb_h3_k7_m50_d0,IMG_9943
fb_h3_k7_m50_d0,IMG_9983
fb_h3_k7_m50_d0,IMG_9893
fb_h3_k7_m50_d0,IMG_9904
fb_h3_k7_m50_d0,IMG_9919
fb_h3_k7_m50_d0,IMG_9900
fb_h3_k7_m50_d0,IMG_9916
fb_h3_k7_m50_d0,IMG_9985
fb_h3_k7_m50_d0,IMG_9933
fb_h3_k7_m50_d0,IMG_9958
fb_h3_k7_m50_d0,IMG_9918
fb_h3_k7_m50_d0,IMG_9990
fb_h3_k7_m50_d0,IMG_9947
fb_h3_k7_m50_d0,IMG_9957
fb_h3_k7_m50_d0,IMG_9908
fb_h3_k7_m50_d0,IMG_2132-HEIC
fb_h3_k7_m50_d0,IMG_2208-HEIC
fb_h3_k7_m50_d0,IMG_2134-HEIC
fb_h3_k7_m50_d0,IMG_2178-HEIC
fb_h3_k7_m50_d0,IMG_2179-HEIC
fb_h3_k7_m50_d0,IMG_2213-HEIC
fb_h3_k7_m50_d0,IMG_2206-HEIC
fb_h3_k7_m50_d0,IMG_2155-HEIC
fb_h3_k7_m50_d0,IMG_2202-HEIC
fb_h3_k7_m50_d0,IMG_2189-HEIC
fb_h3_k7_m50_d0,IMG_2177-HEIC
fb_h3_k7_m50_d0,IMG_2203-HEIC
fb_h3_k7_m50_d0,IMG_2174-HEIC
fb_h3_k7_m50_d0,IMG_2198-HEIC
fb_h3_k7_m50_d0,IMG_2182-HEIC
fb_h3_k7_m50_d0,IMG_2197-HEIC
fb_h3_k7_m50_d0,IMG_2158-HEIC
fb_h3_k7_m50_d0,IMG_2176-HEIC
fb_h3_k7_m50_d0,IMG_2170-HEIC
fb_h3_k7_m50_d0,IMG_2209-HEIC
fb_h3_k7_m50_d0,IMG_2196-HEIC
fb_h3_k7_m50_d0,IMG_2201-HEIC
fb_h3_k7_m50_d0,IMG_2185-HEIC
fb_h3_k7_m50_d0,IMG_2153-HEIC
fb_h3_k7_m50_d0,IMG_2181-HEIC
fb_h3_k7_m50_d0,IMG_2169-HEIC
fb_h3_k7_m50_d0,IMG_2151-HEIC
fb_h3_k7_m50_d0,IMG_2216-HEIC
fb_h3_k7_m50_d0,IMG_2184-HEIC
fb_h3_k7_m50_d0,IMG_2193-HEIC
fb_h3_k7_m50_d0,IMG_2139-HEIC
fb_h3_k7_m50_d0,IMG_2150-HEIC
fb_h3_k7_m50_d0,IMG_2204-HEIC
fb_h3_k7_m50_d0,IMG_2149-HEIC
fb_h3_k7_m50_d0,IMG_2205-HEIC
fb_h3_k7_m50_d0,IMG_2131-HEIC
fb_h3_k7_m50_d0,IMG_2152-HEIC
fb_h3_k7_m50_d0,IMG_2133-HEIC
fb_h3_k7_m50_d0,IMG_2183-HEIC
fb_h3_k7_m50_d0,IMG_2199-HEIC
fb_h3_k7_m50_d0,IMG_2138-HEIC
fb_h3_k7_m50_d0,IMG_2187-HEIC
fb_h3_k7_m50_d0,IMG_2175-HEIC
fb_h3_k7_m50_d0,IMG_2154-HEIC
fb_h3_k7_m50_d0,IMG_2156-HEIC
fb_h3_k7_m50_d0,IMG_2211-HEIC
fb_h3_k7_m50_d0,IMG_2148-HEIC
fb_h3_k7_m50_d0,IMG_2214-HEIC
fb_h3_k7_m50_d0,IMG_2180-HEIC
fb_h3_k7_m50_d0,IMG_2191-HEIC
fb_h3_k7_mall_d0,IMG_0311
fb_h3_k7_mall_d0,IMG_9879
fb_h3_k7_mall_d0,IMG_9880
fb_h3_k7_mall_d0,IMG_9825
fb_h3_k7_mall_d0,IMG_0358
fb_h3_k7_mall_d0,IMG_9834
fb_h3_k7_mall_d0,IMG_0450
fb_h3_k7_mall_d0,IMG_9764
fb_h3_k7_mall_d0,IMG_9816
fb_h3_k7_mall_d0,IMG_9857
fb_h3_k7_mall_d0,IMG_9767
fb_h3_k7_mall_d0,IMG_9998
fb_h3_k7_mall_d0,IMG_9971
fb_h3_k7_mall_d0,IMG_0387
fb_h3_k7_mall_d0,IMG_9784-HEIC
fb_h3_k7_mall_d0,IMG_9989-HEIC
fb_h3_k7_mall_d0,IMG_9909-HEIC
fb_h3_k7_mall_d0,IMG_0427
fb_h3_k7_mall_d0,IMG_9964
fb_h3_k7_mall_d0,IMG_0340
fb_h3_k7_mall_d0,IMG_9812
fb_h3_k7_mall_d0,IMG_0393
fb_h3_k7_mall_d0,IMG_9917-HEIC
fb_h3_k7_mall_d0,IMG_9799
fb_h3_k7_mall_d0,IMG_0008
fb_h3_k7_mall_d0,IMG_9870
fb_h3_k7_mall_d0,IMG_9773
fb_h3_k7_mall_d0,IMG_9873
fb_h3_k7_mall_d0,IMG_9874
fb_h3_k7_mall_d0,IMG_7016-HEIC
fb_h3_k7_mall_d0,IMG_9807
fb_h3_k7_mall_d0,IMG_9840
fb_h3_k7_mall_d0,IMG_0444
fb_h3_k7_mall_d0,IMG_0291
fb_h3_k7_mall_d0,IMG_9916-HEIC
fb_h3_k7_mall_d0,IMG_0300
fb_h3_k7_mall_d0,IMG_9768
fb_h3_k7_mall_d0,IMG_0034
fb_h3_k7_mall_d0,IMG_9822
fb_h3_k7_mall_d0,IMG_9842
fb_h3_k7_mall_d0,IMG_9997
fb_h3_k7_mall_d0,IMG_9783-HEIC
fb_h3_k7_mall_d0,IMG_0410
fb_h3_k7_mall_d0,IMG_0364
fb_h3_k7_mall_d0,IMG_9955-HEIC
fb_h3_k7_mall_d0,IMG_9828
fb_h3_k7_mall_d0,IMG_9982-HEIC
fb_h3_k7_mall_d0,IMG_9765
fb_h3_k7_mall_d0,IMG_9848
fb_h3_k7_mall_d0,IMG_0351
fb_h3_k7_mall_d0,IMG_9948-HEIC
fb_h3_k7_mall_d0,IMG_9875
fb_h3_k7_mall_d0,IMG_9801
fb_h3_k7_mall_d0,IMG_0016
fb_h3_k7_mall_d0,IMG_9775
fb_h3_k7_mall_d0,IMG_7021
fb_h3_k7_mall_d0,IMG_9814
fb_h3_k7_mall_d0,IMG_9859
fb_h3_k7_mall_d0,IMG_9808
fb_h3_k7_mall_d0,IMG_9843
fb_h3_k7_mall_d0,IMG_9818
fb_h3_k7_mall_d0,IMG_9769
fb_h3_k7_mall_d0,IMG_9907-HEIC
fb_h3_k7_mall_d0,IMG_9823
fb_h3_k7_mall_d0,IMG_9915-HEIC
fb_h3_k7_mall_d0,IMG_9820
fb_h3_k7_mall_d0,IMG_0046
fb_h3_k7_mall_d0,IMG_0040
fb_h3_k7_mall_d0,IMG_9978-HEIC
fb_h3_k7_mall_d0,IMG_0398
fb_h3_k7_mall_d0,IMG_9844
fb_h3_k7_mall_d0,IMG_9838
fb_h3_k7_mall_d0,IMG_9811
fb_h3_k7_mall_d0,IMG_9827
fb_h3_k7_mall_d0,IMG_9999
fb_h3_k7_mall_d0,IMG_0305
fb_h3_k7_mall_d0,IMG_9810
fb_h3_k7_mall_d0,IMG_9806
fb_h3_k7_mall_d0,IMG_0421
fb_h3_k7_mall_d0,IMG_0404
fb_h3_k7_mall_d0,IMG_0375
fb_h3_k7_mall_d0,IMG_9826
fb_h3_k7_mall_d0,IMG_9990-HEIC
fb_h3_k7_mall_d0,IMG_9836
fb_h3_k7_mall_d0,IMG_9777
fb_h3_k7_mall_d0,IMG_9868-HEIC
fb_h3_k7_mall_d0,IMG_0433
fb_h3_k7_mall_d0,IMG_9861-HEIC
fb_h3_k7_mall_d0,IMG_9876
fb_h3_k7_mall_d0,IMG_9770
fb_h3_k7_mall_d0,IMG_0381
fb_h3_k7_mall_d0,IMG_9766
fb_h3_k7_mall_d0,IMG_9949-HEIC
fb_h3_k7_mall_d0,IMG_0002
fb_h3_k7_mall_d0,IMG_0457
fb_h3_k7_mall_d0,IMG_9833
fb_h3_k7_mall_d0,IMG_9805
fb_h3_k7_mall_d0,IMG_9803
fb_h3_k7_mall_d0,IMG_9804
fb_h3_k7_mall_d0,IMG_9867
fb_h3_k7_mall_d0,IMG_9864
fb_h3_k7_mall_d0,IMG_9829
fb_h3_k7_mall_d0,IMG_9918-HEIC
fb_h3_k7_mall_d0,IMG_9906-HEIC
fb_h3_k7_mall_d0,IMG_9771
fb_h3_k7_mall_d0,IMG_9774
fb_h3_k7_mall_d0,IMG_9821
fb_h3_k7_mall_d0,IMG_9809
fb_h3_k7_mall_d0,IMG_9984-HEIC
fb_h3_k7_mall_d0,IMG_9779-HEIC
fb_h3_k7_mall_d0,IMG_0346
fb_h3_k7_mall_d0,IMG_9869
fb_h3_k7_mall_d0,IMG_9858
fb_h3_k7_mall_d0,IMG_9832
fb_h3_k7_mall_d0,IMG_9800
fb_h3_k7_mall_d0,IMG_0370
fb_h3_k7_mall_d0,IMG_9951-HEIC
fb_h3_k7_mall_d0,IMG_9938
fb_h3_k7_mall_d0,IMG_9981-HEIC
fb_h3_k7_mall_d0,IMG_0003
fb_h3_k7_mall_d0,IMG_9979-HEIC
fb_h3_k7_mall_d0,IMG_0416
fb_h3_k7_mall_d0,IMG_9813
fb_h3_k7_mall_d0,IMG_9763
fb_h3_k7_mall_d0,IMG_9947-HEIC
fb_h3_k7_mall_d0,IMG_9819
fb_h3_k7_mall_d0,IMG_0051
fb_h3_k7_mall_d0,IMG_9854
fb_h3_k7_mall_d0,IMG_9920-HEIC
fb_h3_k7_mall_d0,IMG_0028
fb_h3_k7_mall_d0,IMG_9911-HEIC
fb_h3_k7_mall_d0,IMG_9881
fb_h3_k7_mall_d0,IMG_9839
fb_h3_k7_mall_d0,IMG_9866
fb_h3_k7_mall_d0,IMG_0328
fb_h3_k7_mall_d0,IMG_9905-HEIC
fb_h3_k7_mall_d0,IMG_9985-HEIC
fb_h3_k7_mall_d0,IMG_0439
fb_h3_k7_mall_d0,IMG_9966
fb_h3_k7_mall_d0,IMG_0323
fb_h3_k7_mall_d0,IMG_9865
fb_h3_k7_mall_d0,IMG_2594-HEIC
fb_h3_k7_mall_d0,IMG_2571-HEIC
fb_h3_k7_mall_d0,IMG_2534-HEIC
fb_h3_k7_mall_d0,IMG_2504-HEIC
fb_h3_k7_mall_d0,IMG_2595-HEIC
fb_h3_k7_mall_d0,IMG_2524-HEIC
fb_h3_k7_mall_d0,IMG_2478-HEIC
fb_h3_k7_mall_d0,IMG_2395-HEIC
fb_h3_k7_mall_d0,IMG_2572-HEIC
fb_h3_k7_mall_d0,IMG_2586-HEIC
fb_h3_k7_mall_d0,IMG_2636-HEIC
fb_h3_k7_mall_d0,IMG_2580-HEIC
fb_h3_k7_mall_d0,IMG_2491-HEIC
fb_h3_k7_mall_d0,IMG_2582-HEIC
fb_h3_k7_mall_d0,IMG_2648-HEIC
fb_h3_k7_mall_d0,IMG_2477-HEIC
fb_h3_k7_mall_d0,IMG_2513-HEIC
fb_h3_k7_mall_d0,IMG_2600-HEIC
fb_h3_k7_mall_d0,IMG_2570-HEIC
fb_h3_k7_mall_d0,IMG_2615-HEIC
fb_h3_k7_mall_d0,IMG_2590-HEIC
fb_h3_k7_mall_d0,IMG_2598-HEIC
fb_h3_k7_mall_d0,IMG_2521-HEIC
fb_h3_k7_mall_d0,IMG_2635-HEIC
fb_h3_k7_mall_d0,IMG_2634-HEIC
fb_h3_k7_mall_d0,IMG_2585-HEIC
fb_h3_k7_mall_d0,IMG_2619-HEIC
fb_h3_k7_mall_d0,IMG_2522-HEIC
fb_h3_k7_mall_d0,IMG_2643-HEIC
fb_h3_k7_mall_d0,IMG_2638-HEIC
fb_h3_k7_mall_d0,IMG_2637-HEIC
fb_h3_k7_mall_d0,IMG_2493-HEIC
fb_h3_k7_mall_d0,IMG_2579-HEIC
fb_h3_k7_mall_d0,IMG_2550-HEIC
fb_h3_k7_mall_d0,IMG_2597-HEIC
fb_h3_k7_mall_d0,IMG_2577-HEIC
fb_h3_k7_mall_d0,IMG_2680-HEIC
fb_h3_k7_mall_d0,IMG_2519-HEIC
fb_h3_k7_mall_d0,IMG_2583-HEIC
fb_h3_k7_mall_d0,IMG_2475-HEIC
fb_h3_k7_mall_d0,IMG_2488-HEIC
fb_h3_k7_mall_d0,IMG_2589-HEIC
fb_h3_k7_mall_d0,IMG_2538-HEIC
fb_h3_k7_mall_d0,IMG_2654-HEIC
fb_h3_k7_mall_d0,IMG_2617-HEIC
fb_h3_k7_mall_d0,IMG_2494-HEIC
fb_h3_k7_mall_d0,IMG_2496-HEIC
fb_h3_k7_mall_d0,IMG_2533-HEIC
fb_h3_k7_mall_d0,IMG_2480-HEIC
fb_h3_k7_mall_d0,IMG_2584-HEIC
fb_h3_k7_mall_d0,IMG_2536-HEIC
fb_h3_k7_mall_d0,IMG_2526-HEIC
fb_h3_k7_mall_d0,IMG_2660-HEIC
fb_h3_k7_mall_d0,IMG_2492-HEIC
fb_h3_k7_mall_d0,IMG_2578-HEIC
fb_h3_k7_mall_d0,IMG_2564-HEIC
fb_h3_k7_mall_d0,IMG_2557-HEIC
fb_h3_k7_mall_d0,IMG_2591-HEIC
fb_h3_k7_mall_d0,IMG_2525-HEIC
fb_h3_k7_mall_d0,IMG_2610-HEIC
fb_h3_k7_mall_d0,IMG_2520-HEIC
fb_h3_k7_mall_d0,IMG_2452-HEIC
fb_h3_k7_mall_d0,IMG_2476-HEIC
fb_h3_k7_mall_d0,IMG_2566-HEIC
fb_h3_k7_mall_d0,IMG_2576-HEIC
fb_h3_k7_mall_d0,IMG_2540-HEIC
fb_h3_k7_mall_d0,IMG_2587-HEIC
fb_h3_k7_mall_d0,IMG_2599-HEIC
fb_h3_k7_mall_d0,IMG_2618-HEIC
fb_h3_k7_mall_d0,IMG_2620-HEIC
fb_h3_k7_mall_d0,IMG_2417-HEIC
fb_h3_k7_mall_d0,IMG_2481-HEIC
fb_h3_k7_mall_d0,IMG_2593-HEIC
fb_h3_k7_mall_d0,IMG_2588-HEIC
fb_h3_k7_mall_d0,IMG_2647-HEIC
fb_h3_k7_mall_d0,IMG_2446-HEIC
fb_h3_k7_mall_d0,IMG_2535-HEIC
fb_h3_k7_mall_d0,IMG_2701-HEIC
fb_h3_k7_mall_d0,IMG_2482-HEIC
fb_h3_k7_mall_d0,IMG_2523-HEIC
fb_h3_k7_mall_d0,IMG_2569-HEIC
fb_h3_k7_mall_d0,IMG_2541-HEIC
fb_h3_k7_mall_d0,IMG_2489-HEIC
fb_h3_k7_mall_d0,IMG_2686-HEIC
fb_h3_k7_mall_d0,IMG_2700-HEIC
fb_h3_k7_mall_d0,IMG_2542-HEIC
fb_h3_k7_mall_d0,IMG_2604-HEIC
fb_h3_k7_mall_d0,IMG_2581-HEIC
fb_h3_k7_mall_d0,IMG_2644-HEIC
fb_h3_k7_mall_d0,IMG_2674-HEIC
fb_h3_k7_mall_d0,IMG_2539-HEIC
fb_h3_k7_mall_d0,IMG_2621-HEIC
fb_h3_k7_mall_d0,IMG_2616-HEIC
fb_h3_k7_mall_d0,IMG_2646-HEIC
fb_h3_k7_mall_d0,IMG_2603-HEIC
fb_h3_k7_mall_d0,IMG_2545-HEIC
fb_h3_k7_mall_d0,IMG_2592-HEIC
fb_h3_k7_mall_d0,IMG_2596-HEIC
fb_h3_k7_mall_d0,IMG_2567-HEIC
fb_h3_k7_mall_d0,IMG_2537-HEIC
fb_h3_k7_mall_d0,IMG_2495-HEIC
fb_h3_k7_mall_d0,IMG_2666-HEIC
fb_h3_k7_mall_d0,IMG_2121
fb_h3_k7_mall_d0,IMG_4200
fb_h3_k7_mall_d0,IMG_4162
fb_h3_k7_mall_d0,IMG_4185
fb_h3_k7_mall_d0,IMG_4256
fb_h3_k7_mall_d0,IMG_4180
fb_h3_k7_mall_d0,IMG_4104
fb_h3_k7_mall_d0,IMG_4067
fb_h3_k7_mall_d0,IMG_4186
fb_h3_k7_mall_d0,IMG_2107
fb_h3_k7_mall_d0,IMG_4149
fb_h3_k7_mall_d0,IMG_2082
fb_h3_k7_mall_d0,IMG_4182
fb_h3_k7_mall_d0,IMG_2077
fb_h3_k7_mall_d0,IMG_4219
fb_h3_k7_mall_d0,IMG_2117
fb_h3_k7_mall_d0,IMG_4220
fb_h3_k7_mall_d0,IMG_4179
fb_h3_k7_mall_d0,IMG_4178
fb_h3_k7_mall_d0,IMG_2083
fb_h3_k7_mall_d0,IMG_4213
fb_h3_k7_mall_d0,IMG_2134
fb_h3_k7_mall_d0,IMG_4221
fb_h3_k7_mall_d0,IMG_4117
fb_h3_k7_mall_d0,IMG_4090
fb_h3_k7_mall_d0,IMG_4112
fb_h3_k7_mall_d0,IMG_2116
fb_h3_k7_mall_d0,IMG_2062
fb_h3_k7_mall_d0,IMG_2089
fb_h3_k7_mall_d0,IMG_4194
fb_h3_k7_mall_d0,IMG_4105
fb_h3_k7_mall_d0,IMG_2105
fb_h3_k7_mall_d0,IMG_4065
fb_h3_k7_mall_d0,IMG_4184
fb_h3_k7_mall_d0,IMG_4144
fb_h3_k7_mall_d0,IMG_4146
fb_h3_k7_mall_d0,IMG_4161
fb_h3_k7_mall_d0,IMG_2135
fb_h3_k7_mall_d0,IMG_4218
fb_h3_k7_mall_d0,IMG_4143
fb_h3_k7_mall_d0,IMG_4069
fb_h3_k7_mall_d0,IMG_4147
fb_h3_k7_mall_d0,IMG_2073
fb_h3_k7_mall_d0,IMG_2130
fb_h3_k7_mall_d0,IMG_4075
fb_h3_k7_mall_d0,IMG_2103
fb_h3_k7_mall_d0,IMG_4073
fb_h3_k7_mall_d0,IMG_2068
fb_h3_k7_mall_d0,IMG_4202
fb_h3_k7_mall_d0,IMG_4190
fb_h3_k7_mall_d0,IMG_4068
fb_h3_k7_mall_d0,IMG_4262
fb_h3_k7_mall_d0,IMG_4188
fb_h3_k7_mall_d0,IMG_2064
fb_h3_k7_mall_d0,IMG_4170
fb_h3_k7_mall_d0,IMG_4156
fb_h3_k7_mall_d0,IMG_4111
fb_h3_k7_mall_d0,IMG_4106
fb_h3_k7_mall_d0,IMG_4172
fb_h3_k7_mall_d0,IMG_2133
fb_h3_k7_mall_d0,IMG_2081
fb_h3_k7_mall_d0,IMG_4085
fb_h3_k7_mall_d0,IMG_2119
fb_h3_k7_mall_d0,IMG_4095
fb_h3_k7_mall_d0,IMG_4152
fb_h3_k7_mall_d0,IMG_2095
fb_h3_k7_mall_d0,IMG_2120
fb_h3_k7_mall_d0,IMG_2066
fb_h3_k7_mall_d0,IMG_2059
fb_h3_k7_mall_d0,IMG_4064
fb_h3_k7_mall_d0,IMG_4114
fb_h3_k7_mall_d0,IMG_2080
fb_h3_k7_mall_d0,IMG_4169
fb_h3_k7_mall_d0,IMG_2115
fb_h3_k7_mall_d0,IMG_4071
fb_h3_k7_mall_d0,IMG_4191
fb_h3_k7_mall_d0,IMG_4123
fb_h3_k7_mall_d0,IMG_2085
fb_h3_k7_mall_d0,IMG_2078
fb_h3_k7_mall_d0,IMG_4103
fb_h3_k7_mall_d0,IMG_2079
fb_h3_k7_mall_d0,IMG_4087
fb_h3_k7_mall_d0,IMG_4134
fb_h3_k7_mall_d0,IMG_2074
fb_h3_k7_mall_d0,IMG_2084
fb_h3_k7_mall_d0,IMG_4091
fb_h3_k7_mall_d0,IMG_4118
fb_h3_k7_mall_d0,IMG_4174
fb_h3_k7_mall_d0,IMG_2088
fb_h3_k7_mall_d0,IMG_4153
fb_h3_k7_mall_d0,IMG_4203
fb_h3_k7_mall_d0,IMG_4150
fb_h3_k7_mall_d0,IMG_4164
fb_h3_k7_mall_d0,IMG_4168
fb_h3_k7_mall_d0,IMG_2109
fb_h3_k7_mall_d0,IMG_4157
fb_h3_k7_mall_d0,IMG_2070
fb_h3_k7_mall_d0,IMG_4154
fb_h3_k7_mall_d0,IMG_4187
fb_h3_k7_mall_d0,IMG_4088
fb_h3_k7_mall_d0,IMG_4151
fb_h3_k7_mall_d0,IMG_2063
fb_h3_k7_mall_d0,IMG_2071
fb_h3_k7_mall_d0,IMG_4086
fb_h3_k7_mall_d0,IMG_2061
fb_h3_k7_mall_d0,IMG_4181
fb_h3_k7_mall_d0,IMG_4201
fb_h3_k7_mall_d0,IMG_4098
fb_h3_k7_mall_d0,IMG_2058
fb_h3_k7_mall_d0,IMG_4155
fb_h3_k7_mall_d0,IMG_2101
fb_h3_k7_mall_d0,IMG_4113
fb_h3_k7_mall_d0,IMG_4070
fb_h3_k7_mall_d0,IMG_2122
fb_h3_k7_mall_d0,IMG_4176
fb_h3_k7_mall_d0,IMG_4096
fb_h3_k7_mall_d0,IMG_2075
fb_h3_k7_mall_d0,IMG_4189
fb_h3_k7_mall_d0,IMG_4089
fb_h3_k7_mall_d0,IMG_2072
fb_h3_k7_mall_d0,IMG_4159
fb_h3_k7_mall_d0,IMG_4193
fb_h3_k7_mall_d0,IMG_2100
fb_h3_k7_mall_d0,IMG_2110
fb_h3_k7_mall_d0,IMG_4066
fb_h3_k7_mall_d0,IMG_4072
fb_h3_k7_mall_d0,IMG_4109
fb_h3_k7_mall_d0,IMG_4116
fb_h3_k7_mall_d0,IMG_4120
fb_h3_k7_mall_d0,IMG_4165
fb_h3_k7_mall_d0,IMG_4110
fb_h3_k7_mall_d0,IMG_2069
fb_h3_k7_mall_d0,IMG_2076
fb_h3_k7_mall_d0,IMG_4115
fb_h3_k7_mall_d0,IMG_4192
fb_h3_k7_mall_d0,IMG_2108
fb_h3_k7_mall_d0,IMG_4145
fb_h3_k7_mall_d0,IMG_4163
fb_h3_k7_mall_d0,IMG_2104
fb_h3_k7_mall_d0,IMG_2067
fb_h3_k7_mall_d0,IMG_2060
fb_h3_k7_mall_d0,IMG_2131
fb_h3_k7_mall_d0,IMG_2106
fb_h3_k7_mall_d0,IMG_2102
fb_h3_k7_mall_d0,IMG_2132
fb_h3_k7_mall_d0,IMG_4148
fb_h3_k7_mall_d0,IMG_4183
fb_h3_k7_mall_d0,IMG_2307-HEIC
fb_h3_k7_mall_d0,IMG_2311-HEIC
fb_h3_k7_mall_d0,IMG_2329-HEIC
fb_h3_k7_mall_d0,IMG_0765-HEIC
fb_h3_k7_mall_d0,IMG_0760-HEIC
fb_h3_k7_mall_d0,IMG_0769-HEIC
fb_h3_k7_mall_d0,IMG_2391-HEIC
fb_h3_k7_mall_d0,IMG_2352-HEIC
fb_h3_k7_mall_d0,IMG_2331-HEIC
fb_h3_k7_mall_d0,IMG_2345-HEIC
fb_h3_k7_mall_d0,IMG_0740-HEIC
fb_h3_k7_mall_d0,IMG_2384-HEIC
fb_h3_k7_mall_d0,IMG_2295-HEIC
fb_h3_k7_mall_d0,IMG_2252-HEIC
fb_h3_k7_mall_d0,IMG_0761-HEIC
fb_h3_k7_mall_d0,IMG_2249-HEIC
fb_h3_k7_mall_d0,IMG_0754-HEIC
fb_h3_k7_mall_d0,IMG_2337-HEIC
fb_h3_k7_mall_d0,IMG_2302-HEIC
fb_h3_k7_mall_d0,IMG_2349-HEIC
fb_h3_k7_mall_d0,IMG_2304-HEIC
fb_h3_k7_mall_d0,IMG_0767-HEIC
fb_h3_k7_mall_d0,IMG_2242-HEIC
fb_h3_k7_mall_d0,IMG_0766-HEIC
fb_h3_k7_mall_d0,IMG_2289-HEIC
fb_h3_k7_mall_d0,IMG_2241-HEIC
fb_h3_k7_mall_d0,IMG_2240-HEIC
fb_h3_k7_mall_d0,IMG_2340-HEIC
fb_h3_k7_mall_d0,IMG_2246-HEIC
fb_h3_k7_mall_d0,IMG_2330-HEIC
fb_h3_k7_mall_d0,IMG_2239-HEIC
fb_h3_k7_mall_d0,IMG_2390-HEIC
fb_h3_k7_mall_d0,IMG_2291-HEIC
fb_h3_k7_mall_d0,IMG_2293-HEIC
fb_h3_k7_mall_d0,IMG_2258-HEIC
fb_h3_k7_mall_d0,IMG_0743-HEIC
fb_h3_k7_mall_d0,IMG_2257-HEIC
fb_h3_k7_mall_d0,IMG_2270-HEIC
fb_h3_k7_mall_d0,IMG_2288-HEIC
fb_h3_k7_mall_d0,IMG_2244-HEIC
fb_h3_k7_mall_d0,IMG_0756-HEIC
fb_h3_k7_mall_d0,IMG_2273-HEIC
fb_h3_k7_mall_d0,IMG_0755-HEIC
fb_h3_k7_mall_d0,IMG_2385-HEIC
fb_h3_k7_mall_d0,IMG_2245-HEIC
fb_h3_k7_mall_d0,IMG_2382-HEIC
fb_h3_k7_mall_d0,IMG_2296-HEIC
fb_h3_k7_mall_d0,IMG_0768-HEIC
fb_h3_k7_mall_d0,IMG_2253-HEIC
fb_h3_k7_mall_d0,IMG_2286-HEIC
fb_h3_k7_mall_d0,IMG_2310-HEIC
fb_h3_k7_mall_d0,IMG_2389-HEIC
fb_h3_k7_mall_d0,IMG_0751-HEIC
fb_h3_k7_mall_d0,IMG_0764-HEIC
fb_h3_k7_mall_d0,IMG_0758-HEIC
fb_h3_k7_mall_d0,IMG_0737-HEIC
fb_h3_k7_mall_d0,IMG_2332-HEIC
fb_h3_k7_mall_d0,IMG_2290-HEIC
fb_h3_k7_mall_d0,IMG_2342-HEIC
fb_h3_k7_mall_d0,IMG_2247-HEIC
fb_h3_k7_mall_d0,IMG_2308-HEIC
fb_h3_k7_mall_d0,IMG_2351-HEIC
fb_h3_k7_mall_d0,IMG_2336-HEIC
fb_h3_k7_mall_d0,IMG_2259-HEIC
fb_h3_k7_mall_d0,IMG_2386-HEIC
fb_h3_k7_mall_d0,IMG_2248-HEIC
fb_h3_k7_mall_d0,IMG_0772-HEIC
fb_h3_k7_mall_d0,IMG_0759-HEIC
fb_h3_k7_mall_d0,IMG_2255-HEIC
fb_h3_k7_mall_d0,IMG_2309-HEIC
fb_h3_k7_mall_d0,IMG_2341-HEIC
fb_h3_k7_mall_d0,IMG_2380-HEIC
fb_h3_k7_mall_d0,IMG_2254-HEIC
fb_h3_k7_mall_d0,IMG_0742-HEIC
fb_h3_k7_mall_d0,IMG_2243-HEIC
fb_h3_k7_mall_d0,IMG_2287-HEIC
fb_h3_k7_mall_d0,IMG_0757-HEIC
fb_h3_k7_mall_d0,IMG_0773-HEIC
fb_h3_k7_mall_d0,IMG_2347-HEIC
fb_h3_k7_mall_d0,IMG_2303-HEIC
fb_h3_k7_mall_d0,IMG_2338-HEIC
fb_h3_k7_mall_d0,IMG_2343-HEIC
fb_h3_k7_mall_d0,IMG_2251-HEIC
fb_h3_k7_mall_d0,IMG_2294-HEIC
fb_h3_k7_mall_d0,IMG_2335-HEIC
fb_h3_k7_mall_d0,IMG_2346-HEIC
fb_h3_k7_mall_d0,IMG_2383-HEIC
fb_h3_k7_mall_d0,IMG_2334-HEIC
fb_h3_k7_mall_d0,IMG_2256-HEIC
fb_h3_k7_mall_d0,IMG_0763-HEIC
fb_h3_k7_mall_d0,IMG_0771-HEIC
fb_h3_k7_mall_d0,IMG_2306-HEIC
fb_h3_k7_mall_d0,IMG_0752-HEIC
fb_h3_k7_mall_d0,IMG_2333-HEIC
fb_h3_k7_mall_d0,IMG_0770-HEIC
fb_h3_k7_mall_d0,IMG_2339-HEIC
fb_h3_k7_mall_d0,IMG_2305-HEIC
fb_h3_k7_mall_d0,IMG_0741-HEIC
fb_h3_k7_mall_d0,IMG_2381-HEIC
fb_h3_k7_mall_d0,IMG_2274-HEIC
fb_h3_k7_mall_d0,IMG_2285-HEIC
fb_h3_k7_mall_d0,IMG_2012
fb_h3_k7_mall_d0,IMG_2056
fb_h3_k7_mall_d0,IMG_3976
fb_h3_k7_mall_d0,IMG_3983
fb_h3_k7_mall_d0,IMG_1999
fb_h3_k7_mall_d0,IMG_3993
fb_h3_k7_mall_d0,IMG_2022
fb_h3_k7_mall_d0,IMG_2051
fb_h3_k7_mall_d0,IMG_2042
fb_h3_k7_mall_d0,IMG_3963
fb_h3_k7_mall_d0,IMG_3961
fb_h3_k7_mall_d0,IMG_3994
fb_h3_k7_mall_d0,IMG_2057
fb_h3_k7_mall_d0,IMG_3982
fb_h3_k7_mall_d0,IMG_1914
fb_h3_k7_mall_d0,IMG_4047
fb_h3_k7_mall_d0,IMG_3999
fb_h3_k7_mall_d0,IMG_1964
fb_h3_k7_mall_d0,IMG_3925
fb_h3_k7_mall_d0,IMG_2030
fb_h3_k7_mall_d0,IMG_1918
fb_h3_k7_mall_d0,IMG_2048
fb_h3_k7_mall_d0,IMG_4003
fb_h3_k7_mall_d0,IMG_2049
fb_h3_k7_mall_d0,IMG_2045
fb_h3_k7_mall_d0,IMG_4025
fb_h3_k7_mall_d0,IMG_3978
fb_h3_k7_mall_d0,IMG_1923
fb_h3_k7_mall_d0,IMG_1969
fb_h3_k7_mall_d0,IMG_1922
fb_h3_k7_mall_d0,IMG_3920
fb_h3_k7_mall_d0,IMG_1963
fb_h3_k7_mall_d0,IMG_2024
fb_h3_k7_mall_d0,IMG_2015
fb_h3_k7_mall_d0,IMG_1970
fb_h3_k7_mall_d0,IMG_1924
fb_h3_k7_mall_d0,IMG_2031
fb_h3_k7_mall_d0,IMG_4001
fb_h3_k7_mall_d0,IMG_4024
fb_h3_k7_mall_d0,IMG_2046
fb_h3_k7_mall_d0,IMG_2044
fb_h3_k7_mall_d0,IMG_1961
fb_h3_k7_mall_d0,IMG_1917
fb_h3_k7_mall_d0,IMG_4002
fb_h3_k7_mall_d0,IMG_2023
fb_h3_k7_mall_d0,IMG_3987
fb_h3_k7_mall_d0,IMG_4033
fb_h3_k7_mall_d0,IMG_3921
fb_h3_k7_mall_d0,IMG_4013
fb_h3_k7_mall_d0,IMG_3975
fb_h3_k7_mall_d0,IMG_4053
fb_h3_k7_mall_d0,IMG_2025
fb_h3_k7_mall_d0,IMG_4005
fb_h3_k7_mall_d0,IMG_1909
fb_h3_k7_mall_d0,IMG_2009
fb_h3_k7_mall_d0,IMG_1956
fb_h3_k7_mall_d0,IMG_1965
fb_h3_k7_mall_d0,IMG_2039
fb_h3_k7_mall_d0,IMG_3923
fb_h3_k7_mall_d0,IMG_2018
fb_h3_k7_mall_d0,IMG_2032
fb_h3_k7_mall_d0,IMG_4004
fb_h3_k7_mall_d0,IMG_2026
fb_h3_k7_mall_d0,IMG_1993
fb_h3_k7_mall_d0,IMG_1912
fb_h3_k7_mall_d0,IMG_3981
fb_h3_k7_mall_d0,IMG_3930
fb_h3_k7_mall_d0,IMG_1928
fb_h3_k7_mall_d0,IMG_3926
fb_h3_k7_mall_d0,IMG_2037
fb_h3_k7_mall_d0,IMG_3928
fb_h3_k7_mall_d0,IMG_4026
fb_h3_k7_mall_d0,IMG_4041
fb_h3_k7_mall_d0,IMG_2043
fb_h3_k7_mall_d0,IMG_3986
fb_h3_k7_mall_d0,IMG_2047
fb_h3_k7_mall_d0,IMG_3919
fb_h3_k7_mall_d0,IMG_4058
fb_h3_k7_mall_d0,IMG_4019
fb_h3_k7_mall_d0,IMG_2040
fb_h3_k7_mall_d0,IMG_1997
fb_h3_k7_mall_d0,IMG_3932
fb_h3_k7_mall_d0,IMG_4015
fb_h3_k7_mall_d0,IMG_3984
fb_h3_k7_mall_d0,IMG_4011
fb_h3_k7_mall_d0,IMG_1925
fb_h3_k7_mall_d0,IMG_1957
fb_h3_k7_mall_d0,IMG_1908
fb_h3_k7_mall_d0,IMG_2053
fb_h3_k7_mall_d0,IMG_4034
fb_h3_k7_mall_d0,IMG_2054
fb_h3_k7_mall_d0,IMG_3992
fb_h3_k7_mall_d0,IMG_2038
fb_h3_k7_mall_d0,IMG_1968
fb_h3_k7_mall_d0,IMG_1966
fb_h3_k7_mall_d0,IMG_1913
fb_h3_k7_mall_d0,IMG_2001
fb_h3_k7_mall_d0,IMG_2050
fb_h3_k7_mall_d0,IMG_3929
fb_h3_k7_mall_d0,IMG_3997
fb_h3_k7_mall_d0,IMG_2052
fb_h3_k7_mall_d0,IMG_1915
fb_h3_k7_mall_d0,IMG_2016
fb_h3_k7_mall_d0,IMG_2010
fb_h3_k7_mall_d0,IMG_3931
fb_h3_k7_mall_d0,IMG_1971
fb_h3_k7_mall_d0,IMG_3995
fb_h3_k7_mall_d0,IMG_4014
fb_h3_k7_mall_d0,IMG_2014
fb_h3_k7_mall_d0,IMG_1916
fb_h3_k7_mall_d0,IMG_3962
fb_h3_k7_mall_d0,IMG_4031
fb_h3_k7_mall_d0,IMG_4032
fb_h3_k7_mall_d0,IMG_2013
fb_h3_k7_mall_d0,IMG_4029
fb_h3_k7_mall_d0,IMG_2002
fb_h3_k7_mall_d0,IMG_1998
fb_h3_k7_mall_d0,IMG_1962
fb_h3_k7_mall_d0,IMG_1959
fb_h3_k7_mall_d0,IMG_3977
fb_h3_k7_mall_d0,IMG_3996
fb_h3_k7_mall_d0,IMG_2019
fb_h3_k7_mall_d0,IMG_3965
fb_h3_k7_mall_d0,IMG_1960
fb_h3_k7_mall_d0,IMG_1996
fb_h3_k7_mall_d0,IMG_2055
fb_h3_k7_mall_d0,IMG_1958
fb_h3_k7_mall_d0,IMG_3918
fb_h3_k7_mall_d0,IMG_3998
fb_h3_k7_mall_d0,IMG_3924
fb_h3_k7_mall_d0,IMG_4012
fb_h3_k7_mall_d0,IMG_4020
fb_h3_k7_mall_d0,IMG_3980
fb_h3_k7_mall_d0,IMG_2011
fb_h3_k7_mall_d0,IMG_1929
fb_h3_k7_mall_d0,IMG_9980
fb_h3_k7_mall_d0,IMG_9896
fb_h3_k7_mall_d0,IMG_9892
fb_h3_k7_mall_d0,IMG_9989
fb_h3_k7_mall_d0,IMG_9969
fb_h3_k7_mall_d0,IMG_9991
fb_h3_k7_mall_d0,IMG_9886
fb_h3_k7_mall_d0,IMG_9951
fb_h3_k7_mall_d0,IMG_9929
fb_h3_k7_mall_d0,IMG_9902
fb_h3_k7_mall_d0,IMG_9912-HEIC
fb_h3_k7_mall_d0,IMG_9923
fb_h3_k7_mall_d0,IMG_9885
fb_h3_k7_mall_d0,IMG_9898
fb_h3_k7_mall_d0,IMG_9956
fb_h3_k7_mall_d0,IMG_9963
fb_h3_k7_mall_d0,IMG_9940
fb_h3_k7_mall_d0,IMG_9895
fb_h3_k7_mall_d0,IMG_9897
fb_h3_k7_mall_d0,IMG_9965
fb_h3_k7_mall_d0,IMG_9961
fb_h3_k7_mall_d0,IMG_9970
fb_h3_k7_mall_d0,IMG_9924
fb_h3_k7_mall_d0,IMG_9915
fb_h3_k7_mall_d0,IMG_9887
fb_h3_k7_mall_d0,IMG_9941
fb_h3_k7_mall_d0,IMG_9973
fb_h3_k7_mall_d0,IMG_9922
fb_h3_k7_mall_d0,IMG_9891
fb_h3_k7_mall_d0,IMG_9959
fb_h3_k7_mall_d0,IMG_9911
fb_h3_k7_mall_d0,IMG_9889
fb_h3_k7_mall_d0,IMG_9968
fb_h3_k7_mall_d0,IMG_9962
fb_h3_k7_mall_d0,IMG_9906
fb_h3_k7_mall_d0,IMG_9943
fb_h3_k7_mall_d0,IMG_9983
fb_h3_k7_mall_d0,IMG_9893
fb_h3_k7_mall_d0,IMG_9904
fb_h3_k7_mall_d0,IMG_9919
fb_h3_k7_mall_d0,IMG_9900
fb_h3_k7_mall_d0,IMG_9916
fb_h3_k7_mall_d0,IMG_9985
fb_h3_k7_mall_d0,IMG_9933
fb_h3_k7_mall_d0,IMG_9958
fb_h3_k7_mall_d0,IMG_9918
fb_h3_k7_mall_d0,IMG_9990
fb_h3_k7_mall_d0,IMG_9947
fb_h3_k7_mall_d0,IMG_9957
fb_h3_k7_mall_d0,IMG_9908
fb_h3_k7_mall_d0,IMG_9987
fb_h3_k7_mall_d0,IMG_9905
fb_h3_k7_mall_d0,IMG_9921
fb_h3_k7_mall_d0,IMG_9917
fb_h3_k7_mall_d0,IMG_9914-HEIC
fb_h3_k7_mall_d0,IMG_9988
fb_h3_k7_mall_d0,IMG_9903
fb_h3_k7_mall_d0,IMG_9960
fb_h3_k7_mall_d0,IMG_9944
fb_h3_k7_mall_d0,IMG_9899
fb_h3_k7_mall_d0,IMG_9942
fb_h3_k7_mall_d0,IMG_9931
fb_h3_k7_mall_d0,IMG_9984
fb_h3_k7_mall_d0,IMG_9894
fb_h3_k7_mall_d0,IMG_9953
fb_h3_k7_mall_d0,IMG_9910
fb_h3_k7_mall_d0,IMG_9888
fb_h3_k7_mall_d0,IMG_9890
fb_h3_k7_mall_d0,IMG_9955
fb_h3_k7_mall_d0,IMG_9939
fb_h3_k7_mall_d0,IMG_9927
fb_h3_k7_mall_d0,IMG_9948
fb_h3_k7_mall_d0,IMG_9986
fb_h3_k7_mall_d0,IMG_9926
fb_h3_k7_mall_d0,IMG_9972
fb_h3_k7_mall_d0,IMG_9907
fb_h3_k7_mall_d0,IMG_9925
fb_h3_k7_mall_d0,IMG_9928
fb_h3_k7_mall_d0,IMG_9920
fb_h3_k7_mall_d0,IMG_9949
fb_h3_k7_mall_d0,IMG_9977
fb_h3_k7_mall_d0,IMG_9946
fb_h3_k7_mall_d0,IMG_2132-HEIC
fb_h3_k7_mall_d0,IMG_2208-HEIC
fb_h3_k7_mall_d0,IMG_2134-HEIC
fb_h3_k7_mall_d0,IMG_2178-HEIC
fb_h3_k7_mall_d0,IMG_2179-HEIC
fb_h3_k7_mall_d0,IMG_2213-HEIC
fb_h3_k7_mall_d0,IMG_2206-HEIC
fb_h3_k7_mall_d0,IMG_2155-HEIC
fb_h3_k7_mall_d0,IMG_2202-HEIC
fb_h3_k7_mall_d0,IMG_2189-HEIC
fb_h3_k7_mall_d0,IMG_2177-HEIC
fb_h3_k7_mall_d0,IMG_2203-HEIC
fb_h3_k7_mall_d0,IMG_2174-HEIC
fb_h3_k7_mall_d0,IMG_2198-HEIC
fb_h3_k7_mall_d0,IMG_2182-HEIC
fb_h3_k7_mall_d0,IMG_2197-HEIC
fb_h3_k7_mall_d0,IMG_2158-HEIC
fb_h3_k7_mall_d0,IMG_2176-HEIC
fb_h3_k7_mall_d0,IMG_2170-HEIC
fb_h3_k7_mall_d0,IMG_2209-HEIC
fb_h3_k7_mall_d0,IMG_2196-HEIC
fb_h3_k7_mall_d0,IMG_2201-HEIC
fb_h3_k7_mall_d0,IMG_2185-HEIC
fb_h3_k7_mall_d0,IMG_2153-HEIC
fb_h3_k7_mall_d0,IMG_2181-HEIC
fb_h3_k7_mall_d0,IMG_2169-HEIC
fb_h3_k7_mall_d0,IMG_2151-HEIC
fb_h3_k7_mall_d0,IMG_2216-HEIC
fb_h3_k7_mall_d0,IMG_2184-HEIC
fb_h3_k7_mall_d0,IMG_2193-HEIC
fb_h3_k7_mall_d0,IMG_2139-HEIC
fb_h3_k7_mall_d0,IMG_2150-HEIC
fb_h3_k7_mall_d0,IMG_2204-HEIC
fb_h3_k7_mall_d0,IMG_2149-HEIC
fb_h3_k7_mall_d0,IMG_2205-HEIC
fb_h3_k7_mall_d0,IMG_2131-HEIC
fb_h3_k7_mall_d0,IMG_2152-HEIC
fb_h3_k7_mall_d0,IMG_2133-HEIC
fb_h3_k7_mall_d0,IMG_2183-HEIC
fb_h3_k7_mall_d0,IMG_2199-HEIC
fb_h3_k7_mall_d0,IMG_2138-HEIC
fb_h3_k7_mall_d0,IMG_2187-HEIC
fb_h3_k7_mall_d0,IMG_2175-HEIC
fb_h3_k7_mall_d0,IMG_2154-HEIC
fb_h3_k7_mall_d0,IMG_2156-HEIC
fb_h3_k7_mall_d0,IMG_2211-HEIC
fb_h3_k7_mall_d0,IMG_2148-HEIC
fb_h3_k7_mall_d0,IMG_2214-HEIC
fb_h3_k7_mall_d0,IMG_2180-HEIC
fb_h3_k7_mall_d0,IMG_2191-HEIC
fb_h3_k7_mall_d0,IMG_2212-HEIC
fb_h3_k7_mall_d0,IMG_2194-HEIC
fb_h3_k7_mall_d0,IMG_2190-HEIC
fb_h3_k7_mall_d0,IMG_2195-HEIC
fb_h3_k7_mall_d0,IMG_2168-HEIC
fb_h3_k7_mall_d0,IMG_2188-HEIC
fb_h3_k7_mall_d0,IMG_2159-HEIC
fb_h4_k1_m15_d0,IMG_2039
fb_h4_k1_m15_d0,IMG_2030
fb_h4_k1_m15_d0,IMG_4033
fb_h4_k1_m15_d0,IMG_3965
fb_h4_k1_m15_d0,IMG_2024
fb_h4_k1_m15_d0,IMG_4001
fb_h4_k1_m15_d0,IMG_1929
fb_h4_k1_m15_d0,IMG_4047
fb_h4_k1_m15_d0,IMG_1997
fb_h4_k1_m15_d0,IMG_4020
fb_h4_k1_m15_d0,IMG_2031
fb_h4_k1_m15_d0,IMG_1996
fb_h4_k1_m15_d0,IMG_3995
fb_h4_k1_m15_d0,IMG_1971
fb_h4_k1_m15_d0,IMG_2001
fb_h4_k1_m50_d0,IMG_2039
fb_h4_k1_m50_d0,IMG_2030
fb_h4_k1_m50_d0,IMG_4033
fb_h4_k1_m50_d0,IMG_3965
fb_h4_k1_m50_d0,IMG_2024
fb_h4_k1_m50_d0,IMG_4001
fb_h4_k1_m50_d0,IMG_1929
fb_h4_k1_m50_d0,IMG_4047
fb_h4_k1_m50_d0,IMG_1997
fb_h4_k1_m50_d0,IMG_4020
fb_h4_k1_m50_d0,IMG_2031
fb_h4_k1_m50_d0,IMG_1996
fb_h4_k1_m50_d0,IMG_3995
fb_h4_k1_m50_d0,IMG_1971
fb_h4_k1_m50_d0,IMG_2001
fb_h4_k1_m50_d0,IMG_2050
fb_h4_k1_m50_d0,IMG_1915
fb_h4_k1_m50_d0,IMG_2051
fb_h4_k1_m50_d0,IMG_1924
fb_h4_k1_m50_d0,IMG_3980
fb_h4_k1_m50_d0,IMG_4034
fb_h4_k1_m50_d0,IMG_3929
fb_h4_k1_m50_d0,IMG_3924
fb_h4_k1_m50_d0,IMG_4026
fb_h4_k1_m50_d0,IMG_2011
fb_h4_k1_m50_d0,IMG_1956
fb_h4_k1_m50_d0,IMG_4058
fb_h4_k1_m50_d0,IMG_4012
fb_h4_k1_m50_d0,IMG_1993
fb_h4_k1_m50_d0,IMG_4003
fb_h4_k1_m50_d0,IMG_3984
fb_h4_k1_m50_d0,IMG_3981
fb_h4_k1_m50_d0,IMG_3992
fb_h4_k1_m50_d0,IMG_2056
fb_h4_k1_m50_d0,IMG_2022
fb_h4_k1_m50_d0,IMG_2002
fb_h4_k1_m50_d0,IMG_2049
fb_h4_k1_m50_d0,IMG_1912
fb_h4_k1_m50_d0,IMG_3928
fb_h4_k1_m50_d0,IMG_4005
fb_h4_k1_m50_d0,IMG_3932
fb_h4_k1_m50_d0,IMG_2057
fb_h4_k1_m50_d0,IMG_2044
fb_h4_k1_m50_d0,IMG_4019
fb_h4_k1_m50_d0,IMG_3994
fb_h4_k1_m50_d0,IMG_2052
fb_h4_k1_m50_d0,IMG_2018
fb_h4_k1_m50_d0,IMG_2023
fb_h4_k1_m50_d0,IMG_4015
fb_h4_k1_m50_d0,IMG_1914
fb_h4_k1_mall_d0,IMG_2039
fb_h4_k1_mall_d0,IMG_2030
fb_h4_k1_mall_d0,IMG_4033
fb_h4_k1_mall_d0,IMG_3965
fb_h4_k1_mall_d0,IMG_2024
fb_h4_k1_mall_d0,IMG_4001
fb_h4_k1_mall_d0,IMG_1929
fb_h4_k1_mall_d0,IMG_4047
fb_h4_k1_mall_d0,IMG_1997
fb_h4_k1_mall_d0,IMG_4020
fb_h4_k1_mall_d0,IMG_2031
fb_h4_k1_mall_d0,IMG_1996
fb_h4_k1_mall_d0,IMG_3995
fb_h4_k1_mall_d0,IMG_1971
fb_h4_k1_mall_d0,IMG_2001
fb_h4_k1_mall_d0,IMG_2050
fb_h4_k1_mall_d0,IMG_1915
fb_h4_k1_mall_d0,IMG_2051
fb_h4_k1_mall_d0,IMG_1924
fb_h4_k1_mall_d0,IMG_3980
fb_h4_k1_mall_d0,IMG_4034
fb_h4_k1_mall_d0,IMG_3929
fb_h4_k1_mall_d0,IMG_3924
fb_h4_k1_mall_d0,IMG_4026
fb_h4_k1_mall_d0,IMG_2011
fb_h4_k1_mall_d0,IMG_1956
fb_h4_k1_mall_d0,IMG_4058
fb_h4_k1_mall_d0,IMG_4012
fb_h4_k1_mall_d0,IMG_1993
fb_h4_k1_mall_d0,IMG_4003
fb_h4_k1_mall_d0,IMG_3984
fb_h4_k1_mall_d0,IMG_3981
fb_h4_k1_mall_d0,IMG_3992
fb_h4_k1_mall_d0,IMG_2056
fb_h4_k1_mall_d0,IMG_2022
fb_h4_k1_mall_d0,IMG_2002
fb_h4_k1_mall_d0,IMG_2049
fb_h4_k1_mall_d0,IMG_1912
fb_h4_k1_mall_d0,IMG_3928
fb_h4_k1_mall_d0,IMG_4005
fb_h4_k1_mall_d0,IMG_3932
fb_h4_k1_mall_d0,IMG_2057
fb_h4_k1_mall_d0,IMG_2044
fb_h4_k1_mall_d0,IMG_4019
fb_h4_k1_mall_d0,IMG_3994
fb_h4_k1_mall_d0,IMG_2052
fb_h4_k1_mall_d0,IMG_2018
fb_h4_k1_mall_d0,IMG_2023
fb_h4_k1_mall_d0,IMG_4015
fb_h4_k1_mall_d0,IMG_1914
fb_h4_k1_mall_d0,IMG_3975
fb_h4_k1_mall_d0,IMG_2026
fb_h4_k1_mall_d0,IMG_4029
fb_h4_k1_mall_d0,IMG_3919
fb_h4_k1_mall_d0,IMG_3920
fb_h4_k1_mall_d0,IMG_3998
fb_h4_k1_mall_d0,IMG_2010
fb_h4_k1_mall_d0,IMG_3999
fb_h4_k1_mall_d0,IMG_1963
fb_h4_k1_mall_d0,IMG_3993
fb_h4_k1_mall_d0,IMG_4014
fb_h4_k1_mall_d0,IMG_1968
fb_h4_k1_mall_d0,IMG_2043
fb_h4_k1_mall_d0,IMG_3983
fb_h4_k1_mall_d0,IMG_4002
fb_h4_k1_mall_d0,IMG_4013
fb_h4_k1_mall_d0,IMG_3982
fb_h4_k1_mall_d0,IMG_3923
fb_h4_k1_mall_d0,IMG_1925
fb_h4_k1_mall_d0,IMG_2032
fb_h4_k1_mall_d0,IMG_3925
fb_h4_k1_mall_d0,IMG_1999
fb_h4_k1_mall_d0,IMG_1916
fb_h4_k1_mall_d0,IMG_4053
fb_h4_k1_mall_d0,IMG_2025
fb_h4_k1_mall_d0,IMG_1958
fb_h4_k1_mall_d0,IMG_3997
fb_h4_k1_mall_d0,IMG_1957
fb_h4_k1_mall_d0,IMG_3987
fb_h4_k1_mall_d0,IMG_1959
fb_h4_k1_mall_d0,IMG_1961
fb_h4_k1_mall_d0,IMG_2016
fb_h4_k1_mall_d0,IMG_2009
fb_h4_k1_mall_d0,IMG_4004
fb_h4_k1_mall_d0,IMG_2012
fb_h4_k1_mall_d0,IMG_2045
fb_h4_k1_mall_d0,IMG_4011
fb_h4_k1_mall_d0,IMG_1964
fb_h4_k1_mall_d0,IMG_1970
fb_h4_k1_mall_d0,IMG_1928
fb_h4_k1_mall_d0,IMG_4024
fb_h4_k1_mall_d0,IMG_1913
fb_h4_k1_mall_d0,IMG_1922
fb_h4_k1_mall_d0,IMG_3986
fb_h4_k1_mall_d0,IMG_2055
fb_h4_k1_mall_d0,IMG_3978
fb_h4_k1_mall_d0,IMG_3918
fb_h4_k1_mall_d0,IMG_1918
fb_h4_k1_mall_d0,IMG_3963
fb_h4_k1_mall_d0,IMG_1966
fb_h4_k1_mall_d0,IMG_2014
fb_h4_k1_mall_d0,IMG_1969
fb_h4_k1_mall_d0,IMG_3977
fb_h4_k1_mall_d0,IMG_2013
fb_h4_k1_mall_d0,IMG_2053
fb_h4_k1_mall_d0,IMG_2042
fb_h4_k1_mall_d0,IMG_3962
fb_h4_k1_mall_d0,IMG_4032
fb_h4_k1_mall_d0,IMG_1960
fb_h4_k1_mall_d0,IMG_2046
fb_h4_k1_mall_d0,IMG_2048
fb_h4_k1_mall_d0,IMG_3926
fb_h4_k1_mall_d0,IMG_1965
fb_h4_k1_mall_d0,IMG_2037
fb_h4_k1_mall_d0,IMG_2015
fb_h4_k1_mall_d0,IMG_1923
fb_h4_k1_mall_d0,IMG_3921
fb_h4_k1_mall_d0,IMG_4031
fb_h4_k1_mall_d0,IMG_3930
fb_h4_k1_mall_d0,IMG_2038
fb_h4_k1_mall_d0,IMG_4041
fb_h4_k1_mall_d0,IMG_3931
fb_h4_k1_mall_d0,IMG_3961
fb_h4_k1_mall_d0,IMG_2040
fb_h4_k1_mall_d0,IMG_1908
fb_h4_k1_mall_d0,IMG_3976
fb_h4_k1_mall_d0,IMG_2054
fb_h4_k1_mall_d0,IMG_1909
fb_h4_k1_mall_d0,IMG_1998
fb_h4_k1_mall_d0,IMG_2019
fb_h4_k1_mall_d0,IMG_2047
fb_h4_k1_mall_d0,IMG_3996
fb_h4_k1_mall_d0,IMG_4025
fb_h4_k1_mall_d0,IMG_1962
fb_h4_k1_mall_d0,IMG_1917
fb_h4_k1_m15_d1,IMG_2636-HEIC
fb_h4_k1_m15_d1,IMG_2566-HEIC
fb_h4_k1_m15_d1,IMG_2538-HEIC
fb_h4_k1_m15_d1,IMG_2567-HEIC
fb_h4_k1_m15_d1,IMG_2489-HEIC
fb_h4_k1_m15_d1,IMG_2523-HEIC
fb_h4_k1_m15_d1,IMG_2619-HEIC
fb_h4_k1_m15_d1,IMG_2492-HEIC
fb_h4_k1_m15_d1,IMG_2521-HEIC
fb_h4_k1_m15_d1,IMG_2637-HEIC
fb_h4_k1_m15_d1,IMG_2666-HEIC
fb_h4_k1_m15_d1,IMG_2537-HEIC
fb_h4_k1_m15_d1,IMG_2550-HEIC
fb_h4_k1_m15_d1,IMG_2582-HEIC
fb_h4_k1_m15_d1,IMG_2654-HEIC
fb_h4_k1_m50_d1,IMG_2636-HEIC
fb_h4_k1_m50_d1,IMG_2566-HEIC
fb_h4_k1_m50_d1,IMG_2538-HEIC
fb_h4_k1_m50_d1,IMG_2567-HEIC
fb_h4_k1_m50_d1,IMG_2489-HEIC
fb_h4_k1_m50_d1,IMG_2523-HEIC
fb_h4_k1_m50_d1,IMG_2619-HEIC
fb_h4_k1_m50_d1,IMG_2492-HEIC
fb_h4_k1_m50_d1,IMG_2521-HEIC
fb_h4_k1_m50_d1,IMG_2637-HEIC
fb_h4_k1_m50_d1,IMG_2666-HEIC
fb_h4_k1_m50_d1,IMG_2537-HEIC
fb_h4_k1_m50_d1,IMG_2550-HEIC
fb_h4_k1_m50_d1,IMG_2582-HEIC
fb_h4_k1_m50_d1,IMG_2654-HEIC
fb_h4_k1_m50_d1,IMG_2534-HEIC
fb_h4_k1_m50_d1,IMG_2578-HEIC
fb_h4_k1_m50_d1,IMG_2577-HEIC
fb_h4_k1_m50_d1,IMG_2520-HEIC
fb_h4_k1_m50_d1,IMG_2600-HEIC
fb_h4_k1_m50_d1,IMG_2646-HEIC
fb_h4_k1_m50_d1,IMG_2476-HEIC
fb_h4_k1_m50_d1,IMG_2701-HEIC
fb_h4_k1_m50_d1,IMG_2644-HEIC
fb_h4_k1_m50_d1,IMG_2522-HEIC
fb_h4_k1_m50_d1,IMG_2452-HEIC
fb_h4_k1_m50_d1,IMG_2617-HEIC
fb_h4_k1_m50_d1,IMG_2587-HEIC
fb_h4_k1_m50_d1,IMG_2589-HEIC
fb_h4_k1_m50_d1,IMG_2580-HEIC
fb_h4_k1_m50_d1,IMG_2540-HEIC
fb_h4_k1_m50_d1,IMG_2576-HEIC
fb_h4_k1_m50_d1,IMG_2513-HEIC
fb_h4_k1_m50_d1,IMG_2475-HEIC
fb_h4_k1_m50_d1,IMG_2446-HEIC
fb_h4_k1_m50_d1,IMG_2481-HEIC
fb_h4_k1_m50_d1,IMG_2493-HEIC
fb_h4_k1_m50_d1,IMG_2635-HEIC
fb_h4_k1_m50_d1,IMG_2648-HEIC
fb_h4_k1_m50_d1,IMG_2686-HEIC
fb_h4_k1_m50_d1,IMG_2615-HEIC
fb_h4_k1_m50_d1,IMG_2519-HEIC
fb_h4_k1_m50_d1,IMG_2621-HEIC
fb_h4_k1_m50_d1,IMG_2536-HEIC
fb_h4_k1_m50_d1,IMG_2583-HEIC
fb_h4_k1_m50_d1,IMG_2620-HEIC
fb_h4_k1_m50_d1,IMG_2395-HEIC
fb_h4_k1_m50_d1,IMG_2545-HEIC
fb_h4_k1_m50_d1,IMG_2596-HEIC
fb_h4_k1_m50_d1,IMG_2480-HEIC
fb_h4_k1_mall_d1,IMG_2636-HEIC
fb_h4_k1_mall_d1,IMG_2566-HEIC
fb_h4_k1_mall_d1,IMG_2538-HEIC
fb_h4_k1_mall_d1,IMG_2567-HEIC
fb_h4_k1_mall_d1,IMG_2489-HEIC
fb_h4_k1_mall_d1,IMG_2523-HEIC
fb_h4_k1_mall_d1,IMG_2619-HEIC
fb_h4_k1_mall_d1,IMG_2492-HEIC
fb_h4_k1_mall_d1,IMG_2521-HEIC
fb_h4_k1_mall_d1,IMG_2637-HEIC
fb_h4_k1_mall_d1,IMG_2666-HEIC
fb_h4_k1_mall_d1,IMG_2537-HEIC
fb_h4_k1_mall_d1,IMG_2550-HEIC
fb_h4_k1_mall_d1,IMG_2582-HEIC
fb_h4_k1_mall_d1,IMG_2654-HEIC
fb_h4_k1_mall_d1,IMG_2534-HEIC
fb_h4_k1_mall_d1,IMG_2578-HEIC
fb_h4_k1_mall_d1,IMG_2577-HEIC
fb_h4_k1_mall_d1,IMG_2520-HEIC
fb_h4_k1_mall_d1,IMG_2600-HEIC
fb_h4_k1_mall_d1,IMG_2646-HEIC
fb_h4_k1_mall_d1,IMG_2476-HEIC
fb_h4_k1_mall_d1,IMG_2701-HEIC
fb_h4_k1_mall_d1,IMG_2644-HEIC
fb_h4_k1_mall_d1,IMG_2522-HEIC
fb_h4_k1_mall_d1,IMG_2452-HEIC
fb_h4_k1_mall_d1,IMG_2617-HEIC
fb_h4_k1_mall_d1,IMG_2587-HEIC
fb_h4_k1_mall_d1,IMG_2589-HEIC
fb_h4_k1_mall_d1,IMG_2580-HEIC
fb_h4_k1_mall_d1,IMG_2540-HEIC
fb_h4_k1_mall_d1,IMG_2576-HEIC
fb_h4_k1_mall_d1,IMG_2513-HEIC
fb_h4_k1_mall_d1,IMG_2475-HEIC
fb_h4_k1_mall_d1,IMG_2446-HEIC
fb_h4_k1_mall_d1,IMG_2481-HEIC
fb_h4_k1_mall_d1,IMG_2493-HEIC
fb_h4_k1_mall_d1,IMG_2635-HEIC
fb_h4_k1_mall_d1,IMG_2648-HEIC
fb_h4_k1_mall_d1,IMG_2686-HEIC
fb_h4_k1_mall_d1,IMG_2615-HEIC
fb_h4_k1_mall_d1,IMG_2519-HEIC
fb_h4_k1_mall_d1,IMG_2621-HEIC
fb_h4_k1_mall_d1,IMG_2536-HEIC
fb_h4_k1_mall_d1,IMG_2583-HEIC
fb_h4_k1_mall_d1,IMG_2620-HEIC
fb_h4_k1_mall_d1,IMG_2395-HEIC
fb_h4_k1_mall_d1,IMG_2545-HEIC
fb_h4_k1_mall_d1,IMG_2596-HEIC
fb_h4_k1_mall_d1,IMG_2480-HEIC
fb_h4_k1_mall_d1,IMG_2604-HEIC
fb_h4_k1_mall_d1,IMG_2579-HEIC
fb_h4_k1_mall_d1,IMG_2603-HEIC
fb_h4_k1_mall_d1,IMG_2634-HEIC
fb_h4_k1_mall_d1,IMG_2482-HEIC
fb_h4_k1_mall_d1,IMG_2488-HEIC
fb_h4_k1_mall_d1,IMG_2647-HEIC
fb_h4_k1_mall_d1,IMG_2417-HEIC
fb_h4_k1_mall_d1,IMG_2478-HEIC
fb_h4_k1_mall_d1,IMG_2590-HEIC
fb_h4_k1_mall_d1,IMG_2581-HEIC
fb_h4_k1_mall_d1,IMG_2584-HEIC
fb_h4_k1_mall_d1,IMG_2504-HEIC
fb_h4_k1_mall_d1,IMG_2618-HEIC
fb_h4_k1_mall_d1,IMG_2541-HEIC
fb_h4_k1_mall_d1,IMG_2533-HEIC
fb_h4_k1_mall_d1,IMG_2595-HEIC
fb_h4_k1_mall_d1,IMG_2700-HEIC
fb_h4_k1_mall_d1,IMG_2494-HEIC
fb_h4_k1_mall_d1,IMG_2610-HEIC
fb_h4_k1_mall_d1,IMG_2542-HEIC
fb_h4_k1_mall_d1,IMG_2491-HEIC
fb_h4_k1_mall_d1,IMG_2557-HEIC
fb_h4_k1_mall_d1,IMG_2571-HEIC
fb_h4_k1_mall_d1,IMG_2525-HEIC
fb_h4_k1_mall_d1,IMG_2586-HEIC
fb_h4_k1_mall_d1,IMG_2535-HEIC
fb_h4_k1_mall_d1,IMG_2599-HEIC
fb_h4_k1_mall_d1,IMG_2680-HEIC
fb_h4_k1_mall_d1,IMG_2616-HEIC
fb_h4_k1_mall_d1,IMG_2495-HEIC
fb_h4_k1_mall_d1,IMG_2539-HEIC
fb_h4_k1_mall_d1,IMG_2585-HEIC
fb_h4_k1_mall_d1,IMG_2660-HEIC
fb_h4_k1_mall_d1,IMG_2572-HEIC
fb_h4_k1_mall_d1,IMG_2597-HEIC
fb_h4_k1_mall_d1,IMG_2570-HEIC
fb_h4_k1_mall_d1,IMG_2592-HEIC
fb_h4_k1_mall_d1,IMG_2598-HEIC
fb_h4_k1_mall_d1,IMG_2526-HEIC
fb_h4_k1_mall_d1,IMG_2594-HEIC
fb_h4_k1_mall_d1,IMG_2588-HEIC
fb_h4_k1_mall_d1,IMG_2564-HEIC
fb_h4_k1_mall_d1,IMG_2643-HEIC
fb_h4_k1_mall_d1,IMG_2569-HEIC
fb_h4_k1_mall_d1,IMG_2496-HEIC
fb_h4_k1_mall_d1,IMG_2477-HEIC
fb_h4_k1_mall_d1,IMG_2674-HEIC
fb_h4_k1_mall_d1,IMG_2524-HEIC
fb_h4_k1_mall_d1,IMG_2593-HEIC
fb_h4_k1_mall_d1,IMG_2591-HEIC
fb_h4_k1_mall_d1,IMG_2638-HEIC
fb_h4_k2_m15_d0,IMG_9810
fb_h4_k2_m15_d0,IMG_9955-HEIC
fb_h4_k2_m15_d0,IMG_9840
fb_h4_k2_m15_d0,IMG_9873
fb_h4_k2_m15_d0,IMG_0016
fb_h4_k2_m15_d0,IMG_0398
fb_h4_k2_m15_d0,IMG_9990-HEIC
fb_h4_k2_m15_d0,IMG_9820
fb_h4_k2_m15_d0,IMG_9978-HEIC
fb_h4_k2_m15_d0,IMG_9949-HEIC
fb_h4_k2_m15_d0,IMG_0002
fb_h4_k2_m15_d0,IMG_9874
fb_h4_k2_m15_d0,IMG_9816
fb_h4_k2_m15_d0,IMG_9784-HEIC
fb_h4_k2_m15_d0,IMG_9769
fb_h4_k2_m15_d0,IMG_9914-HEIC
fb_h4_k2_m15_d0,IMG_9921
fb_h4_k2_m15_d0,IMG_9983
fb_h4_k2_m15_d0,IMG_9984
fb_h4_k2_m15_d0,IMG_9947
fb_h4_k2_m15_d0,IMG_9924
fb_h4_k2_m15_d0,IMG_9925
fb_h4_k2_m15_d0,IMG_9916
fb_h4_k2_m15_d0,IMG_9895
fb_h4_k2_m15_d0,IMG_9946
fb_h4_k2_m15_d0,IMG_9902
fb_h4_k2_m15_d0,IMG_9887
fb_h4_k2_m15_d0,IMG_9991
fb_h4_k2_m15_d0,IMG_9941
fb_h4_k2_m15_d0,IMG_9958
fb_h4_k2_m50_d0,IMG_9810
fb_h4_k2_m50_d0,IMG_9955-HEIC
fb_h4_k2_m50_d0,IMG_9840
fb_h4_k2_m50_d0,IMG_9873
fb_h4_k2_m50_d0,IMG_0016
fb_h4_k2_m50_d0,IMG_0398
fb_h4_k2_m50_d0,IMG_9990-HEIC
fb_h4_k2_m50_d0,IMG_9820
fb_h4_k2_m50_d0,IMG_9978-HEIC
fb_h4_k2_m50_d0,IMG_9949-HEIC
fb_h4_k2_m50_d0,IMG_0002
fb_h4_k2_m50_d0,IMG_9874
fb_h4_k2_m50_d0,IMG_9816
fb_h4_k2_m50_d0,IMG_9784-HEIC
fb_h4_k2_m50_d0,IMG_9769
fb_h4_k2_m50_d0,IMG_9783-HEIC
fb_h4_k2_m50_d0,IMG_9997
fb_h4_k2_m50_d0,IMG_9947-HEIC
fb_h4_k2_m50_d0,IMG_0375
fb_h4_k2_m50_d0,IMG_9985-HEIC
fb_h4_k2_m50_d0,IMG_9777
fb_h4_k2_m50_d0,IMG_9832
fb_h4_k2_m50_d0,IMG_9879
fb_h4_k2_m50_d0,IMG_9916-HEIC
fb_h4_k2_m50_d0,IMG_9964
fb_h4_k2_m50_d0,IMG_9804
fb_h4_k2_m50_d0,IMG_9938
fb_h4_k2_m50_d0,IMG_0300
fb_h4_k2_m50_d0,IMG_9774
fb_h4_k2_m50_d0,IMG_9843
fb_h4_k2_m50_d0,IMG_0051
fb_h4_k2_m50_d0,IMG_0393
fb_h4_k2_m50_d0,IMG_9825
fb_h4_k2_m50_d0,IMG_0444
fb_h4_k2_m50_d0,IMG_9859
fb_h4_k2_m50_d0,IMG_9823
fb_h4_k2_m50_d0,IMG_9989-HEIC
fb_h4_k2_m50_d0,IMG_0387
fb_h4_k2_m50_d0,IMG_9844
fb_h4_k2_m50_d0,IMG_9775
fb_h4_k2_m50_d0,IMG_9982-HEIC
fb_h4_k2_m50_d0,IMG_9811
fb_h4_k2_m50_d0,IMG_9822
fb_h4_k2_m50_d0,IMG_9905-HEIC
fb_h4_k2_m50_d0,IMG_9764
fb_h4_k2_m50_d0,IMG_9819
fb_h4_k2_m50_d0,IMG_9842
fb_h4_k2_m50_d0,IMG_9809
fb_h4_k2_m50_d0,IMG_9881
fb_h4_k2_m50_d0,IMG_9861-HEIC
fb_h4_k2_m50_d0,IMG_9914-HEIC
fb_h4_k2_m50_d0,IMG_9921
fb_h4_k2_m50_d0,IMG_9983
fb_h4_k2_m50_d0,IMG_9984
fb_h4_k2_m50_d0,IMG_9947
fb_h4_k2_m50_d0,IMG_9924
fb_h4_k2_m50_d0,IMG_9925
fb_h4_k2_m50_d0,IMG_9916
fb_h4_k2_m50_d0,IMG_9895
fb_h4_k2_m50_d0,IMG_9946
fb_h4_k2_m50_d0,IMG_9902
fb_h4_k2_m50_d0,IMG_9887
fb_h4_k2_m50_d0,IMG_9991
fb_h4_k2_m50_d0,IMG_9941
fb_h4_k2_m50_d0,IMG_9958
fb_h4_k2_m50_d0,IMG_9962
fb_h4_k2_m50_d0,IMG_9969
fb_h4_k2_m50_d0,IMG_9951
fb_h4_k2_m50_d0,IMG_9890
fb_h4_k2_m50_d0,IMG_9989
fb_h4_k2_m50_d0,IMG_9889
fb_h4_k2_m50_d0,IMG_9920
fb_h4_k2_m50_d0,IMG_9943
fb_h4_k2_m50_d0,IMG_9893
fb_h4_k2_m50_d0,IMG_9907
fb_h4_k2_m50_d0,IMG_9968
fb_h4_k2_m50_d0,IMG_9919
fb_h4_k2_m50_d0,IMG_9903
fb_h4_k2_m50_d0,IMG_9910
fb_h4_k2_m50_d0,IMG_9886
fb_h4_k2_m50_d0,IMG_9980
fb_h4_k2_m50_d0,IMG_9894
fb_h4_k2_m50_d0,IMG_9949
fb_h4_k2_m50_d0,IMG_9922
fb_h4_k2_m50_d0,IMG_9955
fb_h4_k2_m50_d0,IMG_9906
fb_h4_k2_m50_d0,IMG_9917
fb_h4_k2_m50_d0,IMG_9956
fb_h4_k2_m50_d0,IMG_9986
fb_h4_k2_m50_d0,IMG_9957
fb_h4_k2_m50_d0,IMG_9928
fb_h4_k2_m50_d0,IMG_9904
fb_h4_k2_m50_d0,IMG_9985
fb_h4_k2_m50_d0,IMG_9931
fb_h4_k2_m50_d0,IMG_9896
fb_h4_k2_m50_d0,IMG_9892
fb_h4_k2_m50_d0,IMG_9942
fb_h4_k2_m50_d0,IMG_9933
fb_h4_k2_m50_d0,IMG_9911
fb_h4_k2_m50_d0,IMG_9953
fb_h4_k2_mall_d0,IMG_9810
fb_h4_k2_mall_d0,IMG_9955-HEIC
fb_h4_k2_mall_d0,IMG_9840
fb_h4_k2_mall_d0,IMG_9873
fb_h4_k2_mall_d0,IMG_0016
fb_h4_k2_mall_d0,IMG_0398
fb_h4_k2_mall_d0,IMG_9990-HEIC
fb_h4_k2_mall_d0,IMG_9820
fb_h4_k2_mall_d0,IMG_9978-HEIC
fb_h4_k2_mall_d0,IMG_9949-HEIC
fb_h4_k2_mall_d0,IMG_0002
fb_h4_k2_mall_d0,IMG_9874
fb_h4_k2_mall_d0,IMG_9816
fb_h4_k2_mall_d0,IMG_9784-HEIC
fb_h4_k2_mall_d0,IMG_9769
fb_h4_k2_mall_d0,IMG_9783-HEIC
fb_h4_k2_mall_d0,IMG_9997
fb_h4_k2_mall_d0,IMG_9947-HEIC
fb_h4_k2_mall_d0,IMG_0375
fb_h4_k2_mall_d0,IMG_9985-HEIC
fb_h4_k2_mall_d0,IMG_9777
fb_h4_k2_mall_d0,IMG_9832
fb_h4_k2_mall_d0,IMG_9879
fb_h4_k2_mall_d0,IMG_9916-HEIC
fb_h4_k2_mall_d0,IMG_9964
fb_h4_k2_mall_d0,IMG_9804
fb_h4_k2_mall_d0,IMG_9938
fb_h4_k2_mall_d0,IMG_0300
fb_h4_k2_mall_d0,IMG_9774
fb_h4_k2_mall_d0,IMG_9843
fb_h4_k2_mall_d0,IMG_0051
fb_h4_k2_mall_d0,IMG_0393
fb_h4_k2_mall_d0,IMG_9825
fb_h4_k2_mall_d0,IMG_0444
fb_h4_k2_mall_d0,IMG_9859
fb_h4_k2_mall_d0,IMG_9823
fb_h4_k2_mall_d0,IMG_9989-HEIC
fb_h4_k2_mall_d0,IMG_0387
fb_h4_k2_mall_d0,IMG_9844
fb_h4_k2_mall_d0,IMG_9775
fb_h4_k2_mall_d0,IMG_9982-HEIC
fb_h4_k2_mall_d0,IMG_9811
fb_h4_k2_mall_d0,IMG_9822
fb_h4_k2_mall_d0,IMG_9905-HEIC
fb_h4_k2_mall_d0,IMG_9764
fb_h4_k2_mall_d0,IMG_9819
fb_h4_k2_mall_d0,IMG_9842
fb_h4_k2_mall_d0,IMG_9809
fb_h4_k2_mall_d0,IMG_9881
fb_h4_k2_mall_d0,IMG_9861-HEIC
fb_h4_k2_mall_d0,IMG_9767
fb_h4_k2_mall_d0,IMG_0433
fb_h4_k2_mall_d0,IMG_9803
fb_h4_k2_mall_d0,IMG_0427
fb_h4_k2_mall_d0,IMG_9814
fb_h4_k2_mall_d0,IMG_9812
fb_h4_k2_mall_d0,IMG_0008
fb_h4_k2_mall_d0,IMG_9800
fb_h4_k2_mall_d0,IMG_0421
fb_h4_k2_mall_d0,IMG_0034
fb_h4_k2_mall_d0,IMG_0046
fb_h4_k2_mall_d0,IMG_9999
fb_h4_k2_mall_d0,IMG_9911-HEIC
fb_h4_k2_mall_d0,IMG_9848
fb_h4_k2_mall_d0,IMG_9770
fb_h4_k2_mall_d0,IMG_0450
fb_h4_k2_mall_d0,IMG_9979-HEIC
fb_h4_k2_mall_d0,IMG_0351
fb_h4_k2_mall_d0,IMG_9984-HEIC
fb_h4_k2_mall_d0,IMG_0457
fb_h4_k2_mall_d0,IMG_9839
fb_h4_k2_mall_d0,IMG_0311
fb_h4_k2_mall_d0,IMG_9813
fb_h4_k2_mall_d0,IMG_9865
fb_h4_k2_mall_d0,IMG_9915-HEIC
fb_h4_k2_mall_d0,IMG_9866
fb_h4_k2_mall_d0,IMG_9773
fb_h4_k2_mall_d0,IMG_9920-HEIC
fb_h4_k2_mall_d0,IMG_9771
fb_h4_k2_mall_d0,IMG_9766
fb_h4_k2_mall_d0,IMG_0346
fb_h4_k2_mall_d0,IMG_9868-HEIC
fb_h4_k2_mall_d0,IMG_9763
fb_h4_k2_mall_d0,IMG_9836
fb_h4_k2_mall_d0,IMG_9966
fb_h4_k2_mall_d0,IMG_9833
fb_h4_k2_mall_d0,IMG_9857
fb_h4_k2_mall_d0,IMG_9867
fb_h4_k2_mall_d0,IMG_9779-HEIC
fb_h4_k2_mall_d0,IMG_0439
fb_h4_k2_mall_d0,IMG_0404
fb_h4_k2_mall_d0,IMG_9854
fb_h4_k2_mall_d0,IMG_9838
fb_h4_k2_mall_d0,IMG_9768
fb_h4_k2_mall_d0,IMG_9909-HEIC
fb_h4_k2_mall_d0,IMG_0340
fb_h4_k2_mall_d0,IMG_9821
fb_h4_k2_mall_d0,IMG_9907-HEIC
fb_h4_k2_mall_d0,IMG_0291
fb_h4_k2_mall_d0,IMG_9818
fb_h4_k2_mall_d0,IMG_0305
fb_h4_k2_mall_d0,IMG_9917-HEIC
fb_h4_k2_mall_d0,IMG_9805
fb_h4_k2_mall_d0,IMG_7021
fb_h4_k2_mall_d0,IMG_9875
fb_h4_k2_mall_d0,IMG_0381
fb_h4_k2_mall_d0,IMG_9951-HEIC
fb_h4_k2_mall_d0,IMG_9765
fb_h4_k2_mall_d0,IMG_9870
fb_h4_k2_mall_d0,IMG_9808
fb_h4_k2_mall_d0,IMG_9807
fb_h4_k2_mall_d0,IMG_0323
fb_h4_k2_mall_d0,IMG_0416
fb_h4_k2_mall_d0,IMG_9869
fb_h4_k2_mall_d0,IMG_9829
fb_h4_k2_mall_d0,IMG_9827
fb_h4_k2_mall_d0,IMG_9826
fb_h4_k2_mall_d0,IMG_0410
fb_h4_k2_mall_d0,IMG_9799
fb_h4_k2_mall_d0,IMG_0364
fb_h4_k2_mall_d0,IMG_9880
fb_h4_k2_mall_d0,IMG_9864
fb_h4_k2_mall_d0,IMG_0028
fb_h4_k2_mall_d0,IMG_0328
fb_h4_k2_mall_d0,IMG_7016-HEIC
fb_h4_k2_mall_d0,IMG_0370
fb_h4_k2_mall_d0,IMG_0040
fb_h4_k2_mall_d0,IMG_9998
fb_h4_k2_mall_d0,IMG_0358
fb_h4_k2_mall_d0,IMG_9981-HEIC
fb_h4_k2_mall_d0,IMG_9858
fb_h4_k2_mall_d0,IMG_9801
fb_h4_k2_mall_d0,IMG_9971
fb_h4_k2_mall_d0,IMG_9806
fb_h4_k2_mall_d0,IMG_9828
fb_h4_k2_mall_d0,IMG_9906-HEIC
fb_h4_k2_mall_d0,IMG_9876
fb_h4_k2_mall_d0,IMG_9948-HEIC
fb_h4_k2_mall_d0,IMG_0003
fb_h4_k2_mall_d0,IMG_9834
fb_h4_k2_mall_d0,IMG_9918-HEIC
fb_h4_k2_mall_d0,IMG_9914-HEIC
fb_h4_k2_mall_d0,IMG_9921
fb_h4_k2_mall_d0,IMG_9983
fb_h4_k2_mall_d0,IMG_9984
fb_h4_k2_mall_d0,IMG_9947
fb_h4_k2_mall_d0,IMG_9924
fb_h4_k2_mall_d0,IMG_9925
fb_h4_k2_mall_d0,IMG_9916
fb_h4_k2_mall_d0,IMG_9895
fb_h4_k2_mall_d0,IMG_9946
fb_h4_k2_mall_d0,IMG_9902
fb_h4_k2_mall_d0,IMG_9887
fb_h4_k2_mall_d0,IMG_9991
fb_h4_k2_mall_d0,IMG_9941
fb_h4_k2_mall_d0,IMG_9958
fb_h4_k2_mall_d0,IMG_9962
fb_h4_k2_mall_d0,IMG_9969
fb_h4_k2_mall_d0,IMG_9951
fb_h4_k2_mall_d0,IMG_9890
fb_h4_k2_mall_d0,IMG_9989
fb_h4_k2_mall_d0,IMG_9889
fb_h4_k2_mall_d0,IMG_9920
fb_h4_k2_mall_d0,IMG_9943
fb_h4_k2_mall_d0,IMG_9893
fb_h4_k2_mall_d0,IMG_9907
fb_h4_k2_mall_d0,IMG_9968
fb_h4_k2_mall_d0,IMG_9919
fb_h4_k2_mall_d0,IMG_9903
fb_h4_k2_mall_d0,IMG_9910
fb_h4_k2_mall_d0,IMG_9886
fb_h4_k2_mall_d0,IMG_9980
fb_h4_k2_mall_d0,IMG_9894
fb_h4_k2_mall_d0,IMG_9949
fb_h4_k2_mall_d0,IMG_9922
fb_h4_k2_mall_d0,IMG_9955
fb_h4_k2_mall_d0,IMG_9906
fb_h4_k2_mall_d0,IMG_9917
fb_h4_k2_mall_d0,IMG_9956
fb_h4_k2_mall_d0,IMG_9986
fb_h4_k2_mall_d0,IMG_9957
fb_h4_k2_mall_d0,IMG_9928
fb_h4_k2_mall_d0,IMG_9904
fb_h4_k2_mall_d0,IMG_9985
fb_h4_k2_mall_d0,IMG_9931
fb_h4_k2_mall_d0,IMG_9896
fb_h4_k2_mall_d0,IMG_9892
fb_h4_k2_mall_d0,IMG_9942
fb_h4_k2_mall_d0,IMG_9933
fb_h4_k2_mall_d0,IMG_9911
fb_h4_k2_mall_d0,IMG_9953
fb_h4_k2_mall_d0,IMG_9959
fb_h4_k2_mall_d0,IMG_9923
fb_h4_k2_mall_d0,IMG_9960
fb_h4_k2_mall_d0,IMG_9891
fb_h4_k2_mall_d0,IMG_9888
fb_h4_k2_mall_d0,IMG_9940
fb_h4_k2_mall_d0,IMG_9970
fb_h4_k2_mall_d0,IMG_9944
fb_h4_k2_mall_d0,IMG_9929
fb_h4_k2_mall_d0,IMG_9915
fb_h4_k2_mall_d0,IMG_9939
fb_h4_k2_mall_d0,IMG_9900
fb_h4_k2_mall_d0,IMG_9988
fb_h4_k2_mall_d0,IMG_9948
fb_h4_k2_mall_d0,IMG_9885
fb_h4_k2_mall_d0,IMG_9965
fb_h4_k2_mall_d0,IMG_9987
fb_h4_k2_mall_d0,IMG_9990
fb_h4_k2_mall_d0,IMG_9926
fb_h4_k2_mall_d0,IMG_9963
fb_h4_k2_mall_d0,IMG_9912-HEIC
fb_h4_k2_mall_d0,IMG_9927
fb_h4_k2_mall_d0,IMG_9977
fb_h4_k2_mall_d0,IMG_9899
fb_h4_k2_mall_d0,IMG_9905
fb_h4_k2_mall_d0,IMG_9961
fb_h4_k2_mall_d0,IMG_9972
fb_h4_k2_mall_d0,IMG_9897
fb_h4_k2_mall_d0,IMG_9973
fb_h4_k2_mall_d0,IMG_9918
fb_h4_k2_mall_d0,IMG_9908
fb_h4_k2_mall_d0,IMG_9898
fb_h4_k2_m15_d1,IMG_9844
fb_h4_k2_m15_d1,IMG_0034
fb_h4_k2_m15_d1,IMG_0346
fb_h4_k2_m15_d1,IMG_9861-HEIC
fb_h4_k2_m15_d1,IMG_0305
fb_h4_k2_m15_d1,IMG_9821
fb_h4_k2_m15_d1,IMG_9819
fb_h4_k2_m15_d1,IMG_9880
fb_h4_k2_m15_d1,IMG_9868-HEIC
fb_h4_k2_m15_d1,IMG_9765
fb_h4_k2_m15_d1,IMG_9875
fb_h4_k2_m15_d1,IMG_9857
fb_h4_k2_m15_d1,IMG_9833
fb_h4_k2_m15_d1,IMG_9916-HEIC
fb_h4_k2_m15_d1,IMG_0439
fb_h4_k2_m15_d1,IMG_3983
fb_h4_k2_m15_d1,IMG_2057
fb_h4_k2_m15_d1,IMG_1922
fb_h4_k2_m15_d1,IMG_2055
fb_h4_k2_m15_d1,IMG_3921
fb_h4_k2_m15_d1,IMG_2031
fb_h4_k2_m15_d1,IMG_1956
fb_h4_k2_m15_d1,IMG_4002
fb_h4_k2_m15_d1,IMG_1917
fb_h4_k2_m15_d1,IMG_2030
fb_h4_k2_m15_d1,IMG_1964
fb_h4_k2_m15_d1,IMG_3929
fb_h4_k2_m15_d1,IMG_1908
fb_h4_k2_m15_d1,IMG_2025
fb_h4_k2_m15_d1,IMG_1925
fb_h4_k2_m50_d1,IMG_9844
fb_h4_k2_m50_d1,IMG_0034
fb_h4_k2_m50_d1,IMG_0346
fb_h4_k2_m50_d1,IMG_9861-HEIC
fb_h4_k2_m50_d1,IMG_0305
fb_h4_k2_m50_d1,IMG_9821
fb_h4_k2_m50_d1,IMG_9819
fb_h4_k2_m50_d1,IMG_9880
fb_h4_k2_m50_d1,IMG_9868-HEIC
fb_h4_k2_m50_d1,IMG_9765
fb_h4_k2_m50_d1,IMG_9875
fb_h4_k2_m50_d1,IMG_9857
fb_h4_k2_m50_d1,IMG_9833
fb_h4_k2_m50_d1,IMG_9916-HEIC
fb_h4_k2_m50_d1,IMG_0439
fb_h4_k2_m50_d1,IMG_9951-HEIC
fb_h4_k2_m50_d1,IMG_9938
fb_h4_k2_m50_d1,IMG_9803
fb_h4_k2_m50_d1,IMG_0351
fb_h4_k2_m50_d1,IMG_9859
fb_h4_k2_m50_d1,IMG_9801
fb_h4_k2_m50_d1,IMG_0370
fb_h4_k2_m50_d1,IMG_9779-HEIC
fb_h4_k2_m50_d1,IMG_9768
fb_h4_k2_m50_d1,IMG_9920-HEIC
fb_h4_k2_m50_d1,IMG_9948-HEIC
fb_h4_k2_m50_d1,IMG_0028
fb_h4_k2_m50_d1,IMG_9978-HEIC
fb_h4_k2_m50_d1,IMG_0398
fb_h4_k2_m50_d1,IMG_9827
fb_h4_k2_m50_d1,IMG_9906-HEIC
fb_h4_k2_m50_d1,IMG_0375
fb_h4_k2_m50_d1,IMG_9784-HEIC
fb_h4_k2_m50_d1,IMG_9769
fb_h4_k2_m50_d1,IMG_9820
fb_h4_k2_m50_d1,IMG_9966
fb_h4_k2_m50_d1,IMG_9979-HEIC
fb_h4_k2_m50_d1,IMG_9806
fb_h4_k2_m50_d1,IMG_9783-HEIC
fb_h4_k2_m50_d1,IMG_9876
fb_h4_k2_m50_d1,IMG_7016-HEIC
fb_h4_k2_m50_d1,IMG_9867
fb_h4_k2_m50_d1,IMG_9771
fb_h4_k2_m50_d1,IMG_9881
fb_h4_k2_m50_d1,IMG_0051
fb_h4_k2_m50_d1,IMG_0427
fb_h4_k2_m50_d1,IMG_0433
fb_h4_k2_m50_d1,IMG_9874
fb_h4_k2_m50_d1,IMG_9766
fb_h4_k2_m50_d1,IMG_0364
fb_h4_k2_m50_d1,IMG_3983
fb_h4_k2_m50_d1,IMG_2057
fb_h4_k2_m50_d1,IMG_1922
fb_h4_k2_m50_d1,IMG_2055
fb_h4_k2_m50_d1,IMG_3921
fb_h4_k2_m50_d1,IMG_2031
fb_h4_k2_m50_d1,IMG_1956
fb_h4_k2_m50_d1,IMG_4002
fb_h4_k2_m50_d1,IMG_1917
fb_h4_k2_m50_d1,IMG_2030
fb_h4_k2_m50_d1,IMG_1964
fb_h4_k2_m50_d1,IMG_3929
fb_h4_k2_m50_d1,IMG_1908
fb_h4_k2_m50_d1,IMG_2025
fb_h4_k2_m50_d1,IMG_1925
fb_h4_k2_m50_d1,IMG_1971
fb_h4_k2_m50_d1,IMG_4033
fb_h4_k2_m50_d1,IMG_2024
fb_h4_k2_m50_d1,IMG_3992
fb_h4_k2_m50_d1,IMG_4003
fb_h4_k2_m50_d1,IMG_2046
fb_h4_k2_m50_d1,IMG_2047
fb_h4_k2_m50_d1,IMG_4053
fb_h4_k2_m50_d1,IMG_3923
fb_h4_k2_m50_d1,IMG_2050
fb_h4_k2_m50_d1,IMG_1913
fb_h4_k2_m50_d1,IMG_3930
fb_h4_k2_m50_d1,IMG_2037
fb_h4_k2_m50_d1,IMG_3997
fb_h4_k2_m50_d1,IMG_2048
fb_h4_k2_m50_d1,IMG_3994
fb_h4_k2_m50_d1,IMG_2043
fb_h4_k2_m50_d1,IMG_4014
fb_h4_k2_m50_d1,IMG_2011
fb_h4_k2_m50_d1,IMG_4026
fb_h4_k2_m50_d1,IMG_3995
fb_h4_k2_m50_d1,IMG_3980
fb_h4_k2_m50_d1,IMG_3993
fb_h4_k2_m50_d1,IMG_3987
fb_h4_k2_m50_d1,IMG_2044
fb_h4_k2_m50_d1,IMG_2019
fb_h4_k2_m50_d1,IMG_2010
fb_h4_k2_m50_d1,IMG_3975
fb_h4_k2_m50_d1,IMG_3965
fb_h4_k2_m50_d1,IMG_3961
fb_h4_k2_m50_d1,IMG_1999
fb_h4_k2_m50_d1,IMG_4029
fb_h4_k2_m50_d1,IMG_2013
fb_h4_k2_m50_d1,IMG_2026
fb_h4_k2_m50_d1,IMG_1929
fb_h4_k2_mall_d1,IMG_9844
fb_h4_k2_mall_d1,IMG_0034
fb_h4_k2_mall_d1,IMG_0346
fb_h4_k2_mall_d1,IMG_9861-HEIC
fb_h4_k2_mall_d1,IMG_0305
fb_h4_k2_mall_d1,IMG_9821
fb_h4_k2_mall_d1,IMG_9819
fb_h4_k2_mall_d1,IMG_9880
fb_h4_k2_mall_d1,IMG_9868-HEIC
fb_h4_k2_mall_d1,IMG_9765
fb_h4_k2_mall_d1,IMG_9875
fb_h4_k2_mall_d1,IMG_9857
fb_h4_k2_mall_d1,IMG_9833
fb_h4_k2_mall_d1,IMG_9916-HEIC
fb_h4_k2_mall_d1,IMG_0439
fb_h4_k2_mall_d1,IMG_9951-HEIC
fb_h4_k2_mall_d1,IMG_9938
fb_h4_k2_mall_d1,IMG_9803
fb_h4_k2_mall_d1,IMG_0351
fb_h4_k2_mall_d1,IMG_9859
fb_h4_k2_mall_d1,IMG_9801
fb_h4_k2_mall_d1,IMG_0370
fb_h4_k2_mall_d1,IMG_9779-HEIC
fb_h4_k2_mall_d1,IMG_9768
fb_h4_k2_mall_d1,IMG_9920-HEIC
fb_h4_k2_mall_d1,IMG_9948-HEIC
fb_h4_k2_mall_d1,IMG_0028
fb_h4_k2_mall_d1,IMG_9978-HEIC
fb_h4_k2_mall_d1,IMG_0398
fb_h4_k2_mall_d1,IMG_9827
fb_h4_k2_mall_d1,IMG_9906-HEIC
fb_h4_k2_mall_d1,IMG_0375
fb_h4_k2_mall_d1,IMG_9784-HEIC
fb_h4_k2_mall_d1,IMG_9769
fb_h4_k2_mall_d1,IMG_9820
fb_h4_k2_mall_d1,IMG_9966
fb_h4_k2_mall_d1,IMG_9979-HEIC
fb_h4_k2_mall_d1,IMG_9806
fb_h4_k2_mall_d1,IMG_9783-HEIC
fb_h4_k2_mall_d1,IMG_9876
fb_h4_k2_mall_d1,IMG_7016-HEIC
fb_h4_k2_mall_d1,IMG_9867
fb_h4_k2_mall_d1,IMG_9771
fb_h4_k2_mall_d1,IMG_9881
fb_h4_k2_mall_d1,IMG_0051
fb_h4_k2_mall_d1,IMG_0427
fb_h4_k2_mall_d1,IMG_0433
fb_h4_k2_mall_d1,IMG_9874
fb_h4_k2_mall_d1,IMG_9766
fb_h4_k2_mall_d1,IMG_0364
fb_h4_k2_mall_d1,IMG_9810
fb_h4_k2_mall_d1,IMG_0311
fb_h4_k2_mall_d1,IMG_9805
fb_h4_k2_mall_d1,IMG_9911-HEIC
fb_h4_k2_mall_d1,IMG_0328
fb_h4_k2_mall_d1,IMG_9829
fb_h4_k2_mall_d1,IMG_9814
fb_h4_k2_mall_d1,IMG_9828
fb_h4_k2_mall_d1,IMG_0421
fb_h4_k2_mall_d1,IMG_0416
fb_h4_k2_mall_d1,IMG_9823
fb_h4_k2_mall_d1,IMG_9997
fb_h4_k2_mall_d1,IMG_9800
fb_h4_k2_mall_d1,IMG_9955-HEIC
fb_h4_k2_mall_d1,IMG_9873
fb_h4_k2_mall_d1,IMG_9907-HEIC
fb_h4_k2_mall_d1,IMG_9816
fb_h4_k2_mall_d1,IMG_0300
fb_h4_k2_mall_d1,IMG_0444
fb_h4_k2_mall_d1,IMG_9822
fb_h4_k2_mall_d1,IMG_9984-HEIC
fb_h4_k2_mall_d1,IMG_0291
fb_h4_k2_mall_d1,IMG_9879
fb_h4_k2_mall_d1,IMG_9870
fb_h4_k2_mall_d1,IMG_9763
fb_h4_k2_mall_d1,IMG_9917-HEIC
fb_h4_k2_mall_d1,IMG_0404
fb_h4_k2_mall_d1,IMG_9869
fb_h4_k2_mall_d1,IMG_9999
fb_h4_k2_mall_d1,IMG_9918-HEIC
fb_h4_k2_mall_d1,IMG_9864
fb_h4_k2_mall_d1,IMG_9834
fb_h4_k2_mall_d1,IMG_0003
fb_h4_k2_mall_d1,IMG_0040
fb_h4_k2_mall_d1,IMG_0016
fb_h4_k2_mall_d1,IMG_9998
fb_h4_k2_mall_d1,IMG_9909-HEIC
fb_h4_k2_mall_d1,IMG_9775
fb_h4_k2_mall_d1,IMG_9839
fb_h4_k2_mall_d1,IMG_9812
fb_h4_k2_mall_d1,IMG_0358
fb_h4_k2_mall_d1,IMG_9808
fb_h4_k2_mall_d1,IMG_9842
fb_h4_k2_mall_d1,IMG_9866
fb_h4_k2_mall_d1,IMG_0323
fb_h4_k2_mall_d1,IMG_9843
fb_h4_k2_mall_d1,IMG_0381
fb_h4_k2_mall_d1,IMG_9971
fb_h4_k2_mall_d1,IMG_7021
fb_h4_k2_mall_d1,IMG_9848
fb_h4_k2_mall_d1,IMG_9838
fb_h4_k2_mall_d1,IMG_0393
fb_h4_k2_mall_d1,IMG_9990-HEIC
fb_h4_k2_mall_d1,IMG_9777
fb_h4_k2_mall_d1,IMG_9813
fb_h4_k2_mall_d1,IMG_0387
fb_h4_k2_mall_d1,IMG_9865
fb_h4_k2_mall_d1,IMG_9964
fb_h4_k2_mall_d1,IMG_9981-HEIC
fb_h4_k2_mall_d1,IMG_0002
fb_h4_k2_mall_d1,IMG_9989-HEIC
fb_h4_k2_mall_d1,IMG_9773
fb_h4_k2_mall_d1,IMG_9840
fb_h4_k2_mall_d1,IMG_9799
fb_h4_k2_mall_d1,IMG_9947-HEIC
fb_h4_k2_mall_d1,IMG_9858
fb_h4_k2_mall_d1,IMG_0046
fb_h4_k2_mall_d1,IMG_0457
fb_h4_k2_mall_d1,IMG_9854
fb_h4_k2_mall_d1,IMG_9826
fb_h4_k2_mall_d1,IMG_0008
fb_h4_k2_mall_d1,IMG_9764
fb_h4_k2_mall_d1,IMG_9905-HEIC
fb_h4_k2_mall_d1,IMG_9915-HEIC
fb_h4_k2_mall_d1,IMG_9982-HEIC
fb_h4_k2_mall_d1,IMG_0410
fb_h4_k2_mall_d1,IMG_9836
fb_h4_k2_mall_d1,IMG_9774
fb_h4_k2_mall_d1,IMG_9825
fb_h4_k2_mall_d1,IMG_9770
fb_h4_k2_mall_d1,IMG_0340
fb_h4_k2_mall_d1,IMG_9949-HEIC
fb_h4_k2_mall_d1,IMG_9811
fb_h4_k2_mall_d1,IMG_9985-HEIC
fb_h4_k2_mall_d1,IMG_9818
fb_h4_k2_mall_d1,IMG_9767
fb_h4_k2_mall_d1,IMG_9804
fb_h4_k2_mall_d1,IMG_9807
fb_h4_k2_mall_d1,IMG_9832
fb_h4_k2_mall_d1,IMG_0450
fb_h4_k2_mall_d1,IMG_9809
fb_h4_k2_mall_d1,IMG_3983
fb_h4_k2_mall_d1,IMG_2057
fb_h4_k2_mall_d1,IMG_1922
fb_h4_k2_mall_d1,IMG_2055
fb_h4_k2_mall_d1,IMG_3921
fb_h4_k2_mall_d1,IMG_2031
fb_h4_k2_mall_d1,IMG_1956
fb_h4_k2_mall_d1,IMG_4002
fb_h4_k2_mall_d1,IMG_1917
fb_h4_k2_mall_d1,IMG_2030
fb_h4_k2_mall_d1,IMG_1964
fb_h4_k2_mall_d1,IMG_3929
fb_h4_k2_mall_d1,IMG_1908
fb_h4_k2_mall_d1,IMG_2025
fb_h4_k2_mall_d1,IMG_1925
fb_h4_k2_mall_d1,IMG_1971
fb_h4_k2_mall_d1,IMG_4033
fb_h4_k2_mall_d1,IMG_2024
fb_h4_k2_mall_d1,IMG_3992
fb_h4_k2_mall_d1,IMG_4003
fb_h4_k2_mall_d1,IMG_2046
fb_h4_k2_mall_d1,IMG_2047
fb_h4_k2_mall_d1,IMG_4053
fb_h4_k2_mall_d1,IMG_3923
fb_h4_k2_mall_d1,IMG_2050
fb_h4_k2_mall_d1,IMG_1913
fb_h4_k2_mall_d1,IMG_3930
fb_h4_k2_mall_d1,IMG_2037
fb_h4_k2_mall_d1,IMG_3997
fb_h4_k2_mall_d1,IMG_2048
fb_h4_k2_mall_d1,IMG_3994
fb_h4_k2_mall_d1,IMG_2043
fb_h4_k2_mall_d1,IMG_4014
fb_h4_k2_mall_d1,IMG_2011
fb_h4_k2_mall_d1,IMG_4026
fb_h4_k2_mall_d1,IMG_3995
fb_h4_k2_mall_d1,IMG_3980
fb_h4_k2_mall_d1,IMG_3993
fb_h4_k2_mall_d1,IMG_3987
fb_h4_k2_mall_d1,IMG_2044
fb_h4_k2_mall_d1,IMG_2019
fb_h4_k2_mall_d1,IMG_2010
fb_h4_k2_mall_d1,IMG_3975
fb_h4_k2_mall_d1,IMG_3965
fb_h4_k2_mall_d1,IMG_3961
fb_h4_k2_mall_d1,IMG_1999
fb_h4_k2_mall_d1,IMG_4029
fb_h4_k2_mall_d1,IMG_2013
fb_h4_k2_mall_d1,IMG_2026
fb_h4_k2_mall_d1,IMG_1929
fb_h4_k2_mall_d1,IMG_3998
fb_h4_k2_mall_d1,IMG_3926
fb_h4_k2_mall_d1,IMG_2039
fb_h4_k2_mall_d1,IMG_4013
fb_h4_k2_mall_d1,IMG_1997
fb_h4_k2_mall_d1,IMG_4011
fb_h4_k2_mall_d1,IMG_2038
fb_h4_k2_mall_d1,IMG_3977
fb_h4_k2_mall_d1,IMG_4005
fb_h4_k2_mall_d1,IMG_2040
fb_h4_k2_mall_d1,IMG_1959
fb_h4_k2_mall_d1,IMG_2054
fb_h4_k2_mall_d1,IMG_1923
fb_h4_k2_mall_d1,IMG_4032
fb_h4_k2_mall_d1,IMG_4020
fb_h4_k2_mall_d1,IMG_2056
fb_h4_k2_mall_d1,IMG_3918
fb_h4_k2_mall_d1,IMG_1914
fb_h4_k2_mall_d1,IMG_2018
fb_h4_k2_mall_d1,IMG_2032
fb_h4_k2_mall_d1,IMG_3996
fb_h4_k2_mall_d1,IMG_1968
fb_h4_k2_mall_d1,IMG_2009
fb_h4_k2_mall_d1,IMG_4019
fb_h4_k2_mall_d1,IMG_1909
fb_h4_k2_mall_d1,IMG_1966
fb_h4_k2_mall_d1,IMG_3963
fb_h4_k2_mall_d1,IMG_1912
fb_h4_k2_mall_d1,IMG_3978
fb_h4_k2_mall_d1,IMG_2002
fb_h4_k2_mall_d1,IMG_1958
fb_h4_k2_mall_d1,IMG_4041
fb_h4_k2_mall_d1,IMG_3986
fb_h4_k2_mall_d1,IMG_1928
fb_h4_k2_mall_d1,IMG_1965
fb_h4_k2_mall_d1,IMG_4025
fb_h4_k2_mall_d1,IMG_2053
fb_h4_k2_mall_d1,IMG_3999
fb_h4_k2_mall_d1,IMG_4031
fb_h4_k2_mall_d1,IMG_2012
fb_h4_k2_mall_d1,IMG_3982
fb_h4_k2_mall_d1,IMG_2052
fb_h4_k2_mall_d1,IMG_3976
fb_h4_k2_mall_d1,IMG_4024
fb_h4_k2_mall_d1,IMG_4058
fb_h4_k2_mall_d1,IMG_2042
fb_h4_k2_mall_d1,IMG_3924
fb_h4_k2_mall_d1,IMG_3920
fb_h4_k2_mall_d1,IMG_2049
fb_h4_k2_mall_d1,IMG_2015
fb_h4_k2_mall_d1,IMG_2001
fb_h4_k2_mall_d1,IMG_1962
fb_h4_k2_mall_d1,IMG_1916
fb_h4_k2_mall_d1,IMG_2014
fb_h4_k2_mall_d1,IMG_3962
fb_h4_k2_mall_d1,IMG_4004
fb_h4_k2_mall_d1,IMG_1996
fb_h4_k2_mall_d1,IMG_3931
fb_h4_k2_mall_d1,IMG_1957
fb_h4_k2_mall_d1,IMG_1918
fb_h4_k2_mall_d1,IMG_4012
fb_h4_k2_mall_d1,IMG_1970
fb_h4_k2_mall_d1,IMG_1969
fb_h4_k2_mall_d1,IMG_4047
fb_h4_k2_mall_d1,IMG_1998
fb_h4_k2_mall_d1,IMG_4001
fb_h4_k2_mall_d1,IMG_2051
fb_h4_k2_mall_d1,IMG_2016
fb_h4_k2_mall_d1,IMG_2023
fb_h4_k2_mall_d1,IMG_1993
fb_h4_k2_mall_d1,IMG_3925
fb_h4_k2_mall_d1,IMG_3932
fb_h4_k2_mall_d1,IMG_1960
fb_h4_k2_mall_d1,IMG_1924
fb_h4_k2_mall_d1,IMG_3981
fb_h4_k2_mall_d1,IMG_2045
fb_h4_k2_mall_d1,IMG_1961
fb_h4_k2_mall_d1,IMG_1963
fb_h4_k2_mall_d1,IMG_3919
fb_h4_k2_mall_d1,IMG_4034
fb_h4_k2_mall_d1,IMG_4015
fb_h4_k2_mall_d1,IMG_2022
fb_h4_k2_mall_d1,IMG_3928
fb_h4_k2_mall_d1,IMG_3984
fb_h4_k2_mall_d1,IMG_1915
fb_h4_k4_m15_d0,IMG_2580-HEIC
fb_h4_k4_m15_d0,IMG_2618-HEIC
fb_h4_k4_m15_d0,IMG_2489-HEIC
fb_h4_k4_m15_d0,IMG_2635-HEIC
fb_h4_k4_m15_d0,IMG_2593-HEIC
fb_h4_k4_m15_d0,IMG_2526-HEIC
fb_h4_k4_m15_d0,IMG_2539-HEIC
fb_h4_k4_m15_d0,IMG_2572-HEIC
fb_h4_k4_m15_d0,IMG_2537-HEIC
fb_h4_k4_m15_d0,IMG_2647-HEIC
fb_h4_k4_m15_d0,IMG_2584-HEIC
fb_h4_k4_m15_d0,IMG_2523-HEIC
fb_h4_k4_m15_d0,IMG_2535-HEIC
fb_h4_k4_m15_d0,IMG_2577-HEIC
fb_h4_k4_m15_d0,IMG_2542-HEIC
fb_h4_k4_m15_d0,IMG_4176
fb_h4_k4_m15_d0,IMG_4067
fb_h4_k4_m15_d0,IMG_4114
fb_h4_k4_m15_d0,IMG_4089
fb_h4_k4_m15_d0,IMG_2059
fb_h4_k4_m15_d0,IMG_4183
fb_h4_k4_m15_d0,IMG_2061
fb_h4_k4_m15_d0,IMG_2079
fb_h4_k4_m15_d0,IMG_4098
fb_h4_k4_m15_d0,IMG_4116
fb_h4_k4_m15_d0,IMG_2108
fb_h4_k4_m15_d0,IMG_4179
fb_h4_k4_m15_d0,IMG_2072
fb_h4_k4_m15_d0,IMG_2107
fb_h4_k4_m15_d0,IMG_2104
fb_h4_k4_m15_d0,IMG_9962
fb_h4_k4_m15_d0,IMG_9908
fb_h4_k4_m15_d0,IMG_9939
fb_h4_k4_m15_d0,IMG_9965
fb_h4_k4_m15_d0,IMG_9922
fb_h4_k4_m15_d0,IMG_9953
fb_h4_k4_m15_d0,IMG_9983
fb_h4_k4_m15_d0,IMG_9988
fb_h4_k4_m15_d0,IMG_9943
fb_h4_k4_m15_d0,IMG_9941
fb_h4_k4_m15_d0,IMG_9927
fb_h4_k4_m15_d0,IMG_9918
fb_h4_k4_m15_d0,IMG_9986
fb_h4_k4_m15_d0,IMG_9914-HEIC
fb_h4_k4_m15_d0,IMG_9969
fb_h4_k4_m15_d0,IMG_2205-HEIC
fb_h4_k4_m15_d0,IMG_2175-HEIC
fb_h4_k4_m15_d0,IMG_2132-HEIC
fb_h4_k4_m15_d0,IMG_2182-HEIC
fb_h4_k4_m15_d0,IMG_2206-HEIC
fb_h4_k4_m15_d0,IMG_2151-HEIC
fb_h4_k4_m15_d0,IMG_2131-HEIC
fb_h4_k4_m15_d0,IMG_2170-HEIC
fb_h4_k4_m15_d0,IMG_2154-HEIC
fb_h4_k4_m15_d0,IMG_2139-HEIC
fb_h4_k4_m15_d0,IMG_2201-HEIC
fb_h4_k4_m15_d0,IMG_2156-HEIC
fb_h4_k4_m15_d0,IMG_2212-HEIC
fb_h4_k4_m15_d0,IMG_2211-HEIC
fb_h4_k4_m15_d0,IMG_2155-HEIC
fb_h4_k4_m50_d0,IMG_2580-HEIC
fb_h4_k4_m50_d0,IMG_2618-HEIC
fb_h4_k4_m50_d0,IMG_2489-HEIC
fb_h4_k4_m50_d0,IMG_2635-HEIC
fb_h4_k4_m50_d0,IMG_2593-HEIC
fb_h4_k4_m50_d0,IMG_2526-HEIC
fb_h4_k4_m50_d0,IMG_2539-HEIC
fb_h4_k4_m50_d0,IMG_2572-HEIC
fb_h4_k4_m50_d0,IMG_2537-HEIC
fb_h4_k4_m50_d0,IMG_2647-HEIC
fb_h4_k4_m50_d0,IMG_2584-HEIC
fb_h4_k4_m50_d0,IMG_2523-HEIC
fb_h4_k4_m50_d0,IMG_2535-HEIC
fb_h4_k4_m50_d0,IMG_2577-HEIC
fb_h4_k4_m50_d0,IMG_2542-HEIC
fb_h4_k4_m50_d0,IMG_2513-HEIC
fb_h4_k4_m50_d0,IMG_2564-HEIC
fb_h4_k4_m50_d0,IMG_2583-HEIC
fb_h4_k4_m50_d0,IMG_2616-HEIC
fb_h4_k4_m50_d0,IMG_2604-HEIC
fb_h4_k4_m50_d0,IMG_2477-HEIC
fb_h4_k4_m50_d0,IMG_2576-HEIC
fb_h4_k4_m50_d0,IMG_2488-HEIC
fb_h4_k4_m50_d0,IMG_2600-HEIC
fb_h4_k4_m50_d0,IMG_2599-HEIC
fb_h4_k4_m50_d0,IMG_2615-HEIC
fb_h4_k4_m50_d0,IMG_2619-HEIC
fb_h4_k4_m50_d0,IMG_2557-HEIC
fb_h4_k4_m50_d0,IMG_2620-HEIC
fb_h4_k4_m50_d0,IMG_2417-HEIC
fb_h4_k4_m50_d0,IMG_2648-HEIC
fb_h4_k4_m50_d0,IMG_2701-HEIC
fb_h4_k4_m50_d0,IMG_2644-HEIC
fb_h4_k4_m50_d0,IMG_2621-HEIC
fb_h4_k4_m50_d0,IMG_2595-HEIC
fb_h4_k4_m50_d0,IMG_2521-HEIC
fb_h4_k4_m50_d0,IMG_2598-HEIC
fb_h4_k4_m50_d0,IMG_2534-HEIC
fb_h4_k4_m50_d0,IMG_2494-HEIC
fb_h4_k4_m50_d0,IMG_2482-HEIC
fb_h4_k4_m50_d0,IMG_2478-HEIC
fb_h4_k4_m50_d0,IMG_2525-HEIC
fb_h4_k4_m50_d0,IMG_2617-HEIC
fb_h4_k4_m50_d0,IMG_2590-HEIC
fb_h4_k4_m50_d0,IMG_2491-HEIC
fb_h4_k4_m50_d0,IMG_2550-HEIC
fb_h4_k4_m50_d0,IMG_2588-HEIC
fb_h4_k4_m50_d0,IMG_2686-HEIC
fb_h4_k4_m50_d0,IMG_2536-HEIC
fb_h4_k4_m50_d0,IMG_2638-HEIC
fb_h4_k4_m50_d0,IMG_4176
fb_h4_k4_m50_d0,IMG_4067
fb_h4_k4_m50_d0,IMG_4114
fb_h4_k4_m50_d0,IMG_4089
fb_h4_k4_m50_d0,IMG_2059
fb_h4_k4_m50_d0,IMG_4183
fb_h4_k4_m50_d0,IMG_2061
fb_h4_k4_m50_d0,IMG_2079
fb_h4_k4_m50_d0,IMG_4098
fb_h4_k4_m50_d0,IMG_4116
fb_h4_k4_m50_d0,IMG_2108
fb_h4_k4_m50_d0,IMG_4179
fb_h4_k4_m50_d0,IMG_2072
fb_h4_k4_m50_d0,IMG_2107
fb_h4_k4_m50_d0,IMG_2104
fb_h4_k4_m50_d0,IMG_4165
fb_h4_k4_m50_d0,IMG_4262
fb_h4_k4_m50_d0,IMG_2122
fb_h4_k4_m50_d0,IMG_4256
fb_h4_k4_m50_d0,IMG_4075
fb_h4_k4_m50_d0,IMG_4180
fb_h4_k4_m50_d0,IMG_4169
fb_h4_k4_m50_d0,IMG_4069
fb_h4_k4_m50_d0,IMG_4091
fb_h4_k4_m50_d0,IMG_4192
fb_h4_k4_m50_d0,IMG_4148
fb_h4_k4_m50_d0,IMG_4220
fb_h4_k4_m50_d0,IMG_2077
fb_h4_k4_m50_d0,IMG_4071
fb_h4_k4_m50_d0,IMG_4103
fb_h4_k4_m50_d0,IMG_4159
fb_h4_k4_m50_d0,IMG_4181
fb_h4_k4_m50_d0,IMG_2103
fb_h4_k4_m50_d0,IMG_4146
fb_h4_k4_m50_d0,IMG_2070
fb_h4_k4_m50_d0,IMG_4149
fb_h4_k4_m50_d0,IMG_4085
fb_h4_k4_m50_d0,IMG_2076
fb_h4_k4_m50_d0,IMG_2100
fb_h4_k4_m50_d0,IMG_4187
fb_h4_k4_m50_d0,IMG_4172
fb_h4_k4_m50_d0,IMG_2078
fb_h4_k4_m50_d0,IMG_4147
fb_h4_k4_m50_d0,IMG_4134
fb_h4_k4_m50_d0,IMG_4095
fb_h4_k4_m50_d0,IMG_4194
fb_h4_k4_m50_d0,IMG_2083
fb_h4_k4_m50_d0,IMG_4170
fb_h4_k4_m50_d0,IMG_4065
fb_h4_k4_m50_d0,IMG_2062
fb_h4_k4_m50_d0,IMG_9962
fb_h4_k4_m50_d0,IMG_9908
fb_h4_k4_m50_d0,IMG_9939
fb_h4_k4_m50_d0,IMG_9965
fb_h4_k4_m50_d0,IMG_9922
fb_h4_k4_m50_d0,IMG_9953
fb_h4_k4_m50_d0,IMG_9983
fb_h4_k4_m50_d0,IMG_9988
fb_h4_k4_m50_d0,IMG_9943
fb_h4_k4_m50_d0,IMG_9941
fb_h4_k4_m50_d0,IMG_9927
fb_h4_k4_m50_d0,IMG_9918
fb_h4_k4_m50_d0,IMG_9986
fb_h4_k4_m50_d0,IMG_9914-HEIC
fb_h4_k4_m50_d0,IMG_9969
fb_h4_k4_m50_d0,IMG_9891
fb_h4_k4_m50_d0,IMG_9960
fb_h4_k4_m50_d0,IMG_9915
fb_h4_k4_m50_d0,IMG_9907
fb_h4_k4_m50_d0,IMG_9899
fb_h4_k4_m50_d0,IMG_9926
fb_h4_k4_m50_d0,IMG_9898
fb_h4_k4_m50_d0,IMG_9942
fb_h4_k4_m50_d0,IMG_9973
fb_h4_k4_m50_d0,IMG_9985
fb_h4_k4_m50_d0,IMG_9946
fb_h4_k4_m50_d0,IMG_9921
fb_h4_k4_m50_d0,IMG_9963
fb_h4_k4_m50_d0,IMG_9892
fb_h4_k4_m50_d0,IMG_9947
fb_h4_k4_m50_d0,IMG_9905
fb_h4_k4_m50_d0,IMG_9885
fb_h4_k4_m50_d0,IMG_9956
fb_h4_k4_m50_d0,IMG_9928
fb_h4_k4_m50_d0,IMG_9984
fb_h4_k4_m50_d0,IMG_9917
fb_h4_k4_m50_d0,IMG_9894
fb_h4_k4_m50_d0,IMG_9925
fb_h4_k4_m50_d0,IMG_9887
fb_h4_k4_m50_d0,IMG_9989
fb_h4_k4_m50_d0,IMG_9912-HEIC
fb_h4_k4_m50_d0,IMG_9895
fb_h4_k4_m50_d0,IMG_9940
fb_h4_k4_m50_d0,IMG_9920
fb_h4_k4_m50_d0,IMG_9900
fb_h4_k4_m50_d0,IMG_9987
fb_h4_k4_m50_d0,IMG_9961
fb_h4_k4_m50_d0,IMG_9970
fb_h4_k4_m50_d0,IMG_9886
fb_h4_k4_m50_d0,IMG_9888
fb_h4_k4_m50_d0,IMG_2205-HEIC
fb_h4_k4_m50_d0,IMG_2175-HEIC
fb_h4_k4_m50_d0,IMG_2132-HEIC
fb_h4_k4_m50_d0,IMG_2182-HEIC
fb_h4_k4_m50_d0,IMG_2206-HEIC
fb_h4_k4_m50_d0,IMG_2151-HEIC
fb_h4_k4_m50_d0,IMG_2131-HEIC
fb_h4_k4_m50_d0,IMG_2170-HEIC
fb_h4_k4_m50_d0,IMG_2154-HEIC
fb_h4_k4_m50_d0,IMG_2139-HEIC
fb_h4_k4_m50_d0,IMG_2201-HEIC
fb_h4_k4_m50_d0,IMG_2156-HEIC
fb_h4_k4_m50_d0,IMG_2212-HEIC
fb_h4_k4_m50_d0,IMG_2211-HEIC
fb_h4_k4_m50_d0,IMG_2155-HEIC
fb_h4_k4_m50_d0,IMG_2203-HEIC
fb_h4_k4_m50_d0,IMG_2159-HEIC
fb_h4_k4_m50_d0,IMG_2196-HEIC
fb_h4_k4_m50_d0,IMG_2183-HEIC
fb_h4_k4_m50_d0,IMG_2199-HEIC
fb_h4_k4_m50_d0,IMG_2188-HEIC
fb_h4_k4_m50_d0,IMG_2216-HEIC
fb_h4_k4_m50_d0,IMG_2194-HEIC
fb_h4_k4_m50_d0,IMG_2179-HEIC
fb_h4_k4_m50_d0,IMG_2189-HEIC
fb_h4_k4_m50_d0,IMG_2148-HEIC
fb_h4_k4_m50_d0,IMG_2174-HEIC
fb_h4_k4_m50_d0,IMG_2158-HEIC
fb_h4_k4_m50_d0,IMG_2134-HEIC
fb_h4_k4_m50_d0,IMG_2150-HEIC
fb_h4_k4_m50_d0,IMG_2214-HEIC
fb_h4_k4_m50_d0,IMG_2195-HEIC
fb_h4_k4_m50_d0,IMG_2208-HEIC
fb_h4_k4_m50_d0,IMG_2190-HEIC
fb_h4_k4_m50_d0,IMG_2184-HEIC
fb_h4_k4_m50_d0,IMG_2181-HEIC
fb_h4_k4_m50_d0,IMG_2177-HEIC
fb_h4_k4_m50_d0,IMG_2168-HEIC
fb_h4_k4_m50_d0,IMG_2169-HEIC
fb_h4_k4_m50_d0,IMG_2133-HEIC
fb_h4_k4_m50_d0,IMG_2176-HEIC
fb_h4_k4_m50_d0,IMG_2187-HEIC
fb_h4_k4_m50_d0,IMG_2198-HEIC
fb_h4_k4_m50_d0,IMG_2152-HEIC
fb_h4_k4_m50_d0,IMG_2178-HEIC
fb_h4_k4_m50_d0,IMG_2149-HEIC
fb_h4_k4_m50_d0,IMG_2185-HEIC
fb_h4_k4_m50_d0,IMG_2213-HEIC
fb_h4_k4_m50_d0,IMG_2202-HEIC
fb_h4_k4_m50_d0,IMG_2180-HEIC
fb_h4_k4_mall_d0,IMG_2580-HEIC
fb_h4_k4_mall_d0,IMG_2618-HEIC
fb_h4_k4_mall_d0,IMG_2489-HEIC
fb_h4_k4_mall_d0,IMG_2635-HEIC
fb_h4_k4_mall_d0,IMG_2593-HEIC
fb_h4_k4_mall_d0,IMG_2526-HEIC
fb_h4_k4_mall_d0,IMG_2539-HEIC
fb_h4_k4_mall_d0,IMG_2572-HEIC
fb_h4_k4_mall_d0,IMG_2537-HEIC
fb_h4_k4_mall_d0,IMG_2647-HEIC
fb_h4_k4_mall_d0,IMG_2584-HEIC
fb_h4_k4_mall_d0,IMG_2523-HEIC
fb_h4_k4_mall_d0,IMG_2535-HEIC
fb_h4_k4_mall_d0,IMG_2577-HEIC
fb_h4_k4_mall_d0,IMG_2542-HEIC
fb_h4_k4_mall_d0,IMG_2513-HEIC
fb_h4_k4_mall_d0,IMG_2564-HEIC
fb_h4_k4_mall_d0,IMG_2583-HEIC
fb_h4_k4_mall_d0,IMG_2616-HEIC
fb_h4_k4_mall_d0,IMG_2604-HEIC
fb_h4_k4_mall_d0,IMG_2477-HEIC
fb_h4_k4_mall_d0,IMG_2576-HEIC
fb_h4_k4_mall_d0,IMG_2488-HEIC
fb_h4_k4_mall_d0,IMG_2600-HEIC
fb_h4_k4_mall_d0,IMG_2599-HEIC
fb_h4_k4_mall_d0,IMG_2615-HEIC
fb_h4_k4_mall_d0,IMG_2619-HEIC
fb_h4_k4_mall_d0,IMG_2557-HEIC
fb_h4_k4_mall_d0,IMG_2620-HEIC
fb_h4_k4_mall_d0,IMG_2417-HEIC
fb_h4_k4_mall_d0,IMG_2648-HEIC
fb_h4_k4_mall_d0,IMG_2701-HEIC
fb_h4_k4_mall_d0,IMG_2644-HEIC
fb_h4_k4_mall_d0,IMG_2621-HEIC
fb_h4_k4_mall_d0,IMG_2595-HEIC
fb_h4_k4_mall_d0,IMG_2521-HEIC
fb_h4_k4_mall_d0,IMG_2598-HEIC
fb_h4_k4_mall_d0,IMG_2534-HEIC
fb_h4_k4_mall_d0,IMG_2494-HEIC
fb_h4_k4_mall_d0,IMG_2482-HEIC
fb_h4_k4_mall_d0,IMG_2478-HEIC
fb_h4_k4_mall_d0,IMG_2525-HEIC
fb_h4_k4_mall_d0,IMG_2617-HEIC
fb_h4_k4_mall_d0,IMG_2590-HEIC
fb_h4_k4_mall_d0,IMG_2491-HEIC
fb_h4_k4_mall_d0,IMG_2550-HEIC
fb_h4_k4_mall_d0,IMG_2588-HEIC
fb_h4_k4_mall_d0,IMG_2686-HEIC
fb_h4_k4_mall_d0,IMG_2536-HEIC
fb_h4_k4_mall_d0,IMG_2638-HEIC
fb_h4_k4_mall_d0,IMG_2533-HEIC
fb_h4_k4_mall_d0,IMG_2646-HEIC
fb_h4_k4_mall_d0,IMG_2643-HEIC
fb_h4_k4_mall_d0,IMG_2581-HEIC
fb_h4_k4_mall_d0,IMG_2594-HEIC
fb_h4_k4_mall_d0,IMG_2495-HEIC
fb_h4_k4_mall_d0,IMG_2481-HEIC
fb_h4_k4_mall_d0,IMG_2591-HEIC
fb_h4_k4_mall_d0,IMG_2519-HEIC
fb_h4_k4_mall_d0,IMG_2610-HEIC
fb_h4_k4_mall_d0,IMG_2446-HEIC
fb_h4_k4_mall_d0,IMG_2579-HEIC
fb_h4_k4_mall_d0,IMG_2492-HEIC
fb_h4_k4_mall_d0,IMG_2585-HEIC
fb_h4_k4_mall_d0,IMG_2569-HEIC
fb_h4_k4_mall_d0,IMG_2570-HEIC
fb_h4_k4_mall_d0,IMG_2589-HEIC
fb_h4_k4_mall_d0,IMG_2654-HEIC
fb_h4_k4_mall_d0,IMG_2475-HEIC
fb_h4_k4_mall_d0,IMG_2480-HEIC
fb_h4_k4_mall_d0,IMG_2680-HEIC
fb_h4_k4_mall_d0,IMG_2586-HEIC
fb_h4_k4_mall_d0,IMG_2538-HEIC
fb_h4_k4_mall_d0,IMG_2522-HEIC
fb_h4_k4_mall_d0,IMG_2504-HEIC
fb_h4_k4_mall_d0,IMG_2634-HEIC
fb_h4_k4_mall_d0,IMG_2395-HEIC
fb_h4_k4_mall_d0,IMG_2603-HEIC
fb_h4_k4_mall_d0,IMG_2493-HEIC
fb_h4_k4_mall_d0,IMG_2674-HEIC
fb_h4_k4_mall_d0,IMG_2596-HEIC
fb_h4_k4_mall_d0,IMG_2567-HEIC
fb_h4_k4_mall_d0,IMG_2582-HEIC
fb_h4_k4_mall_d0,IMG_2476-HEIC
fb_h4_k4_mall_d0,IMG_2452-HEIC
fb_h4_k4_mall_d0,IMG_2587-HEIC
fb_h4_k4_mall_d0,IMG_2592-HEIC
fb_h4_k4_mall_d0,IMG_2566-HEIC
fb_h4_k4_mall_d0,IMG_2520-HEIC
fb_h4_k4_mall_d0,IMG_2637-HEIC
fb_h4_k4_mall_d0,IMG_2636-HEIC
fb_h4_k4_mall_d0,IMG_2700-HEIC
fb_h4_k4_mall_d0,IMG_2597-HEIC
fb_h4_k4_mall_d0,IMG_2524-HEIC
fb_h4_k4_mall_d0,IMG_2541-HEIC
fb_h4_k4_mall_d0,IMG_2545-HEIC
fb_h4_k4_mall_d0,IMG_2571-HEIC
fb_h4_k4_mall_d0,IMG_2666-HEIC
fb_h4_k4_mall_d0,IMG_2578-HEIC
fb_h4_k4_mall_d0,IMG_2540-HEIC
fb_h4_k4_mall_d0,IMG_2496-HEIC
fb_h4_k4_mall_d0,IMG_2660-HEIC
fb_h4_k4_mall_d0,IMG_4176
fb_h4_k4_mall_d0,IMG_4067
fb_h4_k4_mall_d0,IMG_4114
fb_h4_k4_mall_d0,IMG_4089
fb_h4_k4_mall_d0,IMG_2059
fb_h4_k4_mall_d0,IMG_4183
fb_h4_k4_mall_d0,IMG_2061
fb_h4_k4_mall_d0,IMG_2079
fb_h4_k4_mall_d0,IMG_4098
fb_h4_k4_mall_d0,IMG_4116
fb_h4_k4_mall_d0,IMG_2108
fb_h4_k4_mall_d0,IMG_4179
fb_h4_k4_mall_d0,IMG_2072
fb_h4_k4_mall_d0,IMG_2107
fb_h4_k4_mall_d0,IMG_2104
fb_h4_k4_mall_d0,IMG_4165
fb_h4_k4_mall_d0,IMG_4262
fb_h4_k4_mall_d0,IMG_2122
fb_h4_k4_mall_d0,IMG_4256
fb_h4_k4_mall_d0,IMG_4075
fb_h4_k4_mall_d0,IMG_4180
fb_h4_k4_mall_d0,IMG_4169
fb_h4_k4_mall_d0,IMG_4069
fb_h4_k4_mall_d0,IMG_4091
fb_h4_k4_mall_d0,IMG_4192
fb_h4_k4_mall_d0,IMG_4148
fb_h4_k4_mall_d0,IMG_4220
fb_h4_k4_mall_d0,IMG_2077
fb_h4_k4_mall_d0,IMG_4071
fb_h4_k4_mall_d0,IMG_4103
fb_h4_k4_mall_d0,IMG_4159
fb_h4_k4_mall_d0,IMG_4181
fb_h4_k4_mall_d0,IMG_2103
fb_h4_k4_mall_d0,IMG_4146
fb_h4_k4_mall_d0,IMG_2070
fb_h4_k4_mall_d0,IMG_4149
fb_h4_k4_mall_d0,IMG_4085
fb_h4_k4_mall_d0,IMG_2076
fb_h4_k4_mall_d0,IMG_2100
fb_h4_k4_mall_d0,IMG_4187
fb_h4_k4_mall_d0,IMG_4172
fb_h4_k4_mall_d0,IMG_2078
fb_h4_k4_mall_d0,IMG_4147
fb_h4_k4_mall_d0,IMG_4134
fb_h4_k4_mall_d0,IMG_4095
fb_h4_k4_mall_d0,IMG_4194
fb_h4_k4_mall_d0,IMG_2083
fb_h4_k4_mall_d0,IMG_4170
fb_h4_k4_mall_d0,IMG_4065
fb_h4_k4_mall_d0,IMG_2062
fb_h4_k4_mall_d0,IMG_4144
fb_h4_k4_mall_d0,IMG_2084
fb_h4_k4_mall_d0,IMG_4162
fb_h4_k4_mall_d0,IMG_4188
fb_h4_k4_mall_d0,IMG_2116
fb_h4_k4_mall_d0,IMG_4189
fb_h4_k4_mall_d0,IMG_2067
fb_h4_k4_mall_d0,IMG_4174
fb_h4_k4_mall_d0,IMG_4163
fb_h4_k4_mall_d0,IMG_4096
fb_h4_k4_mall_d0,IMG_2134
fb_h4_k4_mall_d0,IMG_4066
fb_h4_k4_mall_d0,IMG_2080
fb_h4_k4_mall_d0,IMG_2130
fb_h4_k4_mall_d0,IMG_4161
fb_h4_k4_mall_d0,IMG_4186
fb_h4_k4_mall_d0,IMG_4111
fb_h4_k4_mall_d0,IMG_4090
fb_h4_k4_mall_d0,IMG_2064
fb_h4_k4_mall_d0,IMG_4200
fb_h4_k4_mall_d0,IMG_2068
fb_h4_k4_mall_d0,IMG_4185
fb_h4_k4_mall_d0,IMG_4191
fb_h4_k4_mall_d0,IMG_2066
fb_h4_k4_mall_d0,IMG_4073
fb_h4_k4_mall_d0,IMG_2085
fb_h4_k4_mall_d0,IMG_2133
fb_h4_k4_mall_d0,IMG_4152
fb_h4_k4_mall_d0,IMG_4178
fb_h4_k4_mall_d0,IMG_2060
fb_h4_k4_mall_d0,IMG_4104
fb_h4_k4_mall_d0,IMG_2101
fb_h4_k4_mall_d0,IMG_4219
fb_h4_k4_mall_d0,IMG_2102
fb_h4_k4_mall_d0,IMG_4153
fb_h4_k4_mall_d0,IMG_4201
fb_h4_k4_mall_d0,IMG_4164
fb_h4_k4_mall_d0,IMG_4068
fb_h4_k4_mall_d0,IMG_4154
fb_h4_k4_mall_d0,IMG_2069
fb_h4_k4_mall_d0,IMG_4193
fb_h4_k4_mall_d0,IMG_4072
fb_h4_k4_mall_d0,IMG_4113
fb_h4_k4_mall_d0,IMG_4120
fb_h4_k4_mall_d0,IMG_4221
fb_h4_k4_mall_d0,IMG_2109
fb_h4_k4_mall_d0,IMG_2119
fb_h4_k4_mall_d0,IMG_2106
fb_h4_k4_mall_d0,IMG_2088
fb_h4_k4_mall_d0,IMG_4203
fb_h4_k4_mall_d0,IMG_2082
fb_h4_k4_mall_d0,IMG_4190
fb_h4_k4_mall_d0,IMG_4157
fb_h4_k4_mall_d0,IMG_2074
fb_h4_k4_mall_d0,IMG_4115
fb_h4_k4_mall_d0,IMG_2115
fb_h4_k4_mall_d0,IMG_4218
fb_h4_k4_mall_d0,IMG_2120
fb_h4_k4_mall_d0,IMG_2110
fb_h4_k4_mall_d0,IMG_4123
fb_h4_k4_mall_d0,IMG_2121
fb_h4_k4_mall_d0,IMG_2063
fb_h4_k4_mall_d0,IMG_4110
fb_h4_k4_mall_d0,IMG_4112
fb_h4_k4_mall_d0,IMG_4145
fb_h4_k4_mall_d0,IMG_4088
fb_h4_k4_mall_d0,IMG_4064
fb_h4_k4_mall_d0,IMG_2131
fb_h4_k4_mall_d0,IMG_4106
fb_h4_k4_mall_d0,IMG_2105
fb_h4_k4_mall_d0,IMG_2081
fb_h4_k4_mall_d0,IMG_4168
fb_h4_k4_mall_d0,IMG_4087
fb_h4_k4_mall_d0,IMG_2075
fb_h4_k4_mall_d0,IMG_4202
fb_h4_k4_mall_d0,IMG_2095
fb_h4_k4_mall_d0,IMG_4117
fb_h4_k4_mall_d0,IMG_4109
fb_h4_k4_mall_d0,IMG_2071
fb_h4_k4_mall_d0,IMG_4118
fb_h4_k4_mall_d0,IMG_2117
fb_h4_k4_mall_d0,IMG_2058
fb_h4_k4_mall_d0,IMG_2132
fb_h4_k4_mall_d0,IMG_4155
fb_h4_k4_mall_d0,IMG_4086
fb_h4_k4_mall_d0,IMG_4070
fb_h4_k4_mall_d0,IMG_4182
fb_h4_k4_mall_d0,IMG_4105
fb_h4_k4_mall_d0,IMG_2089
fb_h4_k4_mall_d0,IMG_4213
fb_h4_k4_mall_d0,IMG_4156
fb_h4_k4_mall_d0,IMG_2135
fb_h4_k4_mall_d0,IMG_4151
fb_h4_k4_mall_d0,IMG_4150
fb_h4_k4_mall_d0,IMG_2073
fb_h4_k4_mall_d0,IMG_4143
fb_h4_k4_mall_d0,IMG_4184
fb_h4_k4_mall_d0,IMG_9962
fb_h4_k4_mall_d0,IMG_9908
fb_h4_k4_mall_d0,IMG_9939
fb_h4_k4_mall_d0,IMG_9965
fb_h4_k4_mall_d0,IMG_9922
fb_h4_k4_mall_d0,IMG_9953
fb_h4_k4_mall_d0,IMG_9983
fb_h4_k4_mall_d0,IMG_9988
fb_h4_k4_mall_d0,IMG_9943
fb_h4_k4_mall_d0,IMG_9941
fb_h4_k4_mall_d0,IMG_9927
fb_h4_k4_mall_d0,IMG_9918
fb_h4_k4_mall_d0,IMG_9986
fb_h4_k4_mall_d0,IMG_9914-HEIC
fb_h4_k4_mall_d0,IMG_9969
fb_h4_k4_mall_d0,IMG_9891
fb_h4_k4_mall_d0,IMG_9960
fb_h4_k4_mall_d0,IMG_9915
fb_h4_k4_mall_d0,IMG_9907
fb_h4_k4_mall_d0,IMG_9899
fb_h4_k4_mall_d0,IMG_9926
fb_h4_k4_mall_d0,IMG_9898
fb_h4_k4_mall_d0,IMG_9942
fb_h4_k4_mall_d0,IMG_9973
fb_h4_k4_mall_d0,IMG_9985
fb_h4_k4_mall_d0,IMG_9946
fb_h4_k4_mall_d0,IMG_9921
fb_h4_k4_mall_d0,IMG_9963
fb_h4_k4_mall_d0,IMG_9892
fb_h4_k4_mall_d0,IMG_9947
fb_h4_k4_mall_d0,IMG_9905
fb_h4_k4_mall_d0,IMG_9885
fb_h4_k4_mall_d0,IMG_9956
fb_h4_k4_mall_d0,IMG_9928
fb_h4_k4_mall_d0,IMG_9984
fb_h4_k4_mall_d0,IMG_9917
fb_h4_k4_mall_d0,IMG_9894
fb_h4_k4_mall_d0,IMG_9925
fb_h4_k4_mall_d0,IMG_9887
fb_h4_k4_mall_d0,IMG_9989
fb_h4_k4_mall_d0,IMG_9912-HEIC
fb_h4_k4_mall_d0,IMG_9895
fb_h4_k4_mall_d0,IMG_9940
fb_h4_k4_mall_d0,IMG_9920
fb_h4_k4_mall_d0,IMG_9900
fb_h4_k4_mall_d0,IMG_9987
fb_h4_k4_mall_d0,IMG_9961
fb_h4_k4_mall_d0,IMG_9970
fb_h4_k4_mall_d0,IMG_9886
fb_h4_k4_mall_d0,IMG_9888
fb_h4_k4_mall_d0,IMG_9902
fb_h4_k4_mall_d0,IMG_9959
fb_h4_k4_mall_d0,IMG_9977
fb_h4_k4_mall_d0,IMG_9924
fb_h4_k4_mall_d0,IMG_9890
fb_h4_k4_mall_d0,IMG_9991
fb_h4_k4_mall_d0,IMG_9923
fb_h4_k4_mall_d0,IMG_9889
fb_h4_k4_mall_d0,IMG_9949
fb_h4_k4_mall_d0,IMG_9929
fb_h4_k4_mall_d0,IMG_9910
fb_h4_k4_mall_d0,IMG_9972
fb_h4_k4_mall_d0,IMG_9933
fb_h4_k4_mall_d0,IMG_9958
fb_h4_k4_mall_d0,IMG_9906
fb_h4_k4_mall_d0,IMG_9904
fb_h4_k4_mall_d0,IMG_9911
fb_h4_k4_mall_d0,IMG_9944
fb_h4_k4_mall_d0,IMG_9980
fb_h4_k4_mall_d0,IMG_9896
fb_h4_k4_mall_d0,IMG_9916
fb_h4_k4_mall_d0,IMG_9990
fb_h4_k4_mall_d0,IMG_9897
fb_h4_k4_mall_d0,IMG_9955
fb_h4_k4_mall_d0,IMG_9957
fb_h4_k4_mall_d0,IMG_9903
fb_h4_k4_mall_d0,IMG_9948
fb_h4_k4_mall_d0,IMG_9951
fb_h4_k4_mall_d0,IMG_9931
fb_h4_k4_mall_d0,IMG_9893
fb_h4_k4_mall_d0,IMG_9919
fb_h4_k4_mall_d0,IMG_9968
fb_h4_k4_mall_d0,IMG_2205-HEIC
fb_h4_k4_mall_d0,IMG_2175-HEIC
fb_h4_k4_mall_d0,IMG_2132-HEIC
fb_h4_k4_mall_d0,IMG_2182-HEIC
fb_h4_k4_mall_d0,IMG_2206-HEIC
fb_h4_k4_mall_d0,IMG_2151-HEIC
fb_h4_k4_mall_d0,IMG_2131-HEIC
fb_h4_k4_mall_d0,IMG_2170-HEIC
fb_h4_k4_mall_d0,IMG_2154-HEIC
fb_h4_k4_mall_d0,IMG_2139-HEIC
fb_h4_k4_mall_d0,IMG_2201-HEIC
fb_h4_k4_mall_d0,IMG_2156-HEIC
fb_h4_k4_mall_d0,IMG_2212-HEIC
fb_h4_k4_mall_d0,IMG_2211-HEIC
fb_h4_k4_mall_d0,IMG_2155-HEIC
fb_h4_k4_mall_d0,IMG_2203-HEIC
fb_h4_k4_mall_d0,IMG_2159-HEIC
fb_h4_k4_mall_d0,IMG_2196-HEIC
fb_h4_k4_mall_d0,IMG_2183-HEIC
fb_h4_k4_mall_d0,IMG_2199-HEIC
fb_h4_k4_mall_d0,IMG_2188-HEIC
fb_h4_k4_mall_d0,IMG_2216-HEIC
fb_h4_k4_mall_d0,IMG_2194-HEIC
fb_h4_k4_mall_d0,IMG_2179-HEIC
fb_h4_k4_mall_d0,IMG_2189-HEIC
fb_h4_k4_mall_d0,IMG_2148-HEIC
fb_h4_k4_mall_d0,IMG_2174-HEIC
fb_h4_k4_mall_d0,IMG_2158-HEIC
fb_h4_k4_mall_d0,IMG_2134-HEIC
fb_h4_k4_mall_d0,IMG_2150-HEIC
fb_h4_k4_mall_d0,IMG_2214-HEIC
fb_h4_k4_mall_d0,IMG_2195-HEIC
fb_h4_k4_mall_d0,IMG_2208-HEIC
fb_h4_k4_mall_d0,IMG_2190-HEIC
fb_h4_k4_mall_d0,IMG_2184-HEIC
fb_h4_k4_mall_d0,IMG_2181-HEIC
fb_h4_k4_mall_d0,IMG_2177-HEIC
fb_h4_k4_mall_d0,IMG_2168-HEIC
fb_h4_k4_mall_d0,IMG_2169-HEIC
fb_h4_k4_mall_d0,IMG_2133-HEIC
fb_h4_k4_mall_d0,IMG_2176-HEIC
fb_h4_k4_mall_d0,IMG_2187-HEIC
fb_h4_k4_mall_d0,IMG_2198-HEIC
fb_h4_k4_mall_d0,IMG_2152-HEIC
fb_h4_k4_mall_d0,IMG_2178-HEIC
fb_h4_k4_mall_d0,IMG_2149-HEIC
fb_h4_k4_mall_d0,IMG_2185-HEIC
fb_h4_k4_mall_d0,IMG_2213-HEIC
fb_h4_k4_mall_d0,IMG_2202-HEIC
fb_h4_k4_mall_d0,IMG_2180-HEIC
fb_h4_k4_mall_d0,IMG_2138-HEIC
fb_h4_k4_mall_d0,IMG_2193-HEIC
fb_h4_k4_mall_d0,IMG_2197-HEIC
fb_h4_k4_mall_d0,IMG_2191-HEIC
fb_h4_k4_mall_d0,IMG_2153-HEIC
fb_h4_k4_mall_d0,IMG_2209-HEIC
fb_h4_k4_mall_d0,IMG_2204-HEIC
fb_h4_k4_m15_d1,IMG_0106-HEIC
fb_h4_k4_m15_d1,IMG_0083-HEIC
fb_h4_k4_m15_d1,IMG_0126-HEIC
fb_h4_k4_m15_d1,IMG_0066
fb_h4_k4_m15_d1,IMG_0279
fb_h4_k4_m15_d1,IMG_0159
fb_h4_k4_m15_d1,IMG_0173
fb_h4_k4_m15_d1,IMG_0235
fb_h4_k4_m15_d1,IMG_0284
fb_h4_k4_m15_d1,IMG_0204
fb_h4_k4_m15_d1,IMG_0074
fb_h4_k4_m15_d1,IMG_0084
fb_h4_k4_m15_d1,IMG_0116-HEIC
fb_h4_k4_m15_d1,IMG_0104-HEIC
fb_h4_k4_m15_d1,IMG_0091
fb_h4_k4_m15_d1,IMG_3932
fb_h4_k4_m15_d1,IMG_1917
fb_h4_k4_m15_d1,IMG_2038
fb_h4_k4_m15_d1,IMG_2045
fb_h4_k4_m15_d1,IMG_4031
fb_h4_k4_m15_d1,IMG_2046
fb_h4_k4_m15_d1,IMG_2022
fb_h4_k4_m15_d1,IMG_2044
fb_h4_k4_m15_d1,IMG_2043
fb_h4_k4_m15_d1,IMG_1928
fb_h4_k4_m15_d1,IMG_2013
fb_h4_k4_m15_d1,IMG_2051
fb_h4_k4_m15_d1,IMG_1998
fb_h4_k4_m15_d1,IMG_4004
fb_h4_k4_m15_d1,IMG_4029
fb_h4_k4_m15_d1,IMG_9973
fb_h4_k4_m15_d1,IMG_9903
fb_h4_k4_m15_d1,IMG_9910
fb_h4_k4_m15_d1,IMG_9886
fb_h4_k4_m15_d1,IMG_9885
fb_h4_k4_m15_d1,IMG_9972
fb_h4_k4_m15_d1,IMG_9893
fb_h4_k4_m15_d1,IMG_9911
fb_h4_k4_m15_d1,IMG_9927
fb_h4_k4_m15_d1,IMG_9915
fb_h4_k4_m15_d1,IMG_9900
fb_h4_k4_m15_d1,IMG_9956
fb_h4_k4_m15_d1,IMG_9904
fb_h4_k4_m15_d1,IMG_9941
fb_h4_k4_m15_d1,IMG_9985
fb_h4_k4_m15_d1,IMG_2188-HEIC
fb_h4_k4_m15_d1,IMG_2175-HEIC
fb_h4_k4_m15_d1,IMG_2155-HEIC
fb_h4_k4_m15_d1,IMG_2213-HEIC
fb_h4_k4_m15_d1,IMG_2195-HEIC
fb_h4_k4_m15_d1,IMG_2154-HEIC
fb_h4_k4_m15_d1,IMG_2184-HEIC
fb_h4_k4_m15_d1,IMG_2182-HEIC
fb_h4_k4_m15_d1,IMG_2203-HEIC
fb_h4_k4_m15_d1,IMG_2187-HEIC
fb_h4_k4_m15_d1,IMG_2189-HEIC
fb_h4_k4_m15_d1,IMG_2204-HEIC
fb_h4_k4_m15_d1,IMG_2139-HEIC
fb_h4_k4_m15_d1,IMG_2179-HEIC
fb_h4_k4_m15_d1,IMG_2191-HEIC
fb_h4_k4_m50_d1,IMG_0106-HEIC
fb_h4_k4_m50_d1,IMG_0083-HEIC
fb_h4_k4_m50_d1,IMG_0126-HEIC
fb_h4_k4_m50_d1,IMG_0066
fb_h4_k4_m50_d1,IMG_0279
fb_h4_k4_m50_d1,IMG_0159
fb_h4_k4_m50_d1,IMG_0173
fb_h4_k4_m50_d1,IMG_0235
fb_h4_k4_m50_d1,IMG_0284
fb_h4_k4_m50_d1,IMG_0204
fb_h4_k4_m50_d1,IMG_0074
fb_h4_k4_m50_d1,IMG_0084
fb_h4_k4_m50_d1,IMG_0116-HEIC
fb_h4_k4_m50_d1,IMG_0104-HEIC
fb_h4_k4_m50_d1,IMG_0091
fb_h4_k4_m50_d1,IMG_0185
fb_h4_k4_m50_d1,IMG_0148
fb_h4_k4_m50_d1,IMG_0273
fb_h4_k4_m50_d1,IMG_0211
fb_h4_k4_m50_d1,IMG_0077
fb_h4_k4_m50_d1,IMG_0102
fb_h4_k4_m50_d1,IMG_0177
fb_h4_k4_m50_d1,IMG_0178
fb_h4_k4_m50_d1,IMG_0078
fb_h4_k4_m50_d1,IMG_0219
fb_h4_k4_m50_d1,IMG_0218
fb_h4_k4_m50_d1,IMG_0136
fb_h4_k4_m50_d1,IMG_0210
fb_h4_k4_m50_d1,IMG_0070
fb_h4_k4_m50_d1,IMG_0080
fb_h4_k4_m50_d1,IMG_0267
fb_h4_k4_m50_d1,IMG_0182-HEIC
fb_h4_k4_m50_d1,IMG_0174
fb_h4_k4_m50_d1,IMG_0263
fb_h4_k4_m50_d1,IMG_0220
fb_h4_k4_m50_d1,IMG_0198
fb_h4_k4_m50_d1,IMG_0257
fb_h4_k4_m50_d1,IMG_0262
fb_h4_k4_m50_d1,IMG_0111-HEIC
fb_h4_k4_m50_d1,IMG_0073
fb_h4_k4_m50_d1,IMG_0165
fb_h4_k4_m50_d1,IMG_0108-HEIC
fb_h4_k4_m50_d1,IMG_0230
fb_h4_k4_m50_d1,IMG_0095
fb_h4_k4_m50_d1,IMG_0105-HEIC
fb_h4_k4_m50_d1,IMG_0153
fb_h4_k4_m50_d1,IMG_0260
fb_h4_k4_m50_d1,IMG_0109-HEIC
fb_h4_k4_m50_d1,IMG_0175
fb_h4_k4_m50_d1,IMG_0187-HEIC
fb_h4_k4_m50_d1,IMG_3932
fb_h4_k4_m50_d1,IMG_1917
fb_h4_k4_m50_d1,IMG_2038
fb_h4_k4_m50_d1,IMG_2045
fb_h4_k4_m50_d1,IMG_4031
fb_h4_k4_m50_d1,IMG_2046
fb_h4_k4_m50_d1,IMG_2022
fb_h4_k4_m50_d1,IMG_2044
fb_h4_k4_m50_d1,IMG_2043
fb_h4_k4_m50_d1,IMG_1928
fb_h4_k4_m50_d1,IMG_2013
fb_h4_k4_m50_d1,IMG_2051
fb_h4_k4_m50_d1,IMG_1998
fb_h4_k4_m50_d1,IMG_4004
fb_h4_k4_m50_d1,IMG_4029
fb_h4_k4_m50_d1,IMG_1968
fb_h4_k4_m50_d1,IMG_2001
fb_h4_k4_m50_d1,IMG_1929
fb_h4_k4_m50_d1,IMG_2014
fb_h4_k4_m50_d1,IMG_1909
fb_h4_k4_m50_d1,IMG_3986
fb_h4_k4_m50_d1,IMG_1914
fb_h4_k4_m50_d1,IMG_2018
fb_h4_k4_m50_d1,IMG_1915
fb_h4_k4_m50_d1,IMG_3963
fb_h4_k4_m50_d1,IMG_2055
fb_h4_k4_m50_d1,IMG_3921
fb_h4_k4_m50_d1,IMG_2050
fb_h4_k4_m50_d1,IMG_1970
fb_h4_k4_m50_d1,IMG_3926
fb_h4_k4_m50_d1,IMG_1966
fb_h4_k4_m50_d1,IMG_4015
fb_h4_k4_m50_d1,IMG_3977
fb_h4_k4_m50_d1,IMG_2039
fb_h4_k4_m50_d1,IMG_2015
fb_h4_k4_m50_d1,IMG_4025
fb_h4_k4_m50_d1,IMG_1959
fb_h4_k4_m50_d1,IMG_4001
fb_h4_k4_m50_d1,IMG_4011
fb_h4_k4_m50_d1,IMG_1923
fb_h4_k4_m50_d1,IMG_3987
fb_h4_k4_m50_d1,IMG_3919
fb_h4_k4_m50_d1,IMG_4013
fb_h4_k4_m50_d1,IMG_3978
fb_h4_k4_m50_d1,IMG_4058
fb_h4_k4_m50_d1,IMG_1918
fb_h4_k4_m50_d1,IMG_1997
fb_h4_k4_m50_d1,IMG_4003
fb_h4_k4_m50_d1,IMG_4047
fb_h4_k4_m50_d1,IMG_1993
fb_h4_k4_m50_d1,IMG_9973
fb_h4_k4_m50_d1,IMG_9903
fb_h4_k4_m50_d1,IMG_9910
fb_h4_k4_m50_d1,IMG_9886
fb_h4_k4_m50_d1,IMG_9885
fb_h4_k4_m50_d1,IMG_9972
fb_h4_k4_m50_d1,IMG_9893
fb_h4_k4_m50_d1,IMG_9911
fb_h4_k4_m50_d1,IMG_9927
fb_h4_k4_m50_d1,IMG_9915
fb_h4_k4_m50_d1,IMG_9900
fb_h4_k4_m50_d1,IMG_9956
fb_h4_k4_m50_d1,IMG_9904
fb_h4_k4_m50_d1,IMG_9941
fb_h4_k4_m50_d1,IMG_9985
fb_h4_k4_m50_d1,IMG_9988
fb_h4_k4_m50_d1,IMG_9957
fb_h4_k4_m50_d1,IMG_9908
fb_h4_k4_m50_d1,IMG_9925
fb_h4_k4_m50_d1,IMG_9890
fb_h4_k4_m50_d1,IMG_9918
fb_h4_k4_m50_d1,IMG_9891
fb_h4_k4_m50_d1,IMG_9983
fb_h4_k4_m50_d1,IMG_9929
fb_h4_k4_m50_d1,IMG_9917
fb_h4_k4_m50_d1,IMG_9944
fb_h4_k4_m50_d1,IMG_9924
fb_h4_k4_m50_d1,IMG_9919
fb_h4_k4_m50_d1,IMG_9887
fb_h4_k4_m50_d1,IMG_9948
fb_h4_k4_m50_d1,IMG_9916
fb_h4_k4_m50_d1,IMG_9926
fb_h4_k4_m50_d1,IMG_9961
fb_h4_k4_m50_d1,IMG_9991
fb_h4_k4_m50_d1,IMG_9906
fb_h4_k4_m50_d1,IMG_9939
fb_h4_k4_m50_d1,IMG_9965
fb_h4_k4_m50_d1,IMG_9963
fb_h4_k4_m50_d1,IMG_9905
fb_h4_k4_m50_d1,IMG_9960
fb_h4_k4_m50_d1,IMG_9896
fb_h4_k4_m50_d1,IMG_9955
fb_h4_k4_m50_d1,IMG_9958
fb_h4_k4_m50_d1,IMG_9888
fb_h4_k4_m50_d1,IMG_9902
fb_h4_k4_m50_d1,IMG_9940
fb_h4_k4_m50_d1,IMG_9946
fb_h4_k4_m50_d1,IMG_9897
fb_h4_k4_m50_d1,IMG_9984
fb_h4_k4_m50_d1,IMG_9895
fb_h4_k4_m50_d1,IMG_2188-HEIC
fb_h4_k4_m50_d1,IMG_2175-HEIC
fb_h4_k4_m50_d1,IMG_2155-HEIC
fb_h4_k4_m50_d1,IMG_2213-HEIC
fb_h4_k4_m50_d1,IMG_2195-HEIC
fb_h4_k4_m50_d1,IMG_2154-HEIC
fb_h4_k4_m50_d1,IMG_2184-HEIC
fb_h4_k4_m50_d1,IMG_2182-HEIC
fb_h4_k4_m50_d1,IMG_2203-HEIC
fb_h4_k4_m50_d1,IMG_2187-HEIC
fb_h4_k4_m50_d1,IMG_2189-HEIC
fb_h4_k4_m50_d1,IMG_2204-HEIC
fb_h4_k4_m50_d1,IMG_2139-HEIC
fb_h4_k4_m50_d1,IMG_2179-HEIC
fb_h4_k4_m50_d1,IMG_2191-HEIC
fb_h4_k4_m50_d1,IMG_2169-HEIC
fb_h4_k4_m50_d1,IMG_2208-HEIC
fb_h4_k4_m50_d1,IMG_2216-HEIC
fb_h4_k4_m50_d1,IMG_2214-HEIC
fb_h4_k4_m50_d1,IMG_2201-HEIC
fb_h4_k4_m50_d1,IMG_2149-HEIC
fb_h4_k4_m50_d1,IMG_2156-HEIC
fb_h4_k4_m50_d1,IMG_2158-HEIC
fb_h4_k4_m50_d1,IMG_2193-HEIC
fb_h4_k4_m50_d1,IMG_2177-HEIC
fb_h4_k4_m50_d1,IMG_2176-HEIC
fb_h4_k4_m50_d1,IMG_2138-HEIC
fb_h4_k4_m50_d1,IMG_2151-HEIC
fb_h4_k4_m50_d1,IMG_2202-HEIC
fb_h4_k4_m50_d1,IMG_2185-HEIC
fb_h4_k4_m50_d1,IMG_2133-HEIC
fb_h4_k4_m50_d1,IMG_2131-HEIC
fb_h4_k4_m50_d1,IMG_2170-HEIC
fb_h4_k4_m50_d1,IMG_2168-HEIC
fb_h4_k4_m50_d1,IMG_2211-HEIC
fb_h4_k4_m50_d1,IMG_2183-HEIC
fb_h4_k4_m50_d1,IMG_2180-HEIC
fb_h4_k4_m50_d1,IMG_2152-HEIC
fb_h4_k4_m50_d1,IMG_2197-HEIC
fb_h4_k4_m50_d1,IMG_2159-HEIC
fb_h4_k4_m50_d1,IMG_2190-HEIC
fb_h4_k4_m50_d1,IMG_2199-HEIC
fb_h4_k4_m50_d1,IMG_2148-HEIC
fb_h4_k4_m50_d1,IMG_2174-HEIC
fb_h4_k4_m50_d1,IMG_2196-HEIC
fb_h4_k4_m50_d1,IMG_2132-HEIC
fb_h4_k4_m50_d1,IMG_2194-HEIC
fb_h4_k4_m50_d1,IMG_2198-HEIC
fb_h4_k4_m50_d1,IMG_2134-HEIC
fb_h4_k4_m50_d1,IMG_2153-HEIC
fb_h4_k4_mall_d1,IMG_0106-HEIC
fb_h4_k4_mall_d1,IMG_0083-HEIC
fb_h4_k4_mall_d1,IMG_0126-HEIC
fb_h4_k4_mall_d1,IMG_0066
fb_h4_k4_mall_d1,IMG_0279
fb_h4_k4_mall_d1,IMG_0159
fb_h4_k4_mall_d1,IMG_0173
fb_h4_k4_mall_d1,IMG_0235
fb_h4_k4_mall_d1,IMG_0284
fb_h4_k4_mall_d1,IMG_0204
fb_h4_k4_mall_d1,IMG_0074
fb_h4_k4_mall_d1,IMG_0084
fb_h4_k4_mall_d1,IMG_0116-HEIC
fb_h4_k4_mall_d1,IMG_0104-HEIC
fb_h4_k4_mall_d1,IMG_0091
fb_h4_k4_mall_d1,IMG_0185
fb_h4_k4_mall_d1,IMG_0148
fb_h4_k4_mall_d1,IMG_0273
fb_h4_k4_mall_d1,IMG_0211
fb_h4_k4_mall_d1,IMG_0077
fb_h4_k4_mall_d1,IMG_0102
fb_h4_k4_mall_d1,IMG_0177
fb_h4_k4_mall_d1,IMG_0178
fb_h4_k4_mall_d1,IMG_0078
fb_h4_k4_mall_d1,IMG_0219
fb_h4_k4_mall_d1,IMG_0218
fb_h4_k4_mall_d1,IMG_0136
fb_h4_k4_mall_d1,IMG_0210
fb_h4_k4_mall_d1,IMG_0070
fb_h4_k4_mall_d1,IMG_0080
fb_h4_k4_mall_d1,IMG_0267
fb_h4_k4_mall_d1,IMG_0182-HEIC
fb_h4_k4_mall_d1,IMG_0174
fb_h4_k4_mall_d1,IMG_0263
fb_h4_k4_mall_d1,IMG_0220
fb_h4_k4_mall_d1,IMG_0198
fb_h4_k4_mall_d1,IMG_0257
fb_h4_k4_mall_d1,IMG_0262
fb_h4_k4_mall_d1,IMG_0111-HEIC
fb_h4_k4_mall_d1,IMG_0073
fb_h4_k4_mall_d1,IMG_0165
fb_h4_k4_mall_d1,IMG_0108-HEIC
fb_h4_k4_mall_d1,IMG_0230
fb_h4_k4_mall_d1,IMG_0095
fb_h4_k4_mall_d1,IMG_0105-HEIC
fb_h4_k4_mall_d1,IMG_0153
fb_h4_k4_mall_d1,IMG_0260
fb_h4_k4_mall_d1,IMG_0109-HEIC
fb_h4_k4_mall_d1,IMG_0175
fb_h4_k4_mall_d1,IMG_0187-HEIC
fb_h4_k4_mall_d1,IMG_0209
fb_h4_k4_mall_d1,IMG_0223
fb_h4_k4_mall_d1,IMG_0072
fb_h4_k4_mall_d1,IMG_0238
fb_h4_k4_mall_d1,IMG_0090
fb_h4_k4_mall_d1,IMG_0179
fb_h4_k4_mall_d1,IMG_0192
fb_h4_k4_mall_d1,IMG_0089
fb_h4_k4_mall_d1,IMG_0256
fb_h4_k4_mall_d1,IMG_0184
fb_h4_k4_mall_d1,IMG_0069
fb_h4_k4_mall_d1,IMG_0142
fb_h4_k4_mall_d1,IMG_3932
fb_h4_k4_mall_d1,IMG_1917
fb_h4_k4_mall_d1,IMG_2038
fb_h4_k4_mall_d1,IMG_2045
fb_h4_k4_mall_d1,IMG_4031
fb_h4_k4_mall_d1,IMG_2046
fb_h4_k4_mall_d1,IMG_2022
fb_h4_k4_mall_d1,IMG_2044
fb_h4_k4_mall_d1,IMG_2043
fb_h4_k4_mall_d1,IMG_1928
fb_h4_k4_mall_d1,IMG_2013
fb_h4_k4_mall_d1,IMG_2051
fb_h4_k4_mall_d1,IMG_1998
fb_h4_k4_mall_d1,IMG_4004
fb_h4_k4_mall_d1,IMG_4029
fb_h4_k4_mall_d1,IMG_1968
fb_h4_k4_mall_d1,IMG_2001
fb_h4_k4_mall_d1,IMG_1929
fb_h4_k4_mall_d1,IMG_2014
fb_h4_k4_mall_d1,IMG_1909
fb_h4_k4_mall_d1,IMG_3986
fb_h4_k4_mall_d1,IMG_1914
fb_h4_k4_mall_d1,IMG_2018
fb_h4_k4_mall_d1,IMG_1915
fb_h4_k4_mall_d1,IMG_3963
fb_h4_k4_mall_d1,IMG_2055
fb_h4_k4_mall_d1,IMG_3921
fb_h4_k4_mall_d1,IMG_2050
fb_h4_k4_mall_d1,IMG_1970
fb_h4_k4_mall_d1,IMG_3926
fb_h4_k4_mall_d1,IMG_1966
fb_h4_k4_mall_d1,IMG_4015
fb_h4_k4_mall_d1,IMG_3977
fb_h4_k4_mall_d1,IMG_2039
fb_h4_k4_mall_d1,IMG_2015
fb_h4_k4_mall_d1,IMG_4025
fb_h4_k4_mall_d1,IMG_1959
fb_h4_k4_mall_d1,IMG_4001
fb_h4_k4_mall_d1,IMG_4011
fb_h4_k4_mall_d1,IMG_1923
fb_h4_k4_mall_d1,IMG_3987
fb_h4_k4_mall_d1,IMG_3919
fb_h4_k4_mall_d1,IMG_4013
fb_h4_k4_mall_d1,IMG_3978
fb_h4_k4_mall_d1,IMG_4058
fb_h4_k4_mall_d1,IMG_1918
fb_h4_k4_mall_d1,IMG_1997
fb_h4_k4_mall_d1,IMG_4003
fb_h4_k4_mall_d1,IMG_4047
fb_h4_k4_mall_d1,IMG_1993
fb_h4_k4_mall_d1,IMG_3930
fb_h4_k4_mall_d1,IMG_2010
fb_h4_k4_mall_d1,IMG_2019
fb_h4_k4_mall_d1,IMG_2040
fb_h4_k4_mall_d1,IMG_4026
fb_h4_k4_mall_d1,IMG_2052
fb_h4_k4_mall_d1,IMG_2002
fb_h4_k4_mall_d1,IMG_1916
fb_h4_k4_mall_d1,IMG_3928
fb_h4_k4_mall_d1,IMG_2024
fb_h4_k4_mall_d1,IMG_3997
fb_h4_k4_mall_d1,IMG_2016
fb_h4_k4_mall_d1,IMG_1963
fb_h4_k4_mall_d1,IMG_1999
fb_h4_k4_mall_d1,IMG_3961
fb_h4_k4_mall_d1,IMG_2023
fb_h4_k4_mall_d1,IMG_2009
fb_h4_k4_mall_d1,IMG_1971
fb_h4_k4_mall_d1,IMG_4053
fb_h4_k4_mall_d1,IMG_3999
fb_h4_k4_mall_d1,IMG_4005
fb_h4_k4_mall_d1,IMG_2025
fb_h4_k4_mall_d1,IMG_4034
fb_h4_k4_mall_d1,IMG_3983
fb_h4_k4_mall_d1,IMG_2026
fb_h4_k4_mall_d1,IMG_1958
fb_h4_k4_mall_d1,IMG_2012
fb_h4_k4_mall_d1,IMG_1925
fb_h4_k4_mall_d1,IMG_1961
fb_h4_k4_mall_d1,IMG_4020
fb_h4_k4_mall_d1,IMG_2042
fb_h4_k4_mall_d1,IMG_2048
fb_h4_k4_mall_d1,IMG_4024
fb_h4_k4_mall_d1,IMG_2030
fb_h4_k4_mall_d1,IMG_3925
fb_h4_k4_mall_d1,IMG_4014
fb_h4_k4_mall_d1,IMG_3931
fb_h4_k4_mall_d1,IMG_1913
fb_h4_k4_mall_d1,IMG_2049
fb_h4_k4_mall_d1,IMG_4019
fb_h4_k4_mall_d1,IMG_1924
fb_h4_k4_mall_d1,IMG_1912
fb_h4_k4_mall_d1,IMG_3976
fb_h4_k4_mall_d1,IMG_3962
fb_h4_k4_mall_d1,IMG_1964
fb_h4_k4_mall_d1,IMG_3980
fb_h4_k4_mall_d1,IMG_3984
fb_h4_k4_mall_d1,IMG_2037
fb_h4_k4_mall_d1,IMG_3992
fb_h4_k4_mall_d1,IMG_1996
fb_h4_k4_mall_d1,IMG_4002
fb_h4_k4_mall_d1,IMG_3998
fb_h4_k4_mall_d1,IMG_3995
fb_h4_k4_mall_d1,IMG_2031
fb_h4_k4_mall_d1,IMG_3920
fb_h4_k4_mall_d1,IMG_3924
fb_h4_k4_mall_d1,IMG_1922
fb_h4_k4_mall_d1,IMG_3929
fb_h4_k4_mall_d1,IMG_1908
fb_h4_k4_mall_d1,IMG_2056
fb_h4_k4_mall_d1,IMG_3994
fb_h4_k4_mall_d1,IMG_2032
fb_h4_k4_mall_d1,IMG_1962
fb_h4_k4_mall_d1,IMG_3982
fb_h4_k4_mall_d1,IMG_3996
fb_h4_k4_mall_d1,IMG_3981
fb_h4_k4_mall_d1,IMG_4032
fb_h4_k4_mall_d1,IMG_1956
fb_h4_k4_mall_d1,IMG_1957
fb_h4_k4_mall_d1,IMG_3918
fb_h4_k4_mall_d1,IMG_4041
fb_h4_k4_mall_d1,IMG_2047
fb_h4_k4_mall_d1,IMG_1960
fb_h4_k4_mall_d1,IMG_4012
fb_h4_k4_mall_d1,IMG_2011
fb_h4_k4_mall_d1,IMG_2057
fb_h4_k4_mall_d1,IMG_4033
fb_h4_k4_mall_d1,IMG_1969
fb_h4_k4_mall_d1,IMG_3993
fb_h4_k4_mall_d1,IMG_1965
fb_h4_k4_mall_d1,IMG_3923
fb_h4_k4_mall_d1,IMG_2054
fb_h4_k4_mall_d1,IMG_3965
fb_h4_k4_mall_d1,IMG_2053
fb_h4_k4_mall_d1,IMG_3975
fb_h4_k4_mall_d1,IMG_9973
fb_h4_k4_mall_d1,IMG_9903
fb_h4_k4_mall_d1,IMG_9910
fb_h4_k4_mall_d1,IMG_9886
fb_h4_k4_mall_d1,IMG_9885
fb_h4_k4_mall_d1,IMG_9972
fb_h4_k4_mall_d1,IMG_9893
fb_h4_k4_mall_d1,IMG_9911
fb_h4_k4_mall_d1,IMG_9927
fb_h4_k4_mall_d1,IMG_9915
fb_h4_k4_mall_d1,IMG_9900
fb_h4_k4_mall_d1,IMG_9956
fb_h4_k4_mall_d1,IMG_9904
fb_h4_k4_mall_d1,IMG_9941
fb_h4_k4_mall_d1,IMG_9985
fb_h4_k4_mall_d1,IMG_9988
fb_h4_k4_mall_d1,IMG_9957
fb_h4_k4_mall_d1,IMG_9908
fb_h4_k4_mall_d1,IMG_9925
fb_h4_k4_mall_d1,IMG_9890
fb_h4_k4_mall_d1,IMG_9918
fb_h4_k4_mall_d1,IMG_9891
fb_h4_k4_mall_d1,IMG_9983
fb_h4_k4_mall_d1,IMG_9929
fb_h4_k4_mall_d1,IMG_9917
fb_h4_k4_mall_d1,IMG_9944
fb_h4_k4_mall_d1,IMG_9924
fb_h4_k4_mall_d1,IMG_9919
fb_h4_k4_mall_d1,IMG_9887
fb_h4_k4_mall_d1,IMG_9948
fb_h4_k4_mall_d1,IMG_9916
fb_h4_k4_mall_d1,IMG_9926
fb_h4_k4_mall_d1,IMG_9961
fb_h4_k4_mall_d1,IMG_9991
fb_h4_k4_mall_d1,IMG_9906
fb_h4_k4_mall_d1,IMG_9939
fb_h4_k4_mall_d1,IMG_9965
fb_h4_k4_mall_d1,IMG_9963
fb_h4_k4_mall_d1,IMG_9905
fb_h4_k4_mall_d1,IMG_9960
fb_h4_k4_mall_d1,IMG_9896
fb_h4_k4_mall_d1,IMG_9955
fb_h4_k4_mall_d1,IMG_9958
fb_h4_k4_mall_d1,IMG_9888
fb_h4_k4_mall_d1,IMG_9902
fb_h4_k4_mall_d1,IMG_9940
fb_h4_k4_mall_d1,IMG_9946
fb_h4_k4_mall_d1,IMG_9897
fb_h4_k4_mall_d1,IMG_9984
fb_h4_k4_mall_d1,IMG_9895
fb_h4_k4_mall_d1,IMG_9922
fb_h4_k4_mall_d1,IMG_9933
fb_h4_k4_mall_d1,IMG_9928
fb_h4_k4_mall_d1,IMG_9968
fb_h4_k4_mall_d1,IMG_9989
fb_h4_k4_mall_d1,IMG_9889
fb_h4_k4_mall_d1,IMG_9959
fb_h4_k4_mall_d1,IMG_9980
fb_h4_k4_mall_d1,IMG_9947
fb_h4_k4_mall_d1,IMG_9931
fb_h4_k4_mall_d1,IMG_9920
fb_h4_k4_mall_d1,IMG_9987
fb_h4_k4_mall_d1,IMG_9970
fb_h4_k4_mall_d1,IMG_9953
fb_h4_k4_mall_d1,IMG_9990
fb_h4_k4_mall_d1,IMG_9898
fb_h4_k4_mall_d1,IMG_9907
fb_h4_k4_mall_d1,IMG_9962
fb_h4_k4_mall_d1,IMG_9951
fb_h4_k4_mall_d1,IMG_9977
fb_h4_k4_mall_d1,IMG_9942
fb_h4_k4_mall_d1,IMG_9986
fb_h4_k4_mall_d1,IMG_9969
fb_h4_k4_mall_d1,IMG_9894
fb_h4_k4_mall_d1,IMG_9892
fb_h4_k4_mall_d1,IMG_9921
fb_h4_k4_mall_d1,IMG_9914-HEIC
fb_h4_k4_mall_d1,IMG_9899
fb_h4_k4_mall_d1,IMG_9923
fb_h4_k4_mall_d1,IMG_9912-HEIC
fb_h4_k4_mall_d1,IMG_9943
fb_h4_k4_mall_d1,IMG_9949
fb_h4_k4_mall_d1,IMG_2188-HEIC
fb_h4_k4_mall_d1,IMG_2175-HEIC
fb_h4_k4_mall_d1,IMG_2155-HEIC
fb_h4_k4_mall_d1,IMG_2213-HEIC
fb_h4_k4_mall_d1,IMG_2195-HEIC
fb_h4_k4_mall_d1,IMG_2154-HEIC
fb_h4_k4_mall_d1,IMG_2184-HEIC
fb_h4_k4_mall_d1,IMG_2182-HEIC
fb_h4_k4_mall_d1,IMG_2203-HEIC
fb_h4_k4_mall_d1,IMG_2187-HEIC
fb_h4_k4_mall_d1,IMG_2189-HEIC
fb_h4_k4_mall_d1,IMG_2204-HEIC
fb_h4_k4_mall_d1,IMG_2139-HEIC
fb_h4_k4_mall_d1,IMG_2179-HEIC
fb_h4_k4_mall_d1,IMG_2191-HEIC
fb_h4_k4_mall_d1,IMG_2169-HEIC
fb_h4_k4_mall_d1,IMG_2208-HEIC
fb_h4_k4_mall_d1,IMG_2216-HEIC
fb_h4_k4_mall_d1,IMG_2214-HEIC
fb_h4_k4_mall_d1,IMG_2201-HEIC
fb_h4_k4_mall_d1,IMG_2149-HEIC
fb_h4_k4_mall_d1,IMG_2156-HEIC
fb_h4_k4_mall_d1,IMG_2158-HEIC
fb_h4_k4_mall_d1,IMG_2193-HEIC
fb_h4_k4_mall_d1,IMG_2177-HEIC
fb_h4_k4_mall_d1,IMG_2176-HEIC
fb_h4_k4_mall_d1,IMG_2138-HEIC
fb_h4_k4_mall_d1,IMG_2151-HEIC
fb_h4_k4_mall_d1,IMG_2202-HEIC
fb_h4_k4_mall_d1,IMG_2185-HEIC
fb_h4_k4_mall_d1,IMG_2133-HEIC
fb_h4_k4_mall_d1,IMG_2131-HEIC
fb_h4_k4_mall_d1,IMG_2170-HEIC
fb_h4_k4_mall_d1,IMG_2168-HEIC
fb_h4_k4_mall_d1,IMG_2211-HEIC
fb_h4_k4_mall_d1,IMG_2183-HEIC
fb_h4_k4_mall_d1,IMG_2180-HEIC
fb_h4_k4_mall_d1,IMG_2152-HEIC
fb_h4_k4_mall_d1,IMG_2197-HEIC
fb_h4_k4_mall_d1,IMG_2159-HEIC
fb_h4_k4_mall_d1,IMG_2190-HEIC
fb_h4_k4_mall_d1,IMG_2199-HEIC
fb_h4_k4_mall_d1,IMG_2148-HEIC
fb_h4_k4_mall_d1,IMG_2174-HEIC
fb_h4_k4_mall_d1,IMG_2196-HEIC
fb_h4_k4_mall_d1,IMG_2132-HEIC
fb_h4_k4_mall_d1,IMG_2194-HEIC
fb_h4_k4_mall_d1,IMG_2198-HEIC
fb_h4_k4_mall_d1,IMG_2134-HEIC
fb_h4_k4_mall_d1,IMG_2153-HEIC
fb_h4_k4_mall_d1,IMG_2178-HEIC
fb_h4_k4_mall_d1,IMG_2205-HEIC
fb_h4_k4_mall_d1,IMG_2206-HEIC
fb_h4_k4_mall_d1,IMG_2150-HEIC
fb_h4_k4_mall_d1,IMG_2212-HEIC
fb_h4_k4_mall_d1,IMG_2181-HEIC
fb_h4_k4_mall_d1,IMG_2209-HEIC
fb_h4_k7_m15_d0,IMG_9951-HEIC
fb_h4_k7_m15_d0,IMG_9808
fb_h4_k7_m15_d0,IMG_9917-HEIC
fb_h4_k7_m15_d0,IMG_0034
fb_h4_k7_m15_d0,IMG_9783-HEIC
fb_h4_k7_m15_d0,IMG_9857
fb_h4_k7_m15_d0,IMG_0016
fb_h4_k7_m15_d0,IMG_9816
fb_h4_k7_m15_d0,IMG_9818
fb_h4_k7_m15_d0,IMG_9948-HEIC
fb_h4_k7_m15_d0,IMG_9784-HEIC
fb_h4_k7_m15_d0,IMG_0008
fb_h4_k7_m15_d0,IMG_9964
fb_h4_k7_m15_d0,IMG_9873
fb_h4_k7_m15_d0,IMG_0311
fb_h4_k7_m15_d0,IMG_2583-HEIC
fb_h4_k7_m15_d0,IMG_2592-HEIC
fb_h4_k7_m15_d0,IMG_2482-HEIC
fb_h4_k7_m15_d0,IMG_2580-HEIC
fb_h4_k7_m15_d0,IMG_2491-HEIC
fb_h4_k7_m15_d0,IMG_2596-HEIC
fb_h4_k7_m15_d0,IMG_2597-HEIC
fb_h4_k7_m15_d0,IMG_2594-HEIC
fb_h4_k7_m15_d0,IMG_2541-HEIC
fb_h4_k7_m15_d0,IMG_2569-HEIC
fb_h4_k7_m15_d0,IMG_2587-HEIC
fb_h4_k7_m15_d0,IMG_2567-HEIC
fb_h4_k7_m15_d0,IMG_2476-HEIC
fb_h4_k7_m15_d0,IMG_2576-HEIC
fb_h4_k7_m15_d0,IMG_2522-HEIC
fb_h4_k7_m15_d0,IMG_2131
fb_h4_k7_m15_d0,IMG_4064
fb_h4_k7_m15_d0,IMG_2079
fb_h4_k7_m15_d0,IMG_4179
fb_h4_k7_m15_d0,IMG_2132
fb_h4_k7_m15_d0,IMG_2075
fb_h4_k7_m15_d0,IMG_4144
fb_h4_k7_m15_d0,IMG_4165
fb_h4_k7_m15_d0,IMG_2080
fb_h4_k7_m15_d0,IMG_4194
fb_h4_k7_m15_d0,IMG_4068
fb_h4_k7_m15_d0,IMG_2095
fb_h4_k7_m15_d0,IMG_4118
fb_h4_k7_m15_d0,IMG_2103
fb_h4_k7_m15_d0,IMG_2104
fb_h4_k7_m15_d0,IMG_0116-HEIC
fb_h4_k7_m15_d0,IMG_0230
fb_h4_k7_m15_d0,IMG_0219
fb_h4_k7_m15_d0,IMG_0260
fb_h4_k7_m15_d0,IMG_0173
fb_h4_k7_m15_d0,IMG_0263
fb_h4_k7_m15_d0,IMG_0256
fb_h4_k7_m15_d0,IMG_0069
fb_h4_k7_m15_d0,IMG_0102
fb_h4_k7_m15_d0,IMG_0165
fb_h4_k7_m15_d0,IMG_0159
fb_h4_k7_m15_d0,IMG_0106-HEIC
fb_h4_k7_m15_d0,IMG_0218
fb_h4_k7_m15_d0,IMG_0204
fb_h4_k7_m15_d0,IMG_0078
fb_h4_k7_m15_d0,IMG_1959
fb_h4_k7_m15_d0,IMG_3997
fb_h4_k7_m15_d0,IMG_2015
fb_h4_k7_m15_d0,IMG_1970
fb_h4_k7_m15_d0,IMG_2046
fb_h4_k7_m15_d0,IMG_4031
fb_h4_k7_m15_d0,IMG_3923
fb_h4_k7_m15_d0,IMG_2012
fb_h4_k7_m15_d0,IMG_3983
fb_h4_k7_m15_d0,IMG_4014
fb_h4_k7_m15_d0,IMG_1928
fb_h4_k7_m15_d0,IMG_2057
fb_h4_k7_m15_d0,IMG_1964
fb_h4_k7_m15_d0,IMG_3996
fb_h4_k7_m15_d0,IMG_3982
fb_h4_k7_m15_d0,IMG_9961
fb_h4_k7_m15_d0,IMG_9923
fb_h4_k7_m15_d0,IMG_9984
fb_h4_k7_m15_d0,IMG_9953
fb_h4_k7_m15_d0,IMG_9943
fb_h4_k7_m15_d0,IMG_9893
fb_h4_k7_m15_d0,IMG_9894
fb_h4_k7_m15_d0,IMG_9890
fb_h4_k7_m15_d0,IMG_9914-HEIC
fb_h4_k7_m15_d0,IMG_9908
fb_h4_k7_m15_d0,IMG_9957
fb_h4_k7_m15_d0,IMG_9928
fb_h4_k7_m15_d0,IMG_9899
fb_h4_k7_m15_d0,IMG_9942
fb_h4_k7_m15_d0,IMG_9991
fb_h4_k7_m15_d0,IMG_2158-HEIC
fb_h4_k7_m15_d0,IMG_2209-HEIC
fb_h4_k7_m15_d0,IMG_2213-HEIC
fb_h4_k7_m15_d0,IMG_2184-HEIC
fb_h4_k7_m15_d0,IMG_2204-HEIC
fb_h4_k7_m15_d0,IMG_2212-HEIC
fb_h4_k7_m15_d0,IMG_2197-HEIC
fb_h4_k7_m15_d0,IMG_2138-HEIC
fb_h4_k7_m15_d0,IMG_2152-HEIC
fb_h4_k7_m15_d0,IMG_2214-HEIC
fb_h4_k7_m15_d0,IMG_2183-HEIC
fb_h4_k7_m15_d0,IMG_2179-HEIC
fb_h4_k7_m15_d0,IMG_2196-HEIC
fb_h4_k7_m15_d0,IMG_2201-HEIC
fb_h4_k7_m15_d0,IMG_2189-HEIC
fb_h4_k7_m50_d0,IMG_9951-HEIC
fb_h4_k7_m50_d0,IMG_9808
fb_h4_k7_m50_d0,IMG_9917-HEIC
fb_h4_k7_m50_d0,IMG_0034
fb_h4_k7_m50_d0,IMG_9783-HEIC
fb_h4_k7_m50_d0,IMG_9857
fb_h4_k7_m50_d0,IMG_0016
fb_h4_k7_m50_d0,IMG_9816
fb_h4_k7_m50_d0,IMG_9818
fb_h4_k7_m50_d0,IMG_9948-HEIC
fb_h4_k7_m50_d0,IMG_9784-HEIC
fb_h4_k7_m50_d0,IMG_0008
fb_h4_k7_m50_d0,IMG_9964
fb_h4_k7_m50_d0,IMG_9873
fb_h4_k7_m50_d0,IMG_0311
fb_h4_k7_m50_d0,IMG_9947-HEIC
fb_h4_k7_m50_d0,IMG_9819
fb_h4_k7_m50_d0,IMG_0439
fb_h4_k7_m50_d0,IMG_0398
fb_h4_k7_m50_d0,IMG_9832
fb_h4_k7_m50_d0,IMG_9771
fb_h4_k7_m50_d0,IMG_9821
fb_h4_k7_m50_d0,IMG_9840
fb_h4_k7_m50_d0,IMG_0387
fb_h4_k7_m50_d0,IMG_9869
fb_h4_k7_m50_d0,IMG_9998
fb_h4_k7_m50_d0,IMG_9859
fb_h4_k7_m50_d0,IMG_9971
fb_h4_k7_m50_d0,IMG_9773
fb_h4_k7_m50_d0,IMG_9978-HEIC
fb_h4_k7_m50_d0,IMG_9827
fb_h4_k7_m50_d0,IMG_0375
fb_h4_k7_m50_d0,IMG_9799
fb_h4_k7_m50_d0,IMG_9814
fb_h4_k7_m50_d0,IMG_9868-HEIC
fb_h4_k7_m50_d0,IMG_9810
fb_h4_k7_m50_d0,IMG_9767
fb_h4_k7_m50_d0,IMG_0328
fb_h4_k7_m50_d0,IMG_9858
fb_h4_k7_m50_d0,IMG_0370
fb_h4_k7_m50_d0,IMG_0364
fb_h4_k7_m50_d0,IMG_9918-HEIC
fb_h4_k7_m50_d0,IMG_9999
fb_h4_k7_m50_d0,IMG_9949-HEIC
fb_h4_k7_m50_d0,IMG_9879
fb_h4_k7_m50_d0,IMG_9865
fb_h4_k7_m50_d0,IMG_9866
fb_h4_k7_m50_d0,IMG_9839
fb_h4_k7_m50_d0,IMG_9838
fb_h4_k7_m50_d0,IMG_7016-HEIC
fb_h4_k7_m50_d0,IMG_2583-HEIC
fb_h4_k7_m50_d0,IMG_2592-HEIC
fb_h4_k7_m50_d0,IMG_2482-HEIC
fb_h4_k7_m50_d0,IMG_2580-HEIC
fb_h4_k7_m50_d0,IMG_2491-HEIC
fb_h4_k7_m50_d0,IMG_2596-HEIC
fb_h4_k7_m50_d0,IMG_2597-HEIC
fb_h4_k7_m50_d0,IMG_2594-HEIC
fb_h4_k7_m50_d0,IMG_2541-HEIC
fb_h4_k7_m50_d0,IMG_2569-HEIC
fb_h4_k7_m50_d0,IMG_2587-HEIC
fb_h4_k7_m50_d0,IMG_2567-HEIC
fb_h4_k7_m50_d0,IMG_2476-HEIC
fb_h4_k7_m50_d0,IMG_2576-HEIC
fb_h4_k7_m50_d0,IMG_2522-HEIC
fb_h4_k7_m50_d0,IMG_2477-HEIC
fb_h4_k7_m50_d0,IMG_2674-HEIC
fb_h4_k7_m50_d0,IMG_2577-HEIC
fb_h4_k7_m50_d0,IMG_2523-HEIC
fb_h4_k7_m50_d0,IMG_2638-HEIC
fb_h4_k7_m50_d0,IMG_2534-HEIC
fb_h4_k7_m50_d0,IMG_2495-HEIC
fb_h4_k7_m50_d0,IMG_2599-HEIC
fb_h4_k7_m50_d0,IMG_2588-HEIC
fb_h4_k7_m50_d0,IMG_2550-HEIC
fb_h4_k7_m50_d0,IMG_2538-HEIC
fb_h4_k7_m50_d0,IMG_2446-HEIC
fb_h4_k7_m50_d0,IMG_2480-HEIC
fb_h4_k7_m50_d0,IMG_2644-HEIC
fb_h4_k7_m50_d0,IMG_2590-HEIC
fb_h4_k7_m50_d0,IMG_2488-HEIC
fb_h4_k7_m50_d0,IMG_2395-HEIC
fb_h4_k7_m50_d0,IMG_2700-HEIC
fb_h4_k7_m50_d0,IMG_2533-HEIC
fb_h4_k7_m50_d0,IMG_2526-HEIC
fb_h4_k7_m50_d0,IMG_2585-HEIC
fb_h4_k7_m50_d0,IMG_2504-HEIC
fb_h4_k7_m50_d0,IMG_2537-HEIC
fb_h4_k7_m50_d0,IMG_2637-HEIC
fb_h4_k7_m50_d0,IMG_2582-HEIC
fb_h4_k7_m50_d0,IMG_2621-HEIC
fb_h4_k7_m50_d0,IMG_2540-HEIC
fb_h4_k7_m50_d0,IMG_2557-HEIC
fb_h4_k7_m50_d0,IMG_2494-HEIC
fb_h4_k7_m50_d0,IMG_2595-HEIC
fb_h4_k7_m50_d0,IMG_2520-HEIC
fb_h4_k7_m50_d0,IMG_2521-HEIC
fb_h4_k7_m50_d0,IMG_2493-HEIC
fb_h4_k7_m50_d0,IMG_2579-HEIC
fb_h4_k7_m50_d0,IMG_2525-HEIC
fb_h4_k7_m50_d0,IMG_2131
fb_h4_k7_m50_d0,IMG_4064
fb_h4_k7_m50_d0,IMG_2079
fb_h4_k7_m50_d0,IMG_4179
fb_h4_k7_m50_d0,IMG_2132
fb_h4_k7_m50_d0,IMG_2075
fb_h4_k7_m50_d0,IMG_4144
fb_h4_k7_m50_d0,IMG_4165
fb_h4_k7_m50_d0,IMG_2080
fb_h4_k7_m50_d0,IMG_4194
fb_h4_k7_m50_d0,IMG_4068
fb_h4_k7_m50_d0,IMG_2095
fb_h4_k7_m50_d0,IMG_4118
fb_h4_k7_m50_d0,IMG_2103
fb_h4_k7_m50_d0,IMG_2104
fb_h4_k7_m50_d0,IMG_4153
fb_h4_k7_m50_d0,IMG_4089
fb_h4_k7_m50_d0,IMG_2088
fb_h4_k7_m50_d0,IMG_2116
fb_h4_k7_m50_d0,IMG_4091
fb_h4_k7_m50_d0,IMG_2106
fb_h4_k7_m50_d0,IMG_2074
fb_h4_k7_m50_d0,IMG_2130
fb_h4_k7_m50_d0,IMG_4221
fb_h4_k7_m50_d0,IMG_4159
fb_h4_k7_m50_d0,IMG_4188
fb_h4_k7_m50_d0,IMG_2064
fb_h4_k7_m50_d0,IMG_4149
fb_h4_k7_m50_d0,IMG_2071
fb_h4_k7_m50_d0,IMG_4172
fb_h4_k7_m50_d0,IMG_4156
fb_h4_k7_m50_d0,IMG_2121
fb_h4_k7_m50_d0,IMG_4182
fb_h4_k7_m50_d0,IMG_4067
fb_h4_k7_m50_d0,IMG_4183
fb_h4_k7_m50_d0,IMG_4154
fb_h4_k7_m50_d0,IMG_4186
fb_h4_k7_m50_d0,IMG_2109
fb_h4_k7_m50_d0,IMG_2110
fb_h4_k7_m50_d0,IMG_4069
fb_h4_k7_m50_d0,IMG_4110
fb_h4_k7_m50_d0,IMG_4201
fb_h4_k7_m50_d0,IMG_4213
fb_h4_k7_m50_d0,IMG_4256
fb_h4_k7_m50_d0,IMG_4148
fb_h4_k7_m50_d0,IMG_4192
fb_h4_k7_m50_d0,IMG_4185
fb_h4_k7_m50_d0,IMG_2100
fb_h4_k7_m50_d0,IMG_4090
fb_h4_k7_m50_d0,IMG_4112
fb_h4_k7_m50_d0,IMG_0116-HEIC
fb_h4_k7_m50_d0,IMG_0230
fb_h4_k7_m50_d0,IMG_0219
fb_h4_k7_m50_d0,IMG_0260
fb_h4_k7_m50_d0,IMG_0173
fb_h4_k7_m50_d0,IMG_0263
fb_h4_k7_m50_d0,IMG_0256
fb_h4_k7_m50_d0,IMG_0069
fb_h4_k7_m50_d0,IMG_0102
fb_h4_k7_m50_d0,IMG_0165
fb_h4_k7_m50_d0,IMG_0159
fb_h4_k7_m50_d0,IMG_0106-HEIC
fb_h4_k7_m50_d0,IMG_0218
fb_h4_k7_m50_d0,IMG_0204
fb_h4_k7_m50_d0,IMG_0078
fb_h4_k7_m50_d0,IMG_0109-HEIC
fb_h4_k7_m50_d0,IMG_0220
fb_h4_k7_m50_d0,IMG_0185
fb_h4_k7_m50_d0,IMG_0090
fb_h4_k7_m50_d0,IMG_0111-HEIC
fb_h4_k7_m50_d0,IMG_0262
fb_h4_k7_m50_d0,IMG_0077
fb_h4_k7_m50_d0,IMG_0105-HEIC
fb_h4_k7_m50_d0,IMG_0148
fb_h4_k7_m50_d0,IMG_0267
fb_h4_k7_m50_d0,IMG_0179
fb_h4_k7_m50_d0,IMG_0175
fb_h4_k7_m50_d0,IMG_0108-HEIC
fb_h4_k7_m50_d0,IMG_0074
fb_h4_k7_m50_d0,IMG_0279
fb_h4_k7_m50_d0,IMG_0072
fb_h4_k7_m50_d0,IMG_0084
fb_h4_k7_m50_d0,IMG_0235
fb_h4_k7_m50_d0,IMG_0211
fb_h4_k7_m50_d0,IMG_0182-HEIC
fb_h4_k7_m50_d0,IMG_0142
fb_h4_k7_m50_d0,IMG_0073
fb_h4_k7_m50_d0,IMG_0083-HEIC
fb_h4_k7_m50_d0,IMG_0273
fb_h4_k7_m50_d0,IMG_0198
fb_h4_k7_m50_d0,IMG_0209
fb_h4_k7_m50_d0,IMG_0095
fb_h4_k7_m50_d0,IMG_0177
fb_h4_k7_m50_d0,IMG_0091
fb_h4_k7_m50_d0,IMG_0187-HEIC
fb_h4_k7_m50_d0,IMG_0184
fb_h4_k7_m50_d0,IMG_0104-HEIC
fb_h4_k7_m50_d0,IMG_0284
fb_h4_k7_m50_d0,IMG_0080
fb_h4_k7_m50_d0,IMG_0070
fb_h4_k7_m50_d0,IMG_1959
fb_h4_k7_m50_d0,IMG_3997
fb_h4_k7_m50_d0,IMG_2015
fb_h4_k7_m50_d0,IMG_1970
fb_h4_k7_m50_d0,IMG_2046
fb_h4_k7_m50_d0,IMG_4031
fb_h4_k7_m50_d0,IMG_3923
fb_h4_k7_m50_d0,IMG_2012
fb_h4_k7_m50_d0,IMG_3983
fb_h4_k7_m50_d0,IMG_4014
fb_h4_k7_m50_d0,IMG_1928
fb_h4_k7_m50_d0,IMG_2057
fb_h4_k7_m50_d0,IMG_1964
fb_h4_k7_m50_d0,IMG_3996
fb_h4_k7_m50_d0,IMG_3982
fb_h4_k7_m50_d0,IMG_2038
fb_h4_k7_m50_d0,IMG_2031
fb_h4_k7_m50_d0,IMG_2040
fb_h4_k7_m50_d0,IMG_4032
fb_h4_k7_m50_d0,IMG_2054
fb_h4_k7_m50_d0,IMG_2047
fb_h4_k7_m50_d0,IMG_3965
fb_h4_k7_m50_d0,IMG_3977
fb_h4_k7_m50_d0,IMG_1962
fb_h4_k7_m50_d0,IMG_4015
fb_h4_k7_m50_d0,IMG_3918
fb_h4_k7_m50_d0,IMG_2019
fb_h4_k7_m50_d0,IMG_1999
fb_h4_k7_m50_d0,IMG_3924
fb_h4_k7_m50_d0,IMG_2025
fb_h4_k7_m50_d0,IMG_3928
fb_h4_k7_m50_d0,IMG_4005
fb_h4_k7_m50_d0,IMG_2042
fb_h4_k7_m50_d0,IMG_3994
fb_h4_k7_m50_d0,IMG_1908
fb_h4_k7_m50_d0,IMG_2024
fb_h4_k7_m50_d0,IMG_4019
fb_h4_k7_m50_d0,IMG_3975
fb_h4_k7_m50_d0,IMG_3962
fb_h4_k7_m50_d0,IMG_4011
fb_h4_k7_m50_d0,IMG_2011
fb_h4_k7_m50_d0,IMG_2014
fb_h4_k7_m50_d0,IMG_2013
fb_h4_k7_m50_d0,IMG_4041
fb_h4_k7_m50_d0,IMG_4053
fb_h4_k7_m50_d0,IMG_3931
fb_h4_k7_m50_d0,IMG_1969
fb_h4_k7_m50_d0,IMG_4058
fb_h4_k7_m50_d0,IMG_1913
fb_h4_k7_m50_d0,IMG_3925
fb_h4_k7_m50_d0,IMG_9961
fb_h4_k7_m50_d0,IMG_9923
fb_h4_k7_m50_d0,IMG_9984
fb_h4_k7_m50_d0,IMG_9953
fb_h4_k7_m50_d0,IMG_9943
fb_h4_k7_m50_d0,IMG_9893
fb_h4_k7_m50_d0,IMG_9894
fb_h4_k7_m50_d0,IMG_9890
fb_h4_k7_m50_d0,IMG_9914-HEIC
fb_h4_k7_m50_d0,IMG_9908
fb_h4_k7_m50_d0,IMG_9957
fb_h4_k7_m50_d0,IMG_9928
fb_h4_k7_m50_d0,IMG_9899
fb_h4_k7_m50_d0,IMG_9942
fb_h4_k7_m50_d0,IMG_9991
fb_h4_k7_m50_d0,IMG_9965
fb_h4_k7_m50_d0,IMG_9902
fb_h4_k7_m50_d0,IMG_9948
fb_h4_k7_m50_d0,IMG_9929
fb_h4_k7_m50_d0,IMG_9988
fb_h4_k7_m50_d0,IMG_9941
fb_h4_k7_m50_d0,IMG_9985
fb_h4_k7_m50_d0,IMG_9931
fb_h4_k7_m50_d0,IMG_9927
fb_h4_k7_m50_d0,IMG_9933
fb_h4_k7_m50_d0,IMG_9912-HEIC
fb_h4_k7_m50_d0,IMG_9925
fb_h4_k7_m50_d0,IMG_9968
fb_h4_k7_m50_d0,IMG_9903
fb_h4_k7_m50_d0,IMG_9987
fb_h4_k7_m50_d0,IMG_9922
fb_h4_k7_m50_d0,IMG_9958
fb_h4_k7_m50_d0,IMG_9905
fb_h4_k7_m50_d0,IMG_9983
fb_h4_k7_m50_d0,IMG_9969
fb_h4_k7_m50_d0,IMG_9911
fb_h4_k7_m50_d0,IMG_9970
fb_h4_k7_m50_d0,IMG_9907
fb_h4_k7_m50_d0,IMG_9972
fb_h4_k7_m50_d0,IMG_9910
fb_h4_k7_m50_d0,IMG_9920
fb_h4_k7_m50_d0,IMG_9939
fb_h4_k7_m50_d0,IMG_9940
fb_h4_k7_m50_d0,IMG_9944
fb_h4_k7_m50_d0,IMG_9896
fb_h4_k7_m50_d0,IMG_9888
fb_h4_k7_m50_d0,IMG_9963
fb_h4_k7_m50_d0,IMG_9959
fb_h4_k7_m50_d0,IMG_9886
fb_h4_k7_m50_d0,IMG_9917
fb_h4_k7_m50_d0,IMG_2158-HEIC
fb_h4_k7_m50_d0,IMG_2209-HEIC
fb_h4_k7_m50_d0,IMG_2213-HEIC
fb_h4_k7_m50_d0,IMG_2184-HEIC
fb_h4_k7_m50_d0,IMG_2204-HEIC
fb_h4_k7_m50_d0,IMG_2212-HEIC
fb_h4_k7_m50_d0,IMG_2197-HEIC
fb_h4_k7_m50_d0,IMG_2138-HEIC
fb_h4_k7_m50_d0,IMG_2152-HEIC
fb_h4_k7_m50_d0,IMG_2214-HEIC
fb_h4_k7_m50_d0,IMG_2183-HEIC
fb_h4_k7_m50_d0,IMG_2179-HEIC
fb_h4_k7_m50_d0,IMG_2196-HEIC
fb_h4_k7_m50_d0,IMG_2201-HEIC
fb_h4_k7_m50_d0,IMG_2189-HEIC
fb_h4_k7_m50_d0,IMG_2188-HEIC
fb_h4_k7_m50_d0,IMG_2177-HEIC
fb_h4_k7_m50_d0,IMG_2153-HEIC
fb_h4_k7_m50_d0,IMG_2205-HEIC
fb_h4_k7_m50_d0,IMG_2175-HEIC
fb_h4_k7_m50_d0,IMG_2203-HEIC
fb_h4_k7_m50_d0,IMG_2198-HEIC
fb_h4_k7_m50_d0,IMG_2149-HEIC
fb_h4_k7_m50_d0,IMG_2139-HEIC
fb_h4_k7_m50_d0,IMG_2154-HEIC
fb_h4_k7_m50_d0,IMG_2169-HEIC
fb_h4_k7_m50_d0,IMG_2211-HEIC
fb_h4_k7_m50_d0,IMG_2187-HEIC
fb_h4_k7_m50_d0,IMG_2132-HEIC
fb_h4_k7_m50_d0,IMG_2156-HEIC
fb_h4_k7_m50_d0,IMG_2178-HEIC
fb_h4_k7_m50_d0,IMG_2174-HEIC
fb_h4_k7_m50_d0,IMG_2151-HEIC
fb_h4_k7_m50_d0,IMG_2199-HEIC
fb_h4_k7_m50_d0,IMG_2180-HEIC
fb_h4_k7_m50_d0,IMG_2194-HEIC
fb_h4_k7_m50_d0,IMG_2202-HEIC
fb_h4_k7_m50_d0,IMG_2195-HEIC
fb_h4_k7_m50_d0,IMG_2193-HEIC
fb_h4_k7_m50_d0,IMG_2190-HEIC
fb_h4_k7_m50_d0,IMG_2148-HEIC
fb_h4_k7_m50_d0,IMG_2159-HEIC
fb_h4_k7_m50_d0,IMG_2133-HEIC
fb_h4_k7_m50_d0,IMG_2208-HEIC
fb_h4_k7_m50_d0,IMG_2206-HEIC
fb_h4_k7_m50_d0,IMG_2168-HEIC
fb_h4_k7_m50_d0,IMG_2170-HEIC
fb_h4_k7_m50_d0,IMG_2185-HEIC
fb_h4_k7_m50_d0,IMG_2216-HEIC
fb_h4_k7_m50_d0,IMG_2155-HEIC
fb_h4_k7_mall_d0,IMG_9951-HEIC
fb_h4_k7_mall_d0,IMG_9808
fb_h4_k7_mall_d0,IMG_9917-HEIC
fb_h4_k7_mall_d0,IMG_0034
fb_h4_k7_mall_d0,IMG_9783-HEIC
fb_h4_k7_mall_d0,IMG_9857
fb_h4_k7_mall_d0,IMG_0016
fb_h4_k7_mall_d0,IMG_9816
fb_h4_k7_mall_d0,IMG_9818
fb_h4_k7_mall_d0,IMG_9948-HEIC
fb_h4_k7_mall_d0,IMG_9784-HEIC
fb_h4_k7_mall_d0,IMG_0008
fb_h4_k7_mall_d0,IMG_9964
fb_h4_k7_mall_d0,IMG_9873
fb_h4_k7_mall_d0,IMG_0311
fb_h4_k7_mall_d0,IMG_9947-HEIC
fb_h4_k7_mall_d0,IMG_9819
fb_h4_k7_mall_d0,IMG_0439
fb_h4_k7_mall_d0,IMG_0398
fb_h4_k7_mall_d0,IMG_9832
fb_h4_k7_mall_d0,IMG_9771
fb_h4_k7_mall_d0,IMG_9821
fb_h4_k7_mall_d0,IMG_9840
fb_h4_k7_mall_d0,IMG_0387
fb_h4_k7_mall_d0,IMG_9869
fb_h4_k7_mall_d0,IMG_9998
fb_h4_k7_mall_d0,IMG_9859
fb_h4_k7_mall_d0,IMG_9971
fb_h4_k7_mall_d0,IMG_9773
fb_h4_k7_mall_d0,IMG_9978-HEIC
fb_h4_k7_mall_d0,IMG_9827
fb_h4_k7_mall_d0,IMG_0375
fb_h4_k7_mall_d0,IMG_9799
fb_h4_k7_mall_d0,IMG_9814
fb_h4_k7_mall_d0,IMG_9868-HEIC
fb_h4_k7_mall_d0,IMG_9810
fb_h4_k7_mall_d0,IMG_9767
fb_h4_k7_mall_d0,IMG_0328
fb_h4_k7_mall_d0,IMG_9858
fb_h4_k7_mall_d0,IMG_0370
fb_h4_k7_mall_d0,IMG_0364
fb_h4_k7_mall_d0,IMG_9918-HEIC
fb_h4_k7_mall_d0,IMG_9999
fb_h4_k7_mall_d0,IMG_9949-HEIC
fb_h4_k7_mall_d0,IMG_9879
fb_h4_k7_mall_d0,IMG_9865
fb_h4_k7_mall_d0,IMG_9866
fb_h4_k7_mall_d0,IMG_9839
fb_h4_k7_mall_d0,IMG_9838
fb_h4_k7_mall_d0,IMG_7016-HEIC
fb_h4_k7_mall_d0,IMG_9989-HEIC
fb_h4_k7_mall_d0,IMG_9915-HEIC
fb_h4_k7_mall_d0,IMG_0051
fb_h4_k7_mall_d0,IMG_7021
fb_h4_k7_mall_d0,IMG_9805
fb_h4_k7_mall_d0,IMG_9769
fb_h4_k7_mall_d0,IMG_9763
fb_h4_k7_mall_d0,IMG_9804
fb_h4_k7_mall_d0,IMG_9844
fb_h4_k7_mall_d0,IMG_9806
fb_h4_k7_mall_d0,IMG_9905-HEIC
fb_h4_k7_mall_d0,IMG_0358
fb_h4_k7_mall_d0,IMG_9812
fb_h4_k7_mall_d0,IMG_0003
fb_h4_k7_mall_d0,IMG_0457
fb_h4_k7_mall_d0,IMG_9985-HEIC
fb_h4_k7_mall_d0,IMG_9979-HEIC
fb_h4_k7_mall_d0,IMG_9833
fb_h4_k7_mall_d0,IMG_9911-HEIC
fb_h4_k7_mall_d0,IMG_0404
fb_h4_k7_mall_d0,IMG_9775
fb_h4_k7_mall_d0,IMG_9966
fb_h4_k7_mall_d0,IMG_0040
fb_h4_k7_mall_d0,IMG_9916-HEIC
fb_h4_k7_mall_d0,IMG_9828
fb_h4_k7_mall_d0,IMG_9825
fb_h4_k7_mall_d0,IMG_9765
fb_h4_k7_mall_d0,IMG_9864
fb_h4_k7_mall_d0,IMG_0433
fb_h4_k7_mall_d0,IMG_9800
fb_h4_k7_mall_d0,IMG_0346
fb_h4_k7_mall_d0,IMG_9823
fb_h4_k7_mall_d0,IMG_0410
fb_h4_k7_mall_d0,IMG_0340
fb_h4_k7_mall_d0,IMG_9801
fb_h4_k7_mall_d0,IMG_9907-HEIC
fb_h4_k7_mall_d0,IMG_9807
fb_h4_k7_mall_d0,IMG_9829
fb_h4_k7_mall_d0,IMG_0291
fb_h4_k7_mall_d0,IMG_0427
fb_h4_k7_mall_d0,IMG_9906-HEIC
fb_h4_k7_mall_d0,IMG_0300
fb_h4_k7_mall_d0,IMG_0305
fb_h4_k7_mall_d0,IMG_0028
fb_h4_k7_mall_d0,IMG_9876
fb_h4_k7_mall_d0,IMG_9826
fb_h4_k7_mall_d0,IMG_0444
fb_h4_k7_mall_d0,IMG_9822
fb_h4_k7_mall_d0,IMG_9820
fb_h4_k7_mall_d0,IMG_9955-HEIC
fb_h4_k7_mall_d0,IMG_9909-HEIC
fb_h4_k7_mall_d0,IMG_9938
fb_h4_k7_mall_d0,IMG_0046
fb_h4_k7_mall_d0,IMG_9880
fb_h4_k7_mall_d0,IMG_9811
fb_h4_k7_mall_d0,IMG_9809
fb_h4_k7_mall_d0,IMG_9870
fb_h4_k7_mall_d0,IMG_9777
fb_h4_k7_mall_d0,IMG_9920-HEIC
fb_h4_k7_mall_d0,IMG_9766
fb_h4_k7_mall_d0,IMG_0421
fb_h4_k7_mall_d0,IMG_0450
fb_h4_k7_mall_d0,IMG_9854
fb_h4_k7_mall_d0,IMG_9982-HEIC
fb_h4_k7_mall_d0,IMG_9768
fb_h4_k7_mall_d0,IMG_9981-HEIC
fb_h4_k7_mall_d0,IMG_9875
fb_h4_k7_mall_d0,IMG_9997
fb_h4_k7_mall_d0,IMG_9813
fb_h4_k7_mall_d0,IMG_9764
fb_h4_k7_mall_d0,IMG_9834
fb_h4_k7_mall_d0,IMG_0416
fb_h4_k7_mall_d0,IMG_9843
fb_h4_k7_mall_d0,IMG_9842
fb_h4_k7_mall_d0,IMG_9874
fb_h4_k7_mall_d0,IMG_9861-HEIC
fb_h4_k7_mall_d0,IMG_9770
fb_h4_k7_mall_d0,IMG_9774
fb_h4_k7_mall_d0,IMG_0323
fb_h4_k7_mall_d0,IMG_0002
fb_h4_k7_mall_d0,IMG_0351
fb_h4_k7_mall_d0,IMG_9803
fb_h4_k7_mall_d0,IMG_9881
fb_h4_k7_mall_d0,IMG_0393
fb_h4_k7_mall_d0,IMG_9848
fb_h4_k7_mall_d0,IMG_9779-HEIC
fb_h4_k7_mall_d0,IMG_9984-HEIC
fb_h4_k7_mall_d0,IMG_9867
fb_h4_k7_mall_d0,IMG_0381
fb_h4_k7_mall_d0,IMG_9836
fb_h4_k7_mall_d0,IMG_9990-HEIC
fb_h4_k7_mall_d0,IMG_2583-HEIC
fb_h4_k7_mall_d0,IMG_2592-HEIC
fb_h4_k7_mall_d0,IMG_2482-HEIC
fb_h4_k7_mall_d0,IMG_2580-HEIC
fb_h4_k7_mall_d0,IMG_2491-HEIC
fb_h4_k7_mall_d0,IMG_2596-HEIC
fb_h4_k7_mall_d0,IMG_2597-HEIC
fb_h4_k7_mall_d0,IMG_2594-HEIC
fb_h4_k7_mall_d0,IMG_2541-HEIC
fb_h4_k7_mall_d0,IMG_2569-HEIC
fb_h4_k7_mall_d0,IMG_2587-HEIC
fb_h4_k7_mall_d0,IMG_2567-HEIC
fb_h4_k7_mall_d0,IMG_2476-HEIC
fb_h4_k7_mall_d0,IMG_2576-HEIC
fb_h4_k7_mall_d0,IMG_2522-HEIC
fb_h4_k7_mall_d0,IMG_2477-HEIC
fb_h4_k7_mall_d0,IMG_2674-HEIC
fb_h4_k7_mall_d0,IMG_2577-HEIC
fb_h4_k7_mall_d0,IMG_2523-HEIC
fb_h4_k7_mall_d0,IMG_2638-HEIC
fb_h4_k7_mall_d0,IMG_2534-HEIC
fb_h4_k7_mall_d0,IMG_2495-HEIC
fb_h4_k7_mall_d0,IMG_2599-HEIC
fb_h4_k7_mall_d0,IMG_2588-HEIC
fb_h4_k7_mall_d0,IMG_2550-HEIC
fb_h4_k7_mall_d0,IMG_2538-HEIC
fb_h4_k7_mall_d0,IMG_2446-HEIC
fb_h4_k7_mall_d0,IMG_2480-HEIC
fb_h4_k7_mall_d0,IMG_2644-HEIC
fb_h4_k7_mall_d0,IMG_2590-HEIC
fb_h4_k7_mall_d0,IMG_2488-HEIC
fb_h4_k7_mall_d0,IMG_2395-HEIC
fb_h4_k7_mall_d0,IMG_2700-HEIC
fb_h4_k7_mall_d0,IMG_2533-HEIC
fb_h4_k7_mall_d0,IMG_2526-HEIC
fb_h4_k7_mall_d0,IMG_2585-HEIC
fb_h4_k7_mall_d0,IMG_2504-HEIC
fb_h4_k7_mall_d0,IMG_2537-HEIC
fb_h4_k7_mall_d0,IMG_2637-HEIC
fb_h4_k7_mall_d0,IMG_2582-HEIC
fb_h4_k7_mall_d0,IMG_2621-HEIC
fb_h4_k7_mall_d0,IMG_2540-HEIC
fb_h4_k7_mall_d0,IMG_2557-HEIC
fb_h4_k7_mall_d0,IMG_2494-HEIC
fb_h4_k7_mall_d0,IMG_2595-HEIC
fb_h4_k7_mall_d0,IMG_2520-HEIC
fb_h4_k7_mall_d0,IMG_2521-HEIC
fb_h4_k7_mall_d0,IMG_2493-HEIC
fb_h4_k7_mall_d0,IMG_2579-HEIC
fb_h4_k7_mall_d0,IMG_2525-HEIC
fb_h4_k7_mall_d0,IMG_2542-HEIC
fb_h4_k7_mall_d0,IMG_2643-HEIC
fb_h4_k7_mall_d0,IMG_2635-HEIC
fb_h4_k7_mall_d0,IMG_2660-HEIC
fb_h4_k7_mall_d0,IMG_2496-HEIC
fb_h4_k7_mall_d0,IMG_2634-HEIC
fb_h4_k7_mall_d0,IMG_2604-HEIC
fb_h4_k7_mall_d0,IMG_2598-HEIC
fb_h4_k7_mall_d0,IMG_2489-HEIC
fb_h4_k7_mall_d0,IMG_2584-HEIC
fb_h4_k7_mall_d0,IMG_2539-HEIC
fb_h4_k7_mall_d0,IMG_2570-HEIC
fb_h4_k7_mall_d0,IMG_2481-HEIC
fb_h4_k7_mall_d0,IMG_2566-HEIC
fb_h4_k7_mall_d0,IMG_2417-HEIC
fb_h4_k7_mall_d0,IMG_2680-HEIC
fb_h4_k7_mall_d0,IMG_2535-HEIC
fb_h4_k7_mall_d0,IMG_2586-HEIC
fb_h4_k7_mall_d0,IMG_2452-HEIC
fb_h4_k7_mall_d0,IMG_2701-HEIC
fb_h4_k7_mall_d0,IMG_2581-HEIC
fb_h4_k7_mall_d0,IMG_2615-HEIC
fb_h4_k7_mall_d0,IMG_2666-HEIC
fb_h4_k7_mall_d0,IMG_2591-HEIC
fb_h4_k7_mall_d0,IMG_2616-HEIC
fb_h4_k7_mall_d0,IMG_2593-HEIC
fb_h4_k7_mall_d0,IMG_2619-HEIC
fb_h4_k7_mall_d0,IMG_2475-HEIC
fb_h4_k7_mall_d0,IMG_2564-HEIC
fb_h4_k7_mall_d0,IMG_2620-HEIC
fb_h4_k7_mall_d0,IMG_2648-HEIC
fb_h4_k7_mall_d0,IMG_2589-HEIC
fb_h4_k7_mall_d0,IMG_2686-HEIC
fb_h4_k7_mall_d0,IMG_2654-HEIC
fb_h4_k7_mall_d0,IMG_2519-HEIC
fb_h4_k7_mall_d0,IMG_2617-HEIC
fb_h4_k7_mall_d0,IMG_2610-HEIC
fb_h4_k7_mall_d0,IMG_2618-HEIC
fb_h4_k7_mall_d0,IMG_2572-HEIC
fb_h4_k7_mall_d0,IMG_2524-HEIC
fb_h4_k7_mall_d0,IMG_2647-HEIC
fb_h4_k7_mall_d0,IMG_2492-HEIC
fb_h4_k7_mall_d0,IMG_2603-HEIC
fb_h4_k7_mall_d0,IMG_2513-HEIC
fb_h4_k7_mall_d0,IMG_2646-HEIC
fb_h4_k7_mall_d0,IMG_2636-HEIC
fb_h4_k7_mall_d0,IMG_2545-HEIC
fb_h4_k7_mall_d0,IMG_2600-HEIC
fb_h4_k7_mall_d0,IMG_2478-HEIC
fb_h4_k7_mall_d0,IMG_2578-HEIC
fb_h4_k7_mall_d0,IMG_2571-HEIC
fb_h4_k7_mall_d0,IMG_2536-HEIC
fb_h4_k7_mall_d0,IMG_2131
fb_h4_k7_mall_d0,IMG_4064
fb_h4_k7_mall_d0,IMG_2079
fb_h4_k7_mall_d0,IMG_4179
fb_h4_k7_mall_d0,IMG_2132
fb_h4_k7_mall_d0,IMG_2075
fb_h4_k7_mall_d0,IMG_4144
fb_h4_k7_mall_d0,IMG_4165
fb_h4_k7_mall_d0,IMG_2080
fb_h4_k7_mall_d0,IMG_4194
fb_h4_k7_mall_d0,IMG_4068
fb_h4_k7_mall_d0,IMG_2095
fb_h4_k7_mall_d0,IMG_4118
fb_h4_k7_mall_d0,IMG_2103
fb_h4_k7_mall_d0,IMG_2104
fb_h4_k7_mall_d0,IMG_4153
fb_h4_k7_mall_d0,IMG_4089
fb_h4_k7_mall_d0,IMG_2088
fb_h4_k7_mall_d0,IMG_2116
fb_h4_k7_mall_d0,IMG_4091
fb_h4_k7_mall_d0,IMG_2106
fb_h4_k7_mall_d0,IMG_2074
fb_h4_k7_mall_d0,IMG_2130
fb_h4_k7_mall_d0,IMG_4221
fb_h4_k7_mall_d0,IMG_4159
fb_h4_k7_mall_d0,IMG_4188
fb_h4_k7_mall_d0,IMG_2064
fb_h4_k7_mall_d0,IMG_4149
fb_h4_k7_mall_d0,IMG_2071
fb_h4_k7_mall_d0,IMG_4172
fb_h4_k7_mall_d0,IMG_4156
fb_h4_k7_mall_d0,IMG_2121
fb_h4_k7_mall_d0,IMG_4182
fb_h4_k7_mall_d0,IMG_4067
fb_h4_k7_mall_d0,IMG_4183
fb_h4_k7_mall_d0,IMG_4154
fb_h4_k7_mall_d0,IMG_4186
fb_h4_k7_mall_d0,IMG_2109
fb_h4_k7_mall_d0,IMG_2110
fb_h4_k7_mall_d0,IMG_4069
fb_h4_k7_mall_d0,IMG_4110
fb_h4_k7_mall_d0,IMG_4201
fb_h4_k7_mall_d0,IMG_4213
fb_h4_k7_mall_d0,IMG_4256
fb_h4_k7_mall_d0,IMG_4148
fb_h4_k7_mall_d0,IMG_4192
fb_h4_k7_mall_d0,IMG_4185
fb_h4_k7_mall_d0,IMG_2100
fb_h4_k7_mall_d0,IMG_4090
fb_h4_k7_mall_d0,IMG_4112
fb_h4_k7_mall_d0,IMG_4187
fb_h4_k7_mall_d0,IMG_4164
fb_h4_k7_mall_d0,IMG_4088
fb_h4_k7_mall_d0,IMG_4168
fb_h4_k7_mall_d0,IMG_2084
fb_h4_k7_mall_d0,IMG_4162
fb_h4_k7_mall_d0,IMG_4114
fb_h4_k7_mall_d0,IMG_2060
fb_h4_k7_mall_d0,IMG_2105
fb_h4_k7_mall_d0,IMG_2070
fb_h4_k7_mall_d0,IMG_4170
fb_h4_k7_mall_d0,IMG_4120
fb_h4_k7_mall_d0,IMG_4169
fb_h4_k7_mall_d0,IMG_2078
fb_h4_k7_mall_d0,IMG_2122
fb_h4_k7_mall_d0,IMG_4103
fb_h4_k7_mall_d0,IMG_4104
fb_h4_k7_mall_d0,IMG_4106
fb_h4_k7_mall_d0,IMG_2115
fb_h4_k7_mall_d0,IMG_4072
fb_h4_k7_mall_d0,IMG_2082
fb_h4_k7_mall_d0,IMG_4070
fb_h4_k7_mall_d0,IMG_4147
fb_h4_k7_mall_d0,IMG_4193
fb_h4_k7_mall_d0,IMG_2067
fb_h4_k7_mall_d0,IMG_4190
fb_h4_k7_mall_d0,IMG_2134
fb_h4_k7_mall_d0,IMG_2120
fb_h4_k7_mall_d0,IMG_4113
fb_h4_k7_mall_d0,IMG_2077
fb_h4_k7_mall_d0,IMG_4116
fb_h4_k7_mall_d0,IMG_4098
fb_h4_k7_mall_d0,IMG_2102
fb_h4_k7_mall_d0,IMG_4065
fb_h4_k7_mall_d0,IMG_4161
fb_h4_k7_mall_d0,IMG_4220
fb_h4_k7_mall_d0,IMG_4066
fb_h4_k7_mall_d0,IMG_2085
fb_h4_k7_mall_d0,IMG_4203
fb_h4_k7_mall_d0,IMG_2135
fb_h4_k7_mall_d0,IMG_4157
fb_h4_k7_mall_d0,IMG_4176
fb_h4_k7_mall_d0,IMG_4155
fb_h4_k7_mall_d0,IMG_4189
fb_h4_k7_mall_d0,IMG_4105
fb_h4_k7_mall_d0,IMG_4073
fb_h4_k7_mall_d0,IMG_4219
fb_h4_k7_mall_d0,IMG_4178
fb_h4_k7_mall_d0,IMG_4181
fb_h4_k7_mall_d0,IMG_2117
fb_h4_k7_mall_d0,IMG_4184
fb_h4_k7_mall_d0,IMG_4096
fb_h4_k7_mall_d0,IMG_4218
fb_h4_k7_mall_d0,IMG_2073
fb_h4_k7_mall_d0,IMG_4262
fb_h4_k7_mall_d0,IMG_2063
fb_h4_k7_mall_d0,IMG_2101
fb_h4_k7_mall_d0,IMG_4146
fb_h4_k7_mall_d0,IMG_4075
fb_h4_k7_mall_d0,IMG_2058
fb_h4_k7_mall_d0,IMG_4163
fb_h4_k7_mall_d0,IMG_4109
fb_h4_k7_mall_d0,IMG_2061
fb_h4_k7_mall_d0,IMG_2062
fb_h4_k7_mall_d0,IMG_2068
fb_h4_k7_mall_d0,IMG_2059
fb_h4_k7_mall_d0,IMG_2069
fb_h4_k7_mall_d0,IMG_2072
fb_h4_k7_mall_d0,IMG_2133
fb_h4_k7_mall_d0,IMG_4095
fb_h4_k7_mall_d0,IMG_2119
fb_h4_k7_mall_d0,IMG_4134
fb_h4_k7_mall_d0,IMG_4200
fb_h4_k7_mall_d0,IMG_4143
fb_h4_k7_mall_d0,IMG_4151
fb_h4_k7_mall_d0,IMG_4111
fb_h4_k7_mall_d0,IMG_2076
fb_h4_k7_mall_d0,IMG_2107
fb_h4_k7_mall_d0,IMG_2066
fb_h4_k7_mall_d0,IMG_4123
fb_h4_k7_mall_d0,IMG_4085
fb_h4_k7_mall_d0,IMG_4191
fb_h4_k7_mall_d0,IMG_4117
fb_h4_k7_mall_d0,IMG_4152
fb_h4_k7_mall_d0,IMG_2089
fb_h4_k7_mall_d0,IMG_4150
fb_h4_k7_mall_d0,IMG_4087
fb_h4_k7_mall_d0,IMG_4174
fb_h4_k7_mall_d0,IMG_4086
fb_h4_k7_mall_d0,IMG_4115
fb_h4_k7_mall_d0,IMG_2081
fb_h4_k7_mall_d0,IMG_4202
fb_h4_k7_mall_d0,IMG_2083
fb_h4_k7_mall_d0,IMG_2108
fb_h4_k7_mall_d0,IMG_4180
fb_h4_k7_mall_d0,IMG_4071
fb_h4_k7_mall_d0,IMG_4145
fb_h4_k7_mall_d0,IMG_0116-HEIC
fb_h4_k7_mall_d0,IMG_0230
fb_h4_k7_mall_d0,IMG_0219
fb_h4_k7_mall_d0,IMG_0260
fb_h4_k7_mall_d0,IMG_0173
fb_h4_k7_mall_d0,IMG_0263
fb_h4_k7_mall_d0,IMG_0256
fb_h4_k7_mall_d0,IMG_0069
fb_h4_k7_mall_d0,IMG_0102
fb_h4_k7_mall_d0,IMG_0165
fb_h4_k7_mall_d0,IMG_0159
fb_h4_k7_mall_d0,IMG_0106-HEIC
fb_h4_k7_mall_d0,IMG_0218
fb_h4_k7_mall_d0,IMG_0204
fb_h4_k7_mall_d0,IMG_0078
fb_h4_k7_mall_d0,IMG_0109-HEIC
fb_h4_k7_mall_d0,IMG_0220
fb_h4_k7_mall_d0,IMG_0185
fb_h4_k7_mall_d0,IMG_0090
fb_h4_k7_mall_d0,IMG_0111-HEIC
fb_h4_k7_mall_d0,IMG_0262
fb_h4_k7_mall_d0,IMG_0077
fb_h4_k7_mall_d0,IMG_0105-HEIC
fb_h4_k7_mall_d0,IMG_0148
fb_h4_k7_mall_d0,IMG_0267
fb_h4_k7_mall_d0,IMG_0179
fb_h4_k7_mall_d0,IMG_0175
fb_h4_k7_mall_d0,IMG_0108-HEIC
fb_h4_k7_mall_d0,IMG_0074
fb_h4_k7_mall_d0,IMG_0279
fb_h4_k7_mall_d0,IMG_0072
fb_h4_k7_mall_d0,IMG_0084
fb_h4_k7_mall_d0,IMG_0235
fb_h4_k7_mall_d0,IMG_0211
fb_h4_k7_mall_d0,IMG_0182-HEIC
fb_h4_k7_mall_d0,IMG_0142
fb_h4_k7_mall_d0,IMG_0073
fb_h4_k7_mall_d0,IMG_0083-HEIC
fb_h4_k7_mall_d0,IMG_0273
fb_h4_k7_mall_d0,IMG_0198
fb_h4_k7_mall_d0,IMG_0209
fb_h4_k7_mall_d0,IMG_0095
fb_h4_k7_mall_d0,IMG_0177
fb_h4_k7_mall_d0,IMG_0091
fb_h4_k7_mall_d0,IMG_0187-HEIC
fb_h4_k7_mall_d0,IMG_0184
fb_h4_k7_mall_d0,IMG_0104-HEIC
fb_h4_k7_mall_d0,IMG_0284
fb_h4_k7_mall_d0,IMG_0080
fb_h4_k7_mall_d0,IMG_0070
fb_h4_k7_mall_d0,IMG_0174
fb_h4_k7_mall_d0,IMG_0238
fb_h4_k7_mall_d0,IMG_0153
fb_h4_k7_mall_d0,IMG_0192
fb_h4_k7_mall_d0,IMG_0223
fb_h4_k7_mall_d0,IMG_0066
fb_h4_k7_mall_d0,IMG_0136
fb_h4_k7_mall_d0,IMG_0126-HEIC
fb_h4_k7_mall_d0,IMG_0178
fb_h4_k7_mall_d0,IMG_0257
fb_h4_k7_mall_d0,IMG_0089
fb_h4_k7_mall_d0,IMG_0210
fb_h4_k7_mall_d0,IMG_1959
fb_h4_k7_mall_d0,IMG_3997
fb_h4_k7_mall_d0,IMG_2015
fb_h4_k7_mall_d0,IMG_1970
fb_h4_k7_mall_d0,IMG_2046
fb_h4_k7_mall_d0,IMG_4031
fb_h4_k7_mall_d0,IMG_3923
fb_h4_k7_mall_d0,IMG_2012
fb_h4_k7_mall_d0,IMG_3983
fb_h4_k7_mall_d0,IMG_4014
fb_h4_k7_mall_d0,IMG_1928
fb_h4_k7_mall_d0,IMG_2057
fb_h4_k7_mall_d0,IMG_1964
fb_h4_k7_mall_d0,IMG_3996
fb_h4_k7_mall_d0,IMG_3982
fb_h4_k7_mall_d0,IMG_2038
fb_h4_k7_mall_d0,IMG_2031
fb_h4_k7_mall_d0,IMG_2040
fb_h4_k7_mall_d0,IMG_4032
fb_h4_k7_mall_d0,IMG_2054
fb_h4_k7_mall_d0,IMG_2047
fb_h4_k7_mall_d0,IMG_3965
fb_h4_k7_mall_d0,IMG_3977
fb_h4_k7_mall_d0,IMG_1962
fb_h4_k7_mall_d0,IMG_4015
fb_h4_k7_mall_d0,IMG_3918
fb_h4_k7_mall_d0,IMG_2019
fb_h4_k7_mall_d0,IMG_1999
fb_h4_k7_mall_d0,IMG_3924
fb_h4_k7_mall_d0,IMG_2025
fb_h4_k7_mall_d0,IMG_3928
fb_h4_k7_mall_d0,IMG_4005
fb_h4_k7_mall_d0,IMG_2042
fb_h4_k7_mall_d0,IMG_3994
fb_h4_k7_mall_d0,IMG_1908
fb_h4_k7_mall_d0,IMG_2024
fb_h4_k7_mall_d0,IMG_4019
fb_h4_k7_mall_d0,IMG_3975
fb_h4_k7_mall_d0,IMG_3962
fb_h4_k7_mall_d0,IMG_4011
fb_h4_k7_mall_d0,IMG_2011
fb_h4_k7_mall_d0,IMG_2014
fb_h4_k7_mall_d0,IMG_2013
fb_h4_k7_mall_d0,IMG_4041
fb_h4_k7_mall_d0,IMG_4053
fb_h4_k7_mall_d0,IMG_3931
fb_h4_k7_mall_d0,IMG_1969
fb_h4_k7_mall_d0,IMG_4058
fb_h4_k7_mall_d0,IMG_1913
fb_h4_k7_mall_d0,IMG_3925
fb_h4_k7_mall_d0,IMG_1958
fb_h4_k7_mall_d0,IMG_4024
fb_h4_k7_mall_d0,IMG_2001
fb_h4_k7_mall_d0,IMG_2026
fb_h4_k7_mall_d0,IMG_1956
fb_h4_k7_mall_d0,IMG_2048
fb_h4_k7_mall_d0,IMG_2022
fb_h4_k7_mall_d0,IMG_1912
fb_h4_k7_mall_d0,IMG_1909
fb_h4_k7_mall_d0,IMG_1915
fb_h4_k7_mall_d0,IMG_2010
fb_h4_k7_mall_d0,IMG_1998
fb_h4_k7_mall_d0,IMG_1925
fb_h4_k7_mall_d0,IMG_2043
fb_h4_k7_mall_d0,IMG_3963
fb_h4_k7_mall_d0,IMG_1960
fb_h4_k7_mall_d0,IMG_3976
fb_h4_k7_mall_d0,IMG_4001
fb_h4_k7_mall_d0,IMG_4026
fb_h4_k7_mall_d0,IMG_3919
fb_h4_k7_mall_d0,IMG_3992
fb_h4_k7_mall_d0,IMG_4047
fb_h4_k7_mall_d0,IMG_4029
fb_h4_k7_mall_d0,IMG_4004
fb_h4_k7_mall_d0,IMG_4034
fb_h4_k7_mall_d0,IMG_4003
fb_h4_k7_mall_d0,IMG_3993
fb_h4_k7_mall_d0,IMG_3961
fb_h4_k7_mall_d0,IMG_2032
fb_h4_k7_mall_d0,IMG_2051
fb_h4_k7_mall_d0,IMG_1997
fb_h4_k7_mall_d0,IMG_2044
fb_h4_k7_mall_d0,IMG_4012
fb_h4_k7_mall_d0,IMG_1968
fb_h4_k7_mall_d0,IMG_2045
fb_h4_k7_mall_d0,IMG_3987
fb_h4_k7_mall_d0,IMG_3921
fb_h4_k7_mall_d0,IMG_3995
fb_h4_k7_mall_d0,IMG_4025
fb_h4_k7_mall_d0,IMG_2052
fb_h4_k7_mall_d0,IMG_2023
fb_h4_k7_mall_d0,IMG_1929
fb_h4_k7_mall_d0,IMG_2018
fb_h4_k7_mall_d0,IMG_2002
fb_h4_k7_mall_d0,IMG_2049
fb_h4_k7_mall_d0,IMG_2053
fb_h4_k7_mall_d0,IMG_1961
fb_h4_k7_mall_d0,IMG_3926
fb_h4_k7_mall_d0,IMG_3984
fb_h4_k7_mall_d0,IMG_3932
fb_h4_k7_mall_d0,IMG_3981
fb_h4_k7_mall_d0,IMG_3980
fb_h4_k7_mall_d0,IMG_1917
fb_h4_k7_mall_d0,IMG_1963
fb_h4_k7_mall_d0,IMG_1996
fb_h4_k7_mall_d0,IMG_4002
fb_h4_k7_mall_d0,IMG_2030
fb_h4_k7_mall_d0,IMG_3986
fb_h4_k7_mall_d0,IMG_4033
fb_h4_k7_mall_d0,IMG_1918
fb_h4_k7_mall_d0,IMG_3998
fb_h4_k7_mall_d0,IMG_3978
fb_h4_k7_mall_d0,IMG_1924
fb_h4_k7_mall_d0,IMG_2016
fb_h4_k7_mall_d0,IMG_1914
fb_h4_k7_mall_d0,IMG_3999
fb_h4_k7_mall_d0,IMG_4020
fb_h4_k7_mall_d0,IMG_1965
fb_h4_k7_mall_d0,IMG_1993
fb_h4_k7_mall_d0,IMG_2037
fb_h4_k7_mall_d0,IMG_2039
fb_h4_k7_mall_d0,IMG_2056
fb_h4_k7_mall_d0,IMG_1922
fb_h4_k7_mall_d0,IMG_1916
fb_h4_k7_mall_d0,IMG_2009
fb_h4_k7_mall_d0,IMG_1966
fb_h4_k7_mall_d0,IMG_1957
fb_h4_k7_mall_d0,IMG_1971
fb_h4_k7_mall_d0,IMG_4013
fb_h4_k7_mall_d0,IMG_1923
fb_h4_k7_mall_d0,IMG_3929
fb_h4_k7_mall_d0,IMG_3930
fb_h4_k7_mall_d0,IMG_3920
fb_h4_k7_mall_d0,IMG_2055
fb_h4_k7_mall_d0,IMG_2050
fb_h4_k7_mall_d0,IMG_9961
fb_h4_k7_mall_d0,IMG_9923
fb_h4_k7_mall_d0,IMG_9984
fb_h4_k7_mall_d0,IMG_9953
fb_h4_k7_mall_d0,IMG_9943
fb_h4_k7_mall_d0,IMG_9893
fb_h4_k7_mall_d0,IMG_9894
fb_h4_k7_mall_d0,IMG_9890
fb_h4_k7_mall_d0,IMG_9914-HEIC
fb_h4_k7_mall_d0,IMG_9908
fb_h4_k7_mall_d0,IMG_9957
fb_h4_k7_mall_d0,IMG_9928
fb_h4_k7_mall_d0,IMG_9899
fb_h4_k7_mall_d0,IMG_9942
fb_h4_k7_mall_d0,IMG_9991
fb_h4_k7_mall_d0,IMG_9965
fb_h4_k7_mall_d0,IMG_9902
fb_h4_k7_mall_d0,IMG_9948
fb_h4_k7_mall_d0,IMG_9929
fb_h4_k7_mall_d0,IMG_9988
fb_h4_k7_mall_d0,IMG_9941
fb_h4_k7_mall_d0,IMG_9985
fb_h4_k7_mall_d0,IMG_9931
fb_h4_k7_mall_d0,IMG_9927
fb_h4_k7_mall_d0,IMG_9933
fb_h4_k7_mall_d0,IMG_9912-HEIC
fb_h4_k7_mall_d0,IMG_9925
fb_h4_k7_mall_d0,IMG_9968
fb_h4_k7_mall_d0,IMG_9903
fb_h4_k7_mall_d0,IMG_9987
fb_h4_k7_mall_d0,IMG_9922
fb_h4_k7_mall_d0,IMG_9958
fb_h4_k7_mall_d0,IMG_9905
fb_h4_k7_mall_d0,IMG_9983
fb_h4_k7_mall_d0,IMG_9969
fb_h4_k7_mall_d0,IMG_9911
fb_h4_k7_mall_d0,IMG_9970
fb_h4_k7_mall_d0,IMG_9907
fb_h4_k7_mall_d0,IMG_9972
fb_h4_k7_mall_d0,IMG_9910
fb_h4_k7_mall_d0,IMG_9920
fb_h4_k7_mall_d0,IMG_9939
fb_h4_k7_mall_d0,IMG_9940
fb_h4_k7_mall_d0,IMG_9944
fb_h4_k7_mall_d0,IMG_9896
fb_h4_k7_mall_d0,IMG_9888
fb_h4_k7_mall_d0,IMG_9963
fb_h4_k7_mall_d0,IMG_9959
fb_h4_k7_mall_d0,IMG_9886
fb_h4_k7_mall_d0,IMG_9917
fb_h4_k7_mall_d0,IMG_9973
fb_h4_k7_mall_d0,IMG_9951
fb_h4_k7_mall_d0,IMG_9924
fb_h4_k7_mall_d0,IMG_9921
fb_h4_k7_mall_d0,IMG_9980
fb_h4_k7_mall_d0,IMG_9891
fb_h4_k7_mall_d0,IMG_9897
fb_h4_k7_mall_d0,IMG_9962
fb_h4_k7_mall_d0,IMG_9955
fb_h4_k7_mall_d0,IMG_9906
fb_h4_k7_mall_d0,IMG_9887
fb_h4_k7_mall_d0,IMG_9926
fb_h4_k7_mall_d0,IMG_9986
fb_h4_k7_mall_d0,IMG_9895
fb_h4_k7_mall_d0,IMG_9900
fb_h4_k7_mall_d0,IMG_9960
fb_h4_k7_mall_d0,IMG_9956
fb_h4_k7_mall_d0,IMG_9990
fb_h4_k7_mall_d0,IMG_9915
fb_h4_k7_mall_d0,IMG_9904
fb_h4_k7_mall_d0,IMG_9989
fb_h4_k7_mall_d0,IMG_9885
fb_h4_k7_mall_d0,IMG_9946
fb_h4_k7_mall_d0,IMG_9977
fb_h4_k7_mall_d0,IMG_9918
fb_h4_k7_mall_d0,IMG_9949
fb_h4_k7_mall_d0,IMG_9892
fb_h4_k7_mall_d0,IMG_9916
fb_h4_k7_mall_d0,IMG_9947
fb_h4_k7_mall_d0,IMG_9889
fb_h4_k7_mall_d0,IMG_9898
fb_h4_k7_mall_d0,IMG_9919
fb_h4_k7_mall_d0,IMG_2158-HEIC
fb_h4_k7_mall_d0,IMG_2209-HEIC
fb_h4_k7_mall_d0,IMG_2213-HEIC
fb_h4_k7_mall_d0,IMG_2184-HEIC
fb_h4_k7_mall_d0,IMG_2204-HEIC
fb_h4_k7_mall_d0,IMG_2212-HEIC
fb_h4_k7_mall_d0,IMG_2197-HEIC
fb_h4_k7_mall_d0,IMG_2138-HEIC
fb_h4_k7_mall_d0,IMG_2152-HEIC
fb_h4_k7_mall_d0,IMG_2214-HEIC
fb_h4_k7_mall_d0,IMG_2183-HEIC
fb_h4_k7_mall_d0,IMG_2179-HEIC
fb_h4_k7_mall_d0,IMG_2196-HEIC
fb_h4_k7_mall_d0,IMG_2201-HEIC
fb_h4_k7_mall_d0,IMG_2189-HEIC
fb_h4_k7_mall_d0,IMG_2188-HEIC
fb_h4_k7_mall_d0,IMG_2177-HEIC
fb_h4_k7_mall_d0,IMG_2153-HEIC
fb_h4_k7_mall_d0,IMG_2205-HEIC
fb_h4_k7_mall_d0,IMG_2175-HEIC
fb_h4_k7_mall_d0,IMG_2203-HEIC
fb_h4_k7_mall_d0,IMG_2198-HEIC
fb_h4_k7_mall_d0,IMG_2149-HEIC
fb_h4_k7_mall_d0,IMG_2139-HEIC
fb_h4_k7_mall_d0,IMG_2154-HEIC
fb_h4_k7_mall_d0,IMG_2169-HEIC
fb_h4_k7_mall_d0,IMG_2211-HEIC
fb_h4_k7_mall_d0,IMG_2187-HEIC
fb_h4_k7_mall_d0,IMG_2132-HEIC
fb_h4_k7_mall_d0,IMG_2156-HEIC
fb_h4_k7_mall_d0,IMG_2178-HEIC
fb_h4_k7_mall_d0,IMG_2174-HEIC
fb_h4_k7_mall_d0,IMG_2151-HEIC
fb_h4_k7_mall_d0,IMG_2199-HEIC
fb_h4_k7_mall_d0,IMG_2180-HEIC
fb_h4_k7_mall_d0,IMG_2194-HEIC
fb_h4_k7_mall_d0,IMG_2202-HEIC
fb_h4_k7_mall_d0,IMG_2195-HEIC
fb_h4_k7_mall_d0,IMG_2193-HEIC
fb_h4_k7_mall_d0,IMG_2190-HEIC
fb_h4_k7_mall_d0,IMG_2148-HEIC
fb_h4_k7_mall_d0,IMG_2159-HEIC
fb_h4_k7_mall_d0,IMG_2133-HEIC
fb_h4_k7_mall_d0,IMG_2208-HEIC
fb_h4_k7_mall_d0,IMG_2206-HEIC
fb_h4_k7_mall_d0,IMG_2168-HEIC
fb_h4_k7_mall_d0,IMG_2170-HEIC
fb_h4_k7_mall_d0,IMG_2185-HEIC
fb_h4_k7_mall_d0,IMG_2216-HEIC
fb_h4_k7_mall_d0,IMG_2155-HEIC
fb_h4_k7_mall_d0,IMG_2191-HEIC
fb_h4_k7_mall_d0,IMG_2182-HEIC
fb_h4_k7_mall_d0,IMG_2181-HEIC
fb_h4_k7_mall_d0,IMG_2150-HEIC
fb_h4_k7_mall_d0,IMG_2134-HEIC
fb_h4_k7_mall_d0,IMG_2131-HEIC
fb_h4_k7_mall_d0,IMG_2176-HEIC
fb_h5_k1_m15_d0,IMG_2337-HEIC
fb_h5_k1_m15_d0,IMG_2306-HEIC
fb_h5_k1_m15_d0,IMG_0764-HEIC
fb_h5_k1_m15_d0,IMG_0760-HEIC
fb_h5_k1_m15_d0,IMG_2391-HEIC
fb_h5_k1_m15_d0,IMG_2307-HEIC
fb_h5_k1_m15_d0,IMG_2285-HEIC
fb_h5_k1_m15_d0,IMG_2274-HEIC
fb_h5_k1_m15_d0,IMG_2351-HEIC
fb_h5_k1_m15_d0,IMG_2251-HEIC
fb_h5_k1_m15_d0,IMG_2286-HEIC
fb_h5_k1_m15_d0,IMG_2338-HEIC
fb_h5_k1_m15_d0,IMG_2256-HEIC
fb_h5_k1_m15_d0,IMG_2296-HEIC
fb_h5_k1_m15_d0,IMG_0765-HEIC
fb_h5_k1_m50_d0,IMG_2337-HEIC
fb_h5_k1_m50_d0,IMG_2306-HEIC
fb_h5_k1_m50_d0,IMG_0764-HEIC
fb_h5_k1_m50_d0,IMG_0760-HEIC
fb_h5_k1_m50_d0,IMG_2391-HEIC
fb_h5_k1_m50_d0,IMG_2307-HEIC
fb_h5_k1_m50_d0,IMG_2285-HEIC
fb_h5_k1_m50_d0,IMG_2274-HEIC
fb_h5_k1_m50_d0,IMG_2351-HEIC
fb_h5_k1_m50_d0,IMG_2251-HEIC
fb_h5_k1_m50_d0,IMG_2286-HEIC
fb_h5_k1_m50_d0,IMG_2338-HEIC
fb_h5_k1_m50_d0,IMG_2256-HEIC
fb_h5_k1_m50_d0,IMG_2296-HEIC
fb_h5_k1_m50_d0,IMG_0765-HEIC
fb_h5_k1_m50_d0,IMG_2243-HEIC
fb_h5_k1_m50_d0,IMG_2252-HEIC
fb_h5_k1_m50_d0,IMG_2308-HEIC
fb_h5_k1_m50_d0,IMG_2247-HEIC
fb_h5_k1_m50_d0,IMG_0768-HEIC
fb_h5_k1_m50_d0,IMG_2273-HEIC
fb_h5_k1_m50_d0,IMG_2289-HEIC
fb_h5_k1_m50_d0,IMG_2386-HEIC
fb_h5_k1_m50_d0,IMG_2340-HEIC
fb_h5_k1_m50_d0,IMG_2295-HEIC
fb_h5_k1_m50_d0,IMG_0761-HEIC
fb_h5_k1_m50_d0,IMG_2342-HEIC
fb_h5_k1_m50_d0,IMG_2302-HEIC
fb_h5_k1_m50_d0,IMG_2255-HEIC
fb_h5_k1_m50_d0,IMG_2240-HEIC
fb_h5_k1_m50_d0,IMG_2270-HEIC
fb_h5_k1_m50_d0,IMG_2249-HEIC
fb_h5_k1_m50_d0,IMG_2329-HEIC
fb_h5_k1_m50_d0,IMG_2334-HEIC
fb_h5_k1_m50_d0,IMG_2244-HEIC
fb_h5_k1_m50_d0,IMG_2347-HEIC
fb_h5_k1_m50_d0,IMG_2304-HEIC
fb_h5_k1_m50_d0,IMG_2305-HEIC
fb_h5_k1_m50_d0,IMG_2239-HEIC
fb_h5_k1_m50_d0,IMG_2341-HEIC
fb_h5_k1_m50_d0,IMG_2383-HEIC
fb_h5_k1_m50_d0,IMG_0758-HEIC
fb_h5_k1_m50_d0,IMG_2254-HEIC
fb_h5_k1_m50_d0,IMG_0752-HEIC
fb_h5_k1_m50_d0,IMG_0769-HEIC
fb_h5_k1_m50_d0,IMG_2293-HEIC
fb_h5_k1_m50_d0,IMG_2309-HEIC
fb_h5_k1_m50_d0,IMG_2330-HEIC
fb_h5_k1_m50_d0,IMG_2345-HEIC
fb_h5_k1_m50_d0,IMG_2349-HEIC
fb_h5_k1_mall_d0,IMG_2337-HEIC
fb_h5_k1_mall_d0,IMG_2306-HEIC
fb_h5_k1_mall_d0,IMG_0764-HEIC
fb_h5_k1_mall_d0,IMG_0760-HEIC
fb_h5_k1_mall_d0,IMG_2391-HEIC
fb_h5_k1_mall_d0,IMG_2307-HEIC
fb_h5_k1_mall_d0,IMG_2285-HEIC
fb_h5_k1_mall_d0,IMG_2274-HEIC
fb_h5_k1_mall_d0,IMG_2351-HEIC
fb_h5_k1_mall_d0,IMG_2251-HEIC
fb_h5_k1_mall_d0,IMG_2286-HEIC
fb_h5_k1_mall_d0,IMG_2338-HEIC
fb_h5_k1_mall_d0,IMG_2256-HEIC
fb_h5_k1_mall_d0,IMG_2296-HEIC
fb_h5_k1_mall_d0,IMG_0765-HEIC
fb_h5_k1_mall_d0,IMG_2243-HEIC
fb_h5_k1_mall_d0,IMG_2252-HEIC
fb_h5_k1_mall_d0,IMG_2308-HEIC
fb_h5_k1_mall_d0,IMG_2247-HEIC
fb_h5_k1_mall_d0,IMG_0768-HEIC
fb_h5_k1_mall_d0,IMG_2273-HEIC
fb_h5_k1_mall_d0,IMG_2289-HEIC
fb_h5_k1_mall_d0,IMG_2386-HEIC
fb_h5_k1_mall_d0,IMG_2340-HEIC
fb_h5_k1_mall_d0,IMG_2295-HEIC
fb_h5_k1_mall_d0,IMG_0761-HEIC
fb_h5_k1_mall_d0,IMG_2342-HEIC
fb_h5_k1_mall_d0,IMG_2302-HEIC
fb_h5_k1_mall_d0,IMG_2255-HEIC
fb_h5_k1_mall_d0,IMG_2240-HEIC
fb_h5_k1_mall_d0,IMG_2270-HEIC
fb_h5_k1_mall_d0,IMG_2249-HEIC
fb_h5_k1_mall_d0,IMG_2329-HEIC
fb_h5_k1_mall_d0,IMG_2334-HEIC
fb_h5_k1_mall_d0,IMG_2244-HEIC
fb_h5_k1_mall_d0,IMG_2347-HEIC
fb_h5_k1_mall_d0,IMG_2304-HEIC
fb_h5_k1_mall_d0,IMG_2305-HEIC
fb_h5_k1_mall_d0,IMG_2239-HEIC
fb_h5_k1_mall_d0,IMG_2341-HEIC
fb_h5_k1_mall_d0,IMG_2383-HEIC
fb_h5_k1_mall_d0,IMG_0758-HEIC
fb_h5_k1_mall_d0,IMG_2254-HEIC
fb_h5_k1_mall_d0,IMG_0752-HEIC
fb_h5_k1_mall_d0,IMG_0769-HEIC
fb_h5_k1_mall_d0,IMG_2293-HEIC
fb_h5_k1_mall_d0,IMG_2309-HEIC
fb_h5_k1_mall_d0,IMG_2330-HEIC
fb_h5_k1_mall_d0,IMG_2345-HEIC
fb_h5_k1_mall_d0,IMG_2349-HEIC
fb_h5_k1_mall_d0,IMG_0759-HEIC
fb_h5_k1_mall_d0,IMG_2242-HEIC
fb_h5_k1_mall_d0,IMG_2380-HEIC
fb_h5_k1_mall_d0,IMG_0737-HEIC
fb_h5_k1_mall_d0,IMG_2310-HEIC
fb_h5_k1_mall_d0,IMG_2336-HEIC
fb_h5_k1_mall_d0,IMG_2335-HEIC
fb_h5_k1_mall_d0,IMG_0741-HEIC
fb_h5_k1_mall_d0,IMG_0751-HEIC
fb_h5_k1_mall_d0,IMG_0767-HEIC
fb_h5_k1_mall_d0,IMG_0772-HEIC
fb_h5_k1_mall_d0,IMG_2331-HEIC
fb_h5_k1_mall_d0,IMG_2346-HEIC
fb_h5_k1_mall_d0,IMG_0771-HEIC
fb_h5_k1_mall_d0,IMG_0743-HEIC
fb_h5_k1_mall_d0,IMG_2311-HEIC
fb_h5_k1_mall_d0,IMG_0754-HEIC
fb_h5_k1_mall_d0,IMG_0766-HEIC
fb_h5_k1_mall_d0,IMG_2382-HEIC
fb_h5_k1_mall_d0,IMG_2241-HEIC
fb_h5_k1_mall_d0,IMG_2389-HEIC
fb_h5_k1_mall_d0,IMG_2248-HEIC
fb_h5_k1_mall_d0,IMG_0756-HEIC
fb_h5_k1_mall_d0,IMG_2381-HEIC
fb_h5_k1_mall_d0,IMG_0763-HEIC
fb_h5_k1_mall_d0,IMG_2332-HEIC
fb_h5_k1_mall_d0,IMG_2258-HEIC
fb_h5_k1_mall_d0,IMG_2246-HEIC
fb_h5_k1_mall_d0,IMG_2287-HEIC
fb_h5_k1_mall_d0,IMG_0773-HEIC
fb_h5_k1_mall_d0,IMG_2384-HEIC
fb_h5_k1_mall_d0,IMG_2245-HEIC
fb_h5_k1_mall_d0,IMG_2303-HEIC
fb_h5_k1_mall_d0,IMG_2339-HEIC
fb_h5_k1_mall_d0,IMG_2343-HEIC
fb_h5_k1_mall_d0,IMG_2291-HEIC
fb_h5_k1_mall_d0,IMG_2352-HEIC
fb_h5_k1_mall_d0,IMG_0755-HEIC
fb_h5_k1_mall_d0,IMG_2290-HEIC
fb_h5_k1_mall_d0,IMG_0757-HEIC
fb_h5_k1_mall_d0,IMG_2259-HEIC
fb_h5_k1_mall_d0,IMG_2288-HEIC
fb_h5_k1_mall_d0,IMG_2333-HEIC
fb_h5_k1_mall_d0,IMG_2390-HEIC
fb_h5_k1_mall_d0,IMG_2294-HEIC
fb_h5_k1_mall_d0,IMG_2253-HEIC
fb_h5_k1_mall_d0,IMG_0770-HEIC
fb_h5_k1_mall_d0,IMG_0740-HEIC
fb_h5_k1_mall_d0,IMG_0742-HEIC
fb_h5_k1_mall_d0,IMG_2257-HEIC
fb_h5_k1_mall_d0,IMG_2385-HEIC
fb_h5_k1_m15_d1,IMG_2570-HEIC
fb_h5_k1_m15_d1,IMG_2566-HEIC
fb_h5_k1_m15_d1,IMG_2577-HEIC
fb_h5_k1_m15_d1,IMG_2636-HEIC
fb_h5_k1_m15_d1,IMG_2596-HEIC
fb_h5_k1_m15_d1,IMG_2579-HEIC
fb_h5_k1_m15_d1,IMG_2597-HEIC
fb_h5_k1_m15_d1,IMG_2446-HEIC
fb_h5_k1_m15_d1,IMG_2535-HEIC
fb_h5_k1_m15_d1,IMG_2635-HEIC
fb_h5_k1_m15_d1,IMG_2578-HEIC
fb_h5_k1_m15_d1,IMG_2576-HEIC
fb_h5_k1_m15_d1,IMG_2533-HEIC
fb_h5_k1_m15_d1,IMG_2701-HEIC
fb_h5_k1_m15_d1,IMG_2680-HEIC
fb_h5_k1_m50_d1,IMG_2570-HEIC
fb_h5_k1_m50_d1,IMG_2566-HEIC
fb_h5_k1_m50_d1,IMG_2577-HEIC
fb_h5_k1_m50_d1,IMG_2636-HEIC
fb_h5_k1_m50_d1,IMG_2596-HEIC
fb_h5_k1_m50_d1,IMG_2579-HEIC
fb_h5_k1_m50_d1,IMG_2597-HEIC
fb_h5_k1_m50_d1,IMG_2446-HEIC
fb_h5_k1_m50_d1,IMG_2535-HEIC
fb_h5_k1_m50_d1,IMG_2635-HEIC
fb_h5_k1_m50_d1,IMG_2578-HEIC
fb_h5_k1_m50_d1,IMG_2576-HEIC
fb_h5_k1_m50_d1,IMG_2533-HEIC
fb_h5_k1_m50_d1,IMG_2701-HEIC
fb_h5_k1_m50_d1,IMG_2680-HEIC
fb_h5_k1_m50_d1,IMG_2395-HEIC
fb_h5_k1_m50_d1,IMG_2480-HEIC
fb_h5_k1_m50_d1,IMG_2495-HEIC
fb_h5_k1_m50_d1,IMG_2666-HEIC
fb_h5_k1_m50_d1,IMG_2481-HEIC
fb_h5_k1_m50_d1,IMG_2476-HEIC
fb_h5_k1_m50_d1,IMG_2542-HEIC
fb_h5_k1_m50_d1,IMG_2621-HEIC
fb_h5_k1_m50_d1,IMG_2494-HEIC
fb_h5_k1_m50_d1,IMG_2603-HEIC
fb_h5_k1_m50_d1,IMG_2591-HEIC
fb_h5_k1_m50_d1,IMG_2478-HEIC
fb_h5_k1_m50_d1,IMG_2567-HEIC
fb_h5_k1_m50_d1,IMG_2491-HEIC
fb_h5_k1_m50_d1,IMG_2492-HEIC
fb_h5_k1_m50_d1,IMG_2700-HEIC
fb_h5_k1_m50_d1,IMG_2522-HEIC
fb_h5_k1_m50_d1,IMG_2660-HEIC
fb_h5_k1_m50_d1,IMG_2610-HEIC
fb_h5_k1_m50_d1,IMG_2617-HEIC
fb_h5_k1_m50_d1,IMG_2585-HEIC
fb_h5_k1_m50_d1,IMG_2600-HEIC
fb_h5_k1_m50_d1,IMG_2538-HEIC
fb_h5_k1_m50_d1,IMG_2592-HEIC
fb_h5_k1_m50_d1,IMG_2647-HEIC
fb_h5_k1_m50_d1,IMG_2581-HEIC
fb_h5_k1_m50_d1,IMG_2589-HEIC
fb_h5_k1_m50_d1,IMG_2648-HEIC
fb_h5_k1_m50_d1,IMG_2545-HEIC
fb_h5_k1_m50_d1,IMG_2541-HEIC
fb_h5_k1_m50_d1,IMG_2599-HEIC
fb_h5_k1_m50_d1,IMG_2598-HEIC
fb_h5_k1_m50_d1,IMG_2523-HEIC
fb_h5_k1_m50_d1,IMG_2525-HEIC
fb_h5_k1_m50_d1,IMG_2571-HEIC
fb_h5_k1_mall_d1,IMG_2570-HEIC
fb_h5_k1_mall_d1,IMG_2566-HEIC
fb_h5_k1_mall_d1,IMG_2577-HEIC
fb_h5_k1_mall_d1,IMG_2636-HEIC
fb_h5_k1_mall_d1,IMG_2596-HEIC
fb_h5_k1_mall_d1,IMG_2579-HEIC
fb_h5_k1_mall_d1,IMG_2597-HEIC
fb_h5_k1_mall_d1,IMG_2446-HEIC
fb_h5_k1_mall_d1,IMG_2535-HEIC
fb_h5_k1_mall_d1,IMG_2635-HEIC
fb_h5_k1_mall_d1,IMG_2578-HEIC
fb_h5_k1_mall_d1,IMG_2576-HEIC
fb_h5_k1_mall_d1,IMG_2533-HEIC
fb_h5_k1_mall_d1,IMG_2701-HEIC
fb_h5_k1_mall_d1,IMG_2680-HEIC
fb_h5_k1_mall_d1,IMG_2395-HEIC
fb_h5_k1_mall_d1,IMG_2480-HEIC
fb_h5_k1_mall_d1,IMG_2495-HEIC
fb_h5_k1_mall_d1,IMG_2666-HEIC
fb_h5_k1_mall_d1,IMG_2481-HEIC
fb_h5_k1_mall_d1,IMG_2476-HEIC
fb_h5_k1_mall_d1,IMG_2542-HEIC
fb_h5_k1_mall_d1,IMG_2621-HEIC
fb_h5_k1_mall_d1,IMG_2494-HEIC
fb_h5_k1_mall_d1,IMG_2603-HEIC
fb_h5_k1_mall_d1,IMG_2591-HEIC
fb_h5_k1_mall_d1,IMG_2478-HEIC
fb_h5_k1_mall_d1,IMG_2567-HEIC
fb_h5_k1_mall_d1,IMG_2491-HEIC
fb_h5_k1_mall_d1,IMG_2492-HEIC
fb_h5_k1_mall_d1,IMG_2700-HEIC
fb_h5_k1_mall_d1,IMG_2522-HEIC
fb_h5_k1_mall_d1,IMG_2660-HEIC
fb_h5_k1_mall_d1,IMG_2610-HEIC
fb_h5_k1_mall_d1,IMG_2617-HEIC
fb_h5_k1_mall_d1,IMG_2585-HEIC
fb_h5_k1_mall_d1,IMG_2600-HEIC
fb_h5_k1_mall_d1,IMG_2538-HEIC
fb_h5_k1_mall_d1,IMG_2592-HEIC
fb_h5_k1_mall_d1,IMG_2647-HEIC
fb_h5_k1_mall_d1,IMG_2581-HEIC
fb_h5_k1_mall_d1,IMG_2589-HEIC
fb_h5_k1_mall_d1,IMG_2648-HEIC
fb_h5_k1_mall_d1,IMG_2545-HEIC
fb_h5_k1_mall_d1,IMG_2541-HEIC
fb_h5_k1_mall_d1,IMG_2599-HEIC
fb_h5_k1_mall_d1,IMG_2598-HEIC
fb_h5_k1_mall_d1,IMG_2523-HEIC
fb_h5_k1_mall_d1,IMG_2525-HEIC
fb_h5_k1_mall_d1,IMG_2571-HEIC
fb_h5_k1_mall_d1,IMG_2637-HEIC
fb_h5_k1_mall_d1,IMG_2580-HEIC
fb_h5_k1_mall_d1,IMG_2638-HEIC
fb_h5_k1_mall_d1,IMG_2594-HEIC
fb_h5_k1_mall_d1,IMG_2452-HEIC
fb_h5_k1_mall_d1,IMG_2475-HEIC
fb_h5_k1_mall_d1,IMG_2520-HEIC
fb_h5_k1_mall_d1,IMG_2654-HEIC
fb_h5_k1_mall_d1,IMG_2587-HEIC
fb_h5_k1_mall_d1,IMG_2534-HEIC
fb_h5_k1_mall_d1,IMG_2493-HEIC
fb_h5_k1_mall_d1,IMG_2524-HEIC
fb_h5_k1_mall_d1,IMG_2482-HEIC
fb_h5_k1_mall_d1,IMG_2619-HEIC
fb_h5_k1_mall_d1,IMG_2521-HEIC
fb_h5_k1_mall_d1,IMG_2595-HEIC
fb_h5_k1_mall_d1,IMG_2604-HEIC
fb_h5_k1_mall_d1,IMG_2618-HEIC
fb_h5_k1_mall_d1,IMG_2572-HEIC
fb_h5_k1_mall_d1,IMG_2540-HEIC
fb_h5_k1_mall_d1,IMG_2582-HEIC
fb_h5_k1_mall_d1,IMG_2496-HEIC
fb_h5_k1_mall_d1,IMG_2513-HEIC
fb_h5_k1_mall_d1,IMG_2477-HEIC
fb_h5_k1_mall_d1,IMG_2686-HEIC
fb_h5_k1_mall_d1,IMG_2590-HEIC
fb_h5_k1_mall_d1,IMG_2504-HEIC
fb_h5_k1_mall_d1,IMG_2569-HEIC
fb_h5_k1_mall_d1,IMG_2646-HEIC
fb_h5_k1_mall_d1,IMG_2593-HEIC
fb_h5_k1_mall_d1,IMG_2583-HEIC
fb_h5_k1_mall_d1,IMG_2634-HEIC
fb_h5_k1_mall_d1,IMG_2557-HEIC
fb_h5_k1_mall_d1,IMG_2586-HEIC
fb_h5_k1_mall_d1,IMG_2620-HEIC
fb_h5_k1_mall_d1,IMG_2539-HEIC
fb_h5_k1_mall_d1,IMG_2564-HEIC
fb_h5_k1_mall_d1,IMG_2674-HEIC
fb_h5_k1_mall_d1,IMG_2519-HEIC
fb_h5_k1_mall_d1,IMG_2584-HEIC
fb_h5_k1_mall_d1,IMG_2536-HEIC
fb_h5_k1_mall_d1,IMG_2643-HEIC
fb_h5_k1_mall_d1,IMG_2588-HEIC
fb_h5_k1_mall_d1,IMG_2537-HEIC
fb_h5_k1_mall_d1,IMG_2488-HEIC
fb_h5_k1_mall_d1,IMG_2616-HEIC
fb_h5_k1_mall_d1,IMG_2489-HEIC
fb_h5_k1_mall_d1,IMG_2644-HEIC
fb_h5_k1_mall_d1,IMG_2550-HEIC
fb_h5_k1_mall_d1,IMG_2526-HEIC
fb_h5_k1_mall_d1,IMG_2417-HEIC
fb_h5_k1_mall_d1,IMG_2615-HEIC
fb_h5_k2_m15_d0,IMG_4085
fb_h5_k2_m15_d0,IMG_4218
fb_h5_k2_m15_d0,IMG_2068
fb_h5_k2_m15_d0,IMG_4188
fb_h5_k2_m15_d0,IMG_2061
fb_h5_k2_m15_d0,IMG_2095
fb_h5_k2_m15_d0,IMG_2122
fb_h5_k2_m15_d0,IMG_2076
fb_h5_k2_m15_d0,IMG_4200
fb_h5_k2_m15_d0,IMG_2080
fb_h5_k2_m15_d0,IMG_4262
fb_h5_k2_m15_d0,IMG_2131
fb_h5_k2_m15_d0,IMG_2117
fb_h5_k2_m15_d0,IMG_4146
fb_h5_k2_m15_d0,IMG_4194
fb_h5_k2_m15_d0,IMG_2252-HEIC
fb_h5_k2_m15_d0,IMG_2309-HEIC
fb_h5_k2_m15_d0,IMG_2381-HEIC
fb_h5_k2_m15_d0,IMG_2383-HEIC
fb_h5_k2_m15_d0,IMG_2293-HEIC
fb_h5_k2_m15_d0,IMG_2246-HEIC
fb_h5_k2_m15_d0,IMG_0758-HEIC
fb_h5_k2_m15_d0,IMG_2304-HEIC
fb_h5_k2_m15_d0,IMG_2340-HEIC
fb_h5_k2_m15_d0,IMG_2259-HEIC
fb_h5_k2_m15_d0,IMG_2251-HEIC
fb_h5_k2_m15_d0,IMG_0769-HEIC
fb_h5_k2_m15_d0,IMG_2339-HEIC
fb_h5_k2_m15_d0,IMG_2302-HEIC
fb_h5_k2_m15_d0,IMG_2291-HEIC
fb_h5_k2_m50_d0,IMG_4085
fb_h5_k2_m50_d0,IMG_4218
fb_h5_k2_m50_d0,IMG_2068
fb_h5_k2_m50_d0,IMG_4188
fb_h5_k2_m50_d0,IMG_2061
fb_h5_k2_m50_d0,IMG_2095
fb_h5_k2_m50_d0,IMG_2122
fb_h5_k2_m50_d0,IMG_2076
fb_h5_k2_m50_d0,IMG_4200
fb_h5_k2_m50_d0,IMG_2080
fb_h5_k2_m50_d0,IMG_4262
fb_h5_k2_m50_d0,IMG_2131
fb_h5_k2_m50_d0,IMG_2117
fb_h5_k2_m50_d0,IMG_4146
fb_h5_k2_m50_d0,IMG_4194
fb_h5_k2_m50_d0,IMG_4168
fb_h5_k2_m50_d0,IMG_2084
fb_h5_k2_m50_d0,IMG_2085
fb_h5_k2_m50_d0,IMG_4201
fb_h5_k2_m50_d0,IMG_2109
fb_h5_k2_m50_d0,IMG_4088
fb_h5_k2_m50_d0,IMG_4071
fb_h5_k2_m50_d0,IMG_4192
fb_h5_k2_m50_d0,IMG_2081
fb_h5_k2_m50_d0,IMG_4149
fb_h5_k2_m50_d0,IMG_4134
fb_h5_k2_m50_d0,IMG_4109
fb_h5_k2_m50_d0,IMG_4202
fb_h5_k2_m50_d0,IMG_4113
fb_h5_k2_m50_d0,IMG_4143
fb_h5_k2_m50_d0,IMG_4220
fb_h5_k2_m50_d0,IMG_4114
fb_h5_k2_m50_d0,IMG_4117
fb_h5_k2_m50_d0,IMG_2135
fb_h5_k2_m50_d0,IMG_4103
fb_h5_k2_m50_d0,IMG_2105
fb_h5_k2_m50_d0,IMG_4203
fb_h5_k2_m50_d0,IMG_2134
fb_h5_k2_m50_d0,IMG_2062
fb_h5_k2_m50_d0,IMG_2059
fb_h5_k2_m50_d0,IMG_4095
fb_h5_k2_m50_d0,IMG_4186
fb_h5_k2_m50_d0,IMG_4096
fb_h5_k2_m50_d0,IMG_4086
fb_h5_k2_m50_d0,IMG_2133
fb_h5_k2_m50_d0,IMG_4104
fb_h5_k2_m50_d0,IMG_4073
fb_h5_k2_m50_d0,IMG_4213
fb_h5_k2_m50_d0,IMG_4187
fb_h5_k2_m50_d0,IMG_4144
fb_h5_k2_m50_d0,IMG_2252-HEIC
fb_h5_k2_m50_d0,IMG_2309-HEIC
fb_h5_k2_m50_d0,IMG_2381-HEIC
fb_h5_k2_m50_d0,IMG_2383-HEIC
fb_h5_k2_m50_d0,IMG_2293-HEIC
fb_h5_k2_m50_d0,IMG_2246-HEIC
fb_h5_k2_m50_d0,IMG_0758-HEIC
fb_h5_k2_m50_d0,IMG_2304-HEIC
fb_h5_k2_m50_d0,IMG_2340-HEIC
fb_h5_k2_m50_d0,IMG_2259-HEIC
fb_h5_k2_m50_d0,IMG_2251-HEIC
fb_h5_k2_m50_d0,IMG_0769-HEIC
fb_h5_k2_m50_d0,IMG_2339-HEIC
fb_h5_k2_m50_d0,IMG_2302-HEIC
fb_h5_k2_m50_d0,IMG_2291-HEIC
fb_h5_k2_m50_d0,IMG_0755-HEIC
fb_h5_k2_m50_d0,IMG_2337-HEIC
fb_h5_k2_m50_d0,IMG_2331-HEIC
fb_h5_k2_m50_d0,IMG_0740-HEIC
fb_h5_k2_m50_d0,IMG_0741-HEIC
fb_h5_k2_m50_d0,IMG_2274-HEIC
fb_h5_k2_m50_d0,IMG_2342-HEIC
fb_h5_k2_m50_d0,IMG_2273-HEIC
fb_h5_k2_m50_d0,IMG_2240-HEIC
fb_h5_k2_m50_d0,IMG_2244-HEIC
fb_h5_k2_m50_d0,IMG_2347-HEIC
fb_h5_k2_m50_d0,IMG_2335-HEIC
fb_h5_k2_m50_d0,IMG_0765-HEIC
fb_h5_k2_m50_d0,IMG_0772-HEIC
fb_h5_k2_m50_d0,IMG_2334-HEIC
fb_h5_k2_m50_d0,IMG_0761-HEIC
fb_h5_k2_m50_d0,IMG_2258-HEIC
fb_h5_k2_m50_d0,IMG_2341-HEIC
fb_h5_k2_m50_d0,IMG_0773-HEIC
fb_h5_k2_m50_d0,IMG_2308-HEIC
fb_h5_k2_m50_d0,IMG_2390-HEIC
fb_h5_k2_m50_d0,IMG_0760-HEIC
fb_h5_k2_m50_d0,IMG_2310-HEIC
fb_h5_k2_m50_d0,IMG_2336-HEIC
fb_h5_k2_m50_d0,IMG_2338-HEIC
fb_h5_k2_m50_d0,IMG_0751-HEIC
fb_h5_k2_m50_d0,IMG_2391-HEIC
fb_h5_k2_m50_d0,IMG_0759-HEIC
fb_h5_k2_m50_d0,IMG_0770-HEIC
fb_h5_k2_m50_d0,IMG_0754-HEIC
fb_h5_k2_m50_d0,IMG_2248-HEIC
fb_h5_k2_m50_d0,IMG_2386-HEIC
fb_h5_k2_m50_d0,IMG_0752-HEIC
fb_h5_k2_m50_d0,IMG_2343-HEIC
fb_h5_k2_m50_d0,IMG_2257-HEIC
fb_h5_k2_mall_d0,IMG_4085
fb_h5_k2_mall_d0,IMG_4218
fb_h5_k2_mall_d0,IMG_2068
fb_h5_k2_mall_d0,IMG_4188
fb_h5_k2_mall_d0,IMG_2061
fb_h5_k2_mall_d0,IMG_2095
fb_h5_k2_mall_d0,IMG_2122
fb_h5_k2_mall_d0,IMG_2076
fb_h5_k2_mall_d0,IMG_4200
fb_h5_k2_mall_d0,IMG_2080
fb_h5_k2_mall_d0,IMG_4262
fb_h5_k2_mall_d0,IMG_2131
fb_h5_k2_mall_d0,IMG_2117
fb_h5_k2_mall_d0,IMG_4146
fb_h5_k2_mall_d0,IMG_4194
fb_h5_k2_mall_d0,IMG_4168
fb_h5_k2_mall_d0,IMG_2084
fb_h5_k2_mall_d0,IMG_2085
fb_h5_k2_mall_d0,IMG_4201
fb_h5_k2_mall_d0,IMG_2109
fb_h5_k2_mall_d0,IMG_4088
fb_h5_k2_mall_d0,IMG_4071
fb_h5_k2_mall_d0,IMG_4192
fb_h5_k2_mall_d0,IMG_2081
fb_h5_k2_mall_d0,IMG_4149
fb_h5_k2_mall_d0,IMG_4134
fb_h5_k2_mall_d0,IMG_4109
fb_h5_k2_mall_d0,IMG_4202
fb_h5_k2_mall_d0,IMG_4113
fb_h5_k2_mall_d0,IMG_4143
fb_h5_k2_mall_d0,IMG_4220
fb_h5_k2_mall_d0,IMG_4114
fb_h5_k2_mall_d0,IMG_4117
fb_h5_k2_mall_d0,IMG_2135
fb_h5_k2_mall_d0,IMG_4103
fb_h5_k2_mall_d0,IMG_2105
fb_h5_k2_mall_d0,IMG_4203
fb_h5_k2_mall_d0,IMG_2134
fb_h5_k2_mall_d0,IMG_2062
fb_h5_k2_mall_d0,IMG_2059
fb_h5_k2_mall_d0,IMG_4095
fb_h5_k2_mall_d0,IMG_4186
fb_h5_k2_mall_d0,IMG_4096
fb_h5_k2_mall_d0,IMG_4086
fb_h5_k2_mall_d0,IMG_2133
fb_h5_k2_mall_d0,IMG_4104
fb_h5_k2_mall_d0,IMG_4073
fb_h5_k2_mall_d0,IMG_4213
fb_h5_k2_mall_d0,IMG_4187
fb_h5_k2_mall_d0,IMG_4144
fb_h5_k2_mall_d0,IMG_2060
fb_h5_k2_mall_d0,IMG_2063
fb_h5_k2_mall_d0,IMG_4178
fb_h5_k2_mall_d0,IMG_4089
fb_h5_k2_mall_d0,IMG_4182
fb_h5_k2_mall_d0,IMG_4152
fb_h5_k2_mall_d0,IMG_4256
fb_h5_k2_mall_d0,IMG_4148
fb_h5_k2_mall_d0,IMG_2120
fb_h5_k2_mall_d0,IMG_4180
fb_h5_k2_mall_d0,IMG_4098
fb_h5_k2_mall_d0,IMG_2108
fb_h5_k2_mall_d0,IMG_4065
fb_h5_k2_mall_d0,IMG_2121
fb_h5_k2_mall_d0,IMG_4091
fb_h5_k2_mall_d0,IMG_4183
fb_h5_k2_mall_d0,IMG_2107
fb_h5_k2_mall_d0,IMG_4153
fb_h5_k2_mall_d0,IMG_4064
fb_h5_k2_mall_d0,IMG_4156
fb_h5_k2_mall_d0,IMG_4118
fb_h5_k2_mall_d0,IMG_2073
fb_h5_k2_mall_d0,IMG_4110
fb_h5_k2_mall_d0,IMG_2119
fb_h5_k2_mall_d0,IMG_2083
fb_h5_k2_mall_d0,IMG_2082
fb_h5_k2_mall_d0,IMG_2103
fb_h5_k2_mall_d0,IMG_4069
fb_h5_k2_mall_d0,IMG_4070
fb_h5_k2_mall_d0,IMG_4169
fb_h5_k2_mall_d0,IMG_2066
fb_h5_k2_mall_d0,IMG_4087
fb_h5_k2_mall_d0,IMG_2101
fb_h5_k2_mall_d0,IMG_2077
fb_h5_k2_mall_d0,IMG_4170
fb_h5_k2_mall_d0,IMG_2110
fb_h5_k2_mall_d0,IMG_4150
fb_h5_k2_mall_d0,IMG_4154
fb_h5_k2_mall_d0,IMG_4075
fb_h5_k2_mall_d0,IMG_4172
fb_h5_k2_mall_d0,IMG_4068
fb_h5_k2_mall_d0,IMG_4165
fb_h5_k2_mall_d0,IMG_4174
fb_h5_k2_mall_d0,IMG_2079
fb_h5_k2_mall_d0,IMG_4106
fb_h5_k2_mall_d0,IMG_4221
fb_h5_k2_mall_d0,IMG_4066
fb_h5_k2_mall_d0,IMG_2064
fb_h5_k2_mall_d0,IMG_4179
fb_h5_k2_mall_d0,IMG_4159
fb_h5_k2_mall_d0,IMG_4120
fb_h5_k2_mall_d0,IMG_2100
fb_h5_k2_mall_d0,IMG_2116
fb_h5_k2_mall_d0,IMG_2106
fb_h5_k2_mall_d0,IMG_4193
fb_h5_k2_mall_d0,IMG_4184
fb_h5_k2_mall_d0,IMG_2069
fb_h5_k2_mall_d0,IMG_2067
fb_h5_k2_mall_d0,IMG_4162
fb_h5_k2_mall_d0,IMG_2070
fb_h5_k2_mall_d0,IMG_4157
fb_h5_k2_mall_d0,IMG_4123
fb_h5_k2_mall_d0,IMG_2089
fb_h5_k2_mall_d0,IMG_4161
fb_h5_k2_mall_d0,IMG_4191
fb_h5_k2_mall_d0,IMG_4115
fb_h5_k2_mall_d0,IMG_2104
fb_h5_k2_mall_d0,IMG_2075
fb_h5_k2_mall_d0,IMG_4189
fb_h5_k2_mall_d0,IMG_4164
fb_h5_k2_mall_d0,IMG_4116
fb_h5_k2_mall_d0,IMG_4145
fb_h5_k2_mall_d0,IMG_2130
fb_h5_k2_mall_d0,IMG_4181
fb_h5_k2_mall_d0,IMG_2115
fb_h5_k2_mall_d0,IMG_4090
fb_h5_k2_mall_d0,IMG_2102
fb_h5_k2_mall_d0,IMG_2072
fb_h5_k2_mall_d0,IMG_4176
fb_h5_k2_mall_d0,IMG_4147
fb_h5_k2_mall_d0,IMG_4111
fb_h5_k2_mall_d0,IMG_4067
fb_h5_k2_mall_d0,IMG_4219
fb_h5_k2_mall_d0,IMG_4163
fb_h5_k2_mall_d0,IMG_4112
fb_h5_k2_mall_d0,IMG_4185
fb_h5_k2_mall_d0,IMG_4155
fb_h5_k2_mall_d0,IMG_2132
fb_h5_k2_mall_d0,IMG_4190
fb_h5_k2_mall_d0,IMG_4105
fb_h5_k2_mall_d0,IMG_2074
fb_h5_k2_mall_d0,IMG_2058
fb_h5_k2_mall_d0,IMG_4072
fb_h5_k2_mall_d0,IMG_2088
fb_h5_k2_mall_d0,IMG_2071
fb_h5_k2_mall_d0,IMG_2078
fb_h5_k2_mall_d0,IMG_4151
fb_h5_k2_mall_d0,IMG_2252-HEIC
fb_h5_k2_mall_d0,IMG_2309-HEIC
fb_h5_k2_mall_d0,IMG_2381-HEIC
fb_h5_k2_mall_d0,IMG_2383-HEIC
fb_h5_k2_mall_d0,IMG_2293-HEIC
fb_h5_k2_mall_d0,IMG_2246-HEIC
fb_h5_k2_mall_d0,IMG_0758-HEIC
fb_h5_k2_mall_d0,IMG_2304-HEIC
fb_h5_k2_mall_d0,IMG_2340-HEIC
fb_h5_k2_mall_d0,IMG_2259-HEIC
fb_h5_k2_mall_d0,IMG_2251-HEIC
fb_h5_k2_mall_d0,IMG_0769-HEIC
fb_h5_k2_mall_d0,IMG_2339-HEIC
fb_h5_k2_mall_d0,IMG_2302-HEIC
fb_h5_k2_mall_d0,IMG_2291-HEIC
fb_h5_k2_mall_d0,IMG_0755-HEIC
fb_h5_k2_mall_d0,IMG_2337-HEIC
fb_h5_k2_mall_d0,IMG_2331-HEIC
fb_h5_k2_mall_d0,IMG_0740-HEIC
fb_h5_k2_mall_d0,IMG_0741-HEIC
fb_h5_k2_mall_d0,IMG_2274-HEIC
fb_h5_k2_mall_d0,IMG_2342-HEIC
fb_h5_k2_mall_d0,IMG_2273-HEIC
fb_h5_k2_mall_d0,IMG_2240-HEIC
fb_h5_k2_mall_d0,IMG_2244-HEIC
fb_h5_k2_mall_d0,IMG_2347-HEIC
fb_h5_k2_mall_d0,IMG_2335-HEIC
fb_h5_k2_mall_d0,IMG_0765-HEIC
fb_h5_k2_mall_d0,IMG_0772-HEIC
fb_h5_k2_mall_d0,IMG_2334-HEIC
fb_h5_k2_mall_d0,IMG_0761-HEIC
fb_h5_k2_mall_d0,IMG_2258-HEIC
fb_h5_k2_mall_d0,IMG_2341-HEIC
fb_h5_k2_mall_d0,IMG_0773-HEIC
fb_h5_k2_mall_d0,IMG_2308-HEIC
fb_h5_k2_mall_d0,IMG_2390-HEIC
fb_h5_k2_mall_d0,IMG_0760-HEIC
fb_h5_k2_mall_d0,IMG_2310-HEIC
fb_h5_k2_mall_d0,IMG_2336-HEIC
fb_h5_k2_mall_d0,IMG_2338-HEIC
fb_h5_k2_mall_d0,IMG_0751-HEIC
fb_h5_k2_mall_d0,IMG_2391-HEIC
fb_h5_k2_mall_d0,IMG_0759-HEIC
fb_h5_k2_mall_d0,IMG_0770-HEIC
fb_h5_k2_mall_d0,IMG_0754-HEIC
fb_h5_k2_mall_d0,IMG_2248-HEIC
fb_h5_k2_mall_d0,IMG_2386-HEIC
fb_h5_k2_mall_d0,IMG_0752-HEIC
fb_h5_k2_mall_d0,IMG_2343-HEIC
fb_h5_k2_mall_d0,IMG_2257-HEIC
fb_h5_k2_mall_d0,IMG_2296-HEIC
fb_h5_k2_mall_d0,IMG_2288-HEIC
fb_h5_k2_mall_d0,IMG_0737-HEIC
fb_h5_k2_mall_d0,IMG_2270-HEIC
fb_h5_k2_mall_d0,IMG_2305-HEIC
fb_h5_k2_mall_d0,IMG_0771-HEIC
fb_h5_k2_mall_d0,IMG_2286-HEIC
fb_h5_k2_mall_d0,IMG_2253-HEIC
fb_h5_k2_mall_d0,IMG_2349-HEIC
fb_h5_k2_mall_d0,IMG_2247-HEIC
fb_h5_k2_mall_d0,IMG_0756-HEIC
fb_h5_k2_mall_d0,IMG_2311-HEIC
fb_h5_k2_mall_d0,IMG_2384-HEIC
fb_h5_k2_mall_d0,IMG_2380-HEIC
fb_h5_k2_mall_d0,IMG_0766-HEIC
fb_h5_k2_mall_d0,IMG_2290-HEIC
fb_h5_k2_mall_d0,IMG_0764-HEIC
fb_h5_k2_mall_d0,IMG_2382-HEIC
fb_h5_k2_mall_d0,IMG_2303-HEIC
fb_h5_k2_mall_d0,IMG_0763-HEIC
fb_h5_k2_mall_d0,IMG_2351-HEIC
fb_h5_k2_mall_d0,IMG_0743-HEIC
fb_h5_k2_mall_d0,IMG_2307-HEIC
fb_h5_k2_mall_d0,IMG_2352-HEIC
fb_h5_k2_mall_d0,IMG_2385-HEIC
fb_h5_k2_mall_d0,IMG_2239-HEIC
fb_h5_k2_mall_d0,IMG_0768-HEIC
fb_h5_k2_mall_d0,IMG_2241-HEIC
fb_h5_k2_mall_d0,IMG_0757-HEIC
fb_h5_k2_mall_d0,IMG_2330-HEIC
fb_h5_k2_mall_d0,IMG_2306-HEIC
fb_h5_k2_mall_d0,IMG_2254-HEIC
fb_h5_k2_mall_d0,IMG_2249-HEIC
fb_h5_k2_mall_d0,IMG_2333-HEIC
fb_h5_k2_mall_d0,IMG_2295-HEIC
fb_h5_k2_mall_d0,IMG_2329-HEIC
fb_h5_k2_mall_d0,IMG_2294-HEIC
fb_h5_k2_mall_d0,IMG_2255-HEIC
fb_h5_k2_mall_d0,IMG_2256-HEIC
fb_h5_k2_mall_d0,IMG_0742-HEIC
fb_h5_k2_mall_d0,IMG_2243-HEIC
fb_h5_k2_mall_d0,IMG_0767-HEIC
fb_h5_k2_mall_d0,IMG_2287-HEIC
fb_h5_k2_mall_d0,IMG_2346-HEIC
fb_h5_k2_mall_d0,IMG_2245-HEIC
fb_h5_k2_mall_d0,IMG_2345-HEIC
fb_h5_k2_mall_d0,IMG_2332-HEIC
fb_h5_k2_mall_d0,IMG_2242-HEIC
fb_h5_k2_mall_d0,IMG_2389-HEIC
fb_h5_k2_mall_d0,IMG_2289-HEIC
fb_h5_k2_mall_d0,IMG_2285-HEIC
fb_h5_k2_m15_d1,IMG_2648-HEIC
fb_h5_k2_m15_d1,IMG_2494-HEIC
fb_h5_k2_m15_d1,IMG_2570-HEIC
fb_h5_k2_m15_d1,IMG_2519-HEIC
fb_h5_k2_m15_d1,IMG_2617-HEIC
fb_h5_k2_m15_d1,IMG_2593-HEIC
fb_h5_k2_m15_d1,IMG_2621-HEIC
fb_h5_k2_m15_d1,IMG_2586-HEIC
fb_h5_k2_m15_d1,IMG_2535-HEIC
fb_h5_k2_m15_d1,IMG_2598-HEIC
fb_h5_k2_m15_d1,IMG_2534-HEIC
fb_h5_k2_m15_d1,IMG_2525-HEIC
fb_h5_k2_m15_d1,IMG_2477-HEIC
fb_h5_k2_m15_d1,IMG_2666-HEIC
fb_h5_k2_m15_d1,IMG_2603-HEIC
fb_h5_k2_m15_d1,IMG_4169
fb_h5_k2_m15_d1,IMG_4180
fb_h5_k2_m15_d1,IMG_4179
fb_h5_k2_m15_d1,IMG_4220
fb_h5_k2_m15_d1,IMG_4192
fb_h5_k2_m15_d1,IMG_2119
fb_h5_k2_m15_d1,IMG_4186
fb_h5_k2_m15_d1,IMG_4194
fb_h5_k2_m15_d1,IMG_4164
fb_h5_k2_m15_d1,IMG_2071
fb_h5_k2_m15_d1,IMG_2083
fb_h5_k2_m15_d1,IMG_2077
fb_h5_k2_m15_d1,IMG_4151
fb_h5_k2_m15_d1,IMG_4087
fb_h5_k2_m15_d1,IMG_4189
fb_h5_k2_m50_d1,IMG_2648-HEIC
fb_h5_k2_m50_d1,IMG_2494-HEIC
fb_h5_k2_m50_d1,IMG_2570-HEIC
fb_h5_k2_m50_d1,IMG_2519-HEIC
fb_h5_k2_m50_d1,IMG_2617-HEIC
fb_h5_k2_m50_d1,IMG_2593-HEIC
fb_h5_k2_m50_d1,IMG_2621-HEIC
fb_h5_k2_m50_d1,IMG_2586-HEIC
fb_h5_k2_m50_d1,IMG_2535-HEIC
fb_h5_k2_m50_d1,IMG_2598-HEIC
fb_h5_k2_m50_d1,IMG_2534-HEIC
fb_h5_k2_m50_d1,IMG_2525-HEIC
fb_h5_k2_m50_d1,IMG_2477-HEIC
fb_h5_k2_m50_d1,IMG_2666-HEIC
fb_h5_k2_m50_d1,IMG_2603-HEIC
fb_h5_k2_m50_d1,IMG_2619-HEIC
fb_h5_k2_m50_d1,IMG_2475-HEIC
fb_h5_k2_m50_d1,IMG_2488-HEIC
fb_h5_k2_m50_d1,IMG_2643-HEIC
fb_h5_k2_m50_d1,IMG_2493-HEIC
fb_h5_k2_m50_d1,IMG_2489-HEIC
fb_h5_k2_m50_d1,IMG_2700-HEIC
fb_h5_k2_m50_d1,IMG_2495-HEIC
fb_h5_k2_m50_d1,IMG_2638-HEIC
fb_h5_k2_m50_d1,IMG_2646-HEIC
fb_h5_k2_m50_d1,IMG_2446-HEIC
fb_h5_k2_m50_d1,IMG_2618-HEIC
fb_h5_k2_m50_d1,IMG_2540-HEIC
fb_h5_k2_m50_d1,IMG_2533-HEIC
fb_h5_k2_m50_d1,IMG_2538-HEIC
fb_h5_k2_m50_d1,IMG_2590-HEIC
fb_h5_k2_m50_d1,IMG_2588-HEIC
fb_h5_k2_m50_d1,IMG_2600-HEIC
fb_h5_k2_m50_d1,IMG_2634-HEIC
fb_h5_k2_m50_d1,IMG_2591-HEIC
fb_h5_k2_m50_d1,IMG_2537-HEIC
fb_h5_k2_m50_d1,IMG_2541-HEIC
fb_h5_k2_m50_d1,IMG_2482-HEIC
fb_h5_k2_m50_d1,IMG_2584-HEIC
fb_h5_k2_m50_d1,IMG_2513-HEIC
fb_h5_k2_m50_d1,IMG_2616-HEIC
fb_h5_k2_m50_d1,IMG_2686-HEIC
fb_h5_k2_m50_d1,IMG_2496-HEIC
fb_h5_k2_m50_d1,IMG_2572-HEIC
fb_h5_k2_m50_d1,IMG_2452-HEIC
fb_h5_k2_m50_d1,IMG_2620-HEIC
fb_h5_k2_m50_d1,IMG_2578-HEIC
fb_h5_k2_m50_d1,IMG_2539-HEIC
fb_h5_k2_m50_d1,IMG_2520-HEIC
fb_h5_k2_m50_d1,IMG_2481-HEIC
fb_h5_k2_m50_d1,IMG_4169
fb_h5_k2_m50_d1,IMG_4180
fb_h5_k2_m50_d1,IMG_4179
fb_h5_k2_m50_d1,IMG_4220
fb_h5_k2_m50_d1,IMG_4192
fb_h5_k2_m50_d1,IMG_2119
fb_h5_k2_m50_d1,IMG_4186
fb_h5_k2_m50_d1,IMG_4194
fb_h5_k2_m50_d1,IMG_4164
fb_h5_k2_m50_d1,IMG_2071
fb_h5_k2_m50_d1,IMG_2083
fb_h5_k2_m50_d1,IMG_2077
fb_h5_k2_m50_d1,IMG_4151
fb_h5_k2_m50_d1,IMG_4087
fb_h5_k2_m50_d1,IMG_4189
fb_h5_k2_m50_d1,IMG_4170
fb_h5_k2_m50_d1,IMG_4159
fb_h5_k2_m50_d1,IMG_2066
fb_h5_k2_m50_d1,IMG_2079
fb_h5_k2_m50_d1,IMG_4184
fb_h5_k2_m50_d1,IMG_4095
fb_h5_k2_m50_d1,IMG_4221
fb_h5_k2_m50_d1,IMG_4098
fb_h5_k2_m50_d1,IMG_4070
fb_h5_k2_m50_d1,IMG_4090
fb_h5_k2_m50_d1,IMG_4068
fb_h5_k2_m50_d1,IMG_2116
fb_h5_k2_m50_d1,IMG_2100
fb_h5_k2_m50_d1,IMG_4176
fb_h5_k2_m50_d1,IMG_4187
fb_h5_k2_m50_d1,IMG_2107
fb_h5_k2_m50_d1,IMG_2117
fb_h5_k2_m50_d1,IMG_2122
fb_h5_k2_m50_d1,IMG_4065
fb_h5_k2_m50_d1,IMG_4143
fb_h5_k2_m50_d1,IMG_4073
fb_h5_k2_m50_d1,IMG_2069
fb_h5_k2_m50_d1,IMG_4145
fb_h5_k2_m50_d1,IMG_2070
fb_h5_k2_m50_d1,IMG_4110
fb_h5_k2_m50_d1,IMG_4178
fb_h5_k2_m50_d1,IMG_4256
fb_h5_k2_m50_d1,IMG_4148
fb_h5_k2_m50_d1,IMG_4111
fb_h5_k2_m50_d1,IMG_2062
fb_h5_k2_m50_d1,IMG_4106
fb_h5_k2_m50_d1,IMG_2078
fb_h5_k2_m50_d1,IMG_4163
fb_h5_k2_m50_d1,IMG_2081
fb_h5_k2_m50_d1,IMG_2120
fb_h5_k2_mall_d1,IMG_2648-HEIC
fb_h5_k2_mall_d1,IMG_2494-HEIC
fb_h5_k2_mall_d1,IMG_2570-HEIC
fb_h5_k2_mall_d1,IMG_2519-HEIC
fb_h5_k2_mall_d1,IMG_2617-HEIC
fb_h5_k2_mall_d1,IMG_2593-HEIC
fb_h5_k2_mall_d1,IMG_2621-HEIC
fb_h5_k2_mall_d1,IMG_2586-HEIC
fb_h5_k2_mall_d1,IMG_2535-HEIC
fb_h5_k2_mall_d1,IMG_2598-HEIC
fb_h5_k2_mall_d1,IMG_2534-HEIC
fb_h5_k2_mall_d1,IMG_2525-HEIC
fb_h5_k2_mall_d1,IMG_2477-HEIC
fb_h5_k2_mall_d1,IMG_2666-HEIC
fb_h5_k2_mall_d1,IMG_2603-HEIC
fb_h5_k2_mall_d1,IMG_2619-HEIC
fb_h5_k2_mall_d1,IMG_2475-HEIC
fb_h5_k2_mall_d1,IMG_2488-HEIC
fb_h5_k2_mall_d1,IMG_2643-HEIC
fb_h5_k2_mall_d1,IMG_2493-HEIC
fb_h5_k2_mall_d1,IMG_2489-HEIC
fb_h5_k2_mall_d1,IMG_2700-HEIC
fb_h5_k2_mall_d1,IMG_2495-HEIC
fb_h5_k2_mall_d1,IMG_2638-HEIC
fb_h5_k2_mall_d1,IMG_2646-HEIC
fb_h5_k2_mall_d1,IMG_2446-HEIC
fb_h5_k2_mall_d1,IMG_2618-HEIC
fb_h5_k2_mall_d1,IMG_2540-HEIC
fb_h5_k2_mall_d1,IMG_2533-HEIC
fb_h5_k2_mall_d1,IMG_2538-HEIC
fb_h5_k2_mall_d1,IMG_2590-HEIC
fb_h5_k2_mall_d1,IMG_2588-HEIC
fb_h5_k2_mall_d1,IMG_2600-HEIC
fb_h5_k2_mall_d1,IMG_2634-HEIC
fb_h5_k2_mall_d1,IMG_2591-HEIC
fb_h5_k2_mall_d1,IMG_2537-HEIC
fb_h5_k2_mall_d1,IMG_2541-HEIC
fb_h5_k2_mall_d1,IMG_2482-HEIC
fb_h5_k2_mall_d1,IMG_2584-HEIC
fb_h5_k2_mall_d1,IMG_2513-HEIC
fb_h5_k2_mall_d1,IMG_2616-HEIC
fb_h5_k2_mall_d1,IMG_2686-HEIC
fb_h5_k2_mall_d1,IMG_2496-HEIC
fb_h5_k2_mall_d1,IMG_2572-HEIC
fb_h5_k2_mall_d1,IMG_2452-HEIC
fb_h5_k2_mall_d1,IMG_2620-HEIC
fb_h5_k2_mall_d1,IMG_2578-HEIC
fb_h5_k2_mall_d1,IMG_2539-HEIC
fb_h5_k2_mall_d1,IMG_2520-HEIC
fb_h5_k2_mall_d1,IMG_2481-HEIC
fb_h5_k2_mall_d1,IMG_2504-HEIC
fb_h5_k2_mall_d1,IMG_2524-HEIC
fb_h5_k2_mall_d1,IMG_2647-HEIC
fb_h5_k2_mall_d1,IMG_2476-HEIC
fb_h5_k2_mall_d1,IMG_2522-HEIC
fb_h5_k2_mall_d1,IMG_2597-HEIC
fb_h5_k2_mall_d1,IMG_2644-HEIC
fb_h5_k2_mall_d1,IMG_2523-HEIC
fb_h5_k2_mall_d1,IMG_2576-HEIC
fb_h5_k2_mall_d1,IMG_2557-HEIC
fb_h5_k2_mall_d1,IMG_2636-HEIC
fb_h5_k2_mall_d1,IMG_2701-HEIC
fb_h5_k2_mall_d1,IMG_2491-HEIC
fb_h5_k2_mall_d1,IMG_2566-HEIC
fb_h5_k2_mall_d1,IMG_2583-HEIC
fb_h5_k2_mall_d1,IMG_2577-HEIC
fb_h5_k2_mall_d1,IMG_2564-HEIC
fb_h5_k2_mall_d1,IMG_2526-HEIC
fb_h5_k2_mall_d1,IMG_2395-HEIC
fb_h5_k2_mall_d1,IMG_2604-HEIC
fb_h5_k2_mall_d1,IMG_2589-HEIC
fb_h5_k2_mall_d1,IMG_2567-HEIC
fb_h5_k2_mall_d1,IMG_2569-HEIC
fb_h5_k2_mall_d1,IMG_2637-HEIC
fb_h5_k2_mall_d1,IMG_2550-HEIC
fb_h5_k2_mall_d1,IMG_2594-HEIC
fb_h5_k2_mall_d1,IMG_2536-HEIC
fb_h5_k2_mall_d1,IMG_2492-HEIC
fb_h5_k2_mall_d1,IMG_2579-HEIC
fb_h5_k2_mall_d1,IMG_2660-HEIC
fb_h5_k2_mall_d1,IMG_2654-HEIC
fb_h5_k2_mall_d1,IMG_2635-HEIC
fb_h5_k2_mall_d1,IMG_2521-HEIC
fb_h5_k2_mall_d1,IMG_2585-HEIC
fb_h5_k2_mall_d1,IMG_2680-HEIC
fb_h5_k2_mall_d1,IMG_2417-HEIC
fb_h5_k2_mall_d1,IMG_2580-HEIC
fb_h5_k2_mall_d1,IMG_2674-HEIC
fb_h5_k2_mall_d1,IMG_2480-HEIC
fb_h5_k2_mall_d1,IMG_2478-HEIC
fb_h5_k2_mall_d1,IMG_2582-HEIC
fb_h5_k2_mall_d1,IMG_2587-HEIC
fb_h5_k2_mall_d1,IMG_2615-HEIC
fb_h5_k2_mall_d1,IMG_2610-HEIC
fb_h5_k2_mall_d1,IMG_2592-HEIC
fb_h5_k2_mall_d1,IMG_2581-HEIC
fb_h5_k2_mall_d1,IMG_2542-HEIC
fb_h5_k2_mall_d1,IMG_2545-HEIC
fb_h5_k2_mall_d1,IMG_2599-HEIC
fb_h5_k2_mall_d1,IMG_2596-HEIC
fb_h5_k2_mall_d1,IMG_2595-HEIC
fb_h5_k2_mall_d1,IMG_2571-HEIC
fb_h5_k2_mall_d1,IMG_4169
fb_h5_k2_mall_d1,IMG_4180
fb_h5_k2_mall_d1,IMG_4179
fb_h5_k2_mall_d1,IMG_4220
fb_h5_k2_mall_d1,IMG_4192
fb_h5_k2_mall_d1,IMG_2119
fb_h5_k2_mall_d1,IMG_4186
fb_h5_k2_mall_d1,IMG_4194
fb_h5_k2_mall_d1,IMG_4164
fb_h5_k2_mall_d1,IMG_2071
fb_h5_k2_mall_d1,IMG_2083
fb_h5_k2_mall_d1,IMG_2077
fb_h5_k2_mall_d1,IMG_4151
fb_h5_k2_mall_d1,IMG_4087
fb_h5_k2_mall_d1,IMG_4189
fb_h5_k2_mall_d1,IMG_4170
fb_h5_k2_mall_d1,IMG_4159
fb_h5_k2_mall_d1,IMG_2066
fb_h5_k2_mall_d1,IMG_2079
fb_h5_k2_mall_d1,IMG_4184
fb_h5_k2_mall_d1,IMG_4095
fb_h5_k2_mall_d1,IMG_4221
fb_h5_k2_mall_d1,IMG_4098
fb_h5_k2_mall_d1,IMG_4070
fb_h5_k2_mall_d1,IMG_4090
fb_h5_k2_mall_d1,IMG_4068
fb_h5_k2_mall_d1,IMG_2116
fb_h5_k2_mall_d1,IMG_2100
fb_h5_k2_mall_d1,IMG_4176
fb_h5_k2_mall_d1,IMG_4187
fb_h5_k2_mall_d1,IMG_2107
fb_h5_k2_mall_d1,IMG_2117
fb_h5_k2_mall_d1,IMG_2122
fb_h5_k2_mall_d1,IMG_4065
fb_h5_k2_mall_d1,IMG_4143
fb_h5_k2_mall_d1,IMG_4073
fb_h5_k2_mall_d1,IMG_2069
fb_h5_k2_mall_d1,IMG_4145
fb_h5_k2_mall_d1,IMG_2070
fb_h5_k2_mall_d1,IMG_4110
fb_h5_k2_mall_d1,IMG_4178
fb_h5_k2_mall_d1,IMG_4256
fb_h5_k2_mall_d1,IMG_4148
fb_h5_k2_mall_d1,IMG_4111
fb_h5_k2_mall_d1,IMG_2062
fb_h5_k2_mall_d1,IMG_4106
fb_h5_k2_mall_d1,IMG_2078
fb_h5_k2_mall_d1,IMG_4163
fb_h5_k2_mall_d1,IMG_2081
fb_h5_k2_mall_d1,IMG_2120
fb_h5_k2_mall_d1,IMG_2085
fb_h5_k2_mall_d1,IMG_2132
fb_h5_k2_mall_d1,IMG_2134
fb_h5_k2_mall_d1,IMG_2058
fb_h5_k2_mall_d1,IMG_4181
fb_h5_k2_mall_d1,IMG_2115
fb_h5_k2_mall_d1,IMG_2106
fb_h5_k2_mall_d1,IMG_4075
fb_h5_k2_mall_d1,IMG_2133
fb_h5_k2_mall_d1,IMG_4147
fb_h5_k2_mall_d1,IMG_4150
fb_h5_k2_mall_d1,IMG_2130
fb_h5_k2_mall_d1,IMG_2074
fb_h5_k2_mall_d1,IMG_4219
fb_h5_k2_mall_d1,IMG_2063
fb_h5_k2_mall_d1,IMG_4103
fb_h5_k2_mall_d1,IMG_4085
fb_h5_k2_mall_d1,IMG_4156
fb_h5_k2_mall_d1,IMG_4183
fb_h5_k2_mall_d1,IMG_4262
fb_h5_k2_mall_d1,IMG_2110
fb_h5_k2_mall_d1,IMG_4064
fb_h5_k2_mall_d1,IMG_4115
fb_h5_k2_mall_d1,IMG_4165
fb_h5_k2_mall_d1,IMG_4161
fb_h5_k2_mall_d1,IMG_4200
fb_h5_k2_mall_d1,IMG_4123
fb_h5_k2_mall_d1,IMG_2080
fb_h5_k2_mall_d1,IMG_4193
fb_h5_k2_mall_d1,IMG_4174
fb_h5_k2_mall_d1,IMG_2135
fb_h5_k2_mall_d1,IMG_4202
fb_h5_k2_mall_d1,IMG_4117
fb_h5_k2_mall_d1,IMG_2088
fb_h5_k2_mall_d1,IMG_2073
fb_h5_k2_mall_d1,IMG_4172
fb_h5_k2_mall_d1,IMG_2072
fb_h5_k2_mall_d1,IMG_2095
fb_h5_k2_mall_d1,IMG_4144
fb_h5_k2_mall_d1,IMG_4134
fb_h5_k2_mall_d1,IMG_2103
fb_h5_k2_mall_d1,IMG_2101
fb_h5_k2_mall_d1,IMG_4066
fb_h5_k2_mall_d1,IMG_4152
fb_h5_k2_mall_d1,IMG_2067
fb_h5_k2_mall_d1,IMG_4185
fb_h5_k2_mall_d1,IMG_4088
fb_h5_k2_mall_d1,IMG_4168
fb_h5_k2_mall_d1,IMG_4104
fb_h5_k2_mall_d1,IMG_4114
fb_h5_k2_mall_d1,IMG_2084
fb_h5_k2_mall_d1,IMG_2064
fb_h5_k2_mall_d1,IMG_4091
fb_h5_k2_mall_d1,IMG_4190
fb_h5_k2_mall_d1,IMG_2061
fb_h5_k2_mall_d1,IMG_4155
fb_h5_k2_mall_d1,IMG_4113
fb_h5_k2_mall_d1,IMG_4116
fb_h5_k2_mall_d1,IMG_4071
fb_h5_k2_mall_d1,IMG_4182
fb_h5_k2_mall_d1,IMG_4191
fb_h5_k2_mall_d1,IMG_2121
fb_h5_k2_mall_d1,IMG_2068
fb_h5_k2_mall_d1,IMG_4072
fb_h5_k2_mall_d1,IMG_4149
fb_h5_k2_mall_d1,IMG_4105
fb_h5_k2_mall_d1,IMG_4112
fb_h5_k2_mall_d1,IMG_4201
fb_h5_k2_mall_d1,IMG_4069
fb_h5_k2_mall_d1,IMG_4157
fb_h5_k2_mall_d1,IMG_2060
fb_h5_k2_mall_d1,IMG_2109
fb_h5_k2_mall_d1,IMG_4146
fb_h5_k2_mall_d1,IMG_2076
fb_h5_k2_mall_d1,IMG_2104
fb_h5_k2_mall_d1,IMG_2082
fb_h5_k2_mall_d1,IMG_2075
fb_h5_k2_mall_d1,IMG_2131
fb_h5_k2_mall_d1,IMG_4067
fb_h5_k2_mall_d1,IMG_4086
fb_h5_k2_mall_d1,IMG_2089
fb_h5_k2_mall_d1,IMG_4154
fb_h5_k2_mall_d1,IMG_4213
fb_h5_k2_mall_d1,IMG_2059
fb_h5_k2_mall_d1,IMG_4218
fb_h5_k2_mall_d1,IMG_4120
fb_h5_k2_mall_d1,IMG_4109
fb_h5_k2_mall_d1,IMG_4162
fb_h5_k2_mall_d1,IMG_2108
fb_h5_k2_mall_d1,IMG_4188
fb_h5_k2_mall_d1,IMG_4089
fb_h5_k2_mall_d1,IMG_4153
fb_h5_k2_mall_d1,IMG_2105
fb_h5_k2_mall_d1,IMG_4096
fb_h5_k2_mall_d1,IMG_4203
fb_h5_k2_mall_d1,IMG_4118
fb_h5_k2_mall_d1,IMG_2102
fb_h5_k4_m15_d0,IMG_9844
fb_h5_k4_m15_d0,IMG_9800
fb_h5_k4_m15_d0,IMG_9971
fb_h5_k4_m15_d0,IMG_9865
fb_h5_k4_m15_d0,IMG_0051
fb_h5_k4_m15_d0,IMG_9818
fb_h5_k4_m15_d0,IMG_9981-HEIC
fb_h5_k4_m15_d0,IMG_0387
fb_h5_k4_m15_d0,IMG_9920-HEIC
fb_h5_k4_m15_d0,IMG_9951-HEIC
fb_h5_k4_m15_d0,IMG_9911-HEIC
fb_h5_k4_m15_d0,IMG_0364
fb_h5_k4_m15_d0,IMG_9869
fb_h5_k4_m15_d0,IMG_9990-HEIC
fb_h5_k4_m15_d0,IMG_9836
fb_h5_k4_m15_d0,IMG_4116
fb_h5_k4_m15_d0,IMG_4170
fb_h5_k4_m15_d0,IMG_2061
fb_h5_k4_m15_d0,IMG_2059
fb_h5_k4_m15_d0,IMG_4192
fb_h5_k4_m15_d0,IMG_2066
fb_h5_k4_m15_d0,IMG_4180
fb_h5_k4_m15_d0,IMG_2084
fb_h5_k4_m15_d0,IMG_4179
fb_h5_k4_m15_d0,IMG_2083
fb_h5_k4_m15_d0,IMG_4190
fb_h5_k4_m15_d0,IMG_4109
fb_h5_k4_m15_d0,IMG_4064
fb_h5_k4_m15_d0,IMG_4152
fb_h5_k4_m15_d0,IMG_2077
fb_h5_k4_m15_d0,IMG_0767-HEIC
fb_h5_k4_m15_d0,IMG_0742-HEIC
fb_h5_k4_m15_d0,IMG_0757-HEIC
fb_h5_k4_m15_d0,IMG_0768-HEIC
fb_h5_k4_m15_d0,IMG_2252-HEIC
fb_h5_k4_m15_d0,IMG_2337-HEIC
fb_h5_k4_m15_d0,IMG_2293-HEIC
fb_h5_k4_m15_d0,IMG_0760-HEIC
fb_h5_k4_m15_d0,IMG_0772-HEIC
fb_h5_k4_m15_d0,IMG_0743-HEIC
fb_h5_k4_m15_d0,IMG_0758-HEIC
fb_h5_k4_m15_d0,IMG_2335-HEIC
fb_h5_k4_m15_d0,IMG_2255-HEIC
fb_h5_k4_m15_d0,IMG_2273-HEIC
fb_h5_k4_m15_d0,IMG_2296-HEIC
fb_h5_k4_m15_d0,IMG_2212-HEIC
fb_h5_k4_m15_d0,IMG_2183-HEIC
fb_h5_k4_m15_d0,IMG_2211-HEIC
fb_h5_k4_m15_d0,IMG_2139-HEIC
fb_h5_k4_m15_d0,IMG_2216-HEIC
fb_h5_k4_m15_d0,IMG_2206-HEIC
fb_h5_k4_m15_d0,IMG_2191-HEIC
fb_h5_k4_m15_d0,IMG_2174-HEIC
fb_h5_k4_m15_d0,IMG_2198-HEIC
fb_h5_k4_m15_d0,IMG_2153-HEIC
fb_h5_k4_m15_d0,IMG_2202-HEIC
fb_h5_k4_m15_d0,IMG_2201-HEIC
fb_h5_k4_m15_d0,IMG_2156-HEIC
fb_h5_k4_m15_d0,IMG_2204-HEIC
fb_h5_k4_m15_d0,IMG_2187-HEIC
fb_h5_k4_m50_d0,IMG_9844
fb_h5_k4_m50_d0,IMG_9800
fb_h5_k4_m50_d0,IMG_9971
fb_h5_k4_m50_d0,IMG_9865
fb_h5_k4_m50_d0,IMG_0051
fb_h5_k4_m50_d0,IMG_9818
fb_h5_k4_m50_d0,IMG_9981-HEIC
fb_h5_k4_m50_d0,IMG_0387
fb_h5_k4_m50_d0,IMG_9920-HEIC
fb_h5_k4_m50_d0,IMG_9951-HEIC
fb_h5_k4_m50_d0,IMG_9911-HEIC
fb_h5_k4_m50_d0,IMG_0364
fb_h5_k4_m50_d0,IMG_9869
fb_h5_k4_m50_d0,IMG_9990-HEIC
fb_h5_k4_m50_d0,IMG_9836
fb_h5_k4_m50_d0,IMG_9814
fb_h5_k4_m50_d0,IMG_9989-HEIC
fb_h5_k4_m50_d0,IMG_7016-HEIC
fb_h5_k4_m50_d0,IMG_9828
fb_h5_k4_m50_d0,IMG_9812
fb_h5_k4_m50_d0,IMG_9982-HEIC
fb_h5_k4_m50_d0,IMG_0016
fb_h5_k4_m50_d0,IMG_9820
fb_h5_k4_m50_d0,IMG_9868-HEIC
fb_h5_k4_m50_d0,IMG_9819
fb_h5_k4_m50_d0,IMG_9875
fb_h5_k4_m50_d0,IMG_9833
fb_h5_k4_m50_d0,IMG_9783-HEIC
fb_h5_k4_m50_d0,IMG_9804
fb_h5_k4_m50_d0,IMG_0034
fb_h5_k4_m50_d0,IMG_9848
fb_h5_k4_m50_d0,IMG_9876
fb_h5_k4_m50_d0,IMG_0427
fb_h5_k4_m50_d0,IMG_9805
fb_h5_k4_m50_d0,IMG_9880
fb_h5_k4_m50_d0,IMG_9808
fb_h5_k4_m50_d0,IMG_0450
fb_h5_k4_m50_d0,IMG_9764
fb_h5_k4_m50_d0,IMG_9832
fb_h5_k4_m50_d0,IMG_9938
fb_h5_k4_m50_d0,IMG_9813
fb_h5_k4_m50_d0,IMG_9769
fb_h5_k4_m50_d0,IMG_0305
fb_h5_k4_m50_d0,IMG_9879
fb_h5_k4_m50_d0,IMG_9916-HEIC
fb_h5_k4_m50_d0,IMG_9809
fb_h5_k4_m50_d0,IMG_9999
fb_h5_k4_m50_d0,IMG_9861-HEIC
fb_h5_k4_m50_d0,IMG_9821
fb_h5_k4_m50_d0,IMG_9773
fb_h5_k4_m50_d0,IMG_4116
fb_h5_k4_m50_d0,IMG_4170
fb_h5_k4_m50_d0,IMG_2061
fb_h5_k4_m50_d0,IMG_2059
fb_h5_k4_m50_d0,IMG_4192
fb_h5_k4_m50_d0,IMG_2066
fb_h5_k4_m50_d0,IMG_4180
fb_h5_k4_m50_d0,IMG_2084
fb_h5_k4_m50_d0,IMG_4179
fb_h5_k4_m50_d0,IMG_2083
fb_h5_k4_m50_d0,IMG_4190
fb_h5_k4_m50_d0,IMG_4109
fb_h5_k4_m50_d0,IMG_4064
fb_h5_k4_m50_d0,IMG_4152
fb_h5_k4_m50_d0,IMG_2077
fb_h5_k4_m50_d0,IMG_4155
fb_h5_k4_m50_d0,IMG_4134
fb_h5_k4_m50_d0,IMG_4262
fb_h5_k4_m50_d0,IMG_2116
fb_h5_k4_m50_d0,IMG_4118
fb_h5_k4_m50_d0,IMG_4068
fb_h5_k4_m50_d0,IMG_4095
fb_h5_k4_m50_d0,IMG_2070
fb_h5_k4_m50_d0,IMG_2132
fb_h5_k4_m50_d0,IMG_4089
fb_h5_k4_m50_d0,IMG_2119
fb_h5_k4_m50_d0,IMG_4112
fb_h5_k4_m50_d0,IMG_4159
fb_h5_k4_m50_d0,IMG_2081
fb_h5_k4_m50_d0,IMG_2109
fb_h5_k4_m50_d0,IMG_4165
fb_h5_k4_m50_d0,IMG_4147
fb_h5_k4_m50_d0,IMG_4067
fb_h5_k4_m50_d0,IMG_4184
fb_h5_k4_m50_d0,IMG_2103
fb_h5_k4_m50_d0,IMG_4157
fb_h5_k4_m50_d0,IMG_4072
fb_h5_k4_m50_d0,IMG_4123
fb_h5_k4_m50_d0,IMG_4221
fb_h5_k4_m50_d0,IMG_4145
fb_h5_k4_m50_d0,IMG_4154
fb_h5_k4_m50_d0,IMG_4088
fb_h5_k4_m50_d0,IMG_4066
fb_h5_k4_m50_d0,IMG_4153
fb_h5_k4_m50_d0,IMG_2067
fb_h5_k4_m50_d0,IMG_4161
fb_h5_k4_m50_d0,IMG_2074
fb_h5_k4_m50_d0,IMG_2082
fb_h5_k4_m50_d0,IMG_4186
fb_h5_k4_m50_d0,IMG_4193
fb_h5_k4_m50_d0,IMG_0767-HEIC
fb_h5_k4_m50_d0,IMG_0742-HEIC
fb_h5_k4_m50_d0,IMG_0757-HEIC
fb_h5_k4_m50_d0,IMG_0768-HEIC
fb_h5_k4_m50_d0,IMG_2252-HEIC
fb_h5_k4_m50_d0,IMG_2337-HEIC
fb_h5_k4_m50_d0,IMG_2293-HEIC
fb_h5_k4_m50_d0,IMG_0760-HEIC
fb_h5_k4_m50_d0,IMG_0772-HEIC
fb_h5_k4_m50_d0,IMG_0743-HEIC
fb_h5_k4_m50_d0,IMG_0758-HEIC
fb_h5_k4_m50_d0,IMG_2335-HEIC
fb_h5_k4_m50_d0,IMG_2255-HEIC
fb_h5_k4_m50_d0,IMG_2273-HEIC
fb_h5_k4_m50_d0,IMG_2296-HEIC
fb_h5_k4_m50_d0,IMG_2308-HEIC
fb_h5_k4_m50_d0,IMG_2331-HEIC
fb_h5_k4_m50_d0,IMG_2239-HEIC
fb_h5_k4_m50_d0,IMG_0741-HEIC
fb_h5_k4_m50_d0,IMG_0764-HEIC
fb_h5_k4_m50_d0,IMG_2294-HEIC
fb_h5_k4_m50_d0,IMG_2259-HEIC
fb_h5_k4_m50_d0,IMG_2286-HEIC
fb_h5_k4_m50_d0,IMG_2343-HEIC
fb_h5_k4_m50_d0,IMG_0755-HEIC
fb_h5_k4_m50_d0,IMG_2295-HEIC
fb_h5_k4_m50_d0,IMG_2247-HEIC
fb_h5_k4_m50_d0,IMG_2390-HEIC
fb_h5_k4_m50_d0,IMG_2382-HEIC
fb_h5_k4_m50_d0,IMG_0770-HEIC
fb_h5_k4_m50_d0,IMG_2274-HEIC
fb_h5_k4_m50_d0,IMG_2311-HEIC
fb_h5_k4_m50_d0,IMG_0766-HEIC
fb_h5_k4_m50_d0,IMG_2291-HEIC
fb_h5_k4_m50_d0,IMG_2288-HEIC
fb_h5_k4_m50_d0,IMG_2304-HEIC
fb_h5_k4_m50_d0,IMG_0751-HEIC
fb_h5_k4_m50_d0,IMG_2333-HEIC
fb_h5_k4_m50_d0,IMG_2302-HEIC
fb_h5_k4_m50_d0,IMG_2334-HEIC
fb_h5_k4_m50_d0,IMG_2349-HEIC
fb_h5_k4_m50_d0,IMG_2290-HEIC
fb_h5_k4_m50_d0,IMG_2380-HEIC
fb_h5_k4_m50_d0,IMG_0763-HEIC
fb_h5_k4_m50_d0,IMG_2251-HEIC
fb_h5_k4_m50_d0,IMG_2384-HEIC
fb_h5_k4_m50_d0,IMG_2391-HEIC
fb_h5_k4_m50_d0,IMG_2347-HEIC
fb_h5_k4_m50_d0,IMG_0769-HEIC
fb_h5_k4_m50_d0,IMG_2289-HEIC
fb_h5_k4_m50_d0,IMG_2212-HEIC
fb_h5_k4_m50_d0,IMG_2183-HEIC
fb_h5_k4_m50_d0,IMG_2211-HEIC
fb_h5_k4_m50_d0,IMG_2139-HEIC
fb_h5_k4_m50_d0,IMG_2216-HEIC
fb_h5_k4_m50_d0,IMG_2206-HEIC
fb_h5_k4_m50_d0,IMG_2191-HEIC
fb_h5_k4_m50_d0,IMG_2174-HEIC
fb_h5_k4_m50_d0,IMG_2198-HEIC
fb_h5_k4_m50_d0,IMG_2153-HEIC
fb_h5_k4_m50_d0,IMG_2202-HEIC
fb_h5_k4_m50_d0,IMG_2201-HEIC
fb_h5_k4_m50_d0,IMG_2156-HEIC
fb_h5_k4_m50_d0,IMG_2204-HEIC
fb_h5_k4_m50_d0,IMG_2187-HEIC
fb_h5_k4_m50_d0,IMG_2176-HEIC
fb_h5_k4_m50_d0,IMG_2155-HEIC
fb_h5_k4_m50_d0,IMG_2189-HEIC
fb_h5_k4_m50_d0,IMG_2188-HEIC
fb_h5_k4_m50_d0,IMG_2159-HEIC
fb_h5_k4_m50_d0,IMG_2181-HEIC
fb_h5_k4_m50_d0,IMG_2150-HEIC
fb_h5_k4_m50_d0,IMG_2154-HEIC
fb_h5_k4_m50_d0,IMG_2214-HEIC
fb_h5_k4_m50_d0,IMG_2195-HEIC
fb_h5_k4_m50_d0,IMG_2193-HEIC
fb_h5_k4_m50_d0,IMG_2158-HEIC
fb_h5_k4_m50_d0,IMG_2197-HEIC
fb_h5_k4_m50_d0,IMG_2133-HEIC
fb_h5_k4_m50_d0,IMG_2208-HEIC
fb_h5_k4_m50_d0,IMG_2175-HEIC
fb_h5_k4_m50_d0,IMG_2196-HEIC
fb_h5_k4_m50_d0,IMG_2169-HEIC
fb_h5_k4_m50_d0,IMG_2194-HEIC
fb_h5_k4_m50_d0,IMG_2199-HEIC
fb_h5_k4_m50_d0,IMG_2182-HEIC
fb_h5_k4_m50_d0,IMG_2132-HEIC
fb_h5_k4_m50_d0,IMG_2184-HEIC
fb_h5_k4_m50_d0,IMG_2178-HEIC
fb_h5_k4_m50_d0,IMG_2179-HEIC
fb_h5_k4_m50_d0,IMG_2180-HEIC
fb_h5_k4_m50_d0,IMG_2203-HEIC
fb_h5_k4_m50_d0,IMG_2152-HEIC
fb_h5_k4_m50_d0,IMG_2177-HEIC
fb_h5_k4_m50_d0,IMG_2131-HEIC
fb_h5_k4_m50_d0,IMG_2170-HEIC
fb_h5_k4_m50_d0,IMG_2148-HEIC
fb_h5_k4_m50_d0,IMG_2151-HEIC
fb_h5_k4_m50_d0,IMG_2213-HEIC
fb_h5_k4_m50_d0,IMG_2190-HEIC
fb_h5_k4_mall_d0,IMG_9844
fb_h5_k4_mall_d0,IMG_9800
fb_h5_k4_mall_d0,IMG_9971
fb_h5_k4_mall_d0,IMG_9865
fb_h5_k4_mall_d0,IMG_0051
fb_h5_k4_mall_d0,IMG_9818
fb_h5_k4_mall_d0,IMG_9981-HEIC
fb_h5_k4_mall_d0,IMG_0387
fb_h5_k4_mall_d0,IMG_9920-HEIC
fb_h5_k4_mall_d0,IMG_9951-HEIC
fb_h5_k4_mall_d0,IMG_9911-HEIC
fb_h5_k4_mall_d0,IMG_0364
fb_h5_k4_mall_d0,IMG_9869
fb_h5_k4_mall_d0,IMG_9990-HEIC
fb_h5_k4_mall_d0,IMG_9836
fb_h5_k4_mall_d0,IMG_9814
fb_h5_k4_mall_d0,IMG_9989-HEIC
fb_h5_k4_mall_d0,IMG_7016-HEIC
fb_h5_k4_mall_d0,IMG_9828
fb_h5_k4_mall_d0,IMG_9812
fb_h5_k4_mall_d0,IMG_9982-HEIC
fb_h5_k4_mall_d0,IMG_0016
fb_h5_k4_mall_d0,IMG_9820
fb_h5_k4_mall_d0,IMG_9868-HEIC
fb_h5_k4_mall_d0,IMG_9819
fb_h5_k4_mall_d0,IMG_9875
fb_h5_k4_mall_d0,IMG_9833
fb_h5_k4_mall_d0,IMG_9783-HEIC
fb_h5_k4_mall_d0,IMG_9804
fb_h5_k4_mall_d0,IMG_0034
fb_h5_k4_mall_d0,IMG_9848
fb_h5_k4_mall_d0,IMG_9876
fb_h5_k4_mall_d0,IMG_0427
fb_h5_k4_mall_d0,IMG_9805
fb_h5_k4_mall_d0,IMG_9880
fb_h5_k4_mall_d0,IMG_9808
fb_h5_k4_mall_d0,IMG_0450
fb_h5_k4_mall_d0,IMG_9764
fb_h5_k4_mall_d0,IMG_9832
fb_h5_k4_mall_d0,IMG_9938
fb_h5_k4_mall_d0,IMG_9813
fb_h5_k4_mall_d0,IMG_9769
fb_h5_k4_mall_d0,IMG_0305
fb_h5_k4_mall_d0,IMG_9879
fb_h5_k4_mall_d0,IMG_9916-HEIC
fb_h5_k4_mall_d0,IMG_9809
fb_h5_k4_mall_d0,IMG_9999
fb_h5_k4_mall_d0,IMG_9861-HEIC
fb_h5_k4_mall_d0,IMG_9821
fb_h5_k4_mall_d0,IMG_9773
fb_h5_k4_mall_d0,IMG_0028
fb_h5_k4_mall_d0,IMG_0375
fb_h5_k4_mall_d0,IMG_0328
fb_h5_k4_mall_d0,IMG_9881
fb_h5_k4_mall_d0,IMG_9907-HEIC
fb_h5_k4_mall_d0,IMG_9864
fb_h5_k4_mall_d0,IMG_0351
fb_h5_k4_mall_d0,IMG_9807
fb_h5_k4_mall_d0,IMG_9829
fb_h5_k4_mall_d0,IMG_9811
fb_h5_k4_mall_d0,IMG_9810
fb_h5_k4_mall_d0,IMG_9905-HEIC
fb_h5_k4_mall_d0,IMG_9917-HEIC
fb_h5_k4_mall_d0,IMG_9997
fb_h5_k4_mall_d0,IMG_9979-HEIC
fb_h5_k4_mall_d0,IMG_9768
fb_h5_k4_mall_d0,IMG_9984-HEIC
fb_h5_k4_mall_d0,IMG_9858
fb_h5_k4_mall_d0,IMG_9866
fb_h5_k4_mall_d0,IMG_9948-HEIC
fb_h5_k4_mall_d0,IMG_0410
fb_h5_k4_mall_d0,IMG_9918-HEIC
fb_h5_k4_mall_d0,IMG_9949-HEIC
fb_h5_k4_mall_d0,IMG_9867
fb_h5_k4_mall_d0,IMG_0346
fb_h5_k4_mall_d0,IMG_0002
fb_h5_k4_mall_d0,IMG_9765
fb_h5_k4_mall_d0,IMG_0444
fb_h5_k4_mall_d0,IMG_0040
fb_h5_k4_mall_d0,IMG_0300
fb_h5_k4_mall_d0,IMG_9978-HEIC
fb_h5_k4_mall_d0,IMG_0404
fb_h5_k4_mall_d0,IMG_9779-HEIC
fb_h5_k4_mall_d0,IMG_9840
fb_h5_k4_mall_d0,IMG_9854
fb_h5_k4_mall_d0,IMG_9998
fb_h5_k4_mall_d0,IMG_9763
fb_h5_k4_mall_d0,IMG_0457
fb_h5_k4_mall_d0,IMG_0416
fb_h5_k4_mall_d0,IMG_9906-HEIC
fb_h5_k4_mall_d0,IMG_0311
fb_h5_k4_mall_d0,IMG_7021
fb_h5_k4_mall_d0,IMG_9771
fb_h5_k4_mall_d0,IMG_9770
fb_h5_k4_mall_d0,IMG_9839
fb_h5_k4_mall_d0,IMG_9784-HEIC
fb_h5_k4_mall_d0,IMG_9806
fb_h5_k4_mall_d0,IMG_9909-HEIC
fb_h5_k4_mall_d0,IMG_0393
fb_h5_k4_mall_d0,IMG_9775
fb_h5_k4_mall_d0,IMG_9766
fb_h5_k4_mall_d0,IMG_0358
fb_h5_k4_mall_d0,IMG_9803
fb_h5_k4_mall_d0,IMG_0008
fb_h5_k4_mall_d0,IMG_9767
fb_h5_k4_mall_d0,IMG_0421
fb_h5_k4_mall_d0,IMG_0291
fb_h5_k4_mall_d0,IMG_9857
fb_h5_k4_mall_d0,IMG_0370
fb_h5_k4_mall_d0,IMG_0046
fb_h5_k4_mall_d0,IMG_9834
fb_h5_k4_mall_d0,IMG_9825
fb_h5_k4_mall_d0,IMG_0433
fb_h5_k4_mall_d0,IMG_9874
fb_h5_k4_mall_d0,IMG_9822
fb_h5_k4_mall_d0,IMG_0398
fb_h5_k4_mall_d0,IMG_9826
fb_h5_k4_mall_d0,IMG_9873
fb_h5_k4_mall_d0,IMG_9915-HEIC
fb_h5_k4_mall_d0,IMG_9955-HEIC
fb_h5_k4_mall_d0,IMG_9801
fb_h5_k4_mall_d0,IMG_9964
fb_h5_k4_mall_d0,IMG_9774
fb_h5_k4_mall_d0,IMG_9842
fb_h5_k4_mall_d0,IMG_9777
fb_h5_k4_mall_d0,IMG_9870
fb_h5_k4_mall_d0,IMG_9799
fb_h5_k4_mall_d0,IMG_9843
fb_h5_k4_mall_d0,IMG_9966
fb_h5_k4_mall_d0,IMG_9816
fb_h5_k4_mall_d0,IMG_0439
fb_h5_k4_mall_d0,IMG_0340
fb_h5_k4_mall_d0,IMG_0003
fb_h5_k4_mall_d0,IMG_9859
fb_h5_k4_mall_d0,IMG_0323
fb_h5_k4_mall_d0,IMG_0381
fb_h5_k4_mall_d0,IMG_9985-HEIC
fb_h5_k4_mall_d0,IMG_9827
fb_h5_k4_mall_d0,IMG_9947-HEIC
fb_h5_k4_mall_d0,IMG_9823
fb_h5_k4_mall_d0,IMG_9838
fb_h5_k4_mall_d0,IMG_4116
fb_h5_k4_mall_d0,IMG_4170
fb_h5_k4_mall_d0,IMG_2061
fb_h5_k4_mall_d0,IMG_2059
fb_h5_k4_mall_d0,IMG_4192
fb_h5_k4_mall_d0,IMG_2066
fb_h5_k4_mall_d0,IMG_4180
fb_h5_k4_mall_d0,IMG_2084
fb_h5_k4_mall_d0,IMG_4179
fb_h5_k4_mall_d0,IMG_2083
fb_h5_k4_mall_d0,IMG_4190
fb_h5_k4_mall_d0,IMG_4109
fb_h5_k4_mall_d0,IMG_4064
fb_h5_k4_mall_d0,IMG_4152
fb_h5_k4_mall_d0,IMG_2077
fb_h5_k4_mall_d0,IMG_4155
fb_h5_k4_mall_d0,IMG_4134
fb_h5_k4_mall_d0,IMG_4262
fb_h5_k4_mall_d0,IMG_2116
fb_h5_k4_mall_d0,IMG_4118
fb_h5_k4_mall_d0,IMG_4068
fb_h5_k4_mall_d0,IMG_4095
fb_h5_k4_mall_d0,IMG_2070
fb_h5_k4_mall_d0,IMG_2132
fb_h5_k4_mall_d0,IMG_4089
fb_h5_k4_mall_d0,IMG_2119
fb_h5_k4_mall_d0,IMG_4112
fb_h5_k4_mall_d0,IMG_4159
fb_h5_k4_mall_d0,IMG_2081
fb_h5_k4_mall_d0,IMG_2109
fb_h5_k4_mall_d0,IMG_4165
fb_h5_k4_mall_d0,IMG_4147
fb_h5_k4_mall_d0,IMG_4067
fb_h5_k4_mall_d0,IMG_4184
fb_h5_k4_mall_d0,IMG_2103
fb_h5_k4_mall_d0,IMG_4157
fb_h5_k4_mall_d0,IMG_4072
fb_h5_k4_mall_d0,IMG_4123
fb_h5_k4_mall_d0,IMG_4221
fb_h5_k4_mall_d0,IMG_4145
fb_h5_k4_mall_d0,IMG_4154
fb_h5_k4_mall_d0,IMG_4088
fb_h5_k4_mall_d0,IMG_4066
fb_h5_k4_mall_d0,IMG_4153
fb_h5_k4_mall_d0,IMG_2067
fb_h5_k4_mall_d0,IMG_4161
fb_h5_k4_mall_d0,IMG_2074
fb_h5_k4_mall_d0,IMG_2082
fb_h5_k4_mall_d0,IMG_4186
fb_h5_k4_mall_d0,IMG_4193
fb_h5_k4_mall_d0,IMG_2075
fb_h5_k4_mall_d0,IMG_2104
fb_h5_k4_mall_d0,IMG_2078
fb_h5_k4_mall_d0,IMG_4146
fb_h5_k4_mall_d0,IMG_2069
fb_h5_k4_mall_d0,IMG_4085
fb_h5_k4_mall_d0,IMG_4117
fb_h5_k4_mall_d0,IMG_2105
fb_h5_k4_mall_d0,IMG_2121
fb_h5_k4_mall_d0,IMG_2100
fb_h5_k4_mall_d0,IMG_4219
fb_h5_k4_mall_d0,IMG_2085
fb_h5_k4_mall_d0,IMG_4111
fb_h5_k4_mall_d0,IMG_4071
fb_h5_k4_mall_d0,IMG_4156
fb_h5_k4_mall_d0,IMG_2107
fb_h5_k4_mall_d0,IMG_2095
fb_h5_k4_mall_d0,IMG_2076
fb_h5_k4_mall_d0,IMG_4203
fb_h5_k4_mall_d0,IMG_4075
fb_h5_k4_mall_d0,IMG_4150
fb_h5_k4_mall_d0,IMG_4087
fb_h5_k4_mall_d0,IMG_4200
fb_h5_k4_mall_d0,IMG_4191
fb_h5_k4_mall_d0,IMG_4164
fb_h5_k4_mall_d0,IMG_2088
fb_h5_k4_mall_d0,IMG_4148
fb_h5_k4_mall_d0,IMG_4169
fb_h5_k4_mall_d0,IMG_4110
fb_h5_k4_mall_d0,IMG_2133
fb_h5_k4_mall_d0,IMG_4174
fb_h5_k4_mall_d0,IMG_2106
fb_h5_k4_mall_d0,IMG_4113
fb_h5_k4_mall_d0,IMG_2131
fb_h5_k4_mall_d0,IMG_4104
fb_h5_k4_mall_d0,IMG_4098
fb_h5_k4_mall_d0,IMG_4144
fb_h5_k4_mall_d0,IMG_4120
fb_h5_k4_mall_d0,IMG_4070
fb_h5_k4_mall_d0,IMG_4151
fb_h5_k4_mall_d0,IMG_4185
fb_h5_k4_mall_d0,IMG_2071
fb_h5_k4_mall_d0,IMG_2063
fb_h5_k4_mall_d0,IMG_4168
fb_h5_k4_mall_d0,IMG_2110
fb_h5_k4_mall_d0,IMG_4162
fb_h5_k4_mall_d0,IMG_4106
fb_h5_k4_mall_d0,IMG_4176
fb_h5_k4_mall_d0,IMG_4256
fb_h5_k4_mall_d0,IMG_2064
fb_h5_k4_mall_d0,IMG_4187
fb_h5_k4_mall_d0,IMG_4188
fb_h5_k4_mall_d0,IMG_4143
fb_h5_k4_mall_d0,IMG_2122
fb_h5_k4_mall_d0,IMG_2115
fb_h5_k4_mall_d0,IMG_4096
fb_h5_k4_mall_d0,IMG_2080
fb_h5_k4_mall_d0,IMG_4218
fb_h5_k4_mall_d0,IMG_4073
fb_h5_k4_mall_d0,IMG_2120
fb_h5_k4_mall_d0,IMG_2102
fb_h5_k4_mall_d0,IMG_4201
fb_h5_k4_mall_d0,IMG_4069
fb_h5_k4_mall_d0,IMG_4213
fb_h5_k4_mall_d0,IMG_4105
fb_h5_k4_mall_d0,IMG_4220
fb_h5_k4_mall_d0,IMG_2108
fb_h5_k4_mall_d0,IMG_4178
fb_h5_k4_mall_d0,IMG_2135
fb_h5_k4_mall_d0,IMG_4086
fb_h5_k4_mall_d0,IMG_4182
fb_h5_k4_mall_d0,IMG_4189
fb_h5_k4_mall_d0,IMG_4149
fb_h5_k4_mall_d0,IMG_2089
fb_h5_k4_mall_d0,IMG_2062
fb_h5_k4_mall_d0,IMG_2117
fb_h5_k4_mall_d0,IMG_4183
fb_h5_k4_mall_d0,IMG_4202
fb_h5_k4_mall_d0,IMG_2073
fb_h5_k4_mall_d0,IMG_4115
fb_h5_k4_mall_d0,IMG_4103
fb_h5_k4_mall_d0,IMG_2101
fb_h5_k4_mall_d0,IMG_2068
fb_h5_k4_mall_d0,IMG_2134
fb_h5_k4_mall_d0,IMG_4163
fb_h5_k4_mall_d0,IMG_2079
fb_h5_k4_mall_d0,IMG_4090
fb_h5_k4_mall_d0,IMG_4181
fb_h5_k4_mall_d0,IMG_4194
fb_h5_k4_mall_d0,IMG_4114
fb_h5_k4_mall_d0,IMG_2130
fb_h5_k4_mall_d0,IMG_2060
fb_h5_k4_mall_d0,IMG_4091
fb_h5_k4_mall_d0,IMG_2072
fb_h5_k4_mall_d0,IMG_4065
fb_h5_k4_mall_d0,IMG_4172
fb_h5_k4_mall_d0,IMG_2058
fb_h5_k4_mall_d0,IMG_0767-HEIC
fb_h5_k4_mall_d0,IMG_0742-HEIC
fb_h5_k4_mall_d0,IMG_0757-HEIC
fb_h5_k4_mall_d0,IMG_0768-HEIC
fb_h5_k4_mall_d0,IMG_2252-HEIC
fb_h5_k4_mall_d0,IMG_2337-HEIC
fb_h5_k4_mall_d0,IMG_2293-HEIC
fb_h5_k4_mall_d0,IMG_0760-HEIC
fb_h5_k4_mall_d0,IMG_0772-HEIC
fb_h5_k4_mall_d0,IMG_0743-HEIC
fb_h5_k4_mall_d0,IMG_0758-HEIC
fb_h5_k4_mall_d0,IMG_2335-HEIC
fb_h5_k4_mall_d0,IMG_2255-HEIC
fb_h5_k4_mall_d0,IMG_2273-HEIC
fb_h5_k4_mall_d0,IMG_2296-HEIC
fb_h5_k4_mall_d0,IMG_2308-HEIC
fb_h5_k4_mall_d0,IMG_2331-HEIC
fb_h5_k4_mall_d0,IMG_2239-HEIC
fb_h5_k4_mall_d0,IMG_0741-HEIC
fb_h5_k4_mall_d0,IMG_0764-HEIC
fb_h5_k4_mall_d0,IMG_2294-HEIC
fb_h5_k4_mall_d0,IMG_2259-HEIC
fb_h5_k4_mall_d0,IMG_2286-HEIC
fb_h5_k4_mall_d0,IMG_2343-HEIC
fb_h5_k4_mall_d0,IMG_0755-HEIC
fb_h5_k4_mall_d0,IMG_2295-HEIC
fb_h5_k4_mall_d0,IMG_2247-HEIC
fb_h5_k4_mall_d0,IMG_2390-HEIC
fb_h5_k4_mall_d0,IMG_2382-HEIC
fb_h5_k4_mall_d0,IMG_0770-HEIC
fb_h5_k4_mall_d0,IMG_2274-HEIC
fb_h5_k4_mall_d0,IMG_2311-HEIC
fb_h5_k4_mall_d0,IMG_0766-HEIC
fb_h5_k4_mall_d0,IMG_2291-HEIC
fb_h5_k4_mall_d0,IMG_2288-HEIC
fb_h5_k4_mall_d0,IMG_2304-HEIC
fb_h5_k4_mall_d0,IMG_0751-HEIC
fb_h5_k4_mall_d0,IMG_2333-HEIC
fb_h5_k4_mall_d0,IMG_2302-HEIC
fb_h5_k4_mall_d0,IMG_2334-HEIC
fb_h5_k4_mall_d0,IMG_2349-HEIC
fb_h5_k4_mall_d0,IMG_2290-HEIC
fb_h5_k4_mall_d0,IMG_2380-HEIC
fb_h5_k4_mall_d0,IMG_0763-HEIC
fb_h5_k4_mall_d0,IMG_2251-HEIC
fb_h5_k4_mall_d0,IMG_2384-HEIC
fb_h5_k4_mall_d0,IMG_2391-HEIC
fb_h5_k4_mall_d0,IMG_2347-HEIC
fb_h5_k4_mall_d0,IMG_0769-HEIC
fb_h5_k4_mall_d0,IMG_2289-HEIC
fb_h5_k4_mall_d0,IMG_2245-HEIC
fb_h5_k4_mall_d0,IMG_2242-HEIC
fb_h5_k4_mall_d0,IMG_0765-HEIC
fb_h5_k4_mall_d0,IMG_2256-HEIC
fb_h5_k4_mall_d0,IMG_2336-HEIC
fb_h5_k4_mall_d0,IMG_2351-HEIC
fb_h5_k4_mall_d0,IMG_2338-HEIC
fb_h5_k4_mall_d0,IMG_2303-HEIC
fb_h5_k4_mall_d0,IMG_2346-HEIC
fb_h5_k4_mall_d0,IMG_2332-HEIC
fb_h5_k4_mall_d0,IMG_2270-HEIC
fb_h5_k4_mall_d0,IMG_0754-HEIC
fb_h5_k4_mall_d0,IMG_2342-HEIC
fb_h5_k4_mall_d0,IMG_2389-HEIC
fb_h5_k4_mall_d0,IMG_2309-HEIC
fb_h5_k4_mall_d0,IMG_2249-HEIC
fb_h5_k4_mall_d0,IMG_0771-HEIC
fb_h5_k4_mall_d0,IMG_2306-HEIC
fb_h5_k4_mall_d0,IMG_0752-HEIC
fb_h5_k4_mall_d0,IMG_2287-HEIC
fb_h5_k4_mall_d0,IMG_2345-HEIC
fb_h5_k4_mall_d0,IMG_2258-HEIC
fb_h5_k4_mall_d0,IMG_2248-HEIC
fb_h5_k4_mall_d0,IMG_2340-HEIC
fb_h5_k4_mall_d0,IMG_2341-HEIC
fb_h5_k4_mall_d0,IMG_0761-HEIC
fb_h5_k4_mall_d0,IMG_2330-HEIC
fb_h5_k4_mall_d0,IMG_2383-HEIC
fb_h5_k4_mall_d0,IMG_2254-HEIC
fb_h5_k4_mall_d0,IMG_2381-HEIC
fb_h5_k4_mall_d0,IMG_2285-HEIC
fb_h5_k4_mall_d0,IMG_2241-HEIC
fb_h5_k4_mall_d0,IMG_2246-HEIC
fb_h5_k4_mall_d0,IMG_0773-HEIC
fb_h5_k4_mall_d0,IMG_2257-HEIC
fb_h5_k4_mall_d0,IMG_2329-HEIC
fb_h5_k4_mall_d0,IMG_2307-HEIC
fb_h5_k4_mall_d0,IMG_0759-HEIC
fb_h5_k4_mall_d0,IMG_2385-HEIC
fb_h5_k4_mall_d0,IMG_0737-HEIC
fb_h5_k4_mall_d0,IMG_2240-HEIC
fb_h5_k4_mall_d0,IMG_2386-HEIC
fb_h5_k4_mall_d0,IMG_2244-HEIC
fb_h5_k4_mall_d0,IMG_0756-HEIC
fb_h5_k4_mall_d0,IMG_2243-HEIC
fb_h5_k4_mall_d0,IMG_2352-HEIC
fb_h5_k4_mall_d0,IMG_2310-HEIC
fb_h5_k4_mall_d0,IMG_0740-HEIC
fb_h5_k4_mall_d0,IMG_2253-HEIC
fb_h5_k4_mall_d0,IMG_2339-HEIC
fb_h5_k4_mall_d0,IMG_2305-HEIC
fb_h5_k4_mall_d0,IMG_2212-HEIC
fb_h5_k4_mall_d0,IMG_2183-HEIC
fb_h5_k4_mall_d0,IMG_2211-HEIC
fb_h5_k4_mall_d0,IMG_2139-HEIC
fb_h5_k4_mall_d0,IMG_2216-HEIC
fb_h5_k4_mall_d0,IMG_2206-HEIC
fb_h5_k4_mall_d0,IMG_2191-HEIC
fb_h5_k4_mall_d0,IMG_2174-HEIC
fb_h5_k4_mall_d0,IMG_2198-HEIC
fb_h5_k4_mall_d0,IMG_2153-HEIC
fb_h5_k4_mall_d0,IMG_2202-HEIC
fb_h5_k4_mall_d0,IMG_2201-HEIC
fb_h5_k4_mall_d0,IMG_2156-HEIC
fb_h5_k4_mall_d0,IMG_2204-HEIC
fb_h5_k4_mall_d0,IMG_2187-HEIC
fb_h5_k4_mall_d0,IMG_2176-HEIC
fb_h5_k4_mall_d0,IMG_2155-HEIC
fb_h5_k4_mall_d0,IMG_2189-HEIC
fb_h5_k4_mall_d0,IMG_2188-HEIC
fb_h5_k4_mall_d0,IMG_2159-HEIC
fb_h5_k4_mall_d0,IMG_2181-HEIC
fb_h5_k4_mall_d0,IMG_2150-HEIC
fb_h5_k4_mall_d0,IMG_2154-HEIC
fb_h5_k4_mall_d0,IMG_2214-HEIC
fb_h5_k4_mall_d0,IMG_2195-HEIC
fb_h5_k4_mall_d0,IMG_2193-HEIC
fb_h5_k4_mall_d0,IMG_2158-HEIC
fb_h5_k4_mall_d0,IMG_2197-HEIC
fb_h5_k4_mall_d0,IMG_2133-HEIC
fb_h5_k4_mall_d0,IMG_2208-HEIC
fb_h5_k4_mall_d0,IMG_2175-HEIC
fb_h5_k4_mall_d0,IMG_2196-HEIC
fb_h5_k4_mall_d0,IMG_2169-HEIC
fb_h5_k4_mall_d0,IMG_2194-HEIC
fb_h5_k4_mall_d0,IMG_2199-HEIC
fb_h5_k4_mall_d0,IMG_2182-HEIC
fb_h5_k4_mall_d0,IMG_2132-HEIC
fb_h5_k4_mall_d0,IMG_2184-HEIC
fb_h5_k4_mall_d0,IMG_2178-HEIC
fb_h5_k4_mall_d0,IMG_2179-HEIC
fb_h5_k4_mall_d0,IMG_2180-HEIC
fb_h5_k4_mall_d0,IMG_2203-HEIC
fb_h5_k4_mall_d0,IMG_2152-HEIC
fb_h5_k4_mall_d0,IMG_2177-HEIC
fb_h5_k4_mall_d0,IMG_2131-HEIC
fb_h5_k4_mall_d0,IMG_2170-HEIC
fb_h5_k4_mall_d0,IMG_2148-HEIC
fb_h5_k4_mall_d0,IMG_2151-HEIC
fb_h5_k4_mall_d0,IMG_2213-HEIC
fb_h5_k4_mall_d0,IMG_2190-HEIC
fb_h5_k4_mall_d0,IMG_2134-HEIC
fb_h5_k4_mall_d0,IMG_2205-HEIC
fb_h5_k4_mall_d0,IMG_2185-HEIC
fb_h5_k4_mall_d0,IMG_2209-HEIC
fb_h5_k4_mall_d0,IMG_2138-HEIC
fb_h5_k4_mall_d0,IMG_2149-HEIC
fb_h5_k4_mall_d0,IMG_2168-HEIC
fb_h5_k4_m15_d1,IMG_9822
fb_h5_k4_m15_d1,IMG_0046
fb_h5_k4_m15_d1,IMG_0457
fb_h5_k4_m15_d1,IMG_9805
fb_h5_k4_m15_d1,IMG_9916-HEIC
fb_h5_k4_m15_d1,IMG_9984-HEIC
fb_h5_k4_m15_d1,IMG_9826
fb_h5_k4_m15_d1,IMG_9765
fb_h5_k4_m15_d1,IMG_0016
fb_h5_k4_m15_d1,IMG_9918-HEIC
fb_h5_k4_m15_d1,IMG_9806
fb_h5_k4_m15_d1,IMG_9840
fb_h5_k4_m15_d1,IMG_0346
fb_h5_k4_m15_d1,IMG_9775
fb_h5_k4_m15_d1,IMG_0450
fb_h5_k4_m15_d1,IMG_2076
fb_h5_k4_m15_d1,IMG_4147
fb_h5_k4_m15_d1,IMG_2119
fb_h5_k4_m15_d1,IMG_4123
fb_h5_k4_m15_d1,IMG_2117
fb_h5_k4_m15_d1,IMG_4190
fb_h5_k4_m15_d1,IMG_2071
fb_h5_k4_m15_d1,IMG_4220
fb_h5_k4_m15_d1,IMG_2107
fb_h5_k4_m15_d1,IMG_2121
fb_h5_k4_m15_d1,IMG_4172
fb_h5_k4_m15_d1,IMG_4114
fb_h5_k4_m15_d1,IMG_4161
fb_h5_k4_m15_d1,IMG_4185
fb_h5_k4_m15_d1,IMG_4113
fb_h5_k4_m15_d1,IMG_0070
fb_h5_k4_m15_d1,IMG_0077
fb_h5_k4_m15_d1,IMG_0173
fb_h5_k4_m15_d1,IMG_0218
fb_h5_k4_m15_d1,IMG_0182-HEIC
fb_h5_k4_m15_d1,IMG_0235
fb_h5_k4_m15_d1,IMG_0256
fb_h5_k4_m15_d1,IMG_0109-HEIC
fb_h5_k4_m15_d1,IMG_0074
fb_h5_k4_m15_d1,IMG_0198
fb_h5_k4_m15_d1,IMG_0066
fb_h5_k4_m15_d1,IMG_0204
fb_h5_k4_m15_d1,IMG_0178
fb_h5_k4_m15_d1,IMG_0073
fb_h5_k4_m15_d1,IMG_0238
fb_h5_k4_m15_d1,IMG_2202-HEIC
fb_h5_k4_m15_d1,IMG_2150-HEIC
fb_h5_k4_m15_d1,IMG_2179-HEIC
fb_h5_k4_m15_d1,IMG_2134-HEIC
fb_h5_k4_m15_d1,IMG_2133-HEIC
fb_h5_k4_m15_d1,IMG_2178-HEIC
fb_h5_k4_m15_d1,IMG_2197-HEIC
fb_h5_k4_m15_d1,IMG_2153-HEIC
fb_h5_k4_m15_d1,IMG_2138-HEIC
fb_h5_k4_m15_d1,IMG_2211-HEIC
fb_h5_k4_m15_d1,IMG_2156-HEIC
fb_h5_k4_m15_d1,IMG_2177-HEIC
fb_h5_k4_m15_d1,IMG_2170-HEIC
fb_h5_k4_m15_d1,IMG_2214-HEIC
fb_h5_k4_m15_d1,IMG_2205-HEIC
fb_h5_k4_m50_d1,IMG_9822
fb_h5_k4_m50_d1,IMG_0046
fb_h5_k4_m50_d1,IMG_0457
fb_h5_k4_m50_d1,IMG_9805
fb_h5_k4_m50_d1,IMG_9916-HEIC
fb_h5_k4_m50_d1,IMG_9984-HEIC
fb_h5_k4_m50_d1,IMG_9826
fb_h5_k4_m50_d1,IMG_9765
fb_h5_k4_m50_d1,IMG_0016
fb_h5_k4_m50_d1,IMG_9918-HEIC
fb_h5_k4_m50_d1,IMG_9806
fb_h5_k4_m50_d1,IMG_9840
fb_h5_k4_m50_d1,IMG_0346
fb_h5_k4_m50_d1,IMG_9775
fb_h5_k4_m50_d1,IMG_0450
fb_h5_k4_m50_d1,IMG_9766
fb_h5_k4_m50_d1,IMG_9771
fb_h5_k4_m50_d1,IMG_9784-HEIC
fb_h5_k4_m50_d1,IMG_0008
fb_h5_k4_m50_d1,IMG_9867
fb_h5_k4_m50_d1,IMG_9825
fb_h5_k4_m50_d1,IMG_0433
fb_h5_k4_m50_d1,IMG_9836
fb_h5_k4_m50_d1,IMG_9864
fb_h5_k4_m50_d1,IMG_9858
fb_h5_k4_m50_d1,IMG_9949-HEIC
fb_h5_k4_m50_d1,IMG_9843
fb_h5_k4_m50_d1,IMG_0028
fb_h5_k4_m50_d1,IMG_9868-HEIC
fb_h5_k4_m50_d1,IMG_0002
fb_h5_k4_m50_d1,IMG_9857
fb_h5_k4_m50_d1,IMG_9844
fb_h5_k4_m50_d1,IMG_9819
fb_h5_k4_m50_d1,IMG_9816
fb_h5_k4_m50_d1,IMG_9907-HEIC
fb_h5_k4_m50_d1,IMG_9821
fb_h5_k4_m50_d1,IMG_9834
fb_h5_k4_m50_d1,IMG_9879
fb_h5_k4_m50_d1,IMG_9838
fb_h5_k4_m50_d1,IMG_0311
fb_h5_k4_m50_d1,IMG_9827
fb_h5_k4_m50_d1,IMG_0300
fb_h5_k4_m50_d1,IMG_9999
fb_h5_k4_m50_d1,IMG_0444
fb_h5_k4_m50_d1,IMG_9801
fb_h5_k4_m50_d1,IMG_9763
fb_h5_k4_m50_d1,IMG_9880
fb_h5_k4_m50_d1,IMG_9906-HEIC
fb_h5_k4_m50_d1,IMG_9971
fb_h5_k4_m50_d1,IMG_0421
fb_h5_k4_m50_d1,IMG_2076
fb_h5_k4_m50_d1,IMG_4147
fb_h5_k4_m50_d1,IMG_2119
fb_h5_k4_m50_d1,IMG_4123
fb_h5_k4_m50_d1,IMG_2117
fb_h5_k4_m50_d1,IMG_4190
fb_h5_k4_m50_d1,IMG_2071
fb_h5_k4_m50_d1,IMG_4220
fb_h5_k4_m50_d1,IMG_2107
fb_h5_k4_m50_d1,IMG_2121
fb_h5_k4_m50_d1,IMG_4172
fb_h5_k4_m50_d1,IMG_4114
fb_h5_k4_m50_d1,IMG_4161
fb_h5_k4_m50_d1,IMG_4185
fb_h5_k4_m50_d1,IMG_4113
fb_h5_k4_m50_d1,IMG_4151
fb_h5_k4_m50_d1,IMG_4105
fb_h5_k4_m50_d1,IMG_4098
fb_h5_k4_m50_d1,IMG_4178
fb_h5_k4_m50_d1,IMG_4165
fb_h5_k4_m50_d1,IMG_2081
fb_h5_k4_m50_d1,IMG_2074
fb_h5_k4_m50_d1,IMG_4156
fb_h5_k4_m50_d1,IMG_4191
fb_h5_k4_m50_d1,IMG_2063
fb_h5_k4_m50_d1,IMG_2089
fb_h5_k4_m50_d1,IMG_4110
fb_h5_k4_m50_d1,IMG_4088
fb_h5_k4_m50_d1,IMG_4179
fb_h5_k4_m50_d1,IMG_4067
fb_h5_k4_m50_d1,IMG_4201
fb_h5_k4_m50_d1,IMG_2122
fb_h5_k4_m50_d1,IMG_4073
fb_h5_k4_m50_d1,IMG_2085
fb_h5_k4_m50_d1,IMG_4203
fb_h5_k4_m50_d1,IMG_2135
fb_h5_k4_m50_d1,IMG_4104
fb_h5_k4_m50_d1,IMG_2080
fb_h5_k4_m50_d1,IMG_4188
fb_h5_k4_m50_d1,IMG_4187
fb_h5_k4_m50_d1,IMG_4145
fb_h5_k4_m50_d1,IMG_4200
fb_h5_k4_m50_d1,IMG_4148
fb_h5_k4_m50_d1,IMG_4089
fb_h5_k4_m50_d1,IMG_4162
fb_h5_k4_m50_d1,IMG_4221
fb_h5_k4_m50_d1,IMG_4193
fb_h5_k4_m50_d1,IMG_2108
fb_h5_k4_m50_d1,IMG_2116
fb_h5_k4_m50_d1,IMG_4256
fb_h5_k4_m50_d1,IMG_0070
fb_h5_k4_m50_d1,IMG_0077
fb_h5_k4_m50_d1,IMG_0173
fb_h5_k4_m50_d1,IMG_0218
fb_h5_k4_m50_d1,IMG_0182-HEIC
fb_h5_k4_m50_d1,IMG_0235
fb_h5_k4_m50_d1,IMG_0256
fb_h5_k4_m50_d1,IMG_0109-HEIC
fb_h5_k4_m50_d1,IMG_0074
fb_h5_k4_m50_d1,IMG_0198
fb_h5_k4_m50_d1,IMG_0066
fb_h5_k4_m50_d1,IMG_0204
fb_h5_k4_m50_d1,IMG_0178
fb_h5_k4_m50_d1,IMG_0073
fb_h5_k4_m50_d1,IMG_0238
fb_h5_k4_m50_d1,IMG_0175
fb_h5_k4_m50_d1,IMG_0078
fb_h5_k4_m50_d1,IMG_0108-HEIC
fb_h5_k4_m50_d1,IMG_0069
fb_h5_k4_m50_d1,IMG_0105-HEIC
fb_h5_k4_m50_d1,IMG_0267
fb_h5_k4_m50_d1,IMG_0257
fb_h5_k4_m50_d1,IMG_0159
fb_h5_k4_m50_d1,IMG_0284
fb_h5_k4_m50_d1,IMG_0142
fb_h5_k4_m50_d1,IMG_0090
fb_h5_k4_m50_d1,IMG_0184
fb_h5_k4_m50_d1,IMG_0220
fb_h5_k4_m50_d1,IMG_0165
fb_h5_k4_m50_d1,IMG_0174
fb_h5_k4_m50_d1,IMG_0260
fb_h5_k4_m50_d1,IMG_0223
fb_h5_k4_m50_d1,IMG_0072
fb_h5_k4_m50_d1,IMG_0084
fb_h5_k4_m50_d1,IMG_0210
fb_h5_k4_m50_d1,IMG_0187-HEIC
fb_h5_k4_m50_d1,IMG_0263
fb_h5_k4_m50_d1,IMG_0219
fb_h5_k4_m50_d1,IMG_0111-HEIC
fb_h5_k4_m50_d1,IMG_0083-HEIC
fb_h5_k4_m50_d1,IMG_0179
fb_h5_k4_m50_d1,IMG_0104-HEIC
fb_h5_k4_m50_d1,IMG_0091
fb_h5_k4_m50_d1,IMG_0126-HEIC
fb_h5_k4_m50_d1,IMG_0177
fb_h5_k4_m50_d1,IMG_0262
fb_h5_k4_m50_d1,IMG_0106-HEIC
fb_h5_k4_m50_d1,IMG_0136
fb_h5_k4_m50_d1,IMG_0116-HEIC
fb_h5_k4_m50_d1,IMG_0095
fb_h5_k4_m50_d1,IMG_2202-HEIC
fb_h5_k4_m50_d1,IMG_2150-HEIC
fb_h5_k4_m50_d1,IMG_2179-HEIC
fb_h5_k4_m50_d1,IMG_2134-HEIC
fb_h5_k4_m50_d1,IMG_2133-HEIC
fb_h5_k4_m50_d1,IMG_2178-HEIC
fb_h5_k4_m50_d1,IMG_2197-HEIC
fb_h5_k4_m50_d1,IMG_2153-HEIC
fb_h5_k4_m50_d1,IMG_2138-HEIC
fb_h5_k4_m50_d1,IMG_2211-HEIC
fb_h5_k4_m50_d1,IMG_2156-HEIC
fb_h5_k4_m50_d1,IMG_2177-HEIC
fb_h5_k4_m50_d1,IMG_2170-HEIC
fb_h5_k4_m50_d1,IMG_2214-HEIC
fb_h5_k4_m50_d1,IMG_2205-HEIC
fb_h5_k4_m50_d1,IMG_2208-HEIC
fb_h5_k4_m50_d1,IMG_2188-HEIC
fb_h5_k4_m50_d1,IMG_2204-HEIC
fb_h5_k4_m50_d1,IMG_2151-HEIC
fb_h5_k4_m50_d1,IMG_2191-HEIC
fb_h5_k4_m50_d1,IMG_2209-HEIC
fb_h5_k4_m50_d1,IMG_2185-HEIC
fb_h5_k4_m50_d1,IMG_2183-HEIC
fb_h5_k4_m50_d1,IMG_2212-HEIC
fb_h5_k4_m50_d1,IMG_2158-HEIC
fb_h5_k4_m50_d1,IMG_2154-HEIC
fb_h5_k4_m50_d1,IMG_2169-HEIC
fb_h5_k4_m50_d1,IMG_2189-HEIC
fb_h5_k4_m50_d1,IMG_2201-HEIC
fb_h5_k4_m50_d1,IMG_2182-HEIC
fb_h5_k4_m50_d1,IMG_2187-HEIC
fb_h5_k4_m50_d1,IMG_2159-HEIC
fb_h5_k4_m50_d1,IMG_2213-HEIC
fb_h5_k4_m50_d1,IMG_2175-HEIC
fb_h5_k4_m50_d1,IMG_2196-HEIC
fb_h5_k4_m50_d1,IMG_2216-HEIC
fb_h5_k4_m50_d1,IMG_2132-HEIC
fb_h5_k4_m50_d1,IMG_2180-HEIC
fb_h5_k4_m50_d1,IMG_2155-HEIC
fb_h5_k4_m50_d1,IMG_2198-HEIC
fb_h5_k4_m50_d1,IMG_2184-HEIC
fb_h5_k4_m50_d1,IMG_2190-HEIC
fb_h5_k4_m50_d1,IMG_2174-HEIC
fb_h5_k4_m50_d1,IMG_2206-HEIC
fb_h5_k4_m50_d1,IMG_2199-HEIC
fb_h5_k4_m50_d1,IMG_2181-HEIC
fb_h5_k4_m50_d1,IMG_2139-HEIC
fb_h5_k4_m50_d1,IMG_2195-HEIC
fb_h5_k4_m50_d1,IMG_2131-HEIC
fb_h5_k4_m50_d1,IMG_2152-HEIC
fb_h5_k4_mall_d1,IMG_9822
fb_h5_k4_mall_d1,IMG_0046
fb_h5_k4_mall_d1,IMG_0457
fb_h5_k4_mall_d1,IMG_9805
fb_h5_k4_mall_d1,IMG_9916-HEIC
fb_h5_k4_mall_d1,IMG_9984-HEIC
fb_h5_k4_mall_d1,IMG_9826
fb_h5_k4_mall_d1,IMG_9765
fb_h5_k4_mall_d1,IMG_0016
fb_h5_k4_mall_d1,IMG_9918-HEIC
fb_h5_k4_mall_d1,IMG_9806
fb_h5_k4_mall_d1,IMG_9840
fb_h5_k4_mall_d1,IMG_0346
fb_h5_k4_mall_d1,IMG_9775
fb_h5_k4_mall_d1,IMG_0450
fb_h5_k4_mall_d1,IMG_9766
fb_h5_k4_mall_d1,IMG_9771
fb_h5_k4_mall_d1,IMG_9784-HEIC
fb_h5_k4_mall_d1,IMG_0008
fb_h5_k4_mall_d1,IMG_9867
fb_h5_k4_mall_d1,IMG_9825
fb_h5_k4_mall_d1,IMG_0433
fb_h5_k4_mall_d1,IMG_9836
fb_h5_k4_mall_d1,IMG_9864
fb_h5_k4_mall_d1,IMG_9858
fb_h5_k4_mall_d1,IMG_9949-HEIC
fb_h5_k4_mall_d1,IMG_9843
fb_h5_k4_mall_d1,IMG_0028
fb_h5_k4_mall_d1,IMG_9868-HEIC
fb_h5_k4_mall_d1,IMG_0002
fb_h5_k4_mall_d1,IMG_9857
fb_h5_k4_mall_d1,IMG_9844
fb_h5_k4_mall_d1,IMG_9819
fb_h5_k4_mall_d1,IMG_9816
fb_h5_k4_mall_d1,IMG_9907-HEIC
fb_h5_k4_mall_d1,IMG_9821
fb_h5_k4_mall_d1,IMG_9834
fb_h5_k4_mall_d1,IMG_9879
fb_h5_k4_mall_d1,IMG_9838
fb_h5_k4_mall_d1,IMG_0311
fb_h5_k4_mall_d1,IMG_9827
fb_h5_k4_mall_d1,IMG_0300
fb_h5_k4_mall_d1,IMG_9999
fb_h5_k4_mall_d1,IMG_0444
fb_h5_k4_mall_d1,IMG_9801
fb_h5_k4_mall_d1,IMG_9763
fb_h5_k4_mall_d1,IMG_9880
fb_h5_k4_mall_d1,IMG_9906-HEIC
fb_h5_k4_mall_d1,IMG_9971
fb_h5_k4_mall_d1,IMG_0421
fb_h5_k4_mall_d1,IMG_0381
fb_h5_k4_mall_d1,IMG_9911-HEIC
fb_h5_k4_mall_d1,IMG_9982-HEIC
fb_h5_k4_mall_d1,IMG_9769
fb_h5_k4_mall_d1,IMG_9873
fb_h5_k4_mall_d1,IMG_0439
fb_h5_k4_mall_d1,IMG_9881
fb_h5_k4_mall_d1,IMG_9839
fb_h5_k4_mall_d1,IMG_0051
fb_h5_k4_mall_d1,IMG_0364
fb_h5_k4_mall_d1,IMG_9829
fb_h5_k4_mall_d1,IMG_9814
fb_h5_k4_mall_d1,IMG_9804
fb_h5_k4_mall_d1,IMG_9909-HEIC
fb_h5_k4_mall_d1,IMG_9768
fb_h5_k4_mall_d1,IMG_0375
fb_h5_k4_mall_d1,IMG_9833
fb_h5_k4_mall_d1,IMG_9989-HEIC
fb_h5_k4_mall_d1,IMG_9828
fb_h5_k4_mall_d1,IMG_9767
fb_h5_k4_mall_d1,IMG_9803
fb_h5_k4_mall_d1,IMG_7021
fb_h5_k4_mall_d1,IMG_9848
fb_h5_k4_mall_d1,IMG_0427
fb_h5_k4_mall_d1,IMG_9870
fb_h5_k4_mall_d1,IMG_9964
fb_h5_k4_mall_d1,IMG_9990-HEIC
fb_h5_k4_mall_d1,IMG_9811
fb_h5_k4_mall_d1,IMG_0351
fb_h5_k4_mall_d1,IMG_0340
fb_h5_k4_mall_d1,IMG_9854
fb_h5_k4_mall_d1,IMG_9966
fb_h5_k4_mall_d1,IMG_0323
fb_h5_k4_mall_d1,IMG_9807
fb_h5_k4_mall_d1,IMG_9978-HEIC
fb_h5_k4_mall_d1,IMG_0404
fb_h5_k4_mall_d1,IMG_9861-HEIC
fb_h5_k4_mall_d1,IMG_9951-HEIC
fb_h5_k4_mall_d1,IMG_9876
fb_h5_k4_mall_d1,IMG_0387
fb_h5_k4_mall_d1,IMG_9947-HEIC
fb_h5_k4_mall_d1,IMG_0416
fb_h5_k4_mall_d1,IMG_0328
fb_h5_k4_mall_d1,IMG_9818
fb_h5_k4_mall_d1,IMG_9997
fb_h5_k4_mall_d1,IMG_0370
fb_h5_k4_mall_d1,IMG_9875
fb_h5_k4_mall_d1,IMG_9823
fb_h5_k4_mall_d1,IMG_7016-HEIC
fb_h5_k4_mall_d1,IMG_9799
fb_h5_k4_mall_d1,IMG_9773
fb_h5_k4_mall_d1,IMG_9874
fb_h5_k4_mall_d1,IMG_9866
fb_h5_k4_mall_d1,IMG_9859
fb_h5_k4_mall_d1,IMG_9917-HEIC
fb_h5_k4_mall_d1,IMG_9777
fb_h5_k4_mall_d1,IMG_0398
fb_h5_k4_mall_d1,IMG_9920-HEIC
fb_h5_k4_mall_d1,IMG_9812
fb_h5_k4_mall_d1,IMG_0393
fb_h5_k4_mall_d1,IMG_9981-HEIC
fb_h5_k4_mall_d1,IMG_9820
fb_h5_k4_mall_d1,IMG_9905-HEIC
fb_h5_k4_mall_d1,IMG_9808
fb_h5_k4_mall_d1,IMG_9998
fb_h5_k4_mall_d1,IMG_0040
fb_h5_k4_mall_d1,IMG_0410
fb_h5_k4_mall_d1,IMG_9832
fb_h5_k4_mall_d1,IMG_0034
fb_h5_k4_mall_d1,IMG_9810
fb_h5_k4_mall_d1,IMG_9842
fb_h5_k4_mall_d1,IMG_9813
fb_h5_k4_mall_d1,IMG_9783-HEIC
fb_h5_k4_mall_d1,IMG_9869
fb_h5_k4_mall_d1,IMG_9938
fb_h5_k4_mall_d1,IMG_9915-HEIC
fb_h5_k4_mall_d1,IMG_9770
fb_h5_k4_mall_d1,IMG_9779-HEIC
fb_h5_k4_mall_d1,IMG_9800
fb_h5_k4_mall_d1,IMG_9774
fb_h5_k4_mall_d1,IMG_9764
fb_h5_k4_mall_d1,IMG_0305
fb_h5_k4_mall_d1,IMG_9865
fb_h5_k4_mall_d1,IMG_9955-HEIC
fb_h5_k4_mall_d1,IMG_0003
fb_h5_k4_mall_d1,IMG_0358
fb_h5_k4_mall_d1,IMG_9948-HEIC
fb_h5_k4_mall_d1,IMG_0291
fb_h5_k4_mall_d1,IMG_9979-HEIC
fb_h5_k4_mall_d1,IMG_9809
fb_h5_k4_mall_d1,IMG_9985-HEIC
fb_h5_k4_mall_d1,IMG_2076
fb_h5_k4_mall_d1,IMG_4147
fb_h5_k4_mall_d1,IMG_2119
fb_h5_k4_mall_d1,IMG_4123
fb_h5_k4_mall_d1,IMG_2117
fb_h5_k4_mall_d1,IMG_4190
fb_h5_k4_mall_d1,IMG_2071
fb_h5_k4_mall_d1,IMG_4220
fb_h5_k4_mall_d1,IMG_2107
fb_h5_k4_mall_d1,IMG_2121
fb_h5_k4_mall_d1,IMG_4172
fb_h5_k4_mall_d1,IMG_4114
fb_h5_k4_mall_d1,IMG_4161
fb_h5_k4_mall_d1,IMG_4185
fb_h5_k4_mall_d1,IMG_4113
fb_h5_k4_mall_d1,IMG_4151
fb_h5_k4_mall_d1,IMG_4105
fb_h5_k4_mall_d1,IMG_4098
fb_h5_k4_mall_d1,IMG_4178
fb_h5_k4_mall_d1,IMG_4165
fb_h5_k4_mall_d1,IMG_2081
fb_h5_k4_mall_d1,IMG_2074
fb_h5_k4_mall_d1,IMG_4156
fb_h5_k4_mall_d1,IMG_4191
fb_h5_k4_mall_d1,IMG_2063
fb_h5_k4_mall_d1,IMG_2089
fb_h5_k4_mall_d1,IMG_4110
fb_h5_k4_mall_d1,IMG_4088
fb_h5_k4_mall_d1,IMG_4179
fb_h5_k4_mall_d1,IMG_4067
fb_h5_k4_mall_d1,IMG_4201
fb_h5_k4_mall_d1,IMG_2122
fb_h5_k4_mall_d1,IMG_4073
fb_h5_k4_mall_d1,IMG_2085
fb_h5_k4_mall_d1,IMG_4203
fb_h5_k4_mall_d1,IMG_2135
fb_h5_k4_mall_d1,IMG_4104
fb_h5_k4_mall_d1,IMG_2080
fb_h5_k4_mall_d1,IMG_4188
fb_h5_k4_mall_d1,IMG_4187
fb_h5_k4_mall_d1,IMG_4145
fb_h5_k4_mall_d1,IMG_4200
fb_h5_k4_mall_d1,IMG_4148
fb_h5_k4_mall_d1,IMG_4089
fb_h5_k4_mall_d1,IMG_4162
fb_h5_k4_mall_d1,IMG_4221
fb_h5_k4_mall_d1,IMG_4193
fb_h5_k4_mall_d1,IMG_2108
fb_h5_k4_mall_d1,IMG_2116
fb_h5_k4_mall_d1,IMG_4256
fb_h5_k4_mall_d1,IMG_4066
fb_h5_k4_mall_d1,IMG_2059
fb_h5_k4_mall_d1,IMG_2083
fb_h5_k4_mall_d1,IMG_2077
fb_h5_k4_mall_d1,IMG_4218
fb_h5_k4_mall_d1,IMG_4159
fb_h5_k4_mall_d1,IMG_4071
fb_h5_k4_mall_d1,IMG_2105
fb_h5_k4_mall_d1,IMG_2066
fb_h5_k4_mall_d1,IMG_4103
fb_h5_k4_mall_d1,IMG_2095
fb_h5_k4_mall_d1,IMG_4087
fb_h5_k4_mall_d1,IMG_4106
fb_h5_k4_mall_d1,IMG_4090
fb_h5_k4_mall_d1,IMG_4219
fb_h5_k4_mall_d1,IMG_2069
fb_h5_k4_mall_d1,IMG_4095
fb_h5_k4_mall_d1,IMG_4065
fb_h5_k4_mall_d1,IMG_4085
fb_h5_k4_mall_d1,IMG_2120
fb_h5_k4_mall_d1,IMG_4075
fb_h5_k4_mall_d1,IMG_2084
fb_h5_k4_mall_d1,IMG_4157
fb_h5_k4_mall_d1,IMG_4144
fb_h5_k4_mall_d1,IMG_4070
fb_h5_k4_mall_d1,IMG_4112
fb_h5_k4_mall_d1,IMG_4109
fb_h5_k4_mall_d1,IMG_2106
fb_h5_k4_mall_d1,IMG_2060
fb_h5_k4_mall_d1,IMG_2067
fb_h5_k4_mall_d1,IMG_4150
fb_h5_k4_mall_d1,IMG_4155
fb_h5_k4_mall_d1,IMG_4086
fb_h5_k4_mall_d1,IMG_2100
fb_h5_k4_mall_d1,IMG_2064
fb_h5_k4_mall_d1,IMG_2134
fb_h5_k4_mall_d1,IMG_2068
fb_h5_k4_mall_d1,IMG_4134
fb_h5_k4_mall_d1,IMG_2101
fb_h5_k4_mall_d1,IMG_4091
fb_h5_k4_mall_d1,IMG_4186
fb_h5_k4_mall_d1,IMG_4069
fb_h5_k4_mall_d1,IMG_2132
fb_h5_k4_mall_d1,IMG_2103
fb_h5_k4_mall_d1,IMG_2088
fb_h5_k4_mall_d1,IMG_4262
fb_h5_k4_mall_d1,IMG_2109
fb_h5_k4_mall_d1,IMG_2078
fb_h5_k4_mall_d1,IMG_4117
fb_h5_k4_mall_d1,IMG_2131
fb_h5_k4_mall_d1,IMG_2115
fb_h5_k4_mall_d1,IMG_4118
fb_h5_k4_mall_d1,IMG_4174
fb_h5_k4_mall_d1,IMG_2073
fb_h5_k4_mall_d1,IMG_4213
fb_h5_k4_mall_d1,IMG_4163
fb_h5_k4_mall_d1,IMG_2110
fb_h5_k4_mall_d1,IMG_4116
fb_h5_k4_mall_d1,IMG_4182
fb_h5_k4_mall_d1,IMG_4153
fb_h5_k4_mall_d1,IMG_4152
fb_h5_k4_mall_d1,IMG_2075
fb_h5_k4_mall_d1,IMG_4115
fb_h5_k4_mall_d1,IMG_2082
fb_h5_k4_mall_d1,IMG_4181
fb_h5_k4_mall_d1,IMG_4120
fb_h5_k4_mall_d1,IMG_4146
fb_h5_k4_mall_d1,IMG_4149
fb_h5_k4_mall_d1,IMG_2104
fb_h5_k4_mall_d1,IMG_2130
fb_h5_k4_mall_d1,IMG_4096
fb_h5_k4_mall_d1,IMG_4202
fb_h5_k4_mall_d1,IMG_2070
fb_h5_k4_mall_d1,IMG_4154
fb_h5_k4_mall_d1,IMG_2133
fb_h5_k4_mall_d1,IMG_2079
fb_h5_k4_mall_d1,IMG_4168
fb_h5_k4_mall_d1,IMG_2102
fb_h5_k4_mall_d1,IMG_4184
fb_h5_k4_mall_d1,IMG_4170
fb_h5_k4_mall_d1,IMG_4111
fb_h5_k4_mall_d1,IMG_4176
fb_h5_k4_mall_d1,IMG_4068
fb_h5_k4_mall_d1,IMG_4169
fb_h5_k4_mall_d1,IMG_2062
fb_h5_k4_mall_d1,IMG_4064
fb_h5_k4_mall_d1,IMG_4189
fb_h5_k4_mall_d1,IMG_4143
fb_h5_k4_mall_d1,IMG_2072
fb_h5_k4_mall_d1,IMG_4194
fb_h5_k4_mall_d1,IMG_4164
fb_h5_k4_mall_d1,IMG_2058
fb_h5_k4_mall_d1,IMG_4180
fb_h5_k4_mall_d1,IMG_2061
fb_h5_k4_mall_d1,IMG_4192
fb_h5_k4_mall_d1,IMG_4072
fb_h5_k4_mall_d1,IMG_4183
fb_h5_k4_mall_d1,IMG_0070
fb_h5_k4_mall_d1,IMG_0077
fb_h5_k4_mall_d1,IMG_0173
fb_h5_k4_mall_d1,IMG_0218
fb_h5_k4_mall_d1,IMG_0182-HEIC
fb_h5_k4_mall_d1,IMG_0235
fb_h5_k4_mall_d1,IMG_0256
fb_h5_k4_mall_d1,IMG_0109-HEIC
fb_h5_k4_mall_d1,IMG_0074
fb_h5_k4_mall_d1,IMG_0198
fb_h5_k4_mall_d1,IMG_0066
fb_h5_k4_mall_d1,IMG_0204
fb_h5_k4_mall_d1,IMG_0178
fb_h5_k4_mall_d1,IMG_0073
fb_h5_k4_mall_d1,IMG_0238
fb_h5_k4_mall_d1,IMG_0175
fb_h5_k4_mall_d1,IMG_0078
fb_h5_k4_mall_d1,IMG_0108-HEIC
fb_h5_k4_mall_d1,IMG_0069
fb_h5_k4_mall_d1,IMG_0105-HEIC
fb_h5_k4_mall_d1,IMG_0267
fb_h5_k4_mall_d1,IMG_0257
fb_h5_k4_mall_d1,IMG_0159
fb_h5_k4_mall_d1,IMG_0284
fb_h5_k4_mall_d1,IMG_0142
fb_h5_k4_mall_d1,IMG_0090
fb_h5_k4_mall_d1,IMG_0184
fb_h5_k4_mall_d1,IMG_0220
fb_h5_k4_mall_d1,IMG_0165
fb_h5_k4_mall_d1,IMG_0174
fb_h5_k4_mall_d1,IMG_0260
fb_h5_k4_mall_d1,IMG_0223
fb_h5_k4_mall_d1,IMG_0072
fb_h5_k4_mall_d1,IMG_0084
fb_h5_k4_mall_d1,IMG_0210
fb_h5_k4_mall_d1,IMG_0187-HEIC
fb_h5_k4_mall_d1,IMG_0263
fb_h5_k4_mall_d1,IMG_0219
fb_h5_k4_mall_d1,IMG_0111-HEIC
fb_h5_k4_mall_d1,IMG_0083-HEIC
fb_h5_k4_mall_d1,IMG_0179
fb_h5_k4_mall_d1,IMG_0104-HEIC
fb_h5_k4_mall_d1,IMG_0091
fb_h5_k4_mall_d1,IMG_0126-HEIC
fb_h5_k4_mall_d1,IMG_0177
fb_h5_k4_mall_d1,IMG_0262
fb_h5_k4_mall_d1,IMG_0106-HEIC
fb_h5_k4_mall_d1,IMG_0136
fb_h5_k4_mall_d1,IMG_0116-HEIC
fb_h5_k4_mall_d1,IMG_0095
fb_h5_k4_mall_d1,IMG_0273
fb_h5_k4_mall_d1,IMG_0230
fb_h5_k4_mall_d1,IMG_0148
fb_h5_k4_mall_d1,IMG_0089
fb_h5_k4_mall_d1,IMG_0185
fb_h5_k4_mall_d1,IMG_0192
fb_h5_k4_mall_d1,IMG_0080
fb_h5_k4_mall_d1,IMG_0153
fb_h5_k4_mall_d1,IMG_0211
fb_h5_k4_mall_d1,IMG_0102
fb_h5_k4_mall_d1,IMG_0279
fb_h5_k4_mall_d1,IMG_0209
fb_h5_k4_mall_d1,IMG_2202-HEIC
fb_h5_k4_mall_d1,IMG_2150-HEIC
fb_h5_k4_mall_d1,IMG_2179-HEIC
fb_h5_k4_mall_d1,IMG_2134-HEIC
fb_h5_k4_mall_d1,IMG_2133-HEIC
fb_h5_k4_mall_d1,IMG_2178-HEIC
fb_h5_k4_mall_d1,IMG_2197-HEIC
fb_h5_k4_mall_d1,IMG_2153-HEIC
fb_h5_k4_mall_d1,IMG_2138-HEIC
fb_h5_k4_mall_d1,IMG_2211-HEIC
fb_h5_k4_mall_d1,IMG_2156-HEIC
fb_h5_k4_mall_d1,IMG_2177-HEIC
fb_h5_k4_mall_d1,IMG_2170-HEIC
fb_h5_k4_mall_d1,IMG_2214-HEIC
fb_h5_k4_mall_d1,IMG_2205-HEIC
fb_h5_k4_mall_d1,IMG_2208-HEIC
fb_h5_k4_mall_d1,IMG_2188-HEIC
fb_h5_k4_mall_d1,IMG_2204-HEIC
fb_h5_k4_mall_d1,IMG_2151-HEIC
fb_h5_k4_mall_d1,IMG_2191-HEIC
fb_h5_k4_mall_d1,IMG_2209-HEIC
fb_h5_k4_mall_d1,IMG_2185-HEIC
fb_h5_k4_mall_d1,IMG_2183-HEIC
fb_h5_k4_mall_d1,IMG_2212-HEIC
fb_h5_k4_mall_d1,IMG_2158-HEIC
fb_h5_k4_mall_d1,IMG_2154-HEIC
fb_h5_k4_mall_d1,IMG_2169-HEIC
fb_h5_k4_mall_d1,IMG_2189-HEIC
fb_h5_k4_mall_d1,IMG_2201-HEIC
fb_h5_k4_mall_d1,IMG_2182-HEIC
fb_h5_k4_mall_d1,IMG_2187-HEIC
fb_h5_k4_mall_d1,IMG_2159-HEIC
fb_h5_k4_mall_d1,IMG_2213-HEIC
fb_h5_k4_mall_d1,IMG_2175-HEIC
fb_h5_k4_mall_d1,IMG_2196-HEIC
fb_h5_k4_mall_d1,IMG_2216-HEIC
fb_h5_k4_mall_d1,IMG_2132-HEIC
fb_h5_k4_mall_d1,IMG_2180-HEIC
fb_h5_k4_mall_d1,IMG_2155-HEIC
fb_h5_k4_mall_d1,IMG_2198-HEIC
fb_h5_k4_mall_d1,IMG_2184-HEIC
fb_h5_k4_mall_d1,IMG_2190-HEIC
fb_h5_k4_mall_d1,IMG_2174-HEIC
fb_h5_k4_mall_d1,IMG_2206-HEIC
fb_h5_k4_mall_d1,IMG_2199-HEIC
fb_h5_k4_mall_d1,IMG_2181-HEIC
fb_h5_k4_mall_d1,IMG_2139-HEIC
fb_h5_k4_mall_d1,IMG_2195-HEIC
fb_h5_k4_mall_d1,IMG_2131-HEIC
fb_h5_k4_mall_d1,IMG_2152-HEIC
fb_h5_k4_mall_d1,IMG_2148-HEIC
fb_h5_k4_mall_d1,IMG_2176-HEIC
fb_h5_k4_mall_d1,IMG_2203-HEIC
fb_h5_k4_mall_d1,IMG_2193-HEIC
fb_h5_k4_mall_d1,IMG_2149-HEIC
fb_h5_k4_mall_d1,IMG_2168-HEIC
fb_h5_k4_mall_d1,IMG_2194-HEIC
fb_h5_k7_m15_d0,IMG_9800
fb_h5_k7_m15_d0,IMG_9964
fb_h5_k7_m15_d0,IMG_9911-HEIC
fb_h5_k7_m15_d0,IMG_9990-HEIC
fb_h5_k7_m15_d0,IMG_9814
fb_h5_k7_m15_d0,IMG_0328
fb_h5_k7_m15_d0,IMG_9779-HEIC
fb_h5_k7_m15_d0,IMG_0040
fb_h5_k7_m15_d0,IMG_0300
fb_h5_k7_m15_d0,IMG_9823
fb_h5_k7_m15_d0,IMG_0381
fb_h5_k7_m15_d0,IMG_9989-HEIC
fb_h5_k7_m15_d0,IMG_9854
fb_h5_k7_m15_d0,IMG_9951-HEIC
fb_h5_k7_m15_d0,IMG_9866
fb_h5_k7_m15_d0,IMG_2594-HEIC
fb_h5_k7_m15_d0,IMG_2620-HEIC
fb_h5_k7_m15_d0,IMG_2520-HEIC
fb_h5_k7_m15_d0,IMG_2526-HEIC
fb_h5_k7_m15_d0,IMG_2580-HEIC
fb_h5_k7_m15_d0,IMG_2587-HEIC
fb_h5_k7_m15_d0,IMG_2674-HEIC
fb_h5_k7_m15_d0,IMG_2578-HEIC
fb_h5_k7_m15_d0,IMG_2572-HEIC
fb_h5_k7_m15_d0,IMG_2452-HEIC
fb_h5_k7_m15_d0,IMG_2539-HEIC
fb_h5_k7_m15_d0,IMG_2584-HEIC
fb_h5_k7_m15_d0,IMG_2585-HEIC
fb_h5_k7_m15_d0,IMG_2603-HEIC
fb_h5_k7_m15_d0,IMG_2666-HEIC
fb_h5_k7_m15_d0,IMG_4148
fb_h5_k7_m15_d0,IMG_4091
fb_h5_k7_m15_d0,IMG_4176
fb_h5_k7_m15_d0,IMG_2117
fb_h5_k7_m15_d0,IMG_2089
fb_h5_k7_m15_d0,IMG_4164
fb_h5_k7_m15_d0,IMG_4111
fb_h5_k7_m15_d0,IMG_4113
fb_h5_k7_m15_d0,IMG_4069
fb_h5_k7_m15_d0,IMG_4085
fb_h5_k7_m15_d0,IMG_4172
fb_h5_k7_m15_d0,IMG_2135
fb_h5_k7_m15_d0,IMG_4187
fb_h5_k7_m15_d0,IMG_4152
fb_h5_k7_m15_d0,IMG_2105
fb_h5_k7_m15_d0,IMG_0279
fb_h5_k7_m15_d0,IMG_0090
fb_h5_k7_m15_d0,IMG_0108-HEIC
fb_h5_k7_m15_d0,IMG_0178
fb_h5_k7_m15_d0,IMG_0072
fb_h5_k7_m15_d0,IMG_0105-HEIC
fb_h5_k7_m15_d0,IMG_0175
fb_h5_k7_m15_d0,IMG_0198
fb_h5_k7_m15_d0,IMG_0185
fb_h5_k7_m15_d0,IMG_0230
fb_h5_k7_m15_d0,IMG_0091
fb_h5_k7_m15_d0,IMG_0256
fb_h5_k7_m15_d0,IMG_0078
fb_h5_k7_m15_d0,IMG_0089
fb_h5_k7_m15_d0,IMG_0260
fb_h5_k7_m15_d0,IMG_2310-HEIC
fb_h5_k7_m15_d0,IMG_0755-HEIC
fb_h5_k7_m15_d0,IMG_2383-HEIC
fb_h5_k7_m15_d0,IMG_2384-HEIC
fb_h5_k7_m15_d0,IMG_2338-HEIC
fb_h5_k7_m15_d0,IMG_0752-HEIC
fb_h5_k7_m15_d0,IMG_2334-HEIC
fb_h5_k7_m15_d0,IMG_2293-HEIC
fb_h5_k7_m15_d0,IMG_2256-HEIC
fb_h5_k7_m15_d0,IMG_2286-HEIC
fb_h5_k7_m15_d0,IMG_2306-HEIC
fb_h5_k7_m15_d0,IMG_0756-HEIC
fb_h5_k7_m15_d0,IMG_2331-HEIC
fb_h5_k7_m15_d0,IMG_2253-HEIC
fb_h5_k7_m15_d0,IMG_0766-HEIC
fb_h5_k7_m15_d0,IMG_9918
fb_h5_k7_m15_d0,IMG_9985
fb_h5_k7_m15_d0,IMG_9949
fb_h5_k7_m15_d0,IMG_9956
fb_h5_k7_m15_d0,IMG_9951
fb_h5_k7_m15_d0,IMG_9970
fb_h5_k7_m15_d0,IMG_9907
fb_h5_k7_m15_d0,IMG_9917
fb_h5_k7_m15_d0,IMG_9921
fb_h5_k7_m15_d0,IMG_9933
fb_h5_k7_m15_d0,IMG_9919
fb_h5_k7_m15_d0,IMG_9891
fb_h5_k7_m15_d0,IMG_9890
fb_h5_k7_m15_d0,IMG_9916
fb_h5_k7_m15_d0,IMG_9947
fb_h5_k7_m15_d0,IMG_2134-HEIC
fb_h5_k7_m15_d0,IMG_2203-HEIC
fb_h5_k7_m15_d0,IMG_2201-HEIC
fb_h5_k7_m15_d0,IMG_2138-HEIC
fb_h5_k7_m15_d0,IMG_2148-HEIC
fb_h5_k7_m15_d0,IMG_2152-HEIC
fb_h5_k7_m15_d0,IMG_2174-HEIC
fb_h5_k7_m15_d0,IMG_2155-HEIC
fb_h5_k7_m15_d0,IMG_2191-HEIC
fb_h5_k7_m15_d0,IMG_2169-HEIC
fb_h5_k7_m15_d0,IMG_2195-HEIC
fb_h5_k7_m15_d0,IMG_2182-HEIC
fb_h5_k7_m15_d0,IMG_2178-HEIC
fb_h5_k7_m15_d0,IMG_2153-HEIC
fb_h5_k7_m15_d0,IMG_2204-HEIC
fb_h5_k7_m50_d0,IMG_9800
fb_h5_k7_m50_d0,IMG_9964
fb_h5_k7_m50_d0,IMG_9911-HEIC
fb_h5_k7_m50_d0,IMG_9990-HEIC
fb_h5_k7_m50_d0,IMG_9814
fb_h5_k7_m50_d0,IMG_0328
fb_h5_k7_m50_d0,IMG_9779-HEIC
fb_h5_k7_m50_d0,IMG_0040
fb_h5_k7_m50_d0,IMG_0300
fb_h5_k7_m50_d0,IMG_9823
fb_h5_k7_m50_d0,IMG_0381
fb_h5_k7_m50_d0,IMG_9989-HEIC
fb_h5_k7_m50_d0,IMG_9854
fb_h5_k7_m50_d0,IMG_9951-HEIC
fb_h5_k7_m50_d0,IMG_9866
fb_h5_k7_m50_d0,IMG_9766
fb_h5_k7_m50_d0,IMG_9827
fb_h5_k7_m50_d0,IMG_9836
fb_h5_k7_m50_d0,IMG_9875
fb_h5_k7_m50_d0,IMG_0291
fb_h5_k7_m50_d0,IMG_0002
fb_h5_k7_m50_d0,IMG_9906-HEIC
fb_h5_k7_m50_d0,IMG_9909-HEIC
fb_h5_k7_m50_d0,IMG_9770
fb_h5_k7_m50_d0,IMG_9806
fb_h5_k7_m50_d0,IMG_9879
fb_h5_k7_m50_d0,IMG_9816
fb_h5_k7_m50_d0,IMG_9938
fb_h5_k7_m50_d0,IMG_9765
fb_h5_k7_m50_d0,IMG_9822
fb_h5_k7_m50_d0,IMG_0003
fb_h5_k7_m50_d0,IMG_0028
fb_h5_k7_m50_d0,IMG_9821
fb_h5_k7_m50_d0,IMG_9819
fb_h5_k7_m50_d0,IMG_0370
fb_h5_k7_m50_d0,IMG_9811
fb_h5_k7_m50_d0,IMG_9966
fb_h5_k7_m50_d0,IMG_0387
fb_h5_k7_m50_d0,IMG_0421
fb_h5_k7_m50_d0,IMG_9825
fb_h5_k7_m50_d0,IMG_9832
fb_h5_k7_m50_d0,IMG_9783-HEIC
fb_h5_k7_m50_d0,IMG_9947-HEIC
fb_h5_k7_m50_d0,IMG_9801
fb_h5_k7_m50_d0,IMG_0046
fb_h5_k7_m50_d0,IMG_0433
fb_h5_k7_m50_d0,IMG_0305
fb_h5_k7_m50_d0,IMG_0340
fb_h5_k7_m50_d0,IMG_9949-HEIC
fb_h5_k7_m50_d0,IMG_9985-HEIC
fb_h5_k7_m50_d0,IMG_2594-HEIC
fb_h5_k7_m50_d0,IMG_2620-HEIC
fb_h5_k7_m50_d0,IMG_2520-HEIC
fb_h5_k7_m50_d0,IMG_2526-HEIC
fb_h5_k7_m50_d0,IMG_2580-HEIC
fb_h5_k7_m50_d0,IMG_2587-HEIC
fb_h5_k7_m50_d0,IMG_2674-HEIC
fb_h5_k7_m50_d0,IMG_2578-HEIC
fb_h5_k7_m50_d0,IMG_2572-HEIC
fb_h5_k7_m50_d0,IMG_2452-HEIC
fb_h5_k7_m50_d0,IMG_2539-HEIC
fb_h5_k7_m50_d0,IMG_2584-HEIC
fb_h5_k7_m50_d0,IMG_2585-HEIC
fb_h5_k7_m50_d0,IMG_2603-HEIC
fb_h5_k7_m50_d0,IMG_2666-HEIC
fb_h5_k7_m50_d0,IMG_2582-HEIC
fb_h5_k7_m50_d0,IMG_2535-HEIC
fb_h5_k7_m50_d0,IMG_2610-HEIC
fb_h5_k7_m50_d0,IMG_2634-HEIC
fb_h5_k7_m50_d0,IMG_2481-HEIC
fb_h5_k7_m50_d0,IMG_2538-HEIC
fb_h5_k7_m50_d0,IMG_2557-HEIC
fb_h5_k7_m50_d0,IMG_2550-HEIC
fb_h5_k7_m50_d0,IMG_2576-HEIC
fb_h5_k7_m50_d0,IMG_2540-HEIC
fb_h5_k7_m50_d0,IMG_2493-HEIC
fb_h5_k7_m50_d0,IMG_2648-HEIC
fb_h5_k7_m50_d0,IMG_2593-HEIC
fb_h5_k7_m50_d0,IMG_2496-HEIC
fb_h5_k7_m50_d0,IMG_2644-HEIC
fb_h5_k7_m50_d0,IMG_2569-HEIC
fb_h5_k7_m50_d0,IMG_2700-HEIC
fb_h5_k7_m50_d0,IMG_2595-HEIC
fb_h5_k7_m50_d0,IMG_2521-HEIC
fb_h5_k7_m50_d0,IMG_2519-HEIC
fb_h5_k7_m50_d0,IMG_2541-HEIC
fb_h5_k7_m50_d0,IMG_2616-HEIC
fb_h5_k7_m50_d0,IMG_2604-HEIC
fb_h5_k7_m50_d0,IMG_2489-HEIC
fb_h5_k7_m50_d0,IMG_2599-HEIC
fb_h5_k7_m50_d0,IMG_2646-HEIC
fb_h5_k7_m50_d0,IMG_2660-HEIC
fb_h5_k7_m50_d0,IMG_2647-HEIC
fb_h5_k7_m50_d0,IMG_2591-HEIC
fb_h5_k7_m50_d0,IMG_2533-HEIC
fb_h5_k7_m50_d0,IMG_2570-HEIC
fb_h5_k7_m50_d0,IMG_2494-HEIC
fb_h5_k7_m50_d0,IMG_2564-HEIC
fb_h5_k7_m50_d0,IMG_2545-HEIC
fb_h5_k7_m50_d0,IMG_2617-HEIC
fb_h5_k7_m50_d0,IMG_4148
fb_h5_k7_m50_d0,IMG_4091
fb_h5_k7_m50_d0,IMG_4176
fb_h5_k7_m50_d0,IMG_2117
fb_h5_k7_m50_d0,IMG_2089
fb_h5_k7_m50_d0,IMG_4164
fb_h5_k7_m50_d0,IMG_4111
fb_h5_k7_m50_d0,IMG_4113
fb_h5_k7_m50_d0,IMG_4069
fb_h5_k7_m50_d0,IMG_4085
fb_h5_k7_m50_d0,IMG_4172
fb_h5_k7_m50_d0,IMG_2135
fb_h5_k7_m50_d0,IMG_4187
fb_h5_k7_m50_d0,IMG_4152
fb_h5_k7_m50_d0,IMG_2105
fb_h5_k7_m50_d0,IMG_4219
fb_h5_k7_m50_d0,IMG_4169
fb_h5_k7_m50_d0,IMG_2120
fb_h5_k7_m50_d0,IMG_4262
fb_h5_k7_m50_d0,IMG_4146
fb_h5_k7_m50_d0,IMG_2078
fb_h5_k7_m50_d0,IMG_2104
fb_h5_k7_m50_d0,IMG_2119
fb_h5_k7_m50_d0,IMG_2068
fb_h5_k7_m50_d0,IMG_4168
fb_h5_k7_m50_d0,IMG_4103
fb_h5_k7_m50_d0,IMG_4161
fb_h5_k7_m50_d0,IMG_2083
fb_h5_k7_m50_d0,IMG_2088
fb_h5_k7_m50_d0,IMG_2107
fb_h5_k7_m50_d0,IMG_4220
fb_h5_k7_m50_d0,IMG_4109
fb_h5_k7_m50_d0,IMG_2063
fb_h5_k7_m50_d0,IMG_2115
fb_h5_k7_m50_d0,IMG_4190
fb_h5_k7_m50_d0,IMG_4116
fb_h5_k7_m50_d0,IMG_2108
fb_h5_k7_m50_d0,IMG_4095
fb_h5_k7_m50_d0,IMG_2081
fb_h5_k7_m50_d0,IMG_4064
fb_h5_k7_m50_d0,IMG_2079
fb_h5_k7_m50_d0,IMG_2070
fb_h5_k7_m50_d0,IMG_4150
fb_h5_k7_m50_d0,IMG_4170
fb_h5_k7_m50_d0,IMG_4147
fb_h5_k7_m50_d0,IMG_2067
fb_h5_k7_m50_d0,IMG_2110
fb_h5_k7_m50_d0,IMG_4068
fb_h5_k7_m50_d0,IMG_4186
fb_h5_k7_m50_d0,IMG_2121
fb_h5_k7_m50_d0,IMG_0279
fb_h5_k7_m50_d0,IMG_0090
fb_h5_k7_m50_d0,IMG_0108-HEIC
fb_h5_k7_m50_d0,IMG_0178
fb_h5_k7_m50_d0,IMG_0072
fb_h5_k7_m50_d0,IMG_0105-HEIC
fb_h5_k7_m50_d0,IMG_0175
fb_h5_k7_m50_d0,IMG_0198
fb_h5_k7_m50_d0,IMG_0185
fb_h5_k7_m50_d0,IMG_0230
fb_h5_k7_m50_d0,IMG_0091
fb_h5_k7_m50_d0,IMG_0256
fb_h5_k7_m50_d0,IMG_0078
fb_h5_k7_m50_d0,IMG_0089
fb_h5_k7_m50_d0,IMG_0260
fb_h5_k7_m50_d0,IMG_0273
fb_h5_k7_m50_d0,IMG_0284
fb_h5_k7_m50_d0,IMG_0102
fb_h5_k7_m50_d0,IMG_0073
fb_h5_k7_m50_d0,IMG_0238
fb_h5_k7_m50_d0,IMG_0074
fb_h5_k7_m50_d0,IMG_0220
fb_h5_k7_m50_d0,IMG_0262
fb_h5_k7_m50_d0,IMG_0080
fb_h5_k7_m50_d0,IMG_0126-HEIC
fb_h5_k7_m50_d0,IMG_0104-HEIC
fb_h5_k7_m50_d0,IMG_0184
fb_h5_k7_m50_d0,IMG_0209
fb_h5_k7_m50_d0,IMG_0187-HEIC
fb_h5_k7_m50_d0,IMG_0235
fb_h5_k7_m50_d0,IMG_0084
fb_h5_k7_m50_d0,IMG_0069
fb_h5_k7_m50_d0,IMG_0083-HEIC
fb_h5_k7_m50_d0,IMG_0106-HEIC
fb_h5_k7_m50_d0,IMG_0223
fb_h5_k7_m50_d0,IMG_0218
fb_h5_k7_m50_d0,IMG_0109-HEIC
fb_h5_k7_m50_d0,IMG_0111-HEIC
fb_h5_k7_m50_d0,IMG_0165
fb_h5_k7_m50_d0,IMG_0210
fb_h5_k7_m50_d0,IMG_0159
fb_h5_k7_m50_d0,IMG_0179
fb_h5_k7_m50_d0,IMG_0177
fb_h5_k7_m50_d0,IMG_0142
fb_h5_k7_m50_d0,IMG_0136
fb_h5_k7_m50_d0,IMG_0182-HEIC
fb_h5_k7_m50_d0,IMG_0173
fb_h5_k7_m50_d0,IMG_0219
fb_h5_k7_m50_d0,IMG_0204
fb_h5_k7_m50_d0,IMG_0116-HEIC
fb_h5_k7_m50_d0,IMG_2310-HEIC
fb_h5_k7_m50_d0,IMG_0755-HEIC
fb_h5_k7_m50_d0,IMG_2383-HEIC
fb_h5_k7_m50_d0,IMG_2384-HEIC
fb_h5_k7_m50_d0,IMG_2338-HEIC
fb_h5_k7_m50_d0,IMG_0752-HEIC
fb_h5_k7_m50_d0,IMG_2334-HEIC
fb_h5_k7_m50_d0,IMG_2293-HEIC
fb_h5_k7_m50_d0,IMG_2256-HEIC
fb_h5_k7_m50_d0,IMG_2286-HEIC
fb_h5_k7_m50_d0,IMG_2306-HEIC
fb_h5_k7_m50_d0,IMG_0756-HEIC
fb_h5_k7_m50_d0,IMG_2331-HEIC
fb_h5_k7_m50_d0,IMG_2253-HEIC
fb_h5_k7_m50_d0,IMG_0766-HEIC
fb_h5_k7_m50_d0,IMG_2239-HEIC
fb_h5_k7_m50_d0,IMG_0737-HEIC
fb_h5_k7_m50_d0,IMG_2339-HEIC
fb_h5_k7_m50_d0,IMG_2340-HEIC
fb_h5_k7_m50_d0,IMG_2347-HEIC
fb_h5_k7_m50_d0,IMG_2289-HEIC
fb_h5_k7_m50_d0,IMG_2259-HEIC
fb_h5_k7_m50_d0,IMG_2294-HEIC
fb_h5_k7_m50_d0,IMG_2311-HEIC
fb_h5_k7_m50_d0,IMG_2386-HEIC
fb_h5_k7_m50_d0,IMG_2382-HEIC
fb_h5_k7_m50_d0,IMG_2385-HEIC
fb_h5_k7_m50_d0,IMG_0765-HEIC
fb_h5_k7_m50_d0,IMG_2336-HEIC
fb_h5_k7_m50_d0,IMG_0760-HEIC
fb_h5_k7_m50_d0,IMG_2389-HEIC
fb_h5_k7_m50_d0,IMG_2346-HEIC
fb_h5_k7_m50_d0,IMG_2296-HEIC
fb_h5_k7_m50_d0,IMG_2242-HEIC
fb_h5_k7_m50_d0,IMG_0759-HEIC
fb_h5_k7_m50_d0,IMG_2243-HEIC
fb_h5_k7_m50_d0,IMG_2351-HEIC
fb_h5_k7_m50_d0,IMG_2274-HEIC
fb_h5_k7_m50_d0,IMG_2329-HEIC
fb_h5_k7_m50_d0,IMG_2390-HEIC
fb_h5_k7_m50_d0,IMG_2245-HEIC
fb_h5_k7_m50_d0,IMG_0742-HEIC
fb_h5_k7_m50_d0,IMG_2246-HEIC
fb_h5_k7_m50_d0,IMG_2391-HEIC
fb_h5_k7_m50_d0,IMG_2290-HEIC
fb_h5_k7_m50_d0,IMG_0763-HEIC
fb_h5_k7_m50_d0,IMG_2287-HEIC
fb_h5_k7_m50_d0,IMG_2248-HEIC
fb_h5_k7_m50_d0,IMG_0741-HEIC
fb_h5_k7_m50_d0,IMG_2302-HEIC
fb_h5_k7_m50_d0,IMG_9918
fb_h5_k7_m50_d0,IMG_9985
fb_h5_k7_m50_d0,IMG_9949
fb_h5_k7_m50_d0,IMG_9956
fb_h5_k7_m50_d0,IMG_9951
fb_h5_k7_m50_d0,IMG_9970
fb_h5_k7_m50_d0,IMG_9907
fb_h5_k7_m50_d0,IMG_9917
fb_h5_k7_m50_d0,IMG_9921
fb_h5_k7_m50_d0,IMG_9933
fb_h5_k7_m50_d0,IMG_9919
fb_h5_k7_m50_d0,IMG_9891
fb_h5_k7_m50_d0,IMG_9890
fb_h5_k7_m50_d0,IMG_9916
fb_h5_k7_m50_d0,IMG_9947
fb_h5_k7_m50_d0,IMG_9973
fb_h5_k7_m50_d0,IMG_9889
fb_h5_k7_m50_d0,IMG_9959
fb_h5_k7_m50_d0,IMG_9928
fb_h5_k7_m50_d0,IMG_9887
fb_h5_k7_m50_d0,IMG_9906
fb_h5_k7_m50_d0,IMG_9931
fb_h5_k7_m50_d0,IMG_9958
fb_h5_k7_m50_d0,IMG_9929
fb_h5_k7_m50_d0,IMG_9940
fb_h5_k7_m50_d0,IMG_9898
fb_h5_k7_m50_d0,IMG_9925
fb_h5_k7_m50_d0,IMG_9963
fb_h5_k7_m50_d0,IMG_9968
fb_h5_k7_m50_d0,IMG_9957
fb_h5_k7_m50_d0,IMG_9902
fb_h5_k7_m50_d0,IMG_9989
fb_h5_k7_m50_d0,IMG_9904
fb_h5_k7_m50_d0,IMG_9941
fb_h5_k7_m50_d0,IMG_9986
fb_h5_k7_m50_d0,IMG_9885
fb_h5_k7_m50_d0,IMG_9924
fb_h5_k7_m50_d0,IMG_9955
fb_h5_k7_m50_d0,IMG_9926
fb_h5_k7_m50_d0,IMG_9894
fb_h5_k7_m50_d0,IMG_9908
fb_h5_k7_m50_d0,IMG_9969
fb_h5_k7_m50_d0,IMG_9953
fb_h5_k7_m50_d0,IMG_9923
fb_h5_k7_m50_d0,IMG_9912-HEIC
fb_h5_k7_m50_d0,IMG_9895
fb_h5_k7_m50_d0,IMG_9922
fb_h5_k7_m50_d0,IMG_9900
fb_h5_k7_m50_d0,IMG_9946
fb_h5_k7_m50_d0,IMG_9960
fb_h5_k7_m50_d0,IMG_2134-HEIC
fb_h5_k7_m50_d0,IMG_2203-HEIC
fb_h5_k7_m50_d0,IMG_2201-HEIC
fb_h5_k7_m50_d0,IMG_2138-HEIC
fb_h5_k7_m50_d0,IMG_2148-HEIC
fb_h5_k7_m50_d0,IMG_2152-HEIC
fb_h5_k7_m50_d0,IMG_2174-HEIC
fb_h5_k7_m50_d0,IMG_2155-HEIC
fb_h5_k7_m50_d0,IMG_2191-HEIC
fb_h5_k7_m50_d0,IMG_2169-HEIC
fb_h5_k7_m50_d0,IMG_2195-HEIC
fb_h5_k7_m50_d0,IMG_2182-HEIC
fb_h5_k7_m50_d0,IMG_2178-HEIC
fb_h5_k7_m50_d0,IMG_2153-HEIC
fb_h5_k7_m50_d0,IMG_2204-HEIC
fb_h5_k7_m50_d0,IMG_2177-HEIC
fb_h5_k7_m50_d0,IMG_2199-HEIC
fb_h5_k7_m50_d0,IMG_2180-HEIC
fb_h5_k7_m50_d0,IMG_2156-HEIC
fb_h5_k7_m50_d0,IMG_2149-HEIC
fb_h5_k7_m50_d0,IMG_2206-HEIC
fb_h5_k7_m50_d0,IMG_2214-HEIC
fb_h5_k7_m50_d0,IMG_2181-HEIC
fb_h5_k7_m50_d0,IMG_2158-HEIC
fb_h5_k7_m50_d0,IMG_2185-HEIC
fb_h5_k7_m50_d0,IMG_2175-HEIC
fb_h5_k7_m50_d0,IMG_2189-HEIC
fb_h5_k7_m50_d0,IMG_2179-HEIC
fb_h5_k7_m50_d0,IMG_2198-HEIC
fb_h5_k7_m50_d0,IMG_2184-HEIC
fb_h5_k7_m50_d0,IMG_2194-HEIC
fb_h5_k7_m50_d0,IMG_2213-HEIC
fb_h5_k7_m50_d0,IMG_2151-HEIC
fb_h5_k7_m50_d0,IMG_2197-HEIC
fb_h5_k7_m50_d0,IMG_2202-HEIC
fb_h5_k7_m50_d0,IMG_2212-HEIC
fb_h5_k7_m50_d0,IMG_2131-HEIC
fb_h5_k7_m50_d0,IMG_2205-HEIC
fb_h5_k7_m50_d0,IMG_2187-HEIC
fb_h5_k7_m50_d0,IMG_2183-HEIC
fb_h5_k7_m50_d0,IMG_2168-HEIC
fb_h5_k7_m50_d0,IMG_2176-HEIC
fb_h5_k7_m50_d0,IMG_2150-HEIC
fb_h5_k7_m50_d0,IMG_2193-HEIC
fb_h5_k7_m50_d0,IMG_2196-HEIC
fb_h5_k7_m50_d0,IMG_2159-HEIC
fb_h5_k7_m50_d0,IMG_2132-HEIC
fb_h5_k7_m50_d0,IMG_2190-HEIC
fb_h5_k7_m50_d0,IMG_2208-HEIC
fb_h5_k7_m50_d0,IMG_2216-HEIC
fb_h5_k7_mall_d0,IMG_9800
fb_h5_k7_mall_d0,IMG_9964
fb_h5_k7_mall_d0,IMG_9911-HEIC
fb_h5_k7_mall_d0,IMG_9990-HEIC
fb_h5_k7_mall_d0,IMG_9814
fb_h5_k7_mall_d0,IMG_0328
fb_h5_k7_mall_d0,IMG_9779-HEIC
fb_h5_k7_mall_d0,IMG_0040
fb_h5_k7_mall_d0,IMG_0300
fb_h5_k7_mall_d0,IMG_9823
fb_h5_k7_mall_d0,IMG_0381
fb_h5_k7_mall_d0,IMG_9989-HEIC
fb_h5_k7_mall_d0,IMG_9854
fb_h5_k7_mall_d0,IMG_9951-HEIC
fb_h5_k7_mall_d0,IMG_9866
fb_h5_k7_mall_d0,IMG_9766
fb_h5_k7_mall_d0,IMG_9827
fb_h5_k7_mall_d0,IMG_9836
fb_h5_k7_mall_d0,IMG_9875
fb_h5_k7_mall_d0,IMG_0291
fb_h5_k7_mall_d0,IMG_0002
fb_h5_k7_mall_d0,IMG_9906-HEIC
fb_h5_k7_mall_d0,IMG_9909-HEIC
fb_h5_k7_mall_d0,IMG_9770
fb_h5_k7_mall_d0,IMG_9806
fb_h5_k7_mall_d0,IMG_9879
fb_h5_k7_mall_d0,IMG_9816
fb_h5_k7_mall_d0,IMG_9938
fb_h5_k7_mall_d0,IMG_9765
fb_h5_k7_mall_d0,IMG_9822
fb_h5_k7_mall_d0,IMG_0003
fb_h5_k7_mall_d0,IMG_0028
fb_h5_k7_mall_d0,IMG_9821
fb_h5_k7_mall_d0,IMG_9819
fb_h5_k7_mall_d0,IMG_0370
fb_h5_k7_mall_d0,IMG_9811
fb_h5_k7_mall_d0,IMG_9966
fb_h5_k7_mall_d0,IMG_0387
fb_h5_k7_mall_d0,IMG_0421
fb_h5_k7_mall_d0,IMG_9825
fb_h5_k7_mall_d0,IMG_9832
fb_h5_k7_mall_d0,IMG_9783-HEIC
fb_h5_k7_mall_d0,IMG_9947-HEIC
fb_h5_k7_mall_d0,IMG_9801
fb_h5_k7_mall_d0,IMG_0046
fb_h5_k7_mall_d0,IMG_0433
fb_h5_k7_mall_d0,IMG_0305
fb_h5_k7_mall_d0,IMG_0340
fb_h5_k7_mall_d0,IMG_9949-HEIC
fb_h5_k7_mall_d0,IMG_9985-HEIC
fb_h5_k7_mall_d0,IMG_0051
fb_h5_k7_mall_d0,IMG_9979-HEIC
fb_h5_k7_mall_d0,IMG_9777
fb_h5_k7_mall_d0,IMG_9868-HEIC
fb_h5_k7_mall_d0,IMG_9978-HEIC
fb_h5_k7_mall_d0,IMG_9764
fb_h5_k7_mall_d0,IMG_9842
fb_h5_k7_mall_d0,IMG_0439
fb_h5_k7_mall_d0,IMG_9839
fb_h5_k7_mall_d0,IMG_9917-HEIC
fb_h5_k7_mall_d0,IMG_9763
fb_h5_k7_mall_d0,IMG_0416
fb_h5_k7_mall_d0,IMG_7016-HEIC
fb_h5_k7_mall_d0,IMG_9859
fb_h5_k7_mall_d0,IMG_9918-HEIC
fb_h5_k7_mall_d0,IMG_9840
fb_h5_k7_mall_d0,IMG_9804
fb_h5_k7_mall_d0,IMG_9775
fb_h5_k7_mall_d0,IMG_9857
fb_h5_k7_mall_d0,IMG_9768
fb_h5_k7_mall_d0,IMG_9848
fb_h5_k7_mall_d0,IMG_9807
fb_h5_k7_mall_d0,IMG_9870
fb_h5_k7_mall_d0,IMG_9843
fb_h5_k7_mall_d0,IMG_9833
fb_h5_k7_mall_d0,IMG_9810
fb_h5_k7_mall_d0,IMG_9873
fb_h5_k7_mall_d0,IMG_0008
fb_h5_k7_mall_d0,IMG_9867
fb_h5_k7_mall_d0,IMG_9907-HEIC
fb_h5_k7_mall_d0,IMG_9915-HEIC
fb_h5_k7_mall_d0,IMG_9948-HEIC
fb_h5_k7_mall_d0,IMG_9784-HEIC
fb_h5_k7_mall_d0,IMG_9818
fb_h5_k7_mall_d0,IMG_9844
fb_h5_k7_mall_d0,IMG_9799
fb_h5_k7_mall_d0,IMG_9881
fb_h5_k7_mall_d0,IMG_9874
fb_h5_k7_mall_d0,IMG_9984-HEIC
fb_h5_k7_mall_d0,IMG_0311
fb_h5_k7_mall_d0,IMG_9955-HEIC
fb_h5_k7_mall_d0,IMG_0450
fb_h5_k7_mall_d0,IMG_0016
fb_h5_k7_mall_d0,IMG_9869
fb_h5_k7_mall_d0,IMG_9773
fb_h5_k7_mall_d0,IMG_9998
fb_h5_k7_mall_d0,IMG_9767
fb_h5_k7_mall_d0,IMG_9828
fb_h5_k7_mall_d0,IMG_0351
fb_h5_k7_mall_d0,IMG_0358
fb_h5_k7_mall_d0,IMG_0398
fb_h5_k7_mall_d0,IMG_9774
fb_h5_k7_mall_d0,IMG_0404
fb_h5_k7_mall_d0,IMG_9880
fb_h5_k7_mall_d0,IMG_0034
fb_h5_k7_mall_d0,IMG_9771
fb_h5_k7_mall_d0,IMG_0375
fb_h5_k7_mall_d0,IMG_0393
fb_h5_k7_mall_d0,IMG_9920-HEIC
fb_h5_k7_mall_d0,IMG_9808
fb_h5_k7_mall_d0,IMG_9803
fb_h5_k7_mall_d0,IMG_9809
fb_h5_k7_mall_d0,IMG_9905-HEIC
fb_h5_k7_mall_d0,IMG_0323
fb_h5_k7_mall_d0,IMG_9820
fb_h5_k7_mall_d0,IMG_7021
fb_h5_k7_mall_d0,IMG_9997
fb_h5_k7_mall_d0,IMG_9999
fb_h5_k7_mall_d0,IMG_9981-HEIC
fb_h5_k7_mall_d0,IMG_9812
fb_h5_k7_mall_d0,IMG_9865
fb_h5_k7_mall_d0,IMG_9864
fb_h5_k7_mall_d0,IMG_0346
fb_h5_k7_mall_d0,IMG_9834
fb_h5_k7_mall_d0,IMG_9838
fb_h5_k7_mall_d0,IMG_9876
fb_h5_k7_mall_d0,IMG_9916-HEIC
fb_h5_k7_mall_d0,IMG_9982-HEIC
fb_h5_k7_mall_d0,IMG_9971
fb_h5_k7_mall_d0,IMG_9805
fb_h5_k7_mall_d0,IMG_9813
fb_h5_k7_mall_d0,IMG_0364
fb_h5_k7_mall_d0,IMG_9829
fb_h5_k7_mall_d0,IMG_9858
fb_h5_k7_mall_d0,IMG_0444
fb_h5_k7_mall_d0,IMG_0410
fb_h5_k7_mall_d0,IMG_0427
fb_h5_k7_mall_d0,IMG_9769
fb_h5_k7_mall_d0,IMG_9861-HEIC
fb_h5_k7_mall_d0,IMG_0457
fb_h5_k7_mall_d0,IMG_9826
fb_h5_k7_mall_d0,IMG_2594-HEIC
fb_h5_k7_mall_d0,IMG_2620-HEIC
fb_h5_k7_mall_d0,IMG_2520-HEIC
fb_h5_k7_mall_d0,IMG_2526-HEIC
fb_h5_k7_mall_d0,IMG_2580-HEIC
fb_h5_k7_mall_d0,IMG_2587-HEIC
fb_h5_k7_mall_d0,IMG_2674-HEIC
fb_h5_k7_mall_d0,IMG_2578-HEIC
fb_h5_k7_mall_d0,IMG_2572-HEIC
fb_h5_k7_mall_d0,IMG_2452-HEIC
fb_h5_k7_mall_d0,IMG_2539-HEIC
fb_h5_k7_mall_d0,IMG_2584-HEIC
fb_h5_k7_mall_d0,IMG_2585-HEIC
fb_h5_k7_mall_d0,IMG_2603-HEIC
fb_h5_k7_mall_d0,IMG_2666-HEIC
fb_h5_k7_mall_d0,IMG_2582-HEIC
fb_h5_k7_mall_d0,IMG_2535-HEIC
fb_h5_k7_mall_d0,IMG_2610-HEIC
fb_h5_k7_mall_d0,IMG_2634-HEIC
fb_h5_k7_mall_d0,IMG_2481-HEIC
fb_h5_k7_mall_d0,IMG_2538-HEIC
fb_h5_k7_mall_d0,IMG_2557-HEIC
fb_h5_k7_mall_d0,IMG_2550-HEIC
fb_h5_k7_mall_d0,IMG_2576-HEIC
fb_h5_k7_mall_d0,IMG_2540-HEIC
fb_h5_k7_mall_d0,IMG_2493-HEIC
fb_h5_k7_mall_d0,IMG_2648-HEIC
fb_h5_k7_mall_d0,IMG_2593-HEIC
fb_h5_k7_mall_d0,IMG_2496-HEIC
fb_h5_k7_mall_d0,IMG_2644-HEIC
fb_h5_k7_mall_d0,IMG_2569-HEIC
fb_h5_k7_mall_d0,IMG_2700-HEIC
fb_h5_k7_mall_d0,IMG_2595-HEIC
fb_h5_k7_mall_d0,IMG_2521-HEIC
fb_h5_k7_mall_d0,IMG_2519-HEIC
fb_h5_k7_mall_d0,IMG_2541-HEIC
fb_h5_k7_mall_d0,IMG_2616-HEIC
fb_h5_k7_mall_d0,IMG_2604-HEIC
fb_h5_k7_mall_d0,IMG_2489-HEIC
fb_h5_k7_mall_d0,IMG_2599-HEIC
fb_h5_k7_mall_d0,IMG_2646-HEIC
fb_h5_k7_mall_d0,IMG_2660-HEIC
fb_h5_k7_mall_d0,IMG_2647-HEIC
fb_h5_k7_mall_d0,IMG_2591-HEIC
fb_h5_k7_mall_d0,IMG_2533-HEIC
fb_h5_k7_mall_d0,IMG_2570-HEIC
fb_h5_k7_mall_d0,IMG_2494-HEIC
fb_h5_k7_mall_d0,IMG_2564-HEIC
fb_h5_k7_mall_d0,IMG_2545-HEIC
fb_h5_k7_mall_d0,IMG_2617-HEIC
fb_h5_k7_mall_d0,IMG_2680-HEIC
fb_h5_k7_mall_d0,IMG_2491-HEIC
fb_h5_k7_mall_d0,IMG_2480-HEIC
fb_h5_k7_mall_d0,IMG_2395-HEIC
fb_h5_k7_mall_d0,IMG_2596-HEIC
fb_h5_k7_mall_d0,IMG_2592-HEIC
fb_h5_k7_mall_d0,IMG_2475-HEIC
fb_h5_k7_mall_d0,IMG_2619-HEIC
fb_h5_k7_mall_d0,IMG_2476-HEIC
fb_h5_k7_mall_d0,IMG_2654-HEIC
fb_h5_k7_mall_d0,IMG_2478-HEIC
fb_h5_k7_mall_d0,IMG_2536-HEIC
fb_h5_k7_mall_d0,IMG_2566-HEIC
fb_h5_k7_mall_d0,IMG_2579-HEIC
fb_h5_k7_mall_d0,IMG_2590-HEIC
fb_h5_k7_mall_d0,IMG_2588-HEIC
fb_h5_k7_mall_d0,IMG_2643-HEIC
fb_h5_k7_mall_d0,IMG_2636-HEIC
fb_h5_k7_mall_d0,IMG_2537-HEIC
fb_h5_k7_mall_d0,IMG_2598-HEIC
fb_h5_k7_mall_d0,IMG_2597-HEIC
fb_h5_k7_mall_d0,IMG_2635-HEIC
fb_h5_k7_mall_d0,IMG_2637-HEIC
fb_h5_k7_mall_d0,IMG_2583-HEIC
fb_h5_k7_mall_d0,IMG_2571-HEIC
fb_h5_k7_mall_d0,IMG_2488-HEIC
fb_h5_k7_mall_d0,IMG_2701-HEIC
fb_h5_k7_mall_d0,IMG_2523-HEIC
fb_h5_k7_mall_d0,IMG_2581-HEIC
fb_h5_k7_mall_d0,IMG_2495-HEIC
fb_h5_k7_mall_d0,IMG_2567-HEIC
fb_h5_k7_mall_d0,IMG_2482-HEIC
fb_h5_k7_mall_d0,IMG_2534-HEIC
fb_h5_k7_mall_d0,IMG_2446-HEIC
fb_h5_k7_mall_d0,IMG_2504-HEIC
fb_h5_k7_mall_d0,IMG_2638-HEIC
fb_h5_k7_mall_d0,IMG_2615-HEIC
fb_h5_k7_mall_d0,IMG_2589-HEIC
fb_h5_k7_mall_d0,IMG_2577-HEIC
fb_h5_k7_mall_d0,IMG_2477-HEIC
fb_h5_k7_mall_d0,IMG_2621-HEIC
fb_h5_k7_mall_d0,IMG_2525-HEIC
fb_h5_k7_mall_d0,IMG_2618-HEIC
fb_h5_k7_mall_d0,IMG_2600-HEIC
fb_h5_k7_mall_d0,IMG_2513-HEIC
fb_h5_k7_mall_d0,IMG_2542-HEIC
fb_h5_k7_mall_d0,IMG_2586-HEIC
fb_h5_k7_mall_d0,IMG_2522-HEIC
fb_h5_k7_mall_d0,IMG_2524-HEIC
fb_h5_k7_mall_d0,IMG_2417-HEIC
fb_h5_k7_mall_d0,IMG_2492-HEIC
fb_h5_k7_mall_d0,IMG_2686-HEIC
fb_h5_k7_mall_d0,IMG_4148
fb_h5_k7_mall_d0,IMG_4091
fb_h5_k7_mall_d0,IMG_4176
fb_h5_k7_mall_d0,IMG_2117
fb_h5_k7_mall_d0,IMG_2089
fb_h5_k7_mall_d0,IMG_4164
fb_h5_k7_mall_d0,IMG_4111
fb_h5_k7_mall_d0,IMG_4113
fb_h5_k7_mall_d0,IMG_4069
fb_h5_k7_mall_d0,IMG_4085
fb_h5_k7_mall_d0,IMG_4172
fb_h5_k7_mall_d0,IMG_2135
fb_h5_k7_mall_d0,IMG_4187
fb_h5_k7_mall_d0,IMG_4152
fb_h5_k7_mall_d0,IMG_2105
fb_h5_k7_mall_d0,IMG_4219
fb_h5_k7_mall_d0,IMG_4169
fb_h5_k7_mall_d0,IMG_2120
fb_h5_k7_mall_d0,IMG_4262
fb_h5_k7_mall_d0,IMG_4146
fb_h5_k7_mall_d0,IMG_2078
fb_h5_k7_mall_d0,IMG_2104
fb_h5_k7_mall_d0,IMG_2119
fb_h5_k7_mall_d0,IMG_2068
fb_h5_k7_mall_d0,IMG_4168
fb_h5_k7_mall_d0,IMG_4103
fb_h5_k7_mall_d0,IMG_4161
fb_h5_k7_mall_d0,IMG_2083
fb_h5_k7_mall_d0,IMG_2088
fb_h5_k7_mall_d0,IMG_2107
fb_h5_k7_mall_d0,IMG_4220
fb_h5_k7_mall_d0,IMG_4109
fb_h5_k7_mall_d0,IMG_2063
fb_h5_k7_mall_d0,IMG_2115
fb_h5_k7_mall_d0,IMG_4190
fb_h5_k7_mall_d0,IMG_4116
fb_h5_k7_mall_d0,IMG_2108
fb_h5_k7_mall_d0,IMG_4095
fb_h5_k7_mall_d0,IMG_2081
fb_h5_k7_mall_d0,IMG_4064
fb_h5_k7_mall_d0,IMG_2079
fb_h5_k7_mall_d0,IMG_2070
fb_h5_k7_mall_d0,IMG_4150
fb_h5_k7_mall_d0,IMG_4170
fb_h5_k7_mall_d0,IMG_4147
fb_h5_k7_mall_d0,IMG_2067
fb_h5_k7_mall_d0,IMG_2110
fb_h5_k7_mall_d0,IMG_4068
fb_h5_k7_mall_d0,IMG_4186
fb_h5_k7_mall_d0,IMG_2121
fb_h5_k7_mall_d0,IMG_4144
fb_h5_k7_mall_d0,IMG_4110
fb_h5_k7_mall_d0,IMG_4154
fb_h5_k7_mall_d0,IMG_2076
fb_h5_k7_mall_d0,IMG_4183
fb_h5_k7_mall_d0,IMG_4087
fb_h5_k7_mall_d0,IMG_4203
fb_h5_k7_mall_d0,IMG_4075
fb_h5_k7_mall_d0,IMG_4089
fb_h5_k7_mall_d0,IMG_4189
fb_h5_k7_mall_d0,IMG_4066
fb_h5_k7_mall_d0,IMG_4106
fb_h5_k7_mall_d0,IMG_4149
fb_h5_k7_mall_d0,IMG_2109
fb_h5_k7_mall_d0,IMG_4112
fb_h5_k7_mall_d0,IMG_2066
fb_h5_k7_mall_d0,IMG_4156
fb_h5_k7_mall_d0,IMG_4157
fb_h5_k7_mall_d0,IMG_4159
fb_h5_k7_mall_d0,IMG_4098
fb_h5_k7_mall_d0,IMG_4182
fb_h5_k7_mall_d0,IMG_2134
fb_h5_k7_mall_d0,IMG_4118
fb_h5_k7_mall_d0,IMG_2082
fb_h5_k7_mall_d0,IMG_4096
fb_h5_k7_mall_d0,IMG_2064
fb_h5_k7_mall_d0,IMG_2103
fb_h5_k7_mall_d0,IMG_4191
fb_h5_k7_mall_d0,IMG_4155
fb_h5_k7_mall_d0,IMG_4180
fb_h5_k7_mall_d0,IMG_4104
fb_h5_k7_mall_d0,IMG_2059
fb_h5_k7_mall_d0,IMG_4120
fb_h5_k7_mall_d0,IMG_4090
fb_h5_k7_mall_d0,IMG_4117
fb_h5_k7_mall_d0,IMG_4174
fb_h5_k7_mall_d0,IMG_4165
fb_h5_k7_mall_d0,IMG_4192
fb_h5_k7_mall_d0,IMG_2085
fb_h5_k7_mall_d0,IMG_2073
fb_h5_k7_mall_d0,IMG_4072
fb_h5_k7_mall_d0,IMG_2058
fb_h5_k7_mall_d0,IMG_2069
fb_h5_k7_mall_d0,IMG_2060
fb_h5_k7_mall_d0,IMG_2077
fb_h5_k7_mall_d0,IMG_4221
fb_h5_k7_mall_d0,IMG_4086
fb_h5_k7_mall_d0,IMG_2084
fb_h5_k7_mall_d0,IMG_4185
fb_h5_k7_mall_d0,IMG_4188
fb_h5_k7_mall_d0,IMG_4105
fb_h5_k7_mall_d0,IMG_4073
fb_h5_k7_mall_d0,IMG_4065
fb_h5_k7_mall_d0,IMG_4151
fb_h5_k7_mall_d0,IMG_2116
fb_h5_k7_mall_d0,IMG_2080
fb_h5_k7_mall_d0,IMG_4153
fb_h5_k7_mall_d0,IMG_4162
fb_h5_k7_mall_d0,IMG_4218
fb_h5_k7_mall_d0,IMG_2102
fb_h5_k7_mall_d0,IMG_4194
fb_h5_k7_mall_d0,IMG_2072
fb_h5_k7_mall_d0,IMG_4200
fb_h5_k7_mall_d0,IMG_2062
fb_h5_k7_mall_d0,IMG_4071
fb_h5_k7_mall_d0,IMG_2061
fb_h5_k7_mall_d0,IMG_2133
fb_h5_k7_mall_d0,IMG_4088
fb_h5_k7_mall_d0,IMG_4143
fb_h5_k7_mall_d0,IMG_2130
fb_h5_k7_mall_d0,IMG_4070
fb_h5_k7_mall_d0,IMG_4178
fb_h5_k7_mall_d0,IMG_4193
fb_h5_k7_mall_d0,IMG_2074
fb_h5_k7_mall_d0,IMG_4134
fb_h5_k7_mall_d0,IMG_4256
fb_h5_k7_mall_d0,IMG_2071
fb_h5_k7_mall_d0,IMG_4181
fb_h5_k7_mall_d0,IMG_2132
fb_h5_k7_mall_d0,IMG_4163
fb_h5_k7_mall_d0,IMG_4067
fb_h5_k7_mall_d0,IMG_2075
fb_h5_k7_mall_d0,IMG_2095
fb_h5_k7_mall_d0,IMG_4213
fb_h5_k7_mall_d0,IMG_2122
fb_h5_k7_mall_d0,IMG_2106
fb_h5_k7_mall_d0,IMG_2101
fb_h5_k7_mall_d0,IMG_4201
fb_h5_k7_mall_d0,IMG_4145
fb_h5_k7_mall_d0,IMG_2131
fb_h5_k7_mall_d0,IMG_4115
fb_h5_k7_mall_d0,IMG_4179
fb_h5_k7_mall_d0,IMG_4202
fb_h5_k7_mall_d0,IMG_4184
fb_h5_k7_mall_d0,IMG_4114
fb_h5_k7_mall_d0,IMG_4123
fb_h5_k7_mall_d0,IMG_2100
fb_h5_k7_mall_d0,IMG_0279
fb_h5_k7_mall_d0,IMG_0090
fb_h5_k7_mall_d0,IMG_0108-HEIC
fb_h5_k7_mall_d0,IMG_0178
fb_h5_k7_mall_d0,IMG_0072
fb_h5_k7_mall_d0,IMG_0105-HEIC
fb_h5_k7_mall_d0,IMG_0175
fb_h5_k7_mall_d0,IMG_0198
fb_h5_k7_mall_d0,IMG_0185
fb_h5_k7_mall_d0,IMG_0230
fb_h5_k7_mall_d0,IMG_0091
fb_h5_k7_mall_d0,IMG_0256
fb_h5_k7_mall_d0,IMG_0078
fb_h5_k7_mall_d0,IMG_0089
fb_h5_k7_mall_d0,IMG_0260
fb_h5_k7_mall_d0,IMG_0273
fb_h5_k7_mall_d0,IMG_0284
fb_h5_k7_mall_d0,IMG_0102
fb_h5_k7_mall_d0,IMG_0073
fb_h5_k7_mall_d0,IMG_0238
fb_h5_k7_mall_d0,IMG_0074
fb_h5_k7_mall_d0,IMG_0220
fb_h5_k7_mall_d0,IMG_0262
fb_h5_k7_mall_d0,IMG_0080
fb_h5_k7_mall_d0,IMG_0126-HEIC
fb_h5_k7_mall_d0,IMG_0104-HEIC
fb_h5_k7_mall_d0,IMG_0184
fb_h5_k7_mall_d0,IMG_0209
fb_h5_k7_mall_d0,IMG_0187-HEIC
fb_h5_k7_mall_d0,IMG_0235
fb_h5_k7_mall_d0,IMG_0084
fb_h5_k7_mall_d0,IMG_0069
fb_h5_k7_mall_d0,IMG_0083-HEIC
fb_h5_k7_mall_d0,IMG_0106-HEIC
fb_h5_k7_mall_d0,IMG_0223
fb_h5_k7_mall_d0,IMG_0218
fb_h5_k7_mall_d0,IMG_0109-HEIC
fb_h5_k7_mall_d0,IMG_0111-HEIC
fb_h5_k7_mall_d0,IMG_0165
fb_h5_k7_mall_d0,IMG_0210
fb_h5_k7_mall_d0,IMG_0159
fb_h5_k7_mall_d0,IMG_0179
fb_h5_k7_mall_d0,IMG_0177
fb_h5_k7_mall_d0,IMG_0142
fb_h5_k7_mall_d0,IMG_0136
fb_h5_k7_mall_d0,IMG_0182-HEIC
fb_h5_k7_mall_d0,IMG_0173
fb_h5_k7_mall_d0,IMG_0219
fb_h5_k7_mall_d0,IMG_0204
fb_h5_k7_mall_d0,IMG_0116-HEIC
fb_h5_k7_mall_d0,IMG_0257
fb_h5_k7_mall_d0,IMG_0077
fb_h5_k7_mall_d0,IMG_0192
fb_h5_k7_mall_d0,IMG_0070
fb_h5_k7_mall_d0,IMG_0095
fb_h5_k7_mall_d0,IMG_0174
fb_h5_k7_mall_d0,IMG_0211
fb_h5_k7_mall_d0,IMG_0153
fb_h5_k7_mall_d0,IMG_0066
fb_h5_k7_mall_d0,IMG_0148
fb_h5_k7_mall_d0,IMG_0267
fb_h5_k7_mall_d0,IMG_0263
fb_h5_k7_mall_d0,IMG_2310-HEIC
fb_h5_k7_mall_d0,IMG_0755-HEIC
fb_h5_k7_mall_d0,IMG_2383-HEIC
fb_h5_k7_mall_d0,IMG_2384-HEIC
fb_h5_k7_mall_d0,IMG_2338-HEIC
fb_h5_k7_mall_d0,IMG_0752-HEIC
fb_h5_k7_mall_d0,IMG_2334-HEIC
fb_h5_k7_mall_d0,IMG_2293-HEIC
fb_h5_k7_mall_d0,IMG_2256-HEIC
fb_h5_k7_mall_d0,IMG_2286-HEIC
fb_h5_k7_mall_d0,IMG_2306-HEIC
fb_h5_k7_mall_d0,IMG_0756-HEIC
fb_h5_k7_mall_d0,IMG_2331-HEIC
fb_h5_k7_mall_d0,IMG_2253-HEIC
fb_h5_k7_mall_d0,IMG_0766-HEIC
fb_h5_k7_mall_d0,IMG_2239-HEIC
fb_h5_k7_mall_d0,IMG_0737-HEIC
fb_h5_k7_mall_d0,IMG_2339-HEIC
fb_h5_k7_mall_d0,IMG_2340-HEIC
fb_h5_k7_mall_d0,IMG_2347-HEIC
fb_h5_k7_mall_d0,IMG_2289-HEIC
fb_h5_k7_mall_d0,IMG_2259-HEIC
fb_h5_k7_mall_d0,IMG_2294-HEIC
fb_h5_k7_mall_d0,IMG_2311-HEIC
fb_h5_k7_mall_d0,IMG_2386-HEIC
fb_h5_k7_mall_d0,IMG_2382-HEIC
fb_h5_k7_mall_d0,IMG_2385-HEIC
fb_h5_k7_mall_d0,IMG_0765-HEIC
fb_h5_k7_mall_d0,IMG_2336-HEIC
fb_h5_k7_mall_d0,IMG_0760-HEIC
fb_h5_k7_mall_d0,IMG_2389-HEIC
fb_h5_k7_mall_d0,IMG_2346-HEIC
fb_h5_k7_mall_d0,IMG_2296-HEIC
fb_h5_k7_mall_d0,IMG_2242-HEIC
fb_h5_k7_mall_d0,IMG_0759-HEIC
fb_h5_k7_mall_d0,IMG_2243-HEIC
fb_h5_k7_mall_d0,IMG_2351-HEIC
fb_h5_k7_mall_d0,IMG_2274-HEIC
fb_h5_k7_mall_d0,IMG_2329-HEIC
fb_h5_k7_mall_d0,IMG_2390-HEIC
fb_h5_k7_mall_d0,IMG_2245-HEIC
fb_h5_k7_mall_d0,IMG_0742-HEIC
fb_h5_k7_mall_d0,IMG_2246-HEIC
fb_h5_k7_mall_d0,IMG_2391-HEIC
fb_h5_k7_mall_d0,IMG_2290-HEIC
fb_h5_k7_mall_d0,IMG_0763-HEIC
fb_h5_k7_mall_d0,IMG_2287-HEIC
fb_h5_k7_mall_d0,IMG_2248-HEIC
fb_h5_k7_mall_d0,IMG_0741-HEIC
fb_h5_k7_mall_d0,IMG_2302-HEIC
fb_h5_k7_mall_d0,IMG_0768-HEIC
fb_h5_k7_mall_d0,IMG_2258-HEIC
fb_h5_k7_mall_d0,IMG_2345-HEIC
fb_h5_k7_mall_d0,IMG_0758-HEIC
fb_h5_k7_mall_d0,IMG_2240-HEIC
fb_h5_k7_mall_d0,IMG_0772-HEIC
fb_h5_k7_mall_d0,IMG_2254-HEIC
fb_h5_k7_mall_d0,IMG_0743-HEIC
fb_h5_k7_mall_d0,IMG_2352-HEIC
fb_h5_k7_mall_d0,IMG_2303-HEIC
fb_h5_k7_mall_d0,IMG_2244-HEIC
fb_h5_k7_mall_d0,IMG_2381-HEIC
fb_h5_k7_mall_d0,IMG_2337-HEIC
fb_h5_k7_mall_d0,IMG_0773-HEIC
fb_h5_k7_mall_d0,IMG_2273-HEIC
fb_h5_k7_mall_d0,IMG_0771-HEIC
fb_h5_k7_mall_d0,IMG_0764-HEIC
fb_h5_k7_mall_d0,IMG_0769-HEIC
fb_h5_k7_mall_d0,IMG_2249-HEIC
fb_h5_k7_mall_d0,IMG_0754-HEIC
fb_h5_k7_mall_d0,IMG_0767-HEIC
fb_h5_k7_mall_d0,IMG_2291-HEIC
fb_h5_k7_mall_d0,IMG_2343-HEIC
fb_h5_k7_mall_d0,IMG_2288-HEIC
fb_h5_k7_mall_d0,IMG_2330-HEIC
fb_h5_k7_mall_d0,IMG_2247-HEIC
fb_h5_k7_mall_d0,IMG_2349-HEIC
fb_h5_k7_mall_d0,IMG_0770-HEIC
fb_h5_k7_mall_d0,IMG_2257-HEIC
fb_h5_k7_mall_d0,IMG_2309-HEIC
fb_h5_k7_mall_d0,IMG_2255-HEIC
fb_h5_k7_mall_d0,IMG_2335-HEIC
fb_h5_k7_mall_d0,IMG_2333-HEIC
fb_h5_k7_mall_d0,IMG_2380-HEIC
fb_h5_k7_mall_d0,IMG_0740-HEIC
fb_h5_k7_mall_d0,IMG_2251-HEIC
fb_h5_k7_mall_d0,IMG_2304-HEIC
fb_h5_k7_mall_d0,IMG_2285-HEIC
fb_h5_k7_mall_d0,IMG_2252-HEIC
fb_h5_k7_mall_d0,IMG_2341-HEIC
fb_h5_k7_mall_d0,IMG_2241-HEIC
fb_h5_k7_mall_d0,IMG_0757-HEIC
fb_h5_k7_mall_d0,IMG_2342-HEIC
fb_h5_k7_mall_d0,IMG_2332-HEIC
fb_h5_k7_mall_d0,IMG_0751-HEIC
fb_h5_k7_mall_d0,IMG_2308-HEIC
fb_h5_k7_mall_d0,IMG_2295-HEIC
fb_h5_k7_mall_d0,IMG_2305-HEIC
fb_h5_k7_mall_d0,IMG_2270-HEIC
fb_h5_k7_mall_d0,IMG_0761-HEIC
fb_h5_k7_mall_d0,IMG_2307-HEIC
fb_h5_k7_mall_d0,IMG_9918
fb_h5_k7_mall_d0,IMG_9985
fb_h5_k7_mall_d0,IMG_9949
fb_h5_k7_mall_d0,IMG_9956
fb_h5_k7_mall_d0,IMG_9951
fb_h5_k7_mall_d0,IMG_9970
fb_h5_k7_mall_d0,IMG_9907
fb_h5_k7_mall_d0,IMG_9917
fb_h5_k7_mall_d0,IMG_9921
fb_h5_k7_mall_d0,IMG_9933
fb_h5_k7_mall_d0,IMG_9919
fb_h5_k7_mall_d0,IMG_9891
fb_h5_k7_mall_d0,IMG_9890
fb_h5_k7_mall_d0,IMG_9916
fb_h5_k7_mall_d0,IMG_9947
fb_h5_k7_mall_d0,IMG_9973
fb_h5_k7_mall_d0,IMG_9889
fb_h5_k7_mall_d0,IMG_9959
fb_h5_k7_mall_d0,IMG_9928
fb_h5_k7_mall_d0,IMG_9887
fb_h5_k7_mall_d0,IMG_9906
fb_h5_k7_mall_d0,IMG_9931
fb_h5_k7_mall_d0,IMG_9958
fb_h5_k7_mall_d0,IMG_9929
fb_h5_k7_mall_d0,IMG_9940
fb_h5_k7_mall_d0,IMG_9898
fb_h5_k7_mall_d0,IMG_9925
fb_h5_k7_mall_d0,IMG_9963
fb_h5_k7_mall_d0,IMG_9968
fb_h5_k7_mall_d0,IMG_9957
fb_h5_k7_mall_d0,IMG_9902
fb_h5_k7_mall_d0,IMG_9989
fb_h5_k7_mall_d0,IMG_9904
fb_h5_k7_mall_d0,IMG_9941
fb_h5_k7_mall_d0,IMG_9986
fb_h5_k7_mall_d0,IMG_9885
fb_h5_k7_mall_d0,IMG_9924
fb_h5_k7_mall_d0,IMG_9955
fb_h5_k7_mall_d0,IMG_9926
fb_h5_k7_mall_d0,IMG_9894
fb_h5_k7_mall_d0,IMG_9908
fb_h5_k7_mall_d0,IMG_9969
fb_h5_k7_mall_d0,IMG_9953
fb_h5_k7_mall_d0,IMG_9923
fb_h5_k7_mall_d0,IMG_9912-HEIC
fb_h5_k7_mall_d0,IMG_9895
fb_h5_k7_mall_d0,IMG_9922
fb_h5_k7_mall_d0,IMG_9900
fb_h5_k7_mall_d0,IMG_9946
fb_h5_k7_mall_d0,IMG_9960
fb_h5_k7_mall_d0,IMG_9888
fb_h5_k7_mall_d0,IMG_9987
fb_h5_k7_mall_d0,IMG_9927
fb_h5_k7_mall_d0,IMG_9910
fb_h5_k7_mall_d0,IMG_9905
fb_h5_k7_mall_d0,IMG_9911
fb_h5_k7_mall_d0,IMG_9942
fb_h5_k7_mall_d0,IMG_9903
fb_h5_k7_mall_d0,IMG_9893
fb_h5_k7_mall_d0,IMG_9961
fb_h5_k7_mall_d0,IMG_9990
fb_h5_k7_mall_d0,IMG_9899
fb_h5_k7_mall_d0,IMG_9939
fb_h5_k7_mall_d0,IMG_9897
fb_h5_k7_mall_d0,IMG_9915
fb_h5_k7_mall_d0,IMG_9988
fb_h5_k7_mall_d0,IMG_9886
fb_h5_k7_mall_d0,IMG_9980
fb_h5_k7_mall_d0,IMG_9920
fb_h5_k7_mall_d0,IMG_9943
fb_h5_k7_mall_d0,IMG_9984
fb_h5_k7_mall_d0,IMG_9965
fb_h5_k7_mall_d0,IMG_9948
fb_h5_k7_mall_d0,IMG_9892
fb_h5_k7_mall_d0,IMG_9991
fb_h5_k7_mall_d0,IMG_9972
fb_h5_k7_mall_d0,IMG_9914-HEIC
fb_h5_k7_mall_d0,IMG_9896
fb_h5_k7_mall_d0,IMG_9944
fb_h5_k7_mall_d0,IMG_9962
fb_h5_k7_mall_d0,IMG_9977
fb_h5_k7_mall_d0,IMG_9983
fb_h5_k7_mall_d0,IMG_2134-HEIC
fb_h5_k7_mall_d0,IMG_2203-HEIC
fb_h5_k7_mall_d0,IMG_2201-HEIC
fb_h5_k7_mall_d0,IMG_2138-HEIC
fb_h5_k7_mall_d0,IMG_2148-HEIC
fb_h5_k7_mall_d0,IMG_2152-HEIC
fb_h5_k7_mall_d0,IMG_2174-HEIC
fb_h5_k7_mall_d0,IMG_2155-HEIC
fb_h5_k7_mall_d0,IMG_2191-HEIC
fb_h5_k7_mall_d0,IMG_2169-HEIC
fb_h5_k7_mall_d0,IMG_2195-HEIC
fb_h5_k7_mall_d0,IMG_2182-HEIC
fb_h5_k7_mall_d0,IMG_2178-HEIC
fb_h5_k7_mall_d0,IMG_2153-HEIC
fb_h5_k7_mall_d0,IMG_2204-HEIC
fb_h5_k7_mall_d0,IMG_2177-HEIC
fb_h5_k7_mall_d0,IMG_2199-HEIC
fb_h5_k7_mall_d0,IMG_2180-HEIC
fb_h5_k7_mall_d0,IMG_2156-HEIC
fb_h5_k7_mall_d0,IMG_2149-HEIC
fb_h5_k7_mall_d0,IMG_2206-HEIC
fb_h5_k7_mall_d0,IMG_2214-HEIC
fb_h5_k7_mall_d0,IMG_2181-HEIC
fb_h5_k7_mall_d0,IMG_2158-HEIC
fb_h5_k7_mall_d0,IMG_2185-HEIC
fb_h5_k7_mall_d0,IMG_2175-HEIC
fb_h5_k7_mall_d0,IMG_2189-HEIC
fb_h5_k7_mall_d0,IMG_2179-HEIC
fb_h5_k7_mall_d0,IMG_2198-HEIC
fb_h5_k7_mall_d0,IMG_2184-HEIC
fb_h5_k7_mall_d0,IMG_2194-HEIC
fb_h5_k7_mall_d0,IMG_2213-HEIC
fb_h5_k7_mall_d0,IMG_2151-HEIC
fb_h5_k7_mall_d0,IMG_2197-HEIC
fb_h5_k7_mall_d0,IMG_2202-HEIC
fb_h5_k7_mall_d0,IMG_2212-HEIC
fb_h5_k7_mall_d0,IMG_2131-HEIC
fb_h5_k7_mall_d0,IMG_2205-HEIC
fb_h5_k7_mall_d0,IMG_2187-HEIC
fb_h5_k7_mall_d0,IMG_2183-HEIC
fb_h5_k7_mall_d0,IMG_2168-HEIC
fb_h5_k7_mall_d0,IMG_2176-HEIC
fb_h5_k7_mall_d0,IMG_2150-HEIC
fb_h5_k7_mall_d0,IMG_2193-HEIC
fb_h5_k7_mall_d0,IMG_2196-HEIC
fb_h5_k7_mall_d0,IMG_2159-HEIC
fb_h5_k7_mall_d0,IMG_2132-HEIC
fb_h5_k7_mall_d0,IMG_2190-HEIC
fb_h5_k7_mall_d0,IMG_2208-HEIC
fb_h5_k7_mall_d0,IMG_2216-HEIC
fb_h5_k7_mall_d0,IMG_2170-HEIC
fb_h5_k7_mall_d0,IMG_2211-HEIC
fb_h5_k7_mall_d0,IMG_2188-HEIC
fb_h5_k7_mall_d0,IMG_2139-HEIC
fb_h5_k7_mall_d0,IMG_2209-HEIC
fb_h5_k7_mall_d0,IMG_2154-HEIC
fb_h5_k7_mall_d0,IMG_2133-HEIC
fb_h6_k1_m15_d0,IMG_9859
fb_h6_k1_m15_d0,IMG_0387
fb_h6_k1_m15_d0,IMG_0444
fb_h6_k1_m15_d0,IMG_9807
fb_h6_k1_m15_d0,IMG_9832
fb_h6_k1_m15_d0,IMG_9810
fb_h6_k1_m15_d0,IMG_0398
fb_h6_k1_m15_d0,IMG_9938
fb_h6_k1_m15_d0,IMG_9822
fb_h6_k1_m15_d0,IMG_9808
fb_h6_k1_m15_d0,IMG_9916-HEIC
fb_h6_k1_m15_d0,IMG_9999
fb_h6_k1_m15_d0,IMG_0028
fb_h6_k1_m15_d0,IMG_9854
fb_h6_k1_m15_d0,IMG_0016
fb_h6_k1_m50_d0,IMG_9859
fb_h6_k1_m50_d0,IMG_0387
fb_h6_k1_m50_d0,IMG_0444
fb_h6_k1_m50_d0,IMG_9807
fb_h6_k1_m50_d0,IMG_9832
fb_h6_k1_m50_d0,IMG_9810
fb_h6_k1_m50_d0,IMG_0398
fb_h6_k1_m50_d0,IMG_9938
fb_h6_k1_m50_d0,IMG_9822
fb_h6_k1_m50_d0,IMG_9808
fb_h6_k1_m50_d0,IMG_9916-HEIC
fb_h6_k1_m50_d0,IMG_9999
fb_h6_k1_m50_d0,IMG_0028
fb_h6_k1_m50_d0,IMG_9854
fb_h6_k1_m50_d0,IMG_0016
fb_h6_k1_m50_d0,IMG_9949-HEIC
fb_h6_k1_m50_d0,IMG_0305
fb_h6_k1_m50_d0,IMG_9848
fb_h6_k1_m50_d0,IMG_9857
fb_h6_k1_m50_d0,IMG_9978-HEIC
fb_h6_k1_m50_d0,IMG_9799
fb_h6_k1_m50_d0,IMG_9770
fb_h6_k1_m50_d0,IMG_0002
fb_h6_k1_m50_d0,IMG_0340
fb_h6_k1_m50_d0,IMG_9989-HEIC
fb_h6_k1_m50_d0,IMG_9813
fb_h6_k1_m50_d0,IMG_9811
fb_h6_k1_m50_d0,IMG_9766
fb_h6_k1_m50_d0,IMG_0404
fb_h6_k1_m50_d0,IMG_9809
fb_h6_k1_m50_d0,IMG_9998
fb_h6_k1_m50_d0,IMG_0003
fb_h6_k1_m50_d0,IMG_0358
fb_h6_k1_m50_d0,IMG_0439
fb_h6_k1_m50_d0,IMG_9865
fb_h6_k1_m50_d0,IMG_0457
fb_h6_k1_m50_d0,IMG_9773
fb_h6_k1_m50_d0,IMG_9979-HEIC
fb_h6_k1_m50_d0,IMG_9907-HEIC
fb_h6_k1_m50_d0,IMG_9839
fb_h6_k1_m50_d0,IMG_9909-HEIC
fb_h6_k1_m50_d0,IMG_9997
fb_h6_k1_m50_d0,IMG_9803
fb_h6_k1_m50_d0,IMG_9869
fb_h6_k1_m50_d0,IMG_0375
fb_h6_k1_m50_d0,IMG_9764
fb_h6_k1_m50_d0,IMG_9844
fb_h6_k1_m50_d0,IMG_7021
fb_h6_k1_m50_d0,IMG_9801
fb_h6_k1_m50_d0,IMG_9873
fb_h6_k1_mall_d0,IMG_9859
fb_h6_k1_mall_d0,IMG_0387
fb_h6_k1_mall_d0,IMG_0444
fb_h6_k1_mall_d0,IMG_9807
fb_h6_k1_mall_d0,IMG_9832
fb_h6_k1_mall_d0,IMG_9810
fb_h6_k1_mall_d0,IMG_0398
fb_h6_k1_mall_d0,IMG_9938
fb_h6_k1_mall_d0,IMG_9822
fb_h6_k1_mall_d0,IMG_9808
fb_h6_k1_mall_d0,IMG_9916-HEIC
fb_h6_k1_mall_d0,IMG_9999
fb_h6_k1_mall_d0,IMG_0028
fb_h6_k1_mall_d0,IMG_9854
fb_h6_k1_mall_d0,IMG_0016
fb_h6_k1_mall_d0,IMG_9949-HEIC
fb_h6_k1_mall_d0,IMG_0305
fb_h6_k1_mall_d0,IMG_9848
fb_h6_k1_mall_d0,IMG_9857
fb_h6_k1_mall_d0,IMG_9978-HEIC
fb_h6_k1_mall_d0,IMG_9799
fb_h6_k1_mall_d0,IMG_9770
fb_h6_k1_mall_d0,IMG_0002
fb_h6_k1_mall_d0,IMG_0340
fb_h6_k1_mall_d0,IMG_9989-HEIC
fb_h6_k1_mall_d0,IMG_9813
fb_h6_k1_mall_d0,IMG_9811
fb_h6_k1_mall_d0,IMG_9766
fb_h6_k1_mall_d0,IMG_0404
fb_h6_k1_mall_d0,IMG_9809
fb_h6_k1_mall_d0,IMG_9998
fb_h6_k1_mall_d0,IMG_0003
fb_h6_k1_mall_d0,IMG_0358
fb_h6_k1_mall_d0,IMG_0439
fb_h6_k1_mall_d0,IMG_9865
fb_h6_k1_mall_d0,IMG_0457
fb_h6_k1_mall_d0,IMG_9773
fb_h6_k1_mall_d0,IMG_9979-HEIC
fb_h6_k1_mall_d0,IMG_9907-HEIC
fb_h6_k1_mall_d0,IMG_9839
fb_h6_k1_mall_d0,IMG_9909-HEIC
fb_h6_k1_mall_d0,IMG_9997
fb_h6_k1_mall_d0,IMG_9803
fb_h6_k1_mall_d0,IMG_9869
fb_h6_k1_mall_d0,IMG_0375
fb_h6_k1_mall_d0,IMG_9764
fb_h6_k1_mall_d0,IMG_9844
fb_h6_k1_mall_d0,IMG_7021
fb_h6_k1_mall_d0,IMG_9801
fb_h6_k1_mall_d0,IMG_9873
fb_h6_k1_mall_d0,IMG_9771
fb_h6_k1_mall_d0,IMG_9842
fb_h6_k1_mall_d0,IMG_0421
fb_h6_k1_mall_d0,IMG_9861-HEIC
fb_h6_k1_mall_d0,IMG_0351
fb_h6_k1_mall_d0,IMG_9826
fb_h6_k1_mall_d0,IMG_9981-HEIC
fb_h6_k1_mall_d0,IMG_9768
fb_h6_k1_mall_d0,IMG_9818
fb_h6_k1_mall_d0,IMG_9880
fb_h6_k1_mall_d0,IMG_9840
fb_h6_k1_mall_d0,IMG_9769
fb_h6_k1_mall_d0,IMG_0051
fb_h6_k1_mall_d0,IMG_0410
fb_h6_k1_mall_d0,IMG_9784-HEIC
fb_h6_k1_mall_d0,IMG_9816
fb_h6_k1_mall_d0,IMG_9774
fb_h6_k1_mall_d0,IMG_9868-HEIC
fb_h6_k1_mall_d0,IMG_9971
fb_h6_k1_mall_d0,IMG_9812
fb_h6_k1_mall_d0,IMG_9775
fb_h6_k1_mall_d0,IMG_9948-HEIC
fb_h6_k1_mall_d0,IMG_9947-HEIC
fb_h6_k1_mall_d0,IMG_9874
fb_h6_k1_mall_d0,IMG_0393
fb_h6_k1_mall_d0,IMG_9881
fb_h6_k1_mall_d0,IMG_9819
fb_h6_k1_mall_d0,IMG_9777
fb_h6_k1_mall_d0,IMG_9834
fb_h6_k1_mall_d0,IMG_9829
fb_h6_k1_mall_d0,IMG_0427
fb_h6_k1_mall_d0,IMG_0346
fb_h6_k1_mall_d0,IMG_9814
fb_h6_k1_mall_d0,IMG_9920-HEIC
fb_h6_k1_mall_d0,IMG_9804
fb_h6_k1_mall_d0,IMG_9982-HEIC
fb_h6_k1_mall_d0,IMG_9984-HEIC
fb_h6_k1_mall_d0,IMG_9838
fb_h6_k1_mall_d0,IMG_9765
fb_h6_k1_mall_d0,IMG_0323
fb_h6_k1_mall_d0,IMG_9867
fb_h6_k1_mall_d0,IMG_9836
fb_h6_k1_mall_d0,IMG_9821
fb_h6_k1_mall_d0,IMG_9828
fb_h6_k1_mall_d0,IMG_0328
fb_h6_k1_mall_d0,IMG_0046
fb_h6_k1_mall_d0,IMG_9825
fb_h6_k1_mall_d0,IMG_9870
fb_h6_k1_mall_d0,IMG_9806
fb_h6_k1_mall_d0,IMG_9955-HEIC
fb_h6_k1_mall_d0,IMG_9905-HEIC
fb_h6_k1_mall_d0,IMG_0416
fb_h6_k1_mall_d0,IMG_9779-HEIC
fb_h6_k1_mall_d0,IMG_0040
fb_h6_k1_mall_d0,IMG_0450
fb_h6_k1_mall_d0,IMG_9763
fb_h6_k1_mall_d0,IMG_9879
fb_h6_k1_mall_d0,IMG_9964
fb_h6_k1_mall_d0,IMG_0300
fb_h6_k1_mall_d0,IMG_9767
fb_h6_k1_mall_d0,IMG_0381
fb_h6_k1_mall_d0,IMG_9985-HEIC
fb_h6_k1_mall_d0,IMG_9866
fb_h6_k1_mall_d0,IMG_9864
fb_h6_k1_mall_d0,IMG_9911-HEIC
fb_h6_k1_mall_d0,IMG_0008
fb_h6_k1_mall_d0,IMG_9783-HEIC
fb_h6_k1_mall_d0,IMG_0433
fb_h6_k1_mall_d0,IMG_0291
fb_h6_k1_mall_d0,IMG_9843
fb_h6_k1_mall_d0,IMG_9951-HEIC
fb_h6_k1_mall_d0,IMG_0370
fb_h6_k1_mall_d0,IMG_9820
fb_h6_k1_mall_d0,IMG_0034
fb_h6_k1_mall_d0,IMG_7016-HEIC
fb_h6_k1_mall_d0,IMG_9966
fb_h6_k1_mall_d0,IMG_9876
fb_h6_k1_mall_d0,IMG_9917-HEIC
fb_h6_k1_mall_d0,IMG_9827
fb_h6_k1_mall_d0,IMG_0364
fb_h6_k1_mall_d0,IMG_0311
fb_h6_k1_mall_d0,IMG_9823
fb_h6_k1_mall_d0,IMG_9915-HEIC
fb_h6_k1_mall_d0,IMG_9875
fb_h6_k1_mall_d0,IMG_9858
fb_h6_k1_mall_d0,IMG_9906-HEIC
fb_h6_k1_mall_d0,IMG_9833
fb_h6_k1_mall_d0,IMG_9805
fb_h6_k1_mall_d0,IMG_9990-HEIC
fb_h6_k1_mall_d0,IMG_9918-HEIC
fb_h6_k1_mall_d0,IMG_9800
fb_h6_k1_m15_d1,IMG_2058
fb_h6_k1_m15_d1,IMG_2085
fb_h6_k1_m15_d1,IMG_2134
fb_h6_k1_m15_d1,IMG_4116
fb_h6_k1_m15_d1,IMG_4219
fb_h6_k1_m15_d1,IMG_4203
fb_h6_k1_m15_d1,IMG_2073
fb_h6_k1_m15_d1,IMG_4104
fb_h6_k1_m15_d1,IMG_4109
fb_h6_k1_m15_d1,IMG_4155
fb_h6_k1_m15_d1,IMG_4191
fb_h6_k1_m15_d1,IMG_4163
fb_h6_k1_m15_d1,IMG_4152
fb_h6_k1_m15_d1,IMG_4073
fb_h6_k1_m15_d1,IMG_4120
fb_h6_k1_m50_d1,IMG_2058
fb_h6_k1_m50_d1,IMG_2085
fb_h6_k1_m50_d1,IMG_2134
fb_h6_k1_m50_d1,IMG_4116
fb_h6_k1_m50_d1,IMG_4219
fb_h6_k1_m50_d1,IMG_4203
fb_h6_k1_m50_d1,IMG_2073
fb_h6_k1_m50_d1,IMG_4104
fb_h6_k1_m50_d1,IMG_4109
fb_h6_k1_m50_d1,IMG_4155
fb_h6_k1_m50_d1,IMG_4191
fb_h6_k1_m50_d1,IMG_4163
fb_h6_k1_m50_d1,IMG_4152
fb_h6_k1_m50_d1,IMG_4073
fb_h6_k1_m50_d1,IMG_4120
fb_h6_k1_m50_d1,IMG_4075
fb_h6_k1_m50_d1,IMG_4192
fb_h6_k1_m50_d1,IMG_2083
fb_h6_k1_m50_d1,IMG_4220
fb_h6_k1_m50_d1,IMG_2079
fb_h6_k1_m50_d1,IMG_4113
fb_h6_k1_m50_d1,IMG_2132
fb_h6_k1_m50_d1,IMG_4184
fb_h6_k1_m50_d1,IMG_4087
fb_h6_k1_m50_d1,IMG_2066
fb_h6_k1_m50_d1,IMG_4086
fb_h6_k1_m50_d1,IMG_4123
fb_h6_k1_m50_d1,IMG_4106
fb_h6_k1_m50_d1,IMG_2077
fb_h6_k1_m50_d1,IMG_2063
fb_h6_k1_m50_d1,IMG_4154
fb_h6_k1_m50_d1,IMG_2071
fb_h6_k1_m50_d1,IMG_2104
fb_h6_k1_m50_d1,IMG_2078
fb_h6_k1_m50_d1,IMG_2108
fb_h6_k1_m50_d1,IMG_4066
fb_h6_k1_m50_d1,IMG_2089
fb_h6_k1_m50_d1,IMG_2106
fb_h6_k1_m50_d1,IMG_4064
fb_h6_k1_m50_d1,IMG_4180
fb_h6_k1_m50_d1,IMG_2107
fb_h6_k1_m50_d1,IMG_2101
fb_h6_k1_m50_d1,IMG_2095
fb_h6_k1_m50_d1,IMG_4146
fb_h6_k1_m50_d1,IMG_4098
fb_h6_k1_m50_d1,IMG_4172
fb_h6_k1_m50_d1,IMG_4162
fb_h6_k1_m50_d1,IMG_2069
fb_h6_k1_m50_d1,IMG_4218
fb_h6_k1_m50_d1,IMG_2122
fb_h6_k1_mall_d1,IMG_2058
fb_h6_k1_mall_d1,IMG_2085
fb_h6_k1_mall_d1,IMG_2134
fb_h6_k1_mall_d1,IMG_4116
fb_h6_k1_mall_d1,IMG_4219
fb_h6_k1_mall_d1,IMG_4203
fb_h6_k1_mall_d1,IMG_2073
fb_h6_k1_mall_d1,IMG_4104
fb_h6_k1_mall_d1,IMG_4109
fb_h6_k1_mall_d1,IMG_4155
fb_h6_k1_mall_d1,IMG_4191
fb_h6_k1_mall_d1,IMG_4163
fb_h6_k1_mall_d1,IMG_4152
fb_h6_k1_mall_d1,IMG_4073
fb_h6_k1_mall_d1,IMG_4120
fb_h6_k1_mall_d1,IMG_4075
fb_h6_k1_mall_d1,IMG_4192
fb_h6_k1_mall_d1,IMG_2083
fb_h6_k1_mall_d1,IMG_4220
fb_h6_k1_mall_d1,IMG_2079
fb_h6_k1_mall_d1,IMG_4113
fb_h6_k1_mall_d1,IMG_2132
fb_h6_k1_mall_d1,IMG_4184
fb_h6_k1_mall_d1,IMG_4087
fb_h6_k1_mall_d1,IMG_2066
fb_h6_k1_mall_d1,IMG_4086
fb_h6_k1_mall_d1,IMG_4123
fb_h6_k1_mall_d1,IMG_4106
fb_h6_k1_mall_d1,IMG_2077
fb_h6_k1_mall_d1,IMG_2063
fb_h6_k1_mall_d1,IMG_4154
fb_h6_k1_mall_d1,IMG_2071
fb_h6_k1_mall_d1,IMG_2104
fb_h6_k1_mall_d1,IMG_2078
fb_h6_k1_mall_d1,IMG_2108
fb_h6_k1_mall_d1,IMG_4066
fb_h6_k1_mall_d1,IMG_2089
fb_h6_k1_mall_d1,IMG_2106
fb_h6_k1_mall_d1,IMG_4064
fb_h6_k1_mall_d1,IMG_4180
fb_h6_k1_mall_d1,IMG_2107
fb_h6_k1_mall_d1,IMG_2101
fb_h6_k1_mall_d1,IMG_2095
fb_h6_k1_mall_d1,IMG_4146
fb_h6_k1_mall_d1,IMG_4098
fb_h6_k1_mall_d1,IMG_4172
fb_h6_k1_mall_d1,IMG_4162
fb_h6_k1_mall_d1,IMG_2069
fb_h6_k1_mall_d1,IMG_4218
fb_h6_k1_mall_d1,IMG_2122
fb_h6_k1_mall_d1,IMG_4067
fb_h6_k1_mall_d1,IMG_4165
fb_h6_k1_mall_d1,IMG_2059
fb_h6_k1_mall_d1,IMG_2060
fb_h6_k1_mall_d1,IMG_4089
fb_h6_k1_mall_d1,IMG_4189
fb_h6_k1_mall_d1,IMG_2100
fb_h6_k1_mall_d1,IMG_4069
fb_h6_k1_mall_d1,IMG_2076
fb_h6_k1_mall_d1,IMG_4213
fb_h6_k1_mall_d1,IMG_4193
fb_h6_k1_mall_d1,IMG_2115
fb_h6_k1_mall_d1,IMG_2110
fb_h6_k1_mall_d1,IMG_4164
fb_h6_k1_mall_d1,IMG_2102
fb_h6_k1_mall_d1,IMG_4161
fb_h6_k1_mall_d1,IMG_2068
fb_h6_k1_mall_d1,IMG_4114
fb_h6_k1_mall_d1,IMG_4085
fb_h6_k1_mall_d1,IMG_2105
fb_h6_k1_mall_d1,IMG_4070
fb_h6_k1_mall_d1,IMG_2109
fb_h6_k1_mall_d1,IMG_4096
fb_h6_k1_mall_d1,IMG_4170
fb_h6_k1_mall_d1,IMG_2067
fb_h6_k1_mall_d1,IMG_4111
fb_h6_k1_mall_d1,IMG_4168
fb_h6_k1_mall_d1,IMG_4176
fb_h6_k1_mall_d1,IMG_4190
fb_h6_k1_mall_d1,IMG_4068
fb_h6_k1_mall_d1,IMG_4065
fb_h6_k1_mall_d1,IMG_4201
fb_h6_k1_mall_d1,IMG_4188
fb_h6_k1_mall_d1,IMG_4071
fb_h6_k1_mall_d1,IMG_2075
fb_h6_k1_mall_d1,IMG_4183
fb_h6_k1_mall_d1,IMG_2072
fb_h6_k1_mall_d1,IMG_4179
fb_h6_k1_mall_d1,IMG_2088
fb_h6_k1_mall_d1,IMG_4187
fb_h6_k1_mall_d1,IMG_4186
fb_h6_k1_mall_d1,IMG_4117
fb_h6_k1_mall_d1,IMG_4095
fb_h6_k1_mall_d1,IMG_2082
fb_h6_k1_mall_d1,IMG_4103
fb_h6_k1_mall_d1,IMG_4185
fb_h6_k1_mall_d1,IMG_2070
fb_h6_k1_mall_d1,IMG_4194
fb_h6_k1_mall_d1,IMG_2084
fb_h6_k1_mall_d1,IMG_4262
fb_h6_k1_mall_d1,IMG_4150
fb_h6_k1_mall_d1,IMG_4115
fb_h6_k1_mall_d1,IMG_2061
fb_h6_k1_mall_d1,IMG_2130
fb_h6_k1_mall_d1,IMG_4182
fb_h6_k1_mall_d1,IMG_4110
fb_h6_k1_mall_d1,IMG_4181
fb_h6_k1_mall_d1,IMG_2074
fb_h6_k1_mall_d1,IMG_4145
fb_h6_k1_mall_d1,IMG_2080
fb_h6_k1_mall_d1,IMG_4148
fb_h6_k1_mall_d1,IMG_4178
fb_h6_k1_mall_d1,IMG_2120
fb_h6_k1_mall_d1,IMG_2135
fb_h6_k1_mall_d1,IMG_4149
fb_h6_k1_mall_d1,IMG_4144
fb_h6_k1_mall_d1,IMG_4221
fb_h6_k1_mall_d1,IMG_2133
fb_h6_k1_mall_d1,IMG_4174
fb_h6_k1_mall_d1,IMG_2121
fb_h6_k1_mall_d1,IMG_4118
fb_h6_k1_mall_d1,IMG_2117
fb_h6_k1_mall_d1,IMG_2131
fb_h6_k1_mall_d1,IMG_2103
fb_h6_k1_mall_d1,IMG_4202
fb_h6_k1_mall_d1,IMG_4072
fb_h6_k1_mall_d1,IMG_4153
fb_h6_k1_mall_d1,IMG_4143
fb_h6_k1_mall_d1,IMG_4134
fb_h6_k1_mall_d1,IMG_4088
fb_h6_k1_mall_d1,IMG_4091
fb_h6_k1_mall_d1,IMG_2116
fb_h6_k1_mall_d1,IMG_4105
fb_h6_k1_mall_d1,IMG_2062
fb_h6_k1_mall_d1,IMG_4112
fb_h6_k1_mall_d1,IMG_2064
fb_h6_k1_mall_d1,IMG_4157
fb_h6_k1_mall_d1,IMG_2119
fb_h6_k1_mall_d1,IMG_2081
fb_h6_k1_mall_d1,IMG_4159
fb_h6_k1_mall_d1,IMG_4169
fb_h6_k1_mall_d1,IMG_4256
fb_h6_k1_mall_d1,IMG_4200
fb_h6_k1_mall_d1,IMG_4151
fb_h6_k1_mall_d1,IMG_4156
fb_h6_k1_mall_d1,IMG_4147
fb_h6_k1_mall_d1,IMG_4090
fb_h6_k2_m15_d0,IMG_0159
fb_h6_k2_m15_d0,IMG_0095
fb_h6_k2_m15_d0,IMG_0204
fb_h6_k2_m15_d0,IMG_0263
fb_h6_k2_m15_d0,IMG_0223
fb_h6_k2_m15_d0,IMG_0273
fb_h6_k2_m15_d0,IMG_0260
fb_h6_k2_m15_d0,IMG_0073
fb_h6_k2_m15_d0,IMG_0077
fb_h6_k2_m15_d0,IMG_0070
fb_h6_k2_m15_d0,IMG_0080
fb_h6_k2_m15_d0,IMG_0084
fb_h6_k2_m15_d0,IMG_0175
fb_h6_k2_m15_d0,IMG_0256
fb_h6_k2_m15_d0,IMG_0108-HEIC
fb_h6_k2_m15_d0,IMG_2204-HEIC
fb_h6_k2_m15_d0,IMG_2174-HEIC
fb_h6_k2_m15_d0,IMG_2153-HEIC
fb_h6_k2_m15_d0,IMG_2185-HEIC
fb_h6_k2_m15_d0,IMG_2138-HEIC
fb_h6_k2_m15_d0,IMG_2132-HEIC
fb_h6_k2_m15_d0,IMG_2154-HEIC
fb_h6_k2_m15_d0,IMG_2131-HEIC
fb_h6_k2_m15_d0,IMG_2139-HEIC
fb_h6_k2_m15_d0,IMG_2196-HEIC
fb_h6_k2_m15_d0,IMG_2206-HEIC
fb_h6_k2_m15_d0,IMG_2205-HEIC
fb_h6_k2_m15_d0,IMG_2190-HEIC
fb_h6_k2_m15_d0,IMG_2214-HEIC
fb_h6_k2_m15_d0,IMG_2209-HEIC
fb_h6_k2_m50_d0,IMG_0159
fb_h6_k2_m50_d0,IMG_0095
fb_h6_k2_m50_d0,IMG_0204
fb_h6_k2_m50_d0,IMG_0263
fb_h6_k2_m50_d0,IMG_0223
fb_h6_k2_m50_d0,IMG_0273
fb_h6_k2_m50_d0,IMG_0260
fb_h6_k2_m50_d0,IMG_0073
fb_h6_k2_m50_d0,IMG_0077
fb_h6_k2_m50_d0,IMG_0070
fb_h6_k2_m50_d0,IMG_0080
fb_h6_k2_m50_d0,IMG_0084
fb_h6_k2_m50_d0,IMG_0175
fb_h6_k2_m50_d0,IMG_0256
fb_h6_k2_m50_d0,IMG_0108-HEIC
fb_h6_k2_m50_d0,IMG_0211
fb_h6_k2_m50_d0,IMG_0069
fb_h6_k2_m50_d0,IMG_0106-HEIC
fb_h6_k2_m50_d0,IMG_0178
fb_h6_k2_m50_d0,IMG_0267
fb_h6_k2_m50_d0,IMG_0102
fb_h6_k2_m50_d0,IMG_0257
fb_h6_k2_m50_d0,IMG_0104-HEIC
fb_h6_k2_m50_d0,IMG_0179
fb_h6_k2_m50_d0,IMG_0238
fb_h6_k2_m50_d0,IMG_0083-HEIC
fb_h6_k2_m50_d0,IMG_0142
fb_h6_k2_m50_d0,IMG_0173
fb_h6_k2_m50_d0,IMG_0279
fb_h6_k2_m50_d0,IMG_0174
fb_h6_k2_m50_d0,IMG_0198
fb_h6_k2_m50_d0,IMG_0219
fb_h6_k2_m50_d0,IMG_0262
fb_h6_k2_m50_d0,IMG_0090
fb_h6_k2_m50_d0,IMG_0116-HEIC
fb_h6_k2_m50_d0,IMG_0089
fb_h6_k2_m50_d0,IMG_0184
fb_h6_k2_m50_d0,IMG_0165
fb_h6_k2_m50_d0,IMG_0126-HEIC
fb_h6_k2_m50_d0,IMG_0153
fb_h6_k2_m50_d0,IMG_0091
fb_h6_k2_m50_d0,IMG_0187-HEIC
fb_h6_k2_m50_d0,IMG_0218
fb_h6_k2_m50_d0,IMG_0235
fb_h6_k2_m50_d0,IMG_0182-HEIC
fb_h6_k2_m50_d0,IMG_0192
fb_h6_k2_m50_d0,IMG_0284
fb_h6_k2_m50_d0,IMG_0230
fb_h6_k2_m50_d0,IMG_0072
fb_h6_k2_m50_d0,IMG_0209
fb_h6_k2_m50_d0,IMG_2204-HEIC
fb_h6_k2_m50_d0,IMG_2174-HEIC
fb_h6_k2_m50_d0,IMG_2153-HEIC
fb_h6_k2_m50_d0,IMG_2185-HEIC
fb_h6_k2_m50_d0,IMG_2138-HEIC
fb_h6_k2_m50_d0,IMG_2132-HEIC
fb_h6_k2_m50_d0,IMG_2154-HEIC
fb_h6_k2_m50_d0,IMG_2131-HEIC
fb_h6_k2_m50_d0,IMG_2139-HEIC
fb_h6_k2_m50_d0,IMG_2196-HEIC
fb_h6_k2_m50_d0,IMG_2206-HEIC
fb_h6_k2_m50_d0,IMG_2205-HEIC
fb_h6_k2_m50_d0,IMG_2190-HEIC
fb_h6_k2_m50_d0,IMG_2214-HEIC
fb_h6_k2_m50_d0,IMG_2209-HEIC
fb_h6_k2_m50_d0,IMG_2134-HEIC
fb_h6_k2_m50_d0,IMG_2159-HEIC
fb_h6_k2_m50_d0,IMG_2197-HEIC
fb_h6_k2_m50_d0,IMG_2177-HEIC
fb_h6_k2_m50_d0,IMG_2176-HEIC
fb_h6_k2_m50_d0,IMG_2183-HEIC
fb_h6_k2_m50_d0,IMG_2187-HEIC
fb_h6_k2_m50_d0,IMG_2195-HEIC
fb_h6_k2_m50_d0,IMG_2152-HEIC
fb_h6_k2_m50_d0,IMG_2184-HEIC
fb_h6_k2_m50_d0,IMG_2202-HEIC
fb_h6_k2_m50_d0,IMG_2216-HEIC
fb_h6_k2_m50_d0,IMG_2194-HEIC
fb_h6_k2_m50_d0,IMG_2151-HEIC
fb_h6_k2_m50_d0,IMG_2149-HEIC
fb_h6_k2_m50_d0,IMG_2208-HEIC
fb_h6_k2_m50_d0,IMG_2178-HEIC
fb_h6_k2_m50_d0,IMG_2180-HEIC
fb_h6_k2_m50_d0,IMG_2133-HEIC
fb_h6_k2_m50_d0,IMG_2150-HEIC
fb_h6_k2_m50_d0,IMG_2188-HEIC
fb_h6_k2_m50_d0,IMG_2212-HEIC
fb_h6_k2_m50_d0,IMG_2189-HEIC
fb_h6_k2_m50_d0,IMG_2156-HEIC
fb_h6_k2_m50_d0,IMG_2170-HEIC
fb_h6_k2_m50_d0,IMG_2169-HEIC
fb_h6_k2_m50_d0,IMG_2179-HEIC
fb_h6_k2_m50_d0,IMG_2158-HEIC
fb_h6_k2_m50_d0,IMG_2203-HEIC
fb_h6_k2_m50_d0,IMG_2198-HEIC
fb_h6_k2_m50_d0,IMG_2175-HEIC
fb_h6_k2_m50_d0,IMG_2201-HEIC
fb_h6_k2_m50_d0,IMG_2168-HEIC
fb_h6_k2_m50_d0,IMG_2182-HEIC
fb_h6_k2_m50_d0,IMG_2193-HEIC
fb_h6_k2_mall_d0,IMG_0159
fb_h6_k2_mall_d0,IMG_0095
fb_h6_k2_mall_d0,IMG_0204
fb_h6_k2_mall_d0,IMG_0263
fb_h6_k2_mall_d0,IMG_0223
fb_h6_k2_mall_d0,IMG_0273
fb_h6_k2_mall_d0,IMG_0260
fb_h6_k2_mall_d0,IMG_0073
fb_h6_k2_mall_d0,IMG_0077
fb_h6_k2_mall_d0,IMG_0070
fb_h6_k2_mall_d0,IMG_0080
fb_h6_k2_mall_d0,IMG_0084
fb_h6_k2_mall_d0,IMG_0175
fb_h6_k2_mall_d0,IMG_0256
fb_h6_k2_mall_d0,IMG_0108-HEIC
fb_h6_k2_mall_d0,IMG_0211
fb_h6_k2_mall_d0,IMG_0069
fb_h6_k2_mall_d0,IMG_0106-HEIC
fb_h6_k2_mall_d0,IMG_0178
fb_h6_k2_mall_d0,IMG_0267
fb_h6_k2_mall_d0,IMG_0102
fb_h6_k2_mall_d0,IMG_0257
fb_h6_k2_mall_d0,IMG_0104-HEIC
fb_h6_k2_mall_d0,IMG_0179
fb_h6_k2_mall_d0,IMG_0238
fb_h6_k2_mall_d0,IMG_0083-HEIC
fb_h6_k2_mall_d0,IMG_0142
fb_h6_k2_mall_d0,IMG_0173
fb_h6_k2_mall_d0,IMG_0279
fb_h6_k2_mall_d0,IMG_0174
fb_h6_k2_mall_d0,IMG_0198
fb_h6_k2_mall_d0,IMG_0219
fb_h6_k2_mall_d0,IMG_0262
fb_h6_k2_mall_d0,IMG_0090
fb_h6_k2_mall_d0,IMG_0116-HEIC
fb_h6_k2_mall_d0,IMG_0089
fb_h6_k2_mall_d0,IMG_0184
fb_h6_k2_mall_d0,IMG_0165
fb_h6_k2_mall_d0,IMG_0126-HEIC
fb_h6_k2_mall_d0,IMG_0153
fb_h6_k2_mall_d0,IMG_0091
fb_h6_k2_mall_d0,IMG_0187-HEIC
fb_h6_k2_mall_d0,IMG_0218
fb_h6_k2_mall_d0,IMG_0235
fb_h6_k2_mall_d0,IMG_0182-HEIC
fb_h6_k2_mall_d0,IMG_0192
fb_h6_k2_mall_d0,IMG_0284
fb_h6_k2_mall_d0,IMG_0230
fb_h6_k2_mall_d0,IMG_0072
fb_h6_k2_mall_d0,IMG_0209
fb_h6_k2_mall_d0,IMG_0220
fb_h6_k2_mall_d0,IMG_0210
fb_h6_k2_mall_d0,IMG_0148
fb_h6_k2_mall_d0,IMG_0066
fb_h6_k2_mall_d0,IMG_0109-HEIC
fb_h6_k2_mall_d0,IMG_0177
fb_h6_k2_mall_d0,IMG_0105-HEIC
fb_h6_k2_mall_d0,IMG_0111-HEIC
fb_h6_k2_mall_d0,IMG_0074
fb_h6_k2_mall_d0,IMG_0185
fb_h6_k2_mall_d0,IMG_0078
fb_h6_k2_mall_d0,IMG_0136
fb_h6_k2_mall_d0,IMG_2204-HEIC
fb_h6_k2_mall_d0,IMG_2174-HEIC
fb_h6_k2_mall_d0,IMG_2153-HEIC
fb_h6_k2_mall_d0,IMG_2185-HEIC
fb_h6_k2_mall_d0,IMG_2138-HEIC
fb_h6_k2_mall_d0,IMG_2132-HEIC
fb_h6_k2_mall_d0,IMG_2154-HEIC
fb_h6_k2_mall_d0,IMG_2131-HEIC
fb_h6_k2_mall_d0,IMG_2139-HEIC
fb_h6_k2_mall_d0,IMG_2196-HEIC
fb_h6_k2_mall_d0,IMG_2206-HEIC
fb_h6_k2_mall_d0,IMG_2205-HEIC
fb_h6_k2_mall_d0,IMG_2190-HEIC
fb_h6_k2_mall_d0,IMG_2214-HEIC
fb_h6_k2_mall_d0,IMG_2209-HEIC
fb_h6_k2_mall_d0,IMG_2134-HEIC
fb_h6_k2_mall_d0,IMG_2159-HEIC
fb_h6_k2_mall_d0,IMG_2197-HEIC
fb_h6_k2_mall_d0,IMG_2177-HEIC
fb_h6_k2_mall_d0,IMG_2176-HEIC
fb_h6_k2_mall_d0,IMG_2183-HEIC
fb_h6_k2_mall_d0,IMG_2187-HEIC
fb_h6_k2_mall_d0,IMG_2195-HEIC
fb_h6_k2_mall_d0,IMG_2152-HEIC
fb_h6_k2_mall_d0,IMG_2184-HEIC
fb_h6_k2_mall_d0,IMG_2202-HEIC
fb_h6_k2_mall_d0,IMG_2216-HEIC
fb_h6_k2_mall_d0,IMG_2194-HEIC
fb_h6_k2_mall_d0,IMG_2151-HEIC
fb_h6_k2_mall_d0,IMG_2149-HEIC
fb_h6_k2_mall_d0,IMG_2208-HEIC
fb_h6_k2_mall_d0,IMG_2178-HEIC
fb_h6_k2_mall_d0,IMG_2180-HEIC
fb_h6_k2_mall_d0,IMG_2133-HEIC
fb_h6_k2_mall_d0,IMG_2150-HEIC
fb_h6_k2_mall_d0,IMG_2188-HEIC
fb_h6_k2_mall_d0,IMG_2212-HEIC
fb_h6_k2_mall_d0,IMG_2189-HEIC
fb_h6_k2_mall_d0,IMG_2156-HEIC
fb_h6_k2_mall_d0,IMG_2170-HEIC
fb_h6_k2_mall_d0,IMG_2169-HEIC
fb_h6_k2_mall_d0,IMG_2179-HEIC
fb_h6_k2_mall_d0,IMG_2158-HEIC
fb_h6_k2_mall_d0,IMG_2203-HEIC
fb_h6_k2_mall_d0,IMG_2198-HEIC
fb_h6_k2_mall_d0,IMG_2175-HEIC
fb_h6_k2_mall_d0,IMG_2201-HEIC
fb_h6_k2_mall_d0,IMG_2168-HEIC
fb_h6_k2_mall_d0,IMG_2182-HEIC
fb_h6_k2_mall_d0,IMG_2193-HEIC
fb_h6_k2_mall_d0,IMG_2211-HEIC
fb_h6_k2_mall_d0,IMG_2199-HEIC
fb_h6_k2_mall_d0,IMG_2181-HEIC
fb_h6_k2_mall_d0,IMG_2213-HEIC
fb_h6_k2_mall_d0,IMG_2148-HEIC
fb_h6_k2_mall_d0,IMG_2155-HEIC
fb_h6_k2_mall_d0,IMG_2191-HEIC
fb_h6_k2_m15_d1,IMG_4068
fb_h6_k2_m15_d1,IMG_4180
fb_h6_k2_m15_d1,IMG_2081
fb_h6_k2_m15_d1,IMG_4123
fb_h6_k2_m15_d1,IMG_2095
fb_h6_k2_m15_d1,IMG_4106
fb_h6_k2_m15_d1,IMG_2104
fb_h6_k2_m15_d1,IMG_4165
fb_h6_k2_m15_d1,IMG_2100
fb_h6_k2_m15_d1,IMG_4065
fb_h6_k2_m15_d1,IMG_4154
fb_h6_k2_m15_d1,IMG_4090
fb_h6_k2_m15_d1,IMG_2078
fb_h6_k2_m15_d1,IMG_4162
fb_h6_k2_m15_d1,IMG_2089
fb_h6_k2_m15_d1,IMG_0220
fb_h6_k2_m15_d1,IMG_0069
fb_h6_k2_m15_d1,IMG_0070
fb_h6_k2_m15_d1,IMG_0148
fb_h6_k2_m15_d1,IMG_0257
fb_h6_k2_m15_d1,IMG_0104-HEIC
fb_h6_k2_m15_d1,IMG_0198
fb_h6_k2_m15_d1,IMG_0111-HEIC
fb_h6_k2_m15_d1,IMG_0159
fb_h6_k2_m15_d1,IMG_0078
fb_h6_k2_m15_d1,IMG_0182-HEIC
fb_h6_k2_m15_d1,IMG_0211
fb_h6_k2_m15_d1,IMG_0177
fb_h6_k2_m15_d1,IMG_0165
fb_h6_k2_m15_d1,IMG_0223
fb_h6_k2_m50_d1,IMG_4068
fb_h6_k2_m50_d1,IMG_4180
fb_h6_k2_m50_d1,IMG_2081
fb_h6_k2_m50_d1,IMG_4123
fb_h6_k2_m50_d1,IMG_2095
fb_h6_k2_m50_d1,IMG_4106
fb_h6_k2_m50_d1,IMG_2104
fb_h6_k2_m50_d1,IMG_4165
fb_h6_k2_m50_d1,IMG_2100
fb_h6_k2_m50_d1,IMG_4065
fb_h6_k2_m50_d1,IMG_4154
fb_h6_k2_m50_d1,IMG_4090
fb_h6_k2_m50_d1,IMG_2078
fb_h6_k2_m50_d1,IMG_4162
fb_h6_k2_m50_d1,IMG_2089
fb_h6_k2_m50_d1,IMG_4152
fb_h6_k2_m50_d1,IMG_4221
fb_h6_k2_m50_d1,IMG_2071
fb_h6_k2_m50_d1,IMG_4151
fb_h6_k2_m50_d1,IMG_4219
fb_h6_k2_m50_d1,IMG_4144
fb_h6_k2_m50_d1,IMG_4146
fb_h6_k2_m50_d1,IMG_4156
fb_h6_k2_m50_d1,IMG_4155
fb_h6_k2_m50_d1,IMG_4091
fb_h6_k2_m50_d1,IMG_2115
fb_h6_k2_m50_d1,IMG_4088
fb_h6_k2_m50_d1,IMG_2060
fb_h6_k2_m50_d1,IMG_2108
fb_h6_k2_m50_d1,IMG_2084
fb_h6_k2_m50_d1,IMG_2070
fb_h6_k2_m50_d1,IMG_4201
fb_h6_k2_m50_d1,IMG_2063
fb_h6_k2_m50_d1,IMG_2120
fb_h6_k2_m50_d1,IMG_2102
fb_h6_k2_m50_d1,IMG_4262
fb_h6_k2_m50_d1,IMG_4194
fb_h6_k2_m50_d1,IMG_2133
fb_h6_k2_m50_d1,IMG_2110
fb_h6_k2_m50_d1,IMG_4189
fb_h6_k2_m50_d1,IMG_2088
fb_h6_k2_m50_d1,IMG_4105
fb_h6_k2_m50_d1,IMG_4110
fb_h6_k2_m50_d1,IMG_4172
fb_h6_k2_m50_d1,IMG_4117
fb_h6_k2_m50_d1,IMG_2106
fb_h6_k2_m50_d1,IMG_4109
fb_h6_k2_m50_d1,IMG_4182
fb_h6_k2_m50_d1,IMG_2061
fb_h6_k2_m50_d1,IMG_4087
fb_h6_k2_m50_d1,IMG_0220
fb_h6_k2_m50_d1,IMG_0069
fb_h6_k2_m50_d1,IMG_0070
fb_h6_k2_m50_d1,IMG_0148
fb_h6_k2_m50_d1,IMG_0257
fb_h6_k2_m50_d1,IMG_0104-HEIC
fb_h6_k2_m50_d1,IMG_0198
fb_h6_k2_m50_d1,IMG_0111-HEIC
fb_h6_k2_m50_d1,IMG_0159
fb_h6_k2_m50_d1,IMG_0078
fb_h6_k2_m50_d1,IMG_0182-HEIC
fb_h6_k2_m50_d1,IMG_0211
fb_h6_k2_m50_d1,IMG_0177
fb_h6_k2_m50_d1,IMG_0165
fb_h6_k2_m50_d1,IMG_0223
fb_h6_k2_m50_d1,IMG_0178
fb_h6_k2_m50_d1,IMG_0184
fb_h6_k2_m50_d1,IMG_0090
fb_h6_k2_m50_d1,IMG_0263
fb_h6_k2_m50_d1,IMG_0267
fb_h6_k2_m50_d1,IMG_0095
fb_h6_k2_m50_d1,IMG_0084
fb_h6_k2_m50_d1,IMG_0136
fb_h6_k2_m50_d1,IMG_0284
fb_h6_k2_m50_d1,IMG_0235
fb_h6_k2_m50_d1,IMG_0179
fb_h6_k2_m50_d1,IMG_0185
fb_h6_k2_m50_d1,IMG_0072
fb_h6_k2_m50_d1,IMG_0109-HEIC
fb_h6_k2_m50_d1,IMG_0256
fb_h6_k2_m50_d1,IMG_0142
fb_h6_k2_m50_d1,IMG_0106-HEIC
fb_h6_k2_m50_d1,IMG_0153
fb_h6_k2_m50_d1,IMG_0116-HEIC
fb_h6_k2_m50_d1,IMG_0073
fb_h6_k2_m50_d1,IMG_0209
fb_h6_k2_m50_d1,IMG_0260
fb_h6_k2_m50_d1,IMG_0174
fb_h6_k2_m50_d1,IMG_0102
fb_h6_k2_m50_d1,IMG_0108-HEIC
fb_h6_k2_m50_d1,IMG_0238
fb_h6_k2_m50_d1,IMG_0192
fb_h6_k2_m50_d1,IMG_0077
fb_h6_k2_m50_d1,IMG_0126-HEIC
fb_h6_k2_m50_d1,IMG_0105-HEIC
fb_h6_k2_m50_d1,IMG_0187-HEIC
fb_h6_k2_m50_d1,IMG_0066
fb_h6_k2_m50_d1,IMG_0175
fb_h6_k2_m50_d1,IMG_0080
fb_h6_k2_m50_d1,IMG_0273
fb_h6_k2_mall_d1,IMG_4068
fb_h6_k2_mall_d1,IMG_4180
fb_h6_k2_mall_d1,IMG_2081
fb_h6_k2_mall_d1,IMG_4123
fb_h6_k2_mall_d1,IMG_2095
fb_h6_k2_mall_d1,IMG_4106
fb_h6_k2_mall_d1,IMG_2104
fb_h6_k2_mall_d1,IMG_4165
fb_h6_k2_mall_d1,IMG_2100
fb_h6_k2_mall_d1,IMG_4065
fb_h6_k2_mall_d1,IMG_4154
fb_h6_k2_mall_d1,IMG_4090
fb_h6_k2_mall_d1,IMG_2078
fb_h6_k2_mall_d1,IMG_4162
fb_h6_k2_mall_d1,IMG_2089
fb_h6_k2_mall_d1,IMG_4152
fb_h6_k2_mall_d1,IMG_4221
fb_h6_k2_mall_d1,IMG_2071
fb_h6_k2_mall_d1,IMG_4151
fb_h6_k2_mall_d1,IMG_4219
fb_h6_k2_mall_d1,IMG_4144
fb_h6_k2_mall_d1,IMG_4146
fb_h6_k2_mall_d1,IMG_4156
fb_h6_k2_mall_d1,IMG_4155
fb_h6_k2_mall_d1,IMG_4091
fb_h6_k2_mall_d1,IMG_2115
fb_h6_k2_mall_d1,IMG_4088
fb_h6_k2_mall_d1,IMG_2060
fb_h6_k2_mall_d1,IMG_2108
fb_h6_k2_mall_d1,IMG_2084
fb_h6_k2_mall_d1,IMG_2070
fb_h6_k2_mall_d1,IMG_4201
fb_h6_k2_mall_d1,IMG_2063
fb_h6_k2_mall_d1,IMG_2120
fb_h6_k2_mall_d1,IMG_2102
fb_h6_k2_mall_d1,IMG_4262
fb_h6_k2_mall_d1,IMG_4194
fb_h6_k2_mall_d1,IMG_2133
fb_h6_k2_mall_d1,IMG_2110
fb_h6_k2_mall_d1,IMG_4189
fb_h6_k2_mall_d1,IMG_2088
fb_h6_k2_mall_d1,IMG_4105
fb_h6_k2_mall_d1,IMG_4110
fb_h6_k2_mall_d1,IMG_4172
fb_h6_k2_mall_d1,IMG_4117
fb_h6_k2_mall_d1,IMG_2106
fb_h6_k2_mall_d1,IMG_4109
fb_h6_k2_mall_d1,IMG_4182
fb_h6_k2_mall_d1,IMG_2061
fb_h6_k2_mall_d1,IMG_4087
fb_h6_k2_mall_d1,IMG_2072
fb_h6_k2_mall_d1,IMG_2121
fb_h6_k2_mall_d1,IMG_4163
fb_h6_k2_mall_d1,IMG_4153
fb_h6_k2_mall_d1,IMG_4174
fb_h6_k2_mall_d1,IMG_2130
fb_h6_k2_mall_d1,IMG_4066
fb_h6_k2_mall_d1,IMG_2076
fb_h6_k2_mall_d1,IMG_4169
fb_h6_k2_mall_d1,IMG_2103
fb_h6_k2_mall_d1,IMG_4143
fb_h6_k2_mall_d1,IMG_4178
fb_h6_k2_mall_d1,IMG_2132
fb_h6_k2_mall_d1,IMG_4185
fb_h6_k2_mall_d1,IMG_2073
fb_h6_k2_mall_d1,IMG_2066
fb_h6_k2_mall_d1,IMG_4187
fb_h6_k2_mall_d1,IMG_4202
fb_h6_k2_mall_d1,IMG_4149
fb_h6_k2_mall_d1,IMG_4192
fb_h6_k2_mall_d1,IMG_4096
fb_h6_k2_mall_d1,IMG_2105
fb_h6_k2_mall_d1,IMG_2059
fb_h6_k2_mall_d1,IMG_4188
fb_h6_k2_mall_d1,IMG_4176
fb_h6_k2_mall_d1,IMG_2067
fb_h6_k2_mall_d1,IMG_4168
fb_h6_k2_mall_d1,IMG_4148
fb_h6_k2_mall_d1,IMG_2062
fb_h6_k2_mall_d1,IMG_4103
fb_h6_k2_mall_d1,IMG_4145
fb_h6_k2_mall_d1,IMG_2069
fb_h6_k2_mall_d1,IMG_4161
fb_h6_k2_mall_d1,IMG_4075
fb_h6_k2_mall_d1,IMG_4170
fb_h6_k2_mall_d1,IMG_4184
fb_h6_k2_mall_d1,IMG_4120
fb_h6_k2_mall_d1,IMG_4086
fb_h6_k2_mall_d1,IMG_2083
fb_h6_k2_mall_d1,IMG_4218
fb_h6_k2_mall_d1,IMG_4190
fb_h6_k2_mall_d1,IMG_2074
fb_h6_k2_mall_d1,IMG_2116
fb_h6_k2_mall_d1,IMG_2134
fb_h6_k2_mall_d1,IMG_4071
fb_h6_k2_mall_d1,IMG_4193
fb_h6_k2_mall_d1,IMG_4191
fb_h6_k2_mall_d1,IMG_4112
fb_h6_k2_mall_d1,IMG_4089
fb_h6_k2_mall_d1,IMG_4111
fb_h6_k2_mall_d1,IMG_2101
fb_h6_k2_mall_d1,IMG_2064
fb_h6_k2_mall_d1,IMG_2058
fb_h6_k2_mall_d1,IMG_2131
fb_h6_k2_mall_d1,IMG_4147
fb_h6_k2_mall_d1,IMG_4072
fb_h6_k2_mall_d1,IMG_4200
fb_h6_k2_mall_d1,IMG_4095
fb_h6_k2_mall_d1,IMG_4183
fb_h6_k2_mall_d1,IMG_2122
fb_h6_k2_mall_d1,IMG_4073
fb_h6_k2_mall_d1,IMG_2068
fb_h6_k2_mall_d1,IMG_4220
fb_h6_k2_mall_d1,IMG_2075
fb_h6_k2_mall_d1,IMG_2119
fb_h6_k2_mall_d1,IMG_4157
fb_h6_k2_mall_d1,IMG_2077
fb_h6_k2_mall_d1,IMG_4159
fb_h6_k2_mall_d1,IMG_2085
fb_h6_k2_mall_d1,IMG_4118
fb_h6_k2_mall_d1,IMG_4213
fb_h6_k2_mall_d1,IMG_4113
fb_h6_k2_mall_d1,IMG_2079
fb_h6_k2_mall_d1,IMG_4067
fb_h6_k2_mall_d1,IMG_4115
fb_h6_k2_mall_d1,IMG_2117
fb_h6_k2_mall_d1,IMG_4069
fb_h6_k2_mall_d1,IMG_4098
fb_h6_k2_mall_d1,IMG_4256
fb_h6_k2_mall_d1,IMG_2080
fb_h6_k2_mall_d1,IMG_2109
fb_h6_k2_mall_d1,IMG_4116
fb_h6_k2_mall_d1,IMG_4104
fb_h6_k2_mall_d1,IMG_4186
fb_h6_k2_mall_d1,IMG_4164
fb_h6_k2_mall_d1,IMG_2135
fb_h6_k2_mall_d1,IMG_4150
fb_h6_k2_mall_d1,IMG_4203
fb_h6_k2_mall_d1,IMG_4134
fb_h6_k2_mall_d1,IMG_4181
fb_h6_k2_mall_d1,IMG_4064
fb_h6_k2_mall_d1,IMG_4070
fb_h6_k2_mall_d1,IMG_2107
fb_h6_k2_mall_d1,IMG_4179
fb_h6_k2_mall_d1,IMG_2082
fb_h6_k2_mall_d1,IMG_4085
fb_h6_k2_mall_d1,IMG_4114
fb_h6_k2_mall_d1,IMG_0220
fb_h6_k2_mall_d1,IMG_0069
fb_h6_k2_mall_d1,IMG_0070
fb_h6_k2_mall_d1,IMG_0148
fb_h6_k2_mall_d1,IMG_0257
fb_h6_k2_mall_d1,IMG_0104-HEIC
fb_h6_k2_mall_d1,IMG_0198
fb_h6_k2_mall_d1,IMG_0111-HEIC
fb_h6_k2_mall_d1,IMG_0159
fb_h6_k2_mall_d1,IMG_0078
fb_h6_k2_mall_d1,IMG_0182-HEIC
fb_h6_k2_mall_d1,IMG_0211
fb_h6_k2_mall_d1,IMG_0177
fb_h6_k2_mall_d1,IMG_0165
fb_h6_k2_mall_d1,IMG_0223
fb_h6_k2_mall_d1,IMG_0178
fb_h6_k2_mall_d1,IMG_0184
fb_h6_k2_mall_d1,IMG_0090
fb_h6_k2_mall_d1,IMG_0263
fb_h6_k2_mall_d1,IMG_0267
fb_h6_k2_mall_d1,IMG_0095
fb_h6_k2_mall_d1,IMG_0084
fb_h6_k2_mall_d1,IMG_0136
fb_h6_k2_mall_d1,IMG_0284
fb_h6_k2_mall_d1,IMG_0235
fb_h6_k2_mall_d1,IMG_0179
fb_h6_k2_mall_d1,IMG_0185
fb_h6_k2_mall_d1,IMG_0072
fb_h6_k2_mall_d1,IMG_0109-HEIC
fb_h6_k2_mall_d1,IMG_0256
fb_h6_k2_mall_d1,IMG_0142
fb_h6_k2_mall_d1,IMG_0106-HEIC
fb_h6_k2_mall_d1,IMG_0153
fb_h6_k2_mall_d1,IMG_0116-HEIC
fb_h6_k2_mall_d1,IMG_0073
fb_h6_k2_mall_d1,IMG_0209
fb_h6_k2_mall_d1,IMG_0260
fb_h6_k2_mall_d1,IMG_0174
fb_h6_k2_mall_d1,IMG_0102
fb_h6_k2_mall_d1,IMG_0108-HEIC
fb_h6_k2_mall_d1,IMG_0238
fb_h6_k2_mall_d1,IMG_0192
fb_h6_k2_mall_d1,IMG_0077
fb_h6_k2_mall_d1,IMG_0126-HEIC
fb_h6_k2_mall_d1,IMG_0105-HEIC
fb_h6_k2_mall_d1,IMG_0187-HEIC
fb_h6_k2_mall_d1,IMG_0066
fb_h6_k2_mall_d1,IMG_0175
fb_h6_k2_mall_d1,IMG_0080
fb_h6_k2_mall_d1,IMG_0273
fb_h6_k2_mall_d1,IMG_0173
fb_h6_k2_mall_d1,IMG_0089
fb_h6_k2_mall_d1,IMG_0091
fb_h6_k2_mall_d1,IMG_0230
fb_h6_k2_mall_d1,IMG_0218
fb_h6_k2_mall_d1,IMG_0262
fb_h6_k2_mall_d1,IMG_0279
fb_h6_k2_mall_d1,IMG_0219
fb_h6_k2_mall_d1,IMG_0204
fb_h6_k2_mall_d1,IMG_0074
fb_h6_k2_mall_d1,IMG_0083-HEIC
fb_h6_k2_mall_d1,IMG_0210
fb_h6_k4_m15_d0,IMG_4191
fb_h6_k4_m15_d0,IMG_2073
fb_h6_k4_m15_d0,IMG_2059
fb_h6_k4_m15_d0,IMG_4188
fb_h6_k4_m15_d0,IMG_2060
fb_h6_k4_m15_d0,IMG_4219
fb_h6_k4_m15_d0,IMG_4186
fb_h6_k4_m15_d0,IMG_2072
fb_h6_k4_m15_d0,IMG_4168
fb_h6_k4_m15_d0,IMG_4157
fb_h6_k4_m15_d0,IMG_4156
fb_h6_k4_m15_d0,IMG_2095
fb_h6_k4_m15_d0,IMG_4159
fb_h6_k4_m15_d0,IMG_4104
fb_h6_k4_m15_d0,IMG_2078
fb_h6_k4_m15_d0,IMG_0230
fb_h6_k4_m15_d0,IMG_0267
fb_h6_k4_m15_d0,IMG_0238
fb_h6_k4_m15_d0,IMG_0178
fb_h6_k4_m15_d0,IMG_0210
fb_h6_k4_m15_d0,IMG_0223
fb_h6_k4_m15_d0,IMG_0136
fb_h6_k4_m15_d0,IMG_0235
fb_h6_k4_m15_d0,IMG_0066
fb_h6_k4_m15_d0,IMG_0077
fb_h6_k4_m15_d0,IMG_0177
fb_h6_k4_m15_d0,IMG_0072
fb_h6_k4_m15_d0,IMG_0284
fb_h6_k4_m15_d0,IMG_0204
fb_h6_k4_m15_d0,IMG_0148
fb_h6_k4_m15_d0,IMG_2239-HEIC
fb_h6_k4_m15_d0,IMG_2252-HEIC
fb_h6_k4_m15_d0,IMG_2332-HEIC
fb_h6_k4_m15_d0,IMG_2308-HEIC
fb_h6_k4_m15_d0,IMG_0754-HEIC
fb_h6_k4_m15_d0,IMG_2246-HEIC
fb_h6_k4_m15_d0,IMG_2347-HEIC
fb_h6_k4_m15_d0,IMG_2329-HEIC
fb_h6_k4_m15_d0,IMG_2380-HEIC
fb_h6_k4_m15_d0,IMG_2339-HEIC
fb_h6_k4_m15_d0,IMG_2343-HEIC
fb_h6_k4_m15_d0,IMG_2273-HEIC
fb_h6_k4_m15_d0,IMG_2241-HEIC
fb_h6_k4_m15_d0,IMG_2382-HEIC
fb_h6_k4_m15_d0,IMG_2310-HEIC
fb_h6_k4_m15_d0,IMG_2050
fb_h6_k4_m15_d0,IMG_2047
fb_h6_k4_m15_d0,IMG_3918
fb_h6_k4_m15_d0,IMG_1923
fb_h6_k4_m15_d0,IMG_4004
fb_h6_k4_m15_d0,IMG_3995
fb_h6_k4_m15_d0,IMG_4015
fb_h6_k4_m15_d0,IMG_4024
fb_h6_k4_m15_d0,IMG_2046
fb_h6_k4_m15_d0,IMG_1958
fb_h6_k4_m15_d0,IMG_1970
fb_h6_k4_m15_d0,IMG_4034
fb_h6_k4_m15_d0,IMG_1996
fb_h6_k4_m15_d0,IMG_3962
fb_h6_k4_m15_d0,IMG_1997
fb_h6_k4_m50_d0,IMG_4191
fb_h6_k4_m50_d0,IMG_2073
fb_h6_k4_m50_d0,IMG_2059
fb_h6_k4_m50_d0,IMG_4188
fb_h6_k4_m50_d0,IMG_2060
fb_h6_k4_m50_d0,IMG_4219
fb_h6_k4_m50_d0,IMG_4186
fb_h6_k4_m50_d0,IMG_2072
fb_h6_k4_m50_d0,IMG_4168
fb_h6_k4_m50_d0,IMG_4157
fb_h6_k4_m50_d0,IMG_4156
fb_h6_k4_m50_d0,IMG_2095
fb_h6_k4_m50_d0,IMG_4159
fb_h6_k4_m50_d0,IMG_4104
fb_h6_k4_m50_d0,IMG_2078
fb_h6_k4_m50_d0,IMG_2067
fb_h6_k4_m50_d0,IMG_2064
fb_h6_k4_m50_d0,IMG_4220
fb_h6_k4_m50_d0,IMG_2103
fb_h6_k4_m50_d0,IMG_4184
fb_h6_k4_m50_d0,IMG_4143
fb_h6_k4_m50_d0,IMG_4152
fb_h6_k4_m50_d0,IMG_2121
fb_h6_k4_m50_d0,IMG_2134
fb_h6_k4_m50_d0,IMG_2066
fb_h6_k4_m50_d0,IMG_2070
fb_h6_k4_m50_d0,IMG_4071
fb_h6_k4_m50_d0,IMG_4117
fb_h6_k4_m50_d0,IMG_2088
fb_h6_k4_m50_d0,IMG_2089
fb_h6_k4_m50_d0,IMG_2081
fb_h6_k4_m50_d0,IMG_2120
fb_h6_k4_m50_d0,IMG_4181
fb_h6_k4_m50_d0,IMG_4134
fb_h6_k4_m50_d0,IMG_2080
fb_h6_k4_m50_d0,IMG_4112
fb_h6_k4_m50_d0,IMG_4182
fb_h6_k4_m50_d0,IMG_4118
fb_h6_k4_m50_d0,IMG_2104
fb_h6_k4_m50_d0,IMG_2110
fb_h6_k4_m50_d0,IMG_4201
fb_h6_k4_m50_d0,IMG_4170
fb_h6_k4_m50_d0,IMG_2075
fb_h6_k4_m50_d0,IMG_4190
fb_h6_k4_m50_d0,IMG_4172
fb_h6_k4_m50_d0,IMG_4150
fb_h6_k4_m50_d0,IMG_4068
fb_h6_k4_m50_d0,IMG_4185
fb_h6_k4_m50_d0,IMG_4202
fb_h6_k4_m50_d0,IMG_2135
fb_h6_k4_m50_d0,IMG_0230
fb_h6_k4_m50_d0,IMG_0267
fb_h6_k4_m50_d0,IMG_0238
fb_h6_k4_m50_d0,IMG_0178
fb_h6_k4_m50_d0,IMG_0210
fb_h6_k4_m50_d0,IMG_0223
fb_h6_k4_m50_d0,IMG_0136
fb_h6_k4_m50_d0,IMG_0235
fb_h6_k4_m50_d0,IMG_0066
fb_h6_k4_m50_d0,IMG_0077
fb_h6_k4_m50_d0,IMG_0177
fb_h6_k4_m50_d0,IMG_0072
fb_h6_k4_m50_d0,IMG_0284
fb_h6_k4_m50_d0,IMG_0204
fb_h6_k4_m50_d0,IMG_0148
fb_h6_k4_m50_d0,IMG_0102
fb_h6_k4_m50_d0,IMG_0083-HEIC
fb_h6_k4_m50_d0,IMG_0153
fb_h6_k4_m50_d0,IMG_0106-HEIC
fb_h6_k4_m50_d0,IMG_0273
fb_h6_k4_m50_d0,IMG_0105-HEIC
fb_h6_k4_m50_d0,IMG_0104-HEIC
fb_h6_k4_m50_d0,IMG_0108-HEIC
fb_h6_k4_m50_d0,IMG_0074
fb_h6_k4_m50_d0,IMG_0159
fb_h6_k4_m50_d0,IMG_0184
fb_h6_k4_m50_d0,IMG_0165
fb_h6_k4_m50_d0,IMG_0116-HEIC
fb_h6_k4_m50_d0,IMG_0192
fb_h6_k4_m50_d0,IMG_0220
fb_h6_k4_m50_d0,IMG_0089
fb_h6_k4_m50_d0,IMG_0078
fb_h6_k4_m50_d0,IMG_0179
fb_h6_k4_m50_d0,IMG_0256
fb_h6_k4_m50_d0,IMG_0211
fb_h6_k4_m50_d0,IMG_0185
fb_h6_k4_m50_d0,IMG_0198
fb_h6_k4_m50_d0,IMG_0279
fb_h6_k4_m50_d0,IMG_0260
fb_h6_k4_m50_d0,IMG_0219
fb_h6_k4_m50_d0,IMG_0182-HEIC
fb_h6_k4_m50_d0,IMG_0073
fb_h6_k4_m50_d0,IMG_0109-HEIC
fb_h6_k4_m50_d0,IMG_0218
fb_h6_k4_m50_d0,IMG_0142
fb_h6_k4_m50_d0,IMG_0209
fb_h6_k4_m50_d0,IMG_0069
fb_h6_k4_m50_d0,IMG_0126-HEIC
fb_h6_k4_m50_d0,IMG_0091
fb_h6_k4_m50_d0,IMG_0263
fb_h6_k4_m50_d0,IMG_2239-HEIC
fb_h6_k4_m50_d0,IMG_2252-HEIC
fb_h6_k4_m50_d0,IMG_2332-HEIC
fb_h6_k4_m50_d0,IMG_2308-HEIC
fb_h6_k4_m50_d0,IMG_0754-HEIC
fb_h6_k4_m50_d0,IMG_2246-HEIC
fb_h6_k4_m50_d0,IMG_2347-HEIC
fb_h6_k4_m50_d0,IMG_2329-HEIC
fb_h6_k4_m50_d0,IMG_2380-HEIC
fb_h6_k4_m50_d0,IMG_2339-HEIC
fb_h6_k4_m50_d0,IMG_2343-HEIC
fb_h6_k4_m50_d0,IMG_2273-HEIC
fb_h6_k4_m50_d0,IMG_2241-HEIC
fb_h6_k4_m50_d0,IMG_2382-HEIC
fb_h6_k4_m50_d0,IMG_2310-HEIC
fb_h6_k4_m50_d0,IMG_2304-HEIC
fb_h6_k4_m50_d0,IMG_0758-HEIC
fb_h6_k4_m50_d0,IMG_2330-HEIC
fb_h6_k4_m50_d0,IMG_2248-HEIC
fb_h6_k4_m50_d0,IMG_0771-HEIC
fb_h6_k4_m50_d0,IMG_0751-HEIC
fb_h6_k4_m50_d0,IMG_2342-HEIC
fb_h6_k4_m50_d0,IMG_0773-HEIC
fb_h6_k4_m50_d0,IMG_0765-HEIC
fb_h6_k4_m50_d0,IMG_0770-HEIC
fb_h6_k4_m50_d0,IMG_2334-HEIC
fb_h6_k4_m50_d0,IMG_2338-HEIC
fb_h6_k4_m50_d0,IMG_2247-HEIC
fb_h6_k4_m50_d0,IMG_0743-HEIC
fb_h6_k4_m50_d0,IMG_2249-HEIC
fb_h6_k4_m50_d0,IMG_0757-HEIC
fb_h6_k4_m50_d0,IMG_2335-HEIC
fb_h6_k4_m50_d0,IMG_2307-HEIC
fb_h6_k4_m50_d0,IMG_0756-HEIC
fb_h6_k4_m50_d0,IMG_2311-HEIC
fb_h6_k4_m50_d0,IMG_2243-HEIC
fb_h6_k4_m50_d0,IMG_0740-HEIC
fb_h6_k4_m50_d0,IMG_2381-HEIC
fb_h6_k4_m50_d0,IMG_2270-HEIC
fb_h6_k4_m50_d0,IMG_0760-HEIC
fb_h6_k4_m50_d0,IMG_2255-HEIC
fb_h6_k4_m50_d0,IMG_2258-HEIC
fb_h6_k4_m50_d0,IMG_2285-HEIC
fb_h6_k4_m50_d0,IMG_2345-HEIC
fb_h6_k4_m50_d0,IMG_2336-HEIC
fb_h6_k4_m50_d0,IMG_2253-HEIC
fb_h6_k4_m50_d0,IMG_0769-HEIC
fb_h6_k4_m50_d0,IMG_2391-HEIC
fb_h6_k4_m50_d0,IMG_2251-HEIC
fb_h6_k4_m50_d0,IMG_0763-HEIC
fb_h6_k4_m50_d0,IMG_2050
fb_h6_k4_m50_d0,IMG_2047
fb_h6_k4_m50_d0,IMG_3918
fb_h6_k4_m50_d0,IMG_1923
fb_h6_k4_m50_d0,IMG_4004
fb_h6_k4_m50_d0,IMG_3995
fb_h6_k4_m50_d0,IMG_4015
fb_h6_k4_m50_d0,IMG_4024
fb_h6_k4_m50_d0,IMG_2046
fb_h6_k4_m50_d0,IMG_1958
fb_h6_k4_m50_d0,IMG_1970
fb_h6_k4_m50_d0,IMG_4034
fb_h6_k4_m50_d0,IMG_1996
fb_h6_k4_m50_d0,IMG_3962
fb_h6_k4_m50_d0,IMG_1997
fb_h6_k4_m50_d0,IMG_1908
fb_h6_k4_m50_d0,IMG_1966
fb_h6_k4_m50_d0,IMG_3992
fb_h6_k4_m50_d0,IMG_3924
fb_h6_k4_m50_d0,IMG_3993
fb_h6_k4_m50_d0,IMG_2011
fb_h6_k4_m50_d0,IMG_1968
fb_h6_k4_m50_d0,IMG_2026
fb_h6_k4_m50_d0,IMG_1956
fb_h6_k4_m50_d0,IMG_3981
fb_h6_k4_m50_d0,IMG_4001
fb_h6_k4_m50_d0,IMG_4053
fb_h6_k4_m50_d0,IMG_2048
fb_h6_k4_m50_d0,IMG_3961
fb_h6_k4_m50_d0,IMG_2053
fb_h6_k4_m50_d0,IMG_1971
fb_h6_k4_m50_d0,IMG_2056
fb_h6_k4_m50_d0,IMG_3929
fb_h6_k4_m50_d0,IMG_2052
fb_h6_k4_m50_d0,IMG_1959
fb_h6_k4_m50_d0,IMG_4005
fb_h6_k4_m50_d0,IMG_4020
fb_h6_k4_m50_d0,IMG_2023
fb_h6_k4_m50_d0,IMG_4058
fb_h6_k4_m50_d0,IMG_1965
fb_h6_k4_m50_d0,IMG_3965
fb_h6_k4_m50_d0,IMG_4029
fb_h6_k4_m50_d0,IMG_4011
fb_h6_k4_m50_d0,IMG_1914
fb_h6_k4_m50_d0,IMG_2045
fb_h6_k4_m50_d0,IMG_4025
fb_h6_k4_m50_d0,IMG_3919
fb_h6_k4_m50_d0,IMG_2031
fb_h6_k4_m50_d0,IMG_2010
fb_h6_k4_m50_d0,IMG_1915
fb_h6_k4_mall_d0,IMG_4191
fb_h6_k4_mall_d0,IMG_2073
fb_h6_k4_mall_d0,IMG_2059
fb_h6_k4_mall_d0,IMG_4188
fb_h6_k4_mall_d0,IMG_2060
fb_h6_k4_mall_d0,IMG_4219
fb_h6_k4_mall_d0,IMG_4186
fb_h6_k4_mall_d0,IMG_2072
fb_h6_k4_mall_d0,IMG_4168
fb_h6_k4_mall_d0,IMG_4157
fb_h6_k4_mall_d0,IMG_4156
fb_h6_k4_mall_d0,IMG_2095
fb_h6_k4_mall_d0,IMG_4159
fb_h6_k4_mall_d0,IMG_4104
fb_h6_k4_mall_d0,IMG_2078
fb_h6_k4_mall_d0,IMG_2067
fb_h6_k4_mall_d0,IMG_2064
fb_h6_k4_mall_d0,IMG_4220
fb_h6_k4_mall_d0,IMG_2103
fb_h6_k4_mall_d0,IMG_4184
fb_h6_k4_mall_d0,IMG_4143
fb_h6_k4_mall_d0,IMG_4152
fb_h6_k4_mall_d0,IMG_2121
fb_h6_k4_mall_d0,IMG_2134
fb_h6_k4_mall_d0,IMG_2066
fb_h6_k4_mall_d0,IMG_2070
fb_h6_k4_mall_d0,IMG_4071
fb_h6_k4_mall_d0,IMG_4117
fb_h6_k4_mall_d0,IMG_2088
fb_h6_k4_mall_d0,IMG_2089
fb_h6_k4_mall_d0,IMG_2081
fb_h6_k4_mall_d0,IMG_2120
fb_h6_k4_mall_d0,IMG_4181
fb_h6_k4_mall_d0,IMG_4134
fb_h6_k4_mall_d0,IMG_2080
fb_h6_k4_mall_d0,IMG_4112
fb_h6_k4_mall_d0,IMG_4182
fb_h6_k4_mall_d0,IMG_4118
fb_h6_k4_mall_d0,IMG_2104
fb_h6_k4_mall_d0,IMG_2110
fb_h6_k4_mall_d0,IMG_4201
fb_h6_k4_mall_d0,IMG_4170
fb_h6_k4_mall_d0,IMG_2075
fb_h6_k4_mall_d0,IMG_4190
fb_h6_k4_mall_d0,IMG_4172
fb_h6_k4_mall_d0,IMG_4150
fb_h6_k4_mall_d0,IMG_4068
fb_h6_k4_mall_d0,IMG_4185
fb_h6_k4_mall_d0,IMG_4202
fb_h6_k4_mall_d0,IMG_2135
fb_h6_k4_mall_d0,IMG_4087
fb_h6_k4_mall_d0,IMG_4120
fb_h6_k4_mall_d0,IMG_4116
fb_h6_k4_mall_d0,IMG_2119
fb_h6_k4_mall_d0,IMG_4098
fb_h6_k4_mall_d0,IMG_2071
fb_h6_k4_mall_d0,IMG_2061
fb_h6_k4_mall_d0,IMG_2079
fb_h6_k4_mall_d0,IMG_4161
fb_h6_k4_mall_d0,IMG_4095
fb_h6_k4_mall_d0,IMG_2115
fb_h6_k4_mall_d0,IMG_4193
fb_h6_k4_mall_d0,IMG_4103
fb_h6_k4_mall_d0,IMG_2106
fb_h6_k4_mall_d0,IMG_4203
fb_h6_k4_mall_d0,IMG_4174
fb_h6_k4_mall_d0,IMG_4089
fb_h6_k4_mall_d0,IMG_4123
fb_h6_k4_mall_d0,IMG_2077
fb_h6_k4_mall_d0,IMG_4200
fb_h6_k4_mall_d0,IMG_4169
fb_h6_k4_mall_d0,IMG_2109
fb_h6_k4_mall_d0,IMG_2131
fb_h6_k4_mall_d0,IMG_4153
fb_h6_k4_mall_d0,IMG_4165
fb_h6_k4_mall_d0,IMG_4065
fb_h6_k4_mall_d0,IMG_4151
fb_h6_k4_mall_d0,IMG_4109
fb_h6_k4_mall_d0,IMG_4067
fb_h6_k4_mall_d0,IMG_4111
fb_h6_k4_mall_d0,IMG_4147
fb_h6_k4_mall_d0,IMG_4144
fb_h6_k4_mall_d0,IMG_4146
fb_h6_k4_mall_d0,IMG_4070
fb_h6_k4_mall_d0,IMG_2105
fb_h6_k4_mall_d0,IMG_4154
fb_h6_k4_mall_d0,IMG_4113
fb_h6_k4_mall_d0,IMG_4183
fb_h6_k4_mall_d0,IMG_4256
fb_h6_k4_mall_d0,IMG_4110
fb_h6_k4_mall_d0,IMG_4194
fb_h6_k4_mall_d0,IMG_4085
fb_h6_k4_mall_d0,IMG_2068
fb_h6_k4_mall_d0,IMG_4088
fb_h6_k4_mall_d0,IMG_4180
fb_h6_k4_mall_d0,IMG_4096
fb_h6_k4_mall_d0,IMG_2082
fb_h6_k4_mall_d0,IMG_4086
fb_h6_k4_mall_d0,IMG_4176
fb_h6_k4_mall_d0,IMG_4069
fb_h6_k4_mall_d0,IMG_4178
fb_h6_k4_mall_d0,IMG_2101
fb_h6_k4_mall_d0,IMG_2062
fb_h6_k4_mall_d0,IMG_2132
fb_h6_k4_mall_d0,IMG_4192
fb_h6_k4_mall_d0,IMG_2069
fb_h6_k4_mall_d0,IMG_2122
fb_h6_k4_mall_d0,IMG_4106
fb_h6_k4_mall_d0,IMG_4149
fb_h6_k4_mall_d0,IMG_4073
fb_h6_k4_mall_d0,IMG_4189
fb_h6_k4_mall_d0,IMG_2108
fb_h6_k4_mall_d0,IMG_2085
fb_h6_k4_mall_d0,IMG_4090
fb_h6_k4_mall_d0,IMG_2117
fb_h6_k4_mall_d0,IMG_4145
fb_h6_k4_mall_d0,IMG_2116
fb_h6_k4_mall_d0,IMG_2074
fb_h6_k4_mall_d0,IMG_4262
fb_h6_k4_mall_d0,IMG_4163
fb_h6_k4_mall_d0,IMG_2083
fb_h6_k4_mall_d0,IMG_2130
fb_h6_k4_mall_d0,IMG_2058
fb_h6_k4_mall_d0,IMG_2076
fb_h6_k4_mall_d0,IMG_2084
fb_h6_k4_mall_d0,IMG_4162
fb_h6_k4_mall_d0,IMG_2102
fb_h6_k4_mall_d0,IMG_4148
fb_h6_k4_mall_d0,IMG_4105
fb_h6_k4_mall_d0,IMG_4155
fb_h6_k4_mall_d0,IMG_4091
fb_h6_k4_mall_d0,IMG_4066
fb_h6_k4_mall_d0,IMG_4072
fb_h6_k4_mall_d0,IMG_2100
fb_h6_k4_mall_d0,IMG_2107
fb_h6_k4_mall_d0,IMG_4218
fb_h6_k4_mall_d0,IMG_2133
fb_h6_k4_mall_d0,IMG_4213
fb_h6_k4_mall_d0,IMG_4221
fb_h6_k4_mall_d0,IMG_4164
fb_h6_k4_mall_d0,IMG_4064
fb_h6_k4_mall_d0,IMG_4179
fb_h6_k4_mall_d0,IMG_4187
fb_h6_k4_mall_d0,IMG_4115
fb_h6_k4_mall_d0,IMG_4075
fb_h6_k4_mall_d0,IMG_2063
fb_h6_k4_mall_d0,IMG_4114
fb_h6_k4_mall_d0,IMG_0230
fb_h6_k4_mall_d0,IMG_0267
fb_h6_k4_mall_d0,IMG_0238
fb_h6_k4_mall_d0,IMG_0178
fb_h6_k4_mall_d0,IMG_0210
fb_h6_k4_mall_d0,IMG_0223
fb_h6_k4_mall_d0,IMG_0136
fb_h6_k4_mall_d0,IMG_0235
fb_h6_k4_mall_d0,IMG_0066
fb_h6_k4_mall_d0,IMG_0077
fb_h6_k4_mall_d0,IMG_0177
fb_h6_k4_mall_d0,IMG_0072
fb_h6_k4_mall_d0,IMG_0284
fb_h6_k4_mall_d0,IMG_0204
fb_h6_k4_mall_d0,IMG_0148
fb_h6_k4_mall_d0,IMG_0102
fb_h6_k4_mall_d0,IMG_0083-HEIC
fb_h6_k4_mall_d0,IMG_0153
fb_h6_k4_mall_d0,IMG_0106-HEIC
fb_h6_k4_mall_d0,IMG_0273
fb_h6_k4_mall_d0,IMG_0105-HEIC
fb_h6_k4_mall_d0,IMG_0104-HEIC
fb_h6_k4_mall_d0,IMG_0108-HEIC
fb_h6_k4_mall_d0,IMG_0074
fb_h6_k4_mall_d0,IMG_0159
fb_h6_k4_mall_d0,IMG_0184
fb_h6_k4_mall_d0,IMG_0165
fb_h6_k4_mall_d0,IMG_0116-HEIC
fb_h6_k4_mall_d0,IMG_0192
fb_h6_k4_mall_d0,IMG_0220
fb_h6_k4_mall_d0,IMG_0089
fb_h6_k4_mall_d0,IMG_0078
fb_h6_k4_mall_d0,IMG_0179
fb_h6_k4_mall_d0,IMG_0256
fb_h6_k4_mall_d0,IMG_0211
fb_h6_k4_mall_d0,IMG_0185
fb_h6_k4_mall_d0,IMG_0198
fb_h6_k4_mall_d0,IMG_0279
fb_h6_k4_mall_d0,IMG_0260
fb_h6_k4_mall_d0,IMG_0219
fb_h6_k4_mall_d0,IMG_0182-HEIC
fb_h6_k4_mall_d0,IMG_0073
fb_h6_k4_mall_d0,IMG_0109-HEIC
fb_h6_k4_mall_d0,IMG_0218
fb_h6_k4_mall_d0,IMG_0142
fb_h6_k4_mall_d0,IMG_0209
fb_h6_k4_mall_d0,IMG_0069
fb_h6_k4_mall_d0,IMG_0126-HEIC
fb_h6_k4_mall_d0,IMG_0091
fb_h6_k4_mall_d0,IMG_0263
fb_h6_k4_mall_d0,IMG_0080
fb_h6_k4_mall_d0,IMG_0257
fb_h6_k4_mall_d0,IMG_0111-HEIC
fb_h6_k4_mall_d0,IMG_0187-HEIC
fb_h6_k4_mall_d0,IMG_0070
fb_h6_k4_mall_d0,IMG_0262
fb_h6_k4_mall_d0,IMG_0090
fb_h6_k4_mall_d0,IMG_0174
fb_h6_k4_mall_d0,IMG_0095
fb_h6_k4_mall_d0,IMG_0175
fb_h6_k4_mall_d0,IMG_0173
fb_h6_k4_mall_d0,IMG_0084
fb_h6_k4_mall_d0,IMG_2239-HEIC
fb_h6_k4_mall_d0,IMG_2252-HEIC
fb_h6_k4_mall_d0,IMG_2332-HEIC
fb_h6_k4_mall_d0,IMG_2308-HEIC
fb_h6_k4_mall_d0,IMG_0754-HEIC
fb_h6_k4_mall_d0,IMG_2246-HEIC
fb_h6_k4_mall_d0,IMG_2347-HEIC
fb_h6_k4_mall_d0,IMG_2329-HEIC
fb_h6_k4_mall_d0,IMG_2380-HEIC
fb_h6_k4_mall_d0,IMG_2339-HEIC
fb_h6_k4_mall_d0,IMG_2343-HEIC
fb_h6_k4_mall_d0,IMG_2273-HEIC
fb_h6_k4_mall_d0,IMG_2241-HEIC
fb_h6_k4_mall_d0,IMG_2382-HEIC
fb_h6_k4_mall_d0,IMG_2310-HEIC
fb_h6_k4_mall_d0,IMG_2304-HEIC
fb_h6_k4_mall_d0,IMG_0758-HEIC
fb_h6_k4_mall_d0,IMG_2330-HEIC
fb_h6_k4_mall_d0,IMG_2248-HEIC
fb_h6_k4_mall_d0,IMG_0771-HEIC
fb_h6_k4_mall_d0,IMG_0751-HEIC
fb_h6_k4_mall_d0,IMG_2342-HEIC
fb_h6_k4_mall_d0,IMG_0773-HEIC
fb_h6_k4_mall_d0,IMG_0765-HEIC
fb_h6_k4_mall_d0,IMG_0770-HEIC
fb_h6_k4_mall_d0,IMG_2334-HEIC
fb_h6_k4_mall_d0,IMG_2338-HEIC
fb_h6_k4_mall_d0,IMG_2247-HEIC
fb_h6_k4_mall_d0,IMG_0743-HEIC
fb_h6_k4_mall_d0,IMG_2249-HEIC
fb_h6_k4_mall_d0,IMG_0757-HEIC
fb_h6_k4_mall_d0,IMG_2335-HEIC
fb_h6_k4_mall_d0,IMG_2307-HEIC
fb_h6_k4_mall_d0,IMG_0756-HEIC
fb_h6_k4_mall_d0,IMG_2311-HEIC
fb_h6_k4_mall_d0,IMG_2243-HEIC
fb_h6_k4_mall_d0,IMG_0740-HEIC
fb_h6_k4_mall_d0,IMG_2381-HEIC
fb_h6_k4_mall_d0,IMG_2270-HEIC
fb_h6_k4_mall_d0,IMG_0760-HEIC
fb_h6_k4_mall_d0,IMG_2255-HEIC
fb_h6_k4_mall_d0,IMG_2258-HEIC
fb_h6_k4_mall_d0,IMG_2285-HEIC
fb_h6_k4_mall_d0,IMG_2345-HEIC
fb_h6_k4_mall_d0,IMG_2336-HEIC
fb_h6_k4_mall_d0,IMG_2253-HEIC
fb_h6_k4_mall_d0,IMG_0769-HEIC
fb_h6_k4_mall_d0,IMG_2391-HEIC
fb_h6_k4_mall_d0,IMG_2251-HEIC
fb_h6_k4_mall_d0,IMG_0763-HEIC
fb_h6_k4_mall_d0,IMG_0742-HEIC
fb_h6_k4_mall_d0,IMG_2257-HEIC
fb_h6_k4_mall_d0,IMG_0737-HEIC
fb_h6_k4_mall_d0,IMG_2302-HEIC
fb_h6_k4_mall_d0,IMG_2349-HEIC
fb_h6_k4_mall_d0,IMG_0755-HEIC
fb_h6_k4_mall_d0,IMG_2352-HEIC
fb_h6_k4_mall_d0,IMG_0764-HEIC
fb_h6_k4_mall_d0,IMG_2385-HEIC
fb_h6_k4_mall_d0,IMG_2341-HEIC
fb_h6_k4_mall_d0,IMG_2390-HEIC
fb_h6_k4_mall_d0,IMG_0761-HEIC
fb_h6_k4_mall_d0,IMG_0772-HEIC
fb_h6_k4_mall_d0,IMG_2288-HEIC
fb_h6_k4_mall_d0,IMG_0766-HEIC
fb_h6_k4_mall_d0,IMG_2293-HEIC
fb_h6_k4_mall_d0,IMG_2295-HEIC
fb_h6_k4_mall_d0,IMG_0741-HEIC
fb_h6_k4_mall_d0,IMG_2291-HEIC
fb_h6_k4_mall_d0,IMG_2254-HEIC
fb_h6_k4_mall_d0,IMG_2244-HEIC
fb_h6_k4_mall_d0,IMG_0768-HEIC
fb_h6_k4_mall_d0,IMG_2245-HEIC
fb_h6_k4_mall_d0,IMG_2384-HEIC
fb_h6_k4_mall_d0,IMG_2305-HEIC
fb_h6_k4_mall_d0,IMG_0767-HEIC
fb_h6_k4_mall_d0,IMG_0759-HEIC
fb_h6_k4_mall_d0,IMG_2259-HEIC
fb_h6_k4_mall_d0,IMG_2287-HEIC
fb_h6_k4_mall_d0,IMG_2337-HEIC
fb_h6_k4_mall_d0,IMG_2386-HEIC
fb_h6_k4_mall_d0,IMG_2294-HEIC
fb_h6_k4_mall_d0,IMG_2340-HEIC
fb_h6_k4_mall_d0,IMG_2306-HEIC
fb_h6_k4_mall_d0,IMG_2256-HEIC
fb_h6_k4_mall_d0,IMG_2242-HEIC
fb_h6_k4_mall_d0,IMG_2333-HEIC
fb_h6_k4_mall_d0,IMG_2383-HEIC
fb_h6_k4_mall_d0,IMG_2346-HEIC
fb_h6_k4_mall_d0,IMG_2351-HEIC
fb_h6_k4_mall_d0,IMG_2290-HEIC
fb_h6_k4_mall_d0,IMG_2274-HEIC
fb_h6_k4_mall_d0,IMG_2303-HEIC
fb_h6_k4_mall_d0,IMG_2240-HEIC
fb_h6_k4_mall_d0,IMG_2331-HEIC
fb_h6_k4_mall_d0,IMG_2289-HEIC
fb_h6_k4_mall_d0,IMG_0752-HEIC
fb_h6_k4_mall_d0,IMG_2296-HEIC
fb_h6_k4_mall_d0,IMG_2309-HEIC
fb_h6_k4_mall_d0,IMG_2389-HEIC
fb_h6_k4_mall_d0,IMG_2286-HEIC
fb_h6_k4_mall_d0,IMG_2050
fb_h6_k4_mall_d0,IMG_2047
fb_h6_k4_mall_d0,IMG_3918
fb_h6_k4_mall_d0,IMG_1923
fb_h6_k4_mall_d0,IMG_4004
fb_h6_k4_mall_d0,IMG_3995
fb_h6_k4_mall_d0,IMG_4015
fb_h6_k4_mall_d0,IMG_4024
fb_h6_k4_mall_d0,IMG_2046
fb_h6_k4_mall_d0,IMG_1958
fb_h6_k4_mall_d0,IMG_1970
fb_h6_k4_mall_d0,IMG_4034
fb_h6_k4_mall_d0,IMG_1996
fb_h6_k4_mall_d0,IMG_3962
fb_h6_k4_mall_d0,IMG_1997
fb_h6_k4_mall_d0,IMG_1908
fb_h6_k4_mall_d0,IMG_1966
fb_h6_k4_mall_d0,IMG_3992
fb_h6_k4_mall_d0,IMG_3924
fb_h6_k4_mall_d0,IMG_3993
fb_h6_k4_mall_d0,IMG_2011
fb_h6_k4_mall_d0,IMG_1968
fb_h6_k4_mall_d0,IMG_2026
fb_h6_k4_mall_d0,IMG_1956
fb_h6_k4_mall_d0,IMG_3981
fb_h6_k4_mall_d0,IMG_4001
fb_h6_k4_mall_d0,IMG_4053
fb_h6_k4_mall_d0,IMG_2048
fb_h6_k4_mall_d0,IMG_3961
fb_h6_k4_mall_d0,IMG_2053
fb_h6_k4_mall_d0,IMG_1971
fb_h6_k4_mall_d0,IMG_2056
fb_h6_k4_mall_d0,IMG_3929
fb_h6_k4_mall_d0,IMG_2052
fb_h6_k4_mall_d0,IMG_1959
fb_h6_k4_mall_d0,IMG_4005
fb_h6_k4_mall_d0,IMG_4020
fb_h6_k4_mall_d0,IMG_2023
fb_h6_k4_mall_d0,IMG_4058
fb_h6_k4_mall_d0,IMG_1965
fb_h6_k4_mall_d0,IMG_3965
fb_h6_k4_mall_d0,IMG_4029
fb_h6_k4_mall_d0,IMG_4011
fb_h6_k4_mall_d0,IMG_1914
fb_h6_k4_mall_d0,IMG_2045
fb_h6_k4_mall_d0,IMG_4025
fb_h6_k4_mall_d0,IMG_3919
fb_h6_k4_mall_d0,IMG_2031
fb_h6_k4_mall_d0,IMG_2010
fb_h6_k4_mall_d0,IMG_1915
fb_h6_k4_mall_d0,IMG_2002
fb_h6_k4_mall_d0,IMG_1961
fb_h6_k4_mall_d0,IMG_3994
fb_h6_k4_mall_d0,IMG_2015
fb_h6_k4_mall_d0,IMG_1993
fb_h6_k4_mall_d0,IMG_2009
fb_h6_k4_mall_d0,IMG_1917
fb_h6_k4_mall_d0,IMG_4026
fb_h6_k4_mall_d0,IMG_1957
fb_h6_k4_mall_d0,IMG_1925
fb_h6_k4_mall_d0,IMG_4003
fb_h6_k4_mall_d0,IMG_1918
fb_h6_k4_mall_d0,IMG_1912
fb_h6_k4_mall_d0,IMG_3921
fb_h6_k4_mall_d0,IMG_2043
fb_h6_k4_mall_d0,IMG_1922
fb_h6_k4_mall_d0,IMG_3977
fb_h6_k4_mall_d0,IMG_2030
fb_h6_k4_mall_d0,IMG_4031
fb_h6_k4_mall_d0,IMG_2049
fb_h6_k4_mall_d0,IMG_4013
fb_h6_k4_mall_d0,IMG_3930
fb_h6_k4_mall_d0,IMG_2013
fb_h6_k4_mall_d0,IMG_2051
fb_h6_k4_mall_d0,IMG_2057
fb_h6_k4_mall_d0,IMG_3963
fb_h6_k4_mall_d0,IMG_1964
fb_h6_k4_mall_d0,IMG_3931
fb_h6_k4_mall_d0,IMG_3923
fb_h6_k4_mall_d0,IMG_1962
fb_h6_k4_mall_d0,IMG_3926
fb_h6_k4_mall_d0,IMG_4019
fb_h6_k4_mall_d0,IMG_3998
fb_h6_k4_mall_d0,IMG_2025
fb_h6_k4_mall_d0,IMG_4041
fb_h6_k4_mall_d0,IMG_3925
fb_h6_k4_mall_d0,IMG_2039
fb_h6_k4_mall_d0,IMG_3999
fb_h6_k4_mall_d0,IMG_1928
fb_h6_k4_mall_d0,IMG_4047
fb_h6_k4_mall_d0,IMG_3986
fb_h6_k4_mall_d0,IMG_3920
fb_h6_k4_mall_d0,IMG_1969
fb_h6_k4_mall_d0,IMG_1963
fb_h6_k4_mall_d0,IMG_4033
fb_h6_k4_mall_d0,IMG_2055
fb_h6_k4_mall_d0,IMG_1924
fb_h6_k4_mall_d0,IMG_2040
fb_h6_k4_mall_d0,IMG_3976
fb_h6_k4_mall_d0,IMG_2001
fb_h6_k4_mall_d0,IMG_1929
fb_h6_k4_mall_d0,IMG_4012
fb_h6_k4_mall_d0,IMG_2012
fb_h6_k4_mall_d0,IMG_1998
fb_h6_k4_mall_d0,IMG_1916
fb_h6_k4_mall_d0,IMG_2054
fb_h6_k4_mall_d0,IMG_2014
fb_h6_k4_mall_d0,IMG_3928
fb_h6_k4_mall_d0,IMG_2038
fb_h6_k4_mall_d0,IMG_4002
fb_h6_k4_mall_d0,IMG_3983
fb_h6_k4_mall_d0,IMG_3996
fb_h6_k4_mall_d0,IMG_2032
fb_h6_k4_mall_d0,IMG_3980
fb_h6_k4_mall_d0,IMG_2016
fb_h6_k4_mall_d0,IMG_4032
fb_h6_k4_mall_d0,IMG_3978
fb_h6_k4_mall_d0,IMG_1913
fb_h6_k4_mall_d0,IMG_3984
fb_h6_k4_mall_d0,IMG_2022
fb_h6_k4_mall_d0,IMG_2042
fb_h6_k4_mall_d0,IMG_1909
fb_h6_k4_mall_d0,IMG_3982
fb_h6_k4_mall_d0,IMG_2037
fb_h6_k4_mall_d0,IMG_1999
fb_h6_k4_mall_d0,IMG_2044
fb_h6_k4_mall_d0,IMG_3932
fb_h6_k4_mall_d0,IMG_1960
fb_h6_k4_mall_d0,IMG_2019
fb_h6_k4_mall_d0,IMG_4014
fb_h6_k4_mall_d0,IMG_3975
fb_h6_k4_mall_d0,IMG_3987
fb_h6_k4_mall_d0,IMG_2018
fb_h6_k4_mall_d0,IMG_3997
fb_h6_k4_mall_d0,IMG_2024
fb_h6_k4_m15_d1,IMG_2621-HEIC
fb_h6_k4_m15_d1,IMG_2491-HEIC
fb_h6_k4_m15_d1,IMG_2481-HEIC
fb_h6_k4_m15_d1,IMG_2537-HEIC
fb_h6_k4_m15_d1,IMG_2452-HEIC
fb_h6_k4_m15_d1,IMG_2480-HEIC
fb_h6_k4_m15_d1,IMG_2579-HEIC
fb_h6_k4_m15_d1,IMG_2600-HEIC
fb_h6_k4_m15_d1,IMG_2646-HEIC
fb_h6_k4_m15_d1,IMG_2596-HEIC
fb_h6_k4_m15_d1,IMG_2526-HEIC
fb_h6_k4_m15_d1,IMG_2536-HEIC
fb_h6_k4_m15_d1,IMG_2674-HEIC
fb_h6_k4_m15_d1,IMG_2477-HEIC
fb_h6_k4_m15_d1,IMG_2598-HEIC
fb_h6_k4_m15_d1,IMG_4156
fb_h6_k4_m15_d1,IMG_4180
fb_h6_k4_m15_d1,IMG_4201
fb_h6_k4_m15_d1,IMG_4203
fb_h6_k4_m15_d1,IMG_4095
fb_h6_k4_m15_d1,IMG_4176
fb_h6_k4_m15_d1,IMG_2085
fb_h6_k4_m15_d1,IMG_4189
fb_h6_k4_m15_d1,IMG_4111
fb_h6_k4_m15_d1,IMG_4088
fb_h6_k4_m15_d1,IMG_4183
fb_h6_k4_m15_d1,IMG_2083
fb_h6_k4_m15_d1,IMG_4193
fb_h6_k4_m15_d1,IMG_4172
fb_h6_k4_m15_d1,IMG_4220
fb_h6_k4_m15_d1,IMG_0220
fb_h6_k4_m15_d1,IMG_0073
fb_h6_k4_m15_d1,IMG_0083-HEIC
fb_h6_k4_m15_d1,IMG_0104-HEIC
fb_h6_k4_m15_d1,IMG_0210
fb_h6_k4_m15_d1,IMG_0267
fb_h6_k4_m15_d1,IMG_0223
fb_h6_k4_m15_d1,IMG_0105-HEIC
fb_h6_k4_m15_d1,IMG_0111-HEIC
fb_h6_k4_m15_d1,IMG_0238
fb_h6_k4_m15_d1,IMG_0218
fb_h6_k4_m15_d1,IMG_0263
fb_h6_k4_m15_d1,IMG_0173
fb_h6_k4_m15_d1,IMG_0184
fb_h6_k4_m15_d1,IMG_0273
fb_h6_k4_m15_d1,IMG_2189-HEIC
fb_h6_k4_m15_d1,IMG_2214-HEIC
fb_h6_k4_m15_d1,IMG_2191-HEIC
fb_h6_k4_m15_d1,IMG_2159-HEIC
fb_h6_k4_m15_d1,IMG_2168-HEIC
fb_h6_k4_m15_d1,IMG_2194-HEIC
fb_h6_k4_m15_d1,IMG_2177-HEIC
fb_h6_k4_m15_d1,IMG_2154-HEIC
fb_h6_k4_m15_d1,IMG_2193-HEIC
fb_h6_k4_m15_d1,IMG_2182-HEIC
fb_h6_k4_m15_d1,IMG_2197-HEIC
fb_h6_k4_m15_d1,IMG_2213-HEIC
fb_h6_k4_m15_d1,IMG_2178-HEIC
fb_h6_k4_m15_d1,IMG_2180-HEIC
fb_h6_k4_m15_d1,IMG_2198-HEIC
fb_h6_k4_m50_d1,IMG_2621-HEIC
fb_h6_k4_m50_d1,IMG_2491-HEIC
fb_h6_k4_m50_d1,IMG_2481-HEIC
fb_h6_k4_m50_d1,IMG_2537-HEIC
fb_h6_k4_m50_d1,IMG_2452-HEIC
fb_h6_k4_m50_d1,IMG_2480-HEIC
fb_h6_k4_m50_d1,IMG_2579-HEIC
fb_h6_k4_m50_d1,IMG_2600-HEIC
fb_h6_k4_m50_d1,IMG_2646-HEIC
fb_h6_k4_m50_d1,IMG_2596-HEIC
fb_h6_k4_m50_d1,IMG_2526-HEIC
fb_h6_k4_m50_d1,IMG_2536-HEIC
fb_h6_k4_m50_d1,IMG_2674-HEIC
fb_h6_k4_m50_d1,IMG_2477-HEIC
fb_h6_k4_m50_d1,IMG_2598-HEIC
fb_h6_k4_m50_d1,IMG_2493-HEIC
fb_h6_k4_m50_d1,IMG_2581-HEIC
fb_h6_k4_m50_d1,IMG_2586-HEIC
fb_h6_k4_m50_d1,IMG_2616-HEIC
fb_h6_k4_m50_d1,IMG_2482-HEIC
fb_h6_k4_m50_d1,IMG_2585-HEIC
fb_h6_k4_m50_d1,IMG_2395-HEIC
fb_h6_k4_m50_d1,IMG_2564-HEIC
fb_h6_k4_m50_d1,IMG_2591-HEIC
fb_h6_k4_m50_d1,IMG_2700-HEIC
fb_h6_k4_m50_d1,IMG_2590-HEIC
fb_h6_k4_m50_d1,IMG_2618-HEIC
fb_h6_k4_m50_d1,IMG_2578-HEIC
fb_h6_k4_m50_d1,IMG_2557-HEIC
fb_h6_k4_m50_d1,IMG_2654-HEIC
fb_h6_k4_m50_d1,IMG_2494-HEIC
fb_h6_k4_m50_d1,IMG_2597-HEIC
fb_h6_k4_m50_d1,IMG_2701-HEIC
fb_h6_k4_m50_d1,IMG_2535-HEIC
fb_h6_k4_m50_d1,IMG_2584-HEIC
fb_h6_k4_m50_d1,IMG_2635-HEIC
fb_h6_k4_m50_d1,IMG_2637-HEIC
fb_h6_k4_m50_d1,IMG_2599-HEIC
fb_h6_k4_m50_d1,IMG_2647-HEIC
fb_h6_k4_m50_d1,IMG_2648-HEIC
fb_h6_k4_m50_d1,IMG_2522-HEIC
fb_h6_k4_m50_d1,IMG_2615-HEIC
fb_h6_k4_m50_d1,IMG_2570-HEIC
fb_h6_k4_m50_d1,IMG_2489-HEIC
fb_h6_k4_m50_d1,IMG_2569-HEIC
fb_h6_k4_m50_d1,IMG_2567-HEIC
fb_h6_k4_m50_d1,IMG_2644-HEIC
fb_h6_k4_m50_d1,IMG_2588-HEIC
fb_h6_k4_m50_d1,IMG_2492-HEIC
fb_h6_k4_m50_d1,IMG_2496-HEIC
fb_h6_k4_m50_d1,IMG_4156
fb_h6_k4_m50_d1,IMG_4180
fb_h6_k4_m50_d1,IMG_4201
fb_h6_k4_m50_d1,IMG_4203
fb_h6_k4_m50_d1,IMG_4095
fb_h6_k4_m50_d1,IMG_4176
fb_h6_k4_m50_d1,IMG_2085
fb_h6_k4_m50_d1,IMG_4189
fb_h6_k4_m50_d1,IMG_4111
fb_h6_k4_m50_d1,IMG_4088
fb_h6_k4_m50_d1,IMG_4183
fb_h6_k4_m50_d1,IMG_2083
fb_h6_k4_m50_d1,IMG_4193
fb_h6_k4_m50_d1,IMG_4172
fb_h6_k4_m50_d1,IMG_4220
fb_h6_k4_m50_d1,IMG_2131
fb_h6_k4_m50_d1,IMG_2117
fb_h6_k4_m50_d1,IMG_4064
fb_h6_k4_m50_d1,IMG_4075
fb_h6_k4_m50_d1,IMG_4089
fb_h6_k4_m50_d1,IMG_2076
fb_h6_k4_m50_d1,IMG_4087
fb_h6_k4_m50_d1,IMG_2058
fb_h6_k4_m50_d1,IMG_4144
fb_h6_k4_m50_d1,IMG_4110
fb_h6_k4_m50_d1,IMG_2108
fb_h6_k4_m50_d1,IMG_4148
fb_h6_k4_m50_d1,IMG_2132
fb_h6_k4_m50_d1,IMG_4157
fb_h6_k4_m50_d1,IMG_4194
fb_h6_k4_m50_d1,IMG_4065
fb_h6_k4_m50_d1,IMG_4219
fb_h6_k4_m50_d1,IMG_4116
fb_h6_k4_m50_d1,IMG_2115
fb_h6_k4_m50_d1,IMG_2102
fb_h6_k4_m50_d1,IMG_2119
fb_h6_k4_m50_d1,IMG_4114
fb_h6_k4_m50_d1,IMG_4221
fb_h6_k4_m50_d1,IMG_2075
fb_h6_k4_m50_d1,IMG_4105
fb_h6_k4_m50_d1,IMG_4069
fb_h6_k4_m50_d1,IMG_2062
fb_h6_k4_m50_d1,IMG_2077
fb_h6_k4_m50_d1,IMG_2135
fb_h6_k4_m50_d1,IMG_2061
fb_h6_k4_m50_d1,IMG_2100
fb_h6_k4_m50_d1,IMG_4168
fb_h6_k4_m50_d1,IMG_2081
fb_h6_k4_m50_d1,IMG_2080
fb_h6_k4_m50_d1,IMG_4213
fb_h6_k4_m50_d1,IMG_0220
fb_h6_k4_m50_d1,IMG_0073
fb_h6_k4_m50_d1,IMG_0083-HEIC
fb_h6_k4_m50_d1,IMG_0104-HEIC
fb_h6_k4_m50_d1,IMG_0210
fb_h6_k4_m50_d1,IMG_0267
fb_h6_k4_m50_d1,IMG_0223
fb_h6_k4_m50_d1,IMG_0105-HEIC
fb_h6_k4_m50_d1,IMG_0111-HEIC
fb_h6_k4_m50_d1,IMG_0238
fb_h6_k4_m50_d1,IMG_0218
fb_h6_k4_m50_d1,IMG_0263
fb_h6_k4_m50_d1,IMG_0173
fb_h6_k4_m50_d1,IMG_0184
fb_h6_k4_m50_d1,IMG_0273
fb_h6_k4_m50_d1,IMG_0211
fb_h6_k4_m50_d1,IMG_0080
fb_h6_k4_m50_d1,IMG_0102
fb_h6_k4_m50_d1,IMG_0108-HEIC
fb_h6_k4_m50_d1,IMG_0192
fb_h6_k4_m50_d1,IMG_0198
fb_h6_k4_m50_d1,IMG_0262
fb_h6_k4_m50_d1,IMG_0072
fb_h6_k4_m50_d1,IMG_0235
fb_h6_k4_m50_d1,IMG_0230
fb_h6_k4_m50_d1,IMG_0106-HEIC
fb_h6_k4_m50_d1,IMG_0165
fb_h6_k4_m50_d1,IMG_0256
fb_h6_k4_m50_d1,IMG_0090
fb_h6_k4_m50_d1,IMG_0109-HEIC
fb_h6_k4_m50_d1,IMG_0284
fb_h6_k4_m50_d1,IMG_0091
fb_h6_k4_m50_d1,IMG_0219
fb_h6_k4_m50_d1,IMG_0175
fb_h6_k4_m50_d1,IMG_0074
fb_h6_k4_m50_d1,IMG_0126-HEIC
fb_h6_k4_m50_d1,IMG_0187-HEIC
fb_h6_k4_m50_d1,IMG_0174
fb_h6_k4_m50_d1,IMG_0204
fb_h6_k4_m50_d1,IMG_0179
fb_h6_k4_m50_d1,IMG_0116-HEIC
fb_h6_k4_m50_d1,IMG_0257
fb_h6_k4_m50_d1,IMG_0279
fb_h6_k4_m50_d1,IMG_0185
fb_h6_k4_m50_d1,IMG_0136
fb_h6_k4_m50_d1,IMG_0153
fb_h6_k4_m50_d1,IMG_0142
fb_h6_k4_m50_d1,IMG_0182-HEIC
fb_h6_k4_m50_d1,IMG_0078
fb_h6_k4_m50_d1,IMG_0178
fb_h6_k4_m50_d1,IMG_2189-HEIC
fb_h6_k4_m50_d1,IMG_2214-HEIC
fb_h6_k4_m50_d1,IMG_2191-HEIC
fb_h6_k4_m50_d1,IMG_2159-HEIC
fb_h6_k4_m50_d1,IMG_2168-HEIC
fb_h6_k4_m50_d1,IMG_2194-HEIC
fb_h6_k4_m50_d1,IMG_2177-HEIC
fb_h6_k4_m50_d1,IMG_2154-HEIC
fb_h6_k4_m50_d1,IMG_2193-HEIC
fb_h6_k4_m50_d1,IMG_2182-HEIC
fb_h6_k4_m50_d1,IMG_2197-HEIC
fb_h6_k4_m50_d1,IMG_2213-HEIC
fb_h6_k4_m50_d1,IMG_2178-HEIC
fb_h6_k4_m50_d1,IMG_2180-HEIC
fb_h6_k4_m50_d1,IMG_2198-HEIC
fb_h6_k4_m50_d1,IMG_2184-HEIC
fb_h6_k4_m50_d1,IMG_2195-HEIC
fb_h6_k4_m50_d1,IMG_2188-HEIC
fb_h6_k4_m50_d1,IMG_2151-HEIC
fb_h6_k4_m50_d1,IMG_2216-HEIC
fb_h6_k4_m50_d1,IMG_2169-HEIC
fb_h6_k4_m50_d1,IMG_2170-HEIC
fb_h6_k4_m50_d1,IMG_2211-HEIC
fb_h6_k4_m50_d1,IMG_2132-HEIC
fb_h6_k4_m50_d1,IMG_2209-HEIC
fb_h6_k4_m50_d1,IMG_2206-HEIC
fb_h6_k4_m50_d1,IMG_2174-HEIC
fb_h6_k4_m50_d1,IMG_2156-HEIC
fb_h6_k4_m50_d1,IMG_2187-HEIC
fb_h6_k4_m50_d1,IMG_2203-HEIC
fb_h6_k4_m50_d1,IMG_2185-HEIC
fb_h6_k4_m50_d1,IMG_2201-HEIC
fb_h6_k4_m50_d1,IMG_2175-HEIC
fb_h6_k4_m50_d1,IMG_2199-HEIC
fb_h6_k4_m50_d1,IMG_2179-HEIC
fb_h6_k4_m50_d1,IMG_2139-HEIC
fb_h6_k4_m50_d1,IMG_2208-HEIC
fb_h6_k4_m50_d1,IMG_2176-HEIC
fb_h6_k4_m50_d1,IMG_2153-HEIC
fb_h6_k4_m50_d1,IMG_2134-HEIC
fb_h6_k4_m50_d1,IMG_2150-HEIC
fb_h6_k4_m50_d1,IMG_2212-HEIC
fb_h6_k4_m50_d1,IMG_2183-HEIC
fb_h6_k4_m50_d1,IMG_2131-HEIC
fb_h6_k4_m50_d1,IMG_2205-HEIC
fb_h6_k4_m50_d1,IMG_2204-HEIC
fb_h6_k4_m50_d1,IMG_2202-HEIC
fb_h6_k4_m50_d1,IMG_2155-HEIC
fb_h6_k4_m50_d1,IMG_2181-HEIC
fb_h6_k4_m50_d1,IMG_2190-HEIC
fb_h6_k4_mall_d1,IMG_2621-HEIC
fb_h6_k4_mall_d1,IMG_2491-HEIC
fb_h6_k4_mall_d1,IMG_2481-HEIC
fb_h6_k4_mall_d1,IMG_2537-HEIC
fb_h6_k4_mall_d1,IMG_2452-HEIC
fb_h6_k4_mall_d1,IMG_2480-HEIC
fb_h6_k4_mall_d1,IMG_2579-HEIC
fb_h6_k4_mall_d1,IMG_2600-HEIC
fb_h6_k4_mall_d1,IMG_2646-HEIC
fb_h6_k4_mall_d1,IMG_2596-HEIC
fb_h6_k4_mall_d1,IMG_2526-HEIC
fb_h6_k4_mall_d1,IMG_2536-HEIC
fb_h6_k4_mall_d1,IMG_2674-HEIC
fb_h6_k4_mall_d1,IMG_2477-HEIC
fb_h6_k4_mall_d1,IMG_2598-HEIC
fb_h6_k4_mall_d1,IMG_2493-HEIC
fb_h6_k4_mall_d1,IMG_2581-HEIC
fb_h6_k4_mall_d1,IMG_2586-HEIC
fb_h6_k4_mall_d1,IMG_2616-HEIC
fb_h6_k4_mall_d1,IMG_2482-HEIC
fb_h6_k4_mall_d1,IMG_2585-HEIC
fb_h6_k4_mall_d1,IMG_2395-HEIC
fb_h6_k4_mall_d1,IMG_2564-HEIC
fb_h6_k4_mall_d1,IMG_2591-HEIC
fb_h6_k4_mall_d1,IMG_2700-HEIC
fb_h6_k4_mall_d1,IMG_2590-HEIC
fb_h6_k4_mall_d1,IMG_2618-HEIC
fb_h6_k4_mall_d1,IMG_2578-HEIC
fb_h6_k4_mall_d1,IMG_2557-HEIC
fb_h6_k4_mall_d1,IMG_2654-HEIC
fb_h6_k4_mall_d1,IMG_2494-HEIC
fb_h6_k4_mall_d1,IMG_2597-HEIC
fb_h6_k4_mall_d1,IMG_2701-HEIC
fb_h6_k4_mall_d1,IMG_2535-HEIC
fb_h6_k4_mall_d1,IMG_2584-HEIC
fb_h6_k4_mall_d1,IMG_2635-HEIC
fb_h6_k4_mall_d1,IMG_2637-HEIC
fb_h6_k4_mall_d1,IMG_2599-HEIC
fb_h6_k4_mall_d1,IMG_2647-HEIC
fb_h6_k4_mall_d1,IMG_2648-HEIC
fb_h6_k4_mall_d1,IMG_2522-HEIC
fb_h6_k4_mall_d1,IMG_2615-HEIC
fb_h6_k4_mall_d1,IMG_2570-HEIC
fb_h6_k4_mall_d1,IMG_2489-HEIC
fb_h6_k4_mall_d1,IMG_2569-HEIC
fb_h6_k4_mall_d1,IMG_2567-HEIC
fb_h6_k4_mall_d1,IMG_2644-HEIC
fb_h6_k4_mall_d1,IMG_2588-HEIC
fb_h6_k4_mall_d1,IMG_2492-HEIC
fb_h6_k4_mall_d1,IMG_2496-HEIC
fb_h6_k4_mall_d1,IMG_2550-HEIC
fb_h6_k4_mall_d1,IMG_2666-HEIC
fb_h6_k4_mall_d1,IMG_2566-HEIC
fb_h6_k4_mall_d1,IMG_2476-HEIC
fb_h6_k4_mall_d1,IMG_2538-HEIC
fb_h6_k4_mall_d1,IMG_2680-HEIC
fb_h6_k4_mall_d1,IMG_2593-HEIC
fb_h6_k4_mall_d1,IMG_2513-HEIC
fb_h6_k4_mall_d1,IMG_2545-HEIC
fb_h6_k4_mall_d1,IMG_2660-HEIC
fb_h6_k4_mall_d1,IMG_2634-HEIC
fb_h6_k4_mall_d1,IMG_2495-HEIC
fb_h6_k4_mall_d1,IMG_2446-HEIC
fb_h6_k4_mall_d1,IMG_2620-HEIC
fb_h6_k4_mall_d1,IMG_2540-HEIC
fb_h6_k4_mall_d1,IMG_2520-HEIC
fb_h6_k4_mall_d1,IMG_2604-HEIC
fb_h6_k4_mall_d1,IMG_2539-HEIC
fb_h6_k4_mall_d1,IMG_2619-HEIC
fb_h6_k4_mall_d1,IMG_2636-HEIC
fb_h6_k4_mall_d1,IMG_2417-HEIC
fb_h6_k4_mall_d1,IMG_2534-HEIC
fb_h6_k4_mall_d1,IMG_2521-HEIC
fb_h6_k4_mall_d1,IMG_2603-HEIC
fb_h6_k4_mall_d1,IMG_2686-HEIC
fb_h6_k4_mall_d1,IMG_2587-HEIC
fb_h6_k4_mall_d1,IMG_2595-HEIC
fb_h6_k4_mall_d1,IMG_2523-HEIC
fb_h6_k4_mall_d1,IMG_2541-HEIC
fb_h6_k4_mall_d1,IMG_2583-HEIC
fb_h6_k4_mall_d1,IMG_2592-HEIC
fb_h6_k4_mall_d1,IMG_2572-HEIC
fb_h6_k4_mall_d1,IMG_2478-HEIC
fb_h6_k4_mall_d1,IMG_2610-HEIC
fb_h6_k4_mall_d1,IMG_2576-HEIC
fb_h6_k4_mall_d1,IMG_2519-HEIC
fb_h6_k4_mall_d1,IMG_2580-HEIC
fb_h6_k4_mall_d1,IMG_2533-HEIC
fb_h6_k4_mall_d1,IMG_2524-HEIC
fb_h6_k4_mall_d1,IMG_2525-HEIC
fb_h6_k4_mall_d1,IMG_2577-HEIC
fb_h6_k4_mall_d1,IMG_2638-HEIC
fb_h6_k4_mall_d1,IMG_2582-HEIC
fb_h6_k4_mall_d1,IMG_2542-HEIC
fb_h6_k4_mall_d1,IMG_2643-HEIC
fb_h6_k4_mall_d1,IMG_2617-HEIC
fb_h6_k4_mall_d1,IMG_2488-HEIC
fb_h6_k4_mall_d1,IMG_2571-HEIC
fb_h6_k4_mall_d1,IMG_2475-HEIC
fb_h6_k4_mall_d1,IMG_2589-HEIC
fb_h6_k4_mall_d1,IMG_2594-HEIC
fb_h6_k4_mall_d1,IMG_2504-HEIC
fb_h6_k4_mall_d1,IMG_4156
fb_h6_k4_mall_d1,IMG_4180
fb_h6_k4_mall_d1,IMG_4201
fb_h6_k4_mall_d1,IMG_4203
fb_h6_k4_mall_d1,IMG_4095
fb_h6_k4_mall_d1,IMG_4176
fb_h6_k4_mall_d1,IMG_2085
fb_h6_k4_mall_d1,IMG_4189
fb_h6_k4_mall_d1,IMG_4111
fb_h6_k4_mall_d1,IMG_4088
fb_h6_k4_mall_d1,IMG_4183
fb_h6_k4_mall_d1,IMG_2083
fb_h6_k4_mall_d1,IMG_4193
fb_h6_k4_mall_d1,IMG_4172
fb_h6_k4_mall_d1,IMG_4220
fb_h6_k4_mall_d1,IMG_2131
fb_h6_k4_mall_d1,IMG_2117
fb_h6_k4_mall_d1,IMG_4064
fb_h6_k4_mall_d1,IMG_4075
fb_h6_k4_mall_d1,IMG_4089
fb_h6_k4_mall_d1,IMG_2076
fb_h6_k4_mall_d1,IMG_4087
fb_h6_k4_mall_d1,IMG_2058
fb_h6_k4_mall_d1,IMG_4144
fb_h6_k4_mall_d1,IMG_4110
fb_h6_k4_mall_d1,IMG_2108
fb_h6_k4_mall_d1,IMG_4148
fb_h6_k4_mall_d1,IMG_2132
fb_h6_k4_mall_d1,IMG_4157
fb_h6_k4_mall_d1,IMG_4194
fb_h6_k4_mall_d1,IMG_4065
fb_h6_k4_mall_d1,IMG_4219
fb_h6_k4_mall_d1,IMG_4116
fb_h6_k4_mall_d1,IMG_2115
fb_h6_k4_mall_d1,IMG_2102
fb_h6_k4_mall_d1,IMG_2119
fb_h6_k4_mall_d1,IMG_4114
fb_h6_k4_mall_d1,IMG_4221
fb_h6_k4_mall_d1,IMG_2075
fb_h6_k4_mall_d1,IMG_4105
fb_h6_k4_mall_d1,IMG_4069
fb_h6_k4_mall_d1,IMG_2062
fb_h6_k4_mall_d1,IMG_2077
fb_h6_k4_mall_d1,IMG_2135
fb_h6_k4_mall_d1,IMG_2061
fb_h6_k4_mall_d1,IMG_2100
fb_h6_k4_mall_d1,IMG_4168
fb_h6_k4_mall_d1,IMG_2081
fb_h6_k4_mall_d1,IMG_2080
fb_h6_k4_mall_d1,IMG_4213
fb_h6_k4_mall_d1,IMG_2134
fb_h6_k4_mall_d1,IMG_2120
fb_h6_k4_mall_d1,IMG_4073
fb_h6_k4_mall_d1,IMG_4068
fb_h6_k4_mall_d1,IMG_2071
fb_h6_k4_mall_d1,IMG_2088
fb_h6_k4_mall_d1,IMG_4091
fb_h6_k4_mall_d1,IMG_4164
fb_h6_k4_mall_d1,IMG_4200
fb_h6_k4_mall_d1,IMG_4188
fb_h6_k4_mall_d1,IMG_4090
fb_h6_k4_mall_d1,IMG_2121
fb_h6_k4_mall_d1,IMG_4186
fb_h6_k4_mall_d1,IMG_2107
fb_h6_k4_mall_d1,IMG_4185
fb_h6_k4_mall_d1,IMG_4161
fb_h6_k4_mall_d1,IMG_4109
fb_h6_k4_mall_d1,IMG_4113
fb_h6_k4_mall_d1,IMG_4163
fb_h6_k4_mall_d1,IMG_4179
fb_h6_k4_mall_d1,IMG_4086
fb_h6_k4_mall_d1,IMG_4162
fb_h6_k4_mall_d1,IMG_4170
fb_h6_k4_mall_d1,IMG_4098
fb_h6_k4_mall_d1,IMG_4218
fb_h6_k4_mall_d1,IMG_2101
fb_h6_k4_mall_d1,IMG_4147
fb_h6_k4_mall_d1,IMG_4153
fb_h6_k4_mall_d1,IMG_2130
fb_h6_k4_mall_d1,IMG_4120
fb_h6_k4_mall_d1,IMG_4192
fb_h6_k4_mall_d1,IMG_4154
fb_h6_k4_mall_d1,IMG_2109
fb_h6_k4_mall_d1,IMG_2110
fb_h6_k4_mall_d1,IMG_2068
fb_h6_k4_mall_d1,IMG_4151
fb_h6_k4_mall_d1,IMG_4256
fb_h6_k4_mall_d1,IMG_4187
fb_h6_k4_mall_d1,IMG_4115
fb_h6_k4_mall_d1,IMG_4070
fb_h6_k4_mall_d1,IMG_4117
fb_h6_k4_mall_d1,IMG_4181
fb_h6_k4_mall_d1,IMG_4262
fb_h6_k4_mall_d1,IMG_2105
fb_h6_k4_mall_d1,IMG_4174
fb_h6_k4_mall_d1,IMG_2122
fb_h6_k4_mall_d1,IMG_2070
fb_h6_k4_mall_d1,IMG_4118
fb_h6_k4_mall_d1,IMG_2106
fb_h6_k4_mall_d1,IMG_2084
fb_h6_k4_mall_d1,IMG_2059
fb_h6_k4_mall_d1,IMG_4134
fb_h6_k4_mall_d1,IMG_4106
fb_h6_k4_mall_d1,IMG_2082
fb_h6_k4_mall_d1,IMG_4182
fb_h6_k4_mall_d1,IMG_2069
fb_h6_k4_mall_d1,IMG_4152
fb_h6_k4_mall_d1,IMG_4067
fb_h6_k4_mall_d1,IMG_4123
fb_h6_k4_mall_d1,IMG_4146
fb_h6_k4_mall_d1,IMG_4190
fb_h6_k4_mall_d1,IMG_4159
fb_h6_k4_mall_d1,IMG_2063
fb_h6_k4_mall_d1,IMG_4184
fb_h6_k4_mall_d1,IMG_4149
fb_h6_k4_mall_d1,IMG_2066
fb_h6_k4_mall_d1,IMG_4072
fb_h6_k4_mall_d1,IMG_4155
fb_h6_k4_mall_d1,IMG_4191
fb_h6_k4_mall_d1,IMG_4165
fb_h6_k4_mall_d1,IMG_4169
fb_h6_k4_mall_d1,IMG_2104
fb_h6_k4_mall_d1,IMG_4104
fb_h6_k4_mall_d1,IMG_2089
fb_h6_k4_mall_d1,IMG_4085
fb_h6_k4_mall_d1,IMG_4202
fb_h6_k4_mall_d1,IMG_2095
fb_h6_k4_mall_d1,IMG_4143
fb_h6_k4_mall_d1,IMG_2133
fb_h6_k4_mall_d1,IMG_4096
fb_h6_k4_mall_d1,IMG_2074
fb_h6_k4_mall_d1,IMG_4112
fb_h6_k4_mall_d1,IMG_2073
fb_h6_k4_mall_d1,IMG_2079
fb_h6_k4_mall_d1,IMG_4103
fb_h6_k4_mall_d1,IMG_4071
fb_h6_k4_mall_d1,IMG_2103
fb_h6_k4_mall_d1,IMG_4066
fb_h6_k4_mall_d1,IMG_2067
fb_h6_k4_mall_d1,IMG_2060
fb_h6_k4_mall_d1,IMG_4150
fb_h6_k4_mall_d1,IMG_4145
fb_h6_k4_mall_d1,IMG_2116
fb_h6_k4_mall_d1,IMG_2078
fb_h6_k4_mall_d1,IMG_2072
fb_h6_k4_mall_d1,IMG_2064
fb_h6_k4_mall_d1,IMG_4178
fb_h6_k4_mall_d1,IMG_0220
fb_h6_k4_mall_d1,IMG_0073
fb_h6_k4_mall_d1,IMG_0083-HEIC
fb_h6_k4_mall_d1,IMG_0104-HEIC
fb_h6_k4_mall_d1,IMG_0210
fb_h6_k4_mall_d1,IMG_0267
fb_h6_k4_mall_d1,IMG_0223
fb_h6_k4_mall_d1,IMG_0105-HEIC
fb_h6_k4_mall_d1,IMG_0111-HEIC
fb_h6_k4_mall_d1,IMG_0238
fb_h6_k4_mall_d1,IMG_0218
fb_h6_k4_mall_d1,IMG_0263
fb_h6_k4_mall_d1,IMG_0173
fb_h6_k4_mall_d1,IMG_0184
fb_h6_k4_mall_d1,IMG_0273
fb_h6_k4_mall_d1,IMG_0211
fb_h6_k4_mall_d1,IMG_0080
fb_h6_k4_mall_d1,IMG_0102
fb_h6_k4_mall_d1,IMG_0108-HEIC
fb_h6_k4_mall_d1,IMG_0192
fb_h6_k4_mall_d1,IMG_0198
fb_h6_k4_mall_d1,IMG_0262
fb_h6_k4_mall_d1,IMG_0072
fb_h6_k4_mall_d1,IMG_0235
fb_h6_k4_mall_d1,IMG_0230
fb_h6_k4_mall_d1,IMG_0106-HEIC
fb_h6_k4_mall_d1,IMG_0165
fb_h6_k4_mall_d1,IMG_0256
fb_h6_k4_mall_d1,IMG_0090
fb_h6_k4_mall_d1,IMG_0109-HEIC
fb_h6_k4_mall_d1,IMG_0284
fb_h6_k4_mall_d1,IMG_0091
fb_h6_k4_mall_d1,IMG_0219
fb_h6_k4_mall_d1,IMG_0175
fb_h6_k4_mall_d1,IMG_0074
fb_h6_k4_mall_d1,IMG_0126-HEIC
fb_h6_k4_mall_d1,IMG_0187-HEIC
fb_h6_k4_mall_d1,IMG_0174
fb_h6_k4_mall_d1,IMG_0204
fb_h6_k4_mall_d1,IMG_0179
fb_h6_k4_mall_d1,IMG_0116-HEIC
fb_h6_k4_mall_d1,IMG_0257
fb_h6_k4_mall_d1,IMG_0279
fb_h6_k4_mall_d1,IMG_0185
fb_h6_k4_mall_d1,IMG_0136
fb_h6_k4_mall_d1,IMG_0153
fb_h6_k4_mall_d1,IMG_0142
fb_h6_k4_mall_d1,IMG_0182-HEIC
fb_h6_k4_mall_d1,IMG_0078
fb_h6_k4_mall_d1,IMG_0178
fb_h6_k4_mall_d1,IMG_0177
fb_h6_k4_mall_d1,IMG_0159
fb_h6_k4_mall_d1,IMG_0066
fb_h6_k4_mall_d1,IMG_0077
fb_h6_k4_mall_d1,IMG_0209
fb_h6_k4_mall_d1,IMG_0084
fb_h6_k4_mall_d1,IMG_0089
fb_h6_k4_mall_d1,IMG_0095
fb_h6_k4_mall_d1,IMG_0069
fb_h6_k4_mall_d1,IMG_0148
fb_h6_k4_mall_d1,IMG_0260
fb_h6_k4_mall_d1,IMG_0070
fb_h6_k4_mall_d1,IMG_2189-HEIC
fb_h6_k4_mall_d1,IMG_2214-HEIC
fb_h6_k4_mall_d1,IMG_2191-HEIC
fb_h6_k4_mall_d1,IMG_2159-HEIC
fb_h6_k4_mall_d1,IMG_2168-HEIC
fb_h6_k4_mall_d1,IMG_2194-HEIC
fb_h6_k4_mall_d1,IMG_2177-HEIC
fb_h6_k4_mall_d1,IMG_2154-HEIC
fb_h6_k4_mall_d1,IMG_2193-HEIC
fb_h6_k4_mall_d1,IMG_2182-HEIC
fb_h6_k4_mall_d1,IMG_2197-HEIC
fb_h6_k4_mall_d1,IMG_2213-HEIC
fb_h6_k4_mall_d1,IMG_2178-HEIC
fb_h6_k4_mall_d1,IMG_2180-HEIC
fb_h6_k4_mall_d1,IMG_2198-HEIC
fb_h6_k4_mall_d1,IMG_2184-HEIC
fb_h6_k4_mall_d1,IMG_2195-HEIC
fb_h6_k4_mall_d1,IMG_2188-HEIC
fb_h6_k4_mall_d1,IMG_2151-HEIC
fb_h6_k4_mall_d1,IMG_2216-HEIC
fb_h6_k4_mall_d1,IMG_2169-HEIC
fb_h6_k4_mall_d1,IMG_2170-HEIC
fb_h6_k4_mall_d1,IMG_2211-HEIC
fb_h6_k4_mall_d1,IMG_2132-HEIC
fb_h6_k4_mall_d1,IMG_2209-HEIC
fb_h6_k4_mall_d1,IMG_2206-HEIC
fb_h6_k4_mall_d1,IMG_2174-HEIC
fb_h6_k4_mall_d1,IMG_2156-HEIC
fb_h6_k4_mall_d1,IMG_2187-HEIC
fb_h6_k4_mall_d1,IMG_2203-HEIC
fb_h6_k4_mall_d1,IMG_2185-HEIC
fb_h6_k4_mall_d1,IMG_2201-HEIC
fb_h6_k4_mall_d1,IMG_2175-HEIC
fb_h6_k4_mall_d1,IMG_2199-HEIC
fb_h6_k4_mall_d1,IMG_2179-HEIC
fb_h6_k4_mall_d1,IMG_2139-HEIC
fb_h6_k4_mall_d1,IMG_2208-HEIC
fb_h6_k4_mall_d1,IMG_2176-HEIC
fb_h6_k4_mall_d1,IMG_2153-HEIC
fb_h6_k4_mall_d1,IMG_2134-HEIC
fb_h6_k4_mall_d1,IMG_2150-HEIC
fb_h6_k4_mall_d1,IMG_2212-HEIC
fb_h6_k4_mall_d1,IMG_2183-HEIC
fb_h6_k4_mall_d1,IMG_2131-HEIC
fb_h6_k4_mall_d1,IMG_2205-HEIC
fb_h6_k4_mall_d1,IMG_2204-HEIC
fb_h6_k4_mall_d1,IMG_2202-HEIC
fb_h6_k4_mall_d1,IMG_2155-HEIC
fb_h6_k4_mall_d1,IMG_2181-HEIC
fb_h6_k4_mall_d1,IMG_2190-HEIC
fb_h6_k4_mall_d1,IMG_2133-HEIC
fb_h6_k4_mall_d1,IMG_2138-HEIC
fb_h6_k4_mall_d1,IMG_2158-HEIC
fb_h6_k4_mall_d1,IMG_2196-HEIC
fb_h6_k4_mall_d1,IMG_2148-HEIC
fb_h6_k4_mall_d1,IMG_2149-HEIC
fb_h6_k4_mall_d1,IMG_2152-HEIC
fb_h6_k7_m15_d0,IMG_9812
fb_h6_k7_m15_d0,IMG_9915-HEIC
fb_h6_k7_m15_d0,IMG_9805
fb_h6_k7_m15_d0,IMG_9873
fb_h6_k7_m15_d0,IMG_9981-HEIC
fb_h6_k7_m15_d0,IMG_9949-HEIC
fb_h6_k7_m15_d0,IMG_9823
fb_h6_k7_m15_d0,IMG_9874
fb_h6_k7_m15_d0,IMG_0300
fb_h6_k7_m15_d0,IMG_9997
fb_h6_k7_m15_d0,IMG_9784-HEIC
fb_h6_k7_m15_d0,IMG_9829
fb_h6_k7_m15_d0,IMG_0444
fb_h6_k7_m15_d0,IMG_9998
fb_h6_k7_m15_d0,IMG_9773
fb_h6_k7_m15_d0,IMG_2638-HEIC
fb_h6_k7_m15_d0,IMG_2536-HEIC
fb_h6_k7_m15_d0,IMG_2686-HEIC
fb_h6_k7_m15_d0,IMG_2521-HEIC
fb_h6_k7_m15_d0,IMG_2579-HEIC
fb_h6_k7_m15_d0,IMG_2600-HEIC
fb_h6_k7_m15_d0,IMG_2533-HEIC
fb_h6_k7_m15_d0,IMG_2597-HEIC
fb_h6_k7_m15_d0,IMG_2545-HEIC
fb_h6_k7_m15_d0,IMG_2535-HEIC
fb_h6_k7_m15_d0,IMG_2539-HEIC
fb_h6_k7_m15_d0,IMG_2538-HEIC
fb_h6_k7_m15_d0,IMG_2646-HEIC
fb_h6_k7_m15_d0,IMG_2541-HEIC
fb_h6_k7_m15_d0,IMG_2566-HEIC
fb_h6_k7_m15_d0,IMG_2119
fb_h6_k7_m15_d0,IMG_2074
fb_h6_k7_m15_d0,IMG_4168
fb_h6_k7_m15_d0,IMG_4161
fb_h6_k7_m15_d0,IMG_2069
fb_h6_k7_m15_d0,IMG_4219
fb_h6_k7_m15_d0,IMG_4151
fb_h6_k7_m15_d0,IMG_4159
fb_h6_k7_m15_d0,IMG_2082
fb_h6_k7_m15_d0,IMG_2131
fb_h6_k7_m15_d0,IMG_4105
fb_h6_k7_m15_d0,IMG_2102
fb_h6_k7_m15_d0,IMG_4172
fb_h6_k7_m15_d0,IMG_2110
fb_h6_k7_m15_d0,IMG_2120
fb_h6_k7_m15_d0,IMG_0262
fb_h6_k7_m15_d0,IMG_0102
fb_h6_k7_m15_d0,IMG_0111-HEIC
fb_h6_k7_m15_d0,IMG_0073
fb_h6_k7_m15_d0,IMG_0074
fb_h6_k7_m15_d0,IMG_0091
fb_h6_k7_m15_d0,IMG_0090
fb_h6_k7_m15_d0,IMG_0077
fb_h6_k7_m15_d0,IMG_0211
fb_h6_k7_m15_d0,IMG_0220
fb_h6_k7_m15_d0,IMG_0185
fb_h6_k7_m15_d0,IMG_0184
fb_h6_k7_m15_d0,IMG_0072
fb_h6_k7_m15_d0,IMG_0198
fb_h6_k7_m15_d0,IMG_0235
fb_h6_k7_m15_d0,IMG_2346-HEIC
fb_h6_k7_m15_d0,IMG_2305-HEIC
fb_h6_k7_m15_d0,IMG_2334-HEIC
fb_h6_k7_m15_d0,IMG_0767-HEIC
fb_h6_k7_m15_d0,IMG_2352-HEIC
fb_h6_k7_m15_d0,IMG_2258-HEIC
fb_h6_k7_m15_d0,IMG_2296-HEIC
fb_h6_k7_m15_d0,IMG_2243-HEIC
fb_h6_k7_m15_d0,IMG_0756-HEIC
fb_h6_k7_m15_d0,IMG_0758-HEIC
fb_h6_k7_m15_d0,IMG_2255-HEIC
fb_h6_k7_m15_d0,IMG_2251-HEIC
fb_h6_k7_m15_d0,IMG_0752-HEIC
fb_h6_k7_m15_d0,IMG_2339-HEIC
fb_h6_k7_m15_d0,IMG_2384-HEIC
fb_h6_k7_m15_d0,IMG_1915
fb_h6_k7_m15_d0,IMG_1917
fb_h6_k7_m15_d0,IMG_4031
fb_h6_k7_m15_d0,IMG_2049
fb_h6_k7_m15_d0,IMG_2026
fb_h6_k7_m15_d0,IMG_2032
fb_h6_k7_m15_d0,IMG_4034
fb_h6_k7_m15_d0,IMG_4024
fb_h6_k7_m15_d0,IMG_2015
fb_h6_k7_m15_d0,IMG_3931
fb_h6_k7_m15_d0,IMG_4014
fb_h6_k7_m15_d0,IMG_2016
fb_h6_k7_m15_d0,IMG_2018
fb_h6_k7_m15_d0,IMG_4041
fb_h6_k7_m15_d0,IMG_3977
fb_h6_k7_m15_d0,IMG_2206-HEIC
fb_h6_k7_m15_d0,IMG_2199-HEIC
fb_h6_k7_m15_d0,IMG_2138-HEIC
fb_h6_k7_m15_d0,IMG_2216-HEIC
fb_h6_k7_m15_d0,IMG_2201-HEIC
fb_h6_k7_m15_d0,IMG_2133-HEIC
fb_h6_k7_m15_d0,IMG_2198-HEIC
fb_h6_k7_m15_d0,IMG_2155-HEIC
fb_h6_k7_m15_d0,IMG_2180-HEIC
fb_h6_k7_m15_d0,IMG_2204-HEIC
fb_h6_k7_m15_d0,IMG_2196-HEIC
fb_h6_k7_m15_d0,IMG_2197-HEIC
fb_h6_k7_m15_d0,IMG_2209-HEIC
fb_h6_k7_m15_d0,IMG_2148-HEIC
fb_h6_k7_m15_d0,IMG_2181-HEIC
fb_h6_k7_m50_d0,IMG_9812
fb_h6_k7_m50_d0,IMG_9915-HEIC
fb_h6_k7_m50_d0,IMG_9805
fb_h6_k7_m50_d0,IMG_9873
fb_h6_k7_m50_d0,IMG_9981-HEIC
fb_h6_k7_m50_d0,IMG_9949-HEIC
fb_h6_k7_m50_d0,IMG_9823
fb_h6_k7_m50_d0,IMG_9874
fb_h6_k7_m50_d0,IMG_0300
fb_h6_k7_m50_d0,IMG_9997
fb_h6_k7_m50_d0,IMG_9784-HEIC
fb_h6_k7_m50_d0,IMG_9829
fb_h6_k7_m50_d0,IMG_0444
fb_h6_k7_m50_d0,IMG_9998
fb_h6_k7_m50_d0,IMG_9773
fb_h6_k7_m50_d0,IMG_9880
fb_h6_k7_m50_d0,IMG_0450
fb_h6_k7_m50_d0,IMG_9906-HEIC
fb_h6_k7_m50_d0,IMG_9763
fb_h6_k7_m50_d0,IMG_0351
fb_h6_k7_m50_d0,IMG_0034
fb_h6_k7_m50_d0,IMG_9879
fb_h6_k7_m50_d0,IMG_0398
fb_h6_k7_m50_d0,IMG_7021
fb_h6_k7_m50_d0,IMG_9826
fb_h6_k7_m50_d0,IMG_9865
fb_h6_k7_m50_d0,IMG_0340
fb_h6_k7_m50_d0,IMG_0328
fb_h6_k7_m50_d0,IMG_9814
fb_h6_k7_m50_d0,IMG_9909-HEIC
fb_h6_k7_m50_d0,IMG_0457
fb_h6_k7_m50_d0,IMG_9803
fb_h6_k7_m50_d0,IMG_9857
fb_h6_k7_m50_d0,IMG_9819
fb_h6_k7_m50_d0,IMG_0358
fb_h6_k7_m50_d0,IMG_9907-HEIC
fb_h6_k7_m50_d0,IMG_9844
fb_h6_k7_m50_d0,IMG_0387
fb_h6_k7_m50_d0,IMG_9822
fb_h6_k7_m50_d0,IMG_9843
fb_h6_k7_m50_d0,IMG_9859
fb_h6_k7_m50_d0,IMG_0375
fb_h6_k7_m50_d0,IMG_0433
fb_h6_k7_m50_d0,IMG_9806
fb_h6_k7_m50_d0,IMG_9866
fb_h6_k7_m50_d0,IMG_9868-HEIC
fb_h6_k7_m50_d0,IMG_0370
fb_h6_k7_m50_d0,IMG_9810
fb_h6_k7_m50_d0,IMG_9827
fb_h6_k7_m50_d0,IMG_0040
fb_h6_k7_m50_d0,IMG_2638-HEIC
fb_h6_k7_m50_d0,IMG_2536-HEIC
fb_h6_k7_m50_d0,IMG_2686-HEIC
fb_h6_k7_m50_d0,IMG_2521-HEIC
fb_h6_k7_m50_d0,IMG_2579-HEIC
fb_h6_k7_m50_d0,IMG_2600-HEIC
fb_h6_k7_m50_d0,IMG_2533-HEIC
fb_h6_k7_m50_d0,IMG_2597-HEIC
fb_h6_k7_m50_d0,IMG_2545-HEIC
fb_h6_k7_m50_d0,IMG_2535-HEIC
fb_h6_k7_m50_d0,IMG_2539-HEIC
fb_h6_k7_m50_d0,IMG_2538-HEIC
fb_h6_k7_m50_d0,IMG_2646-HEIC
fb_h6_k7_m50_d0,IMG_2541-HEIC
fb_h6_k7_m50_d0,IMG_2566-HEIC
fb_h6_k7_m50_d0,IMG_2596-HEIC
fb_h6_k7_m50_d0,IMG_2585-HEIC
fb_h6_k7_m50_d0,IMG_2634-HEIC
fb_h6_k7_m50_d0,IMG_2700-HEIC
fb_h6_k7_m50_d0,IMG_2599-HEIC
fb_h6_k7_m50_d0,IMG_2620-HEIC
fb_h6_k7_m50_d0,IMG_2595-HEIC
fb_h6_k7_m50_d0,IMG_2598-HEIC
fb_h6_k7_m50_d0,IMG_2580-HEIC
fb_h6_k7_m50_d0,IMG_2619-HEIC
fb_h6_k7_m50_d0,IMG_2481-HEIC
fb_h6_k7_m50_d0,IMG_2569-HEIC
fb_h6_k7_m50_d0,IMG_2674-HEIC
fb_h6_k7_m50_d0,IMG_2534-HEIC
fb_h6_k7_m50_d0,IMG_2590-HEIC
fb_h6_k7_m50_d0,IMG_2523-HEIC
fb_h6_k7_m50_d0,IMG_2550-HEIC
fb_h6_k7_m50_d0,IMG_2567-HEIC
fb_h6_k7_m50_d0,IMG_2526-HEIC
fb_h6_k7_m50_d0,IMG_2494-HEIC
fb_h6_k7_m50_d0,IMG_2491-HEIC
fb_h6_k7_m50_d0,IMG_2513-HEIC
fb_h6_k7_m50_d0,IMG_2615-HEIC
fb_h6_k7_m50_d0,IMG_2643-HEIC
fb_h6_k7_m50_d0,IMG_2617-HEIC
fb_h6_k7_m50_d0,IMG_2586-HEIC
fb_h6_k7_m50_d0,IMG_2644-HEIC
fb_h6_k7_m50_d0,IMG_2660-HEIC
fb_h6_k7_m50_d0,IMG_2525-HEIC
fb_h6_k7_m50_d0,IMG_2618-HEIC
fb_h6_k7_m50_d0,IMG_2592-HEIC
fb_h6_k7_m50_d0,IMG_2492-HEIC
fb_h6_k7_m50_d0,IMG_2701-HEIC
fb_h6_k7_m50_d0,IMG_2504-HEIC
fb_h6_k7_m50_d0,IMG_2540-HEIC
fb_h6_k7_m50_d0,IMG_2119
fb_h6_k7_m50_d0,IMG_2074
fb_h6_k7_m50_d0,IMG_4168
fb_h6_k7_m50_d0,IMG_4161
fb_h6_k7_m50_d0,IMG_2069
fb_h6_k7_m50_d0,IMG_4219
fb_h6_k7_m50_d0,IMG_4151
fb_h6_k7_m50_d0,IMG_4159
fb_h6_k7_m50_d0,IMG_2082
fb_h6_k7_m50_d0,IMG_2131
fb_h6_k7_m50_d0,IMG_4105
fb_h6_k7_m50_d0,IMG_2102
fb_h6_k7_m50_d0,IMG_4172
fb_h6_k7_m50_d0,IMG_2110
fb_h6_k7_m50_d0,IMG_2120
fb_h6_k7_m50_d0,IMG_2085
fb_h6_k7_m50_d0,IMG_4156
fb_h6_k7_m50_d0,IMG_4150
fb_h6_k7_m50_d0,IMG_2062
fb_h6_k7_m50_d0,IMG_4262
fb_h6_k7_m50_d0,IMG_4154
fb_h6_k7_m50_d0,IMG_2066
fb_h6_k7_m50_d0,IMG_4104
fb_h6_k7_m50_d0,IMG_2072
fb_h6_k7_m50_d0,IMG_4112
fb_h6_k7_m50_d0,IMG_4194
fb_h6_k7_m50_d0,IMG_4165
fb_h6_k7_m50_d0,IMG_2067
fb_h6_k7_m50_d0,IMG_4109
fb_h6_k7_m50_d0,IMG_4218
fb_h6_k7_m50_d0,IMG_2101
fb_h6_k7_m50_d0,IMG_4114
fb_h6_k7_m50_d0,IMG_4220
fb_h6_k7_m50_d0,IMG_4256
fb_h6_k7_m50_d0,IMG_4184
fb_h6_k7_m50_d0,IMG_2077
fb_h6_k7_m50_d0,IMG_4180
fb_h6_k7_m50_d0,IMG_2109
fb_h6_k7_m50_d0,IMG_4066
fb_h6_k7_m50_d0,IMG_4111
fb_h6_k7_m50_d0,IMG_2103
fb_h6_k7_m50_d0,IMG_4153
fb_h6_k7_m50_d0,IMG_4065
fb_h6_k7_m50_d0,IMG_2115
fb_h6_k7_m50_d0,IMG_4117
fb_h6_k7_m50_d0,IMG_2058
fb_h6_k7_m50_d0,IMG_4202
fb_h6_k7_m50_d0,IMG_2105
fb_h6_k7_m50_d0,IMG_2083
fb_h6_k7_m50_d0,IMG_4067
fb_h6_k7_m50_d0,IMG_0262
fb_h6_k7_m50_d0,IMG_0102
fb_h6_k7_m50_d0,IMG_0111-HEIC
fb_h6_k7_m50_d0,IMG_0073
fb_h6_k7_m50_d0,IMG_0074
fb_h6_k7_m50_d0,IMG_0091
fb_h6_k7_m50_d0,IMG_0090
fb_h6_k7_m50_d0,IMG_0077
fb_h6_k7_m50_d0,IMG_0211
fb_h6_k7_m50_d0,IMG_0220
fb_h6_k7_m50_d0,IMG_0185
fb_h6_k7_m50_d0,IMG_0184
fb_h6_k7_m50_d0,IMG_0072
fb_h6_k7_m50_d0,IMG_0198
fb_h6_k7_m50_d0,IMG_0235
fb_h6_k7_m50_d0,IMG_0204
fb_h6_k7_m50_d0,IMG_0179
fb_h6_k7_m50_d0,IMG_0263
fb_h6_k7_m50_d0,IMG_0173
fb_h6_k7_m50_d0,IMG_0260
fb_h6_k7_m50_d0,IMG_0218
fb_h6_k7_m50_d0,IMG_0177
fb_h6_k7_m50_d0,IMG_0273
fb_h6_k7_m50_d0,IMG_0210
fb_h6_k7_m50_d0,IMG_0223
fb_h6_k7_m50_d0,IMG_0070
fb_h6_k7_m50_d0,IMG_0106-HEIC
fb_h6_k7_m50_d0,IMG_0165
fb_h6_k7_m50_d0,IMG_0109-HEIC
fb_h6_k7_m50_d0,IMG_0175
fb_h6_k7_m50_d0,IMG_0148
fb_h6_k7_m50_d0,IMG_0192
fb_h6_k7_m50_d0,IMG_0095
fb_h6_k7_m50_d0,IMG_0279
fb_h6_k7_m50_d0,IMG_0230
fb_h6_k7_m50_d0,IMG_0153
fb_h6_k7_m50_d0,IMG_0104-HEIC
fb_h6_k7_m50_d0,IMG_0267
fb_h6_k7_m50_d0,IMG_0126-HEIC
fb_h6_k7_m50_d0,IMG_0083-HEIC
fb_h6_k7_m50_d0,IMG_0136
fb_h6_k7_m50_d0,IMG_0108-HEIC
fb_h6_k7_m50_d0,IMG_0069
fb_h6_k7_m50_d0,IMG_0084
fb_h6_k7_m50_d0,IMG_0219
fb_h6_k7_m50_d0,IMG_0182-HEIC
fb_h6_k7_m50_d0,IMG_0284
fb_h6_k7_m50_d0,IMG_0187-HEIC
fb_h6_k7_m50_d0,IMG_0080
fb_h6_k7_m50_d0,IMG_0105-HEIC
fb_h6_k7_m50_d0,IMG_2346-HEIC
fb_h6_k7_m50_d0,IMG_2305-HEIC
fb_h6_k7_m50_d0,IMG_2334-HEIC
fb_h6_k7_m50_d0,IMG_0767-HEIC
fb_h6_k7_m50_d0,IMG_2352-HEIC
fb_h6_k7_m50_d0,IMG_2258-HEIC
fb_h6_k7_m50_d0,IMG_2296-HEIC
fb_h6_k7_m50_d0,IMG_2243-HEIC
fb_h6_k7_m50_d0,IMG_0756-HEIC
fb_h6_k7_m50_d0,IMG_0758-HEIC
fb_h6_k7_m50_d0,IMG_2255-HEIC
fb_h6_k7_m50_d0,IMG_2251-HEIC
fb_h6_k7_m50_d0,IMG_0752-HEIC
fb_h6_k7_m50_d0,IMG_2339-HEIC
fb_h6_k7_m50_d0,IMG_2384-HEIC
fb_h6_k7_m50_d0,IMG_0760-HEIC
fb_h6_k7_m50_d0,IMG_0740-HEIC
fb_h6_k7_m50_d0,IMG_2291-HEIC
fb_h6_k7_m50_d0,IMG_2285-HEIC
fb_h6_k7_m50_d0,IMG_2274-HEIC
fb_h6_k7_m50_d0,IMG_2332-HEIC
fb_h6_k7_m50_d0,IMG_2383-HEIC
fb_h6_k7_m50_d0,IMG_2294-HEIC
fb_h6_k7_m50_d0,IMG_2304-HEIC
fb_h6_k7_m50_d0,IMG_0765-HEIC
fb_h6_k7_m50_d0,IMG_0769-HEIC
fb_h6_k7_m50_d0,IMG_0771-HEIC
fb_h6_k7_m50_d0,IMG_2287-HEIC
fb_h6_k7_m50_d0,IMG_2306-HEIC
fb_h6_k7_m50_d0,IMG_2303-HEIC
fb_h6_k7_m50_d0,IMG_2329-HEIC
fb_h6_k7_m50_d0,IMG_2290-HEIC
fb_h6_k7_m50_d0,IMG_2337-HEIC
fb_h6_k7_m50_d0,IMG_2245-HEIC
fb_h6_k7_m50_d0,IMG_2273-HEIC
fb_h6_k7_m50_d0,IMG_0764-HEIC
fb_h6_k7_m50_d0,IMG_2311-HEIC
fb_h6_k7_m50_d0,IMG_2381-HEIC
fb_h6_k7_m50_d0,IMG_0768-HEIC
fb_h6_k7_m50_d0,IMG_2240-HEIC
fb_h6_k7_m50_d0,IMG_0763-HEIC
fb_h6_k7_m50_d0,IMG_2286-HEIC
fb_h6_k7_m50_d0,IMG_0743-HEIC
fb_h6_k7_m50_d0,IMG_2302-HEIC
fb_h6_k7_m50_d0,IMG_2257-HEIC
fb_h6_k7_m50_d0,IMG_2253-HEIC
fb_h6_k7_m50_d0,IMG_0757-HEIC
fb_h6_k7_m50_d0,IMG_2380-HEIC
fb_h6_k7_m50_d0,IMG_2239-HEIC
fb_h6_k7_m50_d0,IMG_2308-HEIC
fb_h6_k7_m50_d0,IMG_1915
fb_h6_k7_m50_d0,IMG_1917
fb_h6_k7_m50_d0,IMG_4031
fb_h6_k7_m50_d0,IMG_2049
fb_h6_k7_m50_d0,IMG_2026
fb_h6_k7_m50_d0,IMG_2032
fb_h6_k7_m50_d0,IMG_4034
fb_h6_k7_m50_d0,IMG_4024
fb_h6_k7_m50_d0,IMG_2015
fb_h6_k7_m50_d0,IMG_3931
fb_h6_k7_m50_d0,IMG_4014
fb_h6_k7_m50_d0,IMG_2016
fb_h6_k7_m50_d0,IMG_2018
fb_h6_k7_m50_d0,IMG_4041
fb_h6_k7_m50_d0,IMG_3977
fb_h6_k7_m50_d0,IMG_4012
fb_h6_k7_m50_d0,IMG_3926
fb_h6_k7_m50_d0,IMG_2038
fb_h6_k7_m50_d0,IMG_2010
fb_h6_k7_m50_d0,IMG_2023
fb_h6_k7_m50_d0,IMG_1918
fb_h6_k7_m50_d0,IMG_2057
fb_h6_k7_m50_d0,IMG_1993
fb_h6_k7_m50_d0,IMG_1971
fb_h6_k7_m50_d0,IMG_3984
fb_h6_k7_m50_d0,IMG_3982
fb_h6_k7_m50_d0,IMG_2051
fb_h6_k7_m50_d0,IMG_1925
fb_h6_k7_m50_d0,IMG_2024
fb_h6_k7_m50_d0,IMG_3999
fb_h6_k7_m50_d0,IMG_4020
fb_h6_k7_m50_d0,IMG_1963
fb_h6_k7_m50_d0,IMG_4002
fb_h6_k7_m50_d0,IMG_2045
fb_h6_k7_m50_d0,IMG_2044
fb_h6_k7_m50_d0,IMG_2055
fb_h6_k7_m50_d0,IMG_1913
fb_h6_k7_m50_d0,IMG_1958
fb_h6_k7_m50_d0,IMG_3978
fb_h6_k7_m50_d0,IMG_3981
fb_h6_k7_m50_d0,IMG_2037
fb_h6_k7_m50_d0,IMG_2013
fb_h6_k7_m50_d0,IMG_3919
fb_h6_k7_m50_d0,IMG_1970
fb_h6_k7_m50_d0,IMG_4053
fb_h6_k7_m50_d0,IMG_4005
fb_h6_k7_m50_d0,IMG_1923
fb_h6_k7_m50_d0,IMG_3995
fb_h6_k7_m50_d0,IMG_1969
fb_h6_k7_m50_d0,IMG_2025
fb_h6_k7_m50_d0,IMG_2206-HEIC
fb_h6_k7_m50_d0,IMG_2199-HEIC
fb_h6_k7_m50_d0,IMG_2138-HEIC
fb_h6_k7_m50_d0,IMG_2216-HEIC
fb_h6_k7_m50_d0,IMG_2201-HEIC
fb_h6_k7_m50_d0,IMG_2133-HEIC
fb_h6_k7_m50_d0,IMG_2198-HEIC
fb_h6_k7_m50_d0,IMG_2155-HEIC
fb_h6_k7_m50_d0,IMG_2180-HEIC
fb_h6_k7_m50_d0,IMG_2204-HEIC
fb_h6_k7_m50_d0,IMG_2196-HEIC
fb_h6_k7_m50_d0,IMG_2197-HEIC
fb_h6_k7_m50_d0,IMG_2209-HEIC
fb_h6_k7_m50_d0,IMG_2148-HEIC
fb_h6_k7_m50_d0,IMG_2181-HEIC
fb_h6_k7_m50_d0,IMG_2188-HEIC
fb_h6_k7_m50_d0,IMG_2179-HEIC
fb_h6_k7_m50_d0,IMG_2203-HEIC
fb_h6_k7_m50_d0,IMG_2211-HEIC
fb_h6_k7_m50_d0,IMG_2154-HEIC
fb_h6_k7_m50_d0,IMG_2153-HEIC
fb_h6_k7_m50_d0,IMG_2149-HEIC
fb_h6_k7_m50_d0,IMG_2150-HEIC
fb_h6_k7_m50_d0,IMG_2170-HEIC
fb_h6_k7_m50_d0,IMG_2189-HEIC
fb_h6_k7_m50_d0,IMG_2178-HEIC
fb_h6_k7_m50_d0,IMG_2176-HEIC
fb_h6_k7_m50_d0,IMG_2134-HEIC
fb_h6_k7_m50_d0,IMG_2159-HEIC
fb_h6_k7_m50_d0,IMG_2195-HEIC
fb_h6_k7_m50_d0,IMG_2202-HEIC
fb_h6_k7_m50_d0,IMG_2183-HEIC
fb_h6_k7_m50_d0,IMG_2169-HEIC
fb_h6_k7_m50_d0,IMG_2191-HEIC
fb_h6_k7_m50_d0,IMG_2214-HEIC
fb_h6_k7_m50_d0,IMG_2168-HEIC
fb_h6_k7_m50_d0,IMG_2185-HEIC
fb_h6_k7_m50_d0,IMG_2131-HEIC
fb_h6_k7_m50_d0,IMG_2152-HEIC
fb_h6_k7_m50_d0,IMG_2174-HEIC
fb_h6_k7_m50_d0,IMG_2193-HEIC
fb_h6_k7_m50_d0,IMG_2151-HEIC
fb_h6_k7_m50_d0,IMG_2212-HEIC
fb_h6_k7_m50_d0,IMG_2177-HEIC
fb_h6_k7_m50_d0,IMG_2175-HEIC
fb_h6_k7_m50_d0,IMG_2213-HEIC
fb_h6_k7_m50_d0,IMG_2208-HEIC
fb_h6_k7_m50_d0,IMG_2158-HEIC
fb_h6_k7_m50_d0,IMG_2205-HEIC
fb_h6_k7_m50_d0,IMG_2132-HEIC
fb_h6_k7_mall_d0,IMG_9812
fb_h6_k7_mall_d0,IMG_9915-HEIC
fb_h6_k7_mall_d0,IMG_9805
fb_h6_k7_mall_d0,IMG_9873
fb_h6_k7_mall_d0,IMG_9981-HEIC
fb_h6_k7_mall_d0,IMG_9949-HEIC
fb_h6_k7_mall_d0,IMG_9823
fb_h6_k7_mall_d0,IMG_9874
fb_h6_k7_mall_d0,IMG_0300
fb_h6_k7_mall_d0,IMG_9997
fb_h6_k7_mall_d0,IMG_9784-HEIC
fb_h6_k7_mall_d0,IMG_9829
fb_h6_k7_mall_d0,IMG_0444
fb_h6_k7_mall_d0,IMG_9998
fb_h6_k7_mall_d0,IMG_9773
fb_h6_k7_mall_d0,IMG_9880
fb_h6_k7_mall_d0,IMG_0450
fb_h6_k7_mall_d0,IMG_9906-HEIC
fb_h6_k7_mall_d0,IMG_9763
fb_h6_k7_mall_d0,IMG_0351
fb_h6_k7_mall_d0,IMG_0034
fb_h6_k7_mall_d0,IMG_9879
fb_h6_k7_mall_d0,IMG_0398
fb_h6_k7_mall_d0,IMG_7021
fb_h6_k7_mall_d0,IMG_9826
fb_h6_k7_mall_d0,IMG_9865
fb_h6_k7_mall_d0,IMG_0340
fb_h6_k7_mall_d0,IMG_0328
fb_h6_k7_mall_d0,IMG_9814
fb_h6_k7_mall_d0,IMG_9909-HEIC
fb_h6_k7_mall_d0,IMG_0457
fb_h6_k7_mall_d0,IMG_9803
fb_h6_k7_mall_d0,IMG_9857
fb_h6_k7_mall_d0,IMG_9819
fb_h6_k7_mall_d0,IMG_0358
fb_h6_k7_mall_d0,IMG_9907-HEIC
fb_h6_k7_mall_d0,IMG_9844
fb_h6_k7_mall_d0,IMG_0387
fb_h6_k7_mall_d0,IMG_9822
fb_h6_k7_mall_d0,IMG_9843
fb_h6_k7_mall_d0,IMG_9859
fb_h6_k7_mall_d0,IMG_0375
fb_h6_k7_mall_d0,IMG_0433
fb_h6_k7_mall_d0,IMG_9806
fb_h6_k7_mall_d0,IMG_9866
fb_h6_k7_mall_d0,IMG_9868-HEIC
fb_h6_k7_mall_d0,IMG_0370
fb_h6_k7_mall_d0,IMG_9810
fb_h6_k7_mall_d0,IMG_9827
fb_h6_k7_mall_d0,IMG_0040
fb_h6_k7_mall_d0,IMG_9801
fb_h6_k7_mall_d0,IMG_9818
fb_h6_k7_mall_d0,IMG_9985-HEIC
fb_h6_k7_mall_d0,IMG_9858
fb_h6_k7_mall_d0,IMG_0421
fb_h6_k7_mall_d0,IMG_9816
fb_h6_k7_mall_d0,IMG_9807
fb_h6_k7_mall_d0,IMG_9848
fb_h6_k7_mall_d0,IMG_0051
fb_h6_k7_mall_d0,IMG_9867
fb_h6_k7_mall_d0,IMG_9768
fb_h6_k7_mall_d0,IMG_0003
fb_h6_k7_mall_d0,IMG_9834
fb_h6_k7_mall_d0,IMG_7016-HEIC
fb_h6_k7_mall_d0,IMG_9989-HEIC
fb_h6_k7_mall_d0,IMG_9920-HEIC
fb_h6_k7_mall_d0,IMG_9984-HEIC
fb_h6_k7_mall_d0,IMG_0305
fb_h6_k7_mall_d0,IMG_9821
fb_h6_k7_mall_d0,IMG_0410
fb_h6_k7_mall_d0,IMG_0028
fb_h6_k7_mall_d0,IMG_9766
fb_h6_k7_mall_d0,IMG_0002
fb_h6_k7_mall_d0,IMG_9840
fb_h6_k7_mall_d0,IMG_9770
fb_h6_k7_mall_d0,IMG_0427
fb_h6_k7_mall_d0,IMG_9854
fb_h6_k7_mall_d0,IMG_9775
fb_h6_k7_mall_d0,IMG_9836
fb_h6_k7_mall_d0,IMG_9917-HEIC
fb_h6_k7_mall_d0,IMG_9966
fb_h6_k7_mall_d0,IMG_0416
fb_h6_k7_mall_d0,IMG_0364
fb_h6_k7_mall_d0,IMG_0008
fb_h6_k7_mall_d0,IMG_0346
fb_h6_k7_mall_d0,IMG_9990-HEIC
fb_h6_k7_mall_d0,IMG_9765
fb_h6_k7_mall_d0,IMG_9800
fb_h6_k7_mall_d0,IMG_9982-HEIC
fb_h6_k7_mall_d0,IMG_9839
fb_h6_k7_mall_d0,IMG_9978-HEIC
fb_h6_k7_mall_d0,IMG_0016
fb_h6_k7_mall_d0,IMG_9938
fb_h6_k7_mall_d0,IMG_9842
fb_h6_k7_mall_d0,IMG_9811
fb_h6_k7_mall_d0,IMG_0046
fb_h6_k7_mall_d0,IMG_0291
fb_h6_k7_mall_d0,IMG_9870
fb_h6_k7_mall_d0,IMG_9813
fb_h6_k7_mall_d0,IMG_9809
fb_h6_k7_mall_d0,IMG_9951-HEIC
fb_h6_k7_mall_d0,IMG_9905-HEIC
fb_h6_k7_mall_d0,IMG_9833
fb_h6_k7_mall_d0,IMG_9947-HEIC
fb_h6_k7_mall_d0,IMG_9820
fb_h6_k7_mall_d0,IMG_9875
fb_h6_k7_mall_d0,IMG_9869
fb_h6_k7_mall_d0,IMG_9764
fb_h6_k7_mall_d0,IMG_9911-HEIC
fb_h6_k7_mall_d0,IMG_0311
fb_h6_k7_mall_d0,IMG_9767
fb_h6_k7_mall_d0,IMG_9799
fb_h6_k7_mall_d0,IMG_9918-HEIC
fb_h6_k7_mall_d0,IMG_0381
fb_h6_k7_mall_d0,IMG_9955-HEIC
fb_h6_k7_mall_d0,IMG_9804
fb_h6_k7_mall_d0,IMG_9864
fb_h6_k7_mall_d0,IMG_9881
fb_h6_k7_mall_d0,IMG_0323
fb_h6_k7_mall_d0,IMG_9777
fb_h6_k7_mall_d0,IMG_9808
fb_h6_k7_mall_d0,IMG_9825
fb_h6_k7_mall_d0,IMG_9832
fb_h6_k7_mall_d0,IMG_9771
fb_h6_k7_mall_d0,IMG_9779-HEIC
fb_h6_k7_mall_d0,IMG_9971
fb_h6_k7_mall_d0,IMG_9861-HEIC
fb_h6_k7_mall_d0,IMG_9999
fb_h6_k7_mall_d0,IMG_9828
fb_h6_k7_mall_d0,IMG_9876
fb_h6_k7_mall_d0,IMG_9769
fb_h6_k7_mall_d0,IMG_9916-HEIC
fb_h6_k7_mall_d0,IMG_9964
fb_h6_k7_mall_d0,IMG_0404
fb_h6_k7_mall_d0,IMG_9783-HEIC
fb_h6_k7_mall_d0,IMG_9948-HEIC
fb_h6_k7_mall_d0,IMG_0393
fb_h6_k7_mall_d0,IMG_9774
fb_h6_k7_mall_d0,IMG_0439
fb_h6_k7_mall_d0,IMG_9838
fb_h6_k7_mall_d0,IMG_9979-HEIC
fb_h6_k7_mall_d0,IMG_2638-HEIC
fb_h6_k7_mall_d0,IMG_2536-HEIC
fb_h6_k7_mall_d0,IMG_2686-HEIC
fb_h6_k7_mall_d0,IMG_2521-HEIC
fb_h6_k7_mall_d0,IMG_2579-HEIC
fb_h6_k7_mall_d0,IMG_2600-HEIC
fb_h6_k7_mall_d0,IMG_2533-HEIC
fb_h6_k7_mall_d0,IMG_2597-HEIC
fb_h6_k7_mall_d0,IMG_2545-HEIC
fb_h6_k7_mall_d0,IMG_2535-HEIC
fb_h6_k7_mall_d0,IMG_2539-HEIC
fb_h6_k7_mall_d0,IMG_2538-HEIC
fb_h6_k7_mall_d0,IMG_2646-HEIC
fb_h6_k7_mall_d0,IMG_2541-HEIC
fb_h6_k7_mall_d0,IMG_2566-HEIC
fb_h6_k7_mall_d0,IMG_2596-HEIC
fb_h6_k7_mall_d0,IMG_2585-HEIC
fb_h6_k7_mall_d0,IMG_2634-HEIC
fb_h6_k7_mall_d0,IMG_2700-HEIC
fb_h6_k7_mall_d0,IMG_2599-HEIC
fb_h6_k7_mall_d0,IMG_2620-HEIC
fb_h6_k7_mall_d0,IMG_2595-HEIC
fb_h6_k7_mall_d0,IMG_2598-HEIC
fb_h6_k7_mall_d0,IMG_2580-HEIC
fb_h6_k7_mall_d0,IMG_2619-HEIC
fb_h6_k7_mall_d0,IMG_2481-HEIC
fb_h6_k7_mall_d0,IMG_2569-HEIC
fb_h6_k7_mall_d0,IMG_2674-HEIC
fb_h6_k7_mall_d0,IMG_2534-HEIC
fb_h6_k7_mall_d0,IMG_2590-HEIC
fb_h6_k7_mall_d0,IMG_2523-HEIC
fb_h6_k7_mall_d0,IMG_2550-HEIC
fb_h6_k7_mall_d0,IMG_2567-HEIC
fb_h6_k7_mall_d0,IMG_2526-HEIC
fb_h6_k7_mall_d0,IMG_2494-HEIC
fb_h6_k7_mall_d0,IMG_2491-HEIC
fb_h6_k7_mall_d0,IMG_2513-HEIC
fb_h6_k7_mall_d0,IMG_2615-HEIC
fb_h6_k7_mall_d0,IMG_2643-HEIC
fb_h6_k7_mall_d0,IMG_2617-HEIC
fb_h6_k7_mall_d0,IMG_2586-HEIC
fb_h6_k7_mall_d0,IMG_2644-HEIC
fb_h6_k7_mall_d0,IMG_2660-HEIC
fb_h6_k7_mall_d0,IMG_2525-HEIC
fb_h6_k7_mall_d0,IMG_2618-HEIC
fb_h6_k7_mall_d0,IMG_2592-HEIC
fb_h6_k7_mall_d0,IMG_2492-HEIC
fb_h6_k7_mall_d0,IMG_2701-HEIC
fb_h6_k7_mall_d0,IMG_2504-HEIC
fb_h6_k7_mall_d0,IMG_2540-HEIC
fb_h6_k7_mall_d0,IMG_2522-HEIC
fb_h6_k7_mall_d0,IMG_2576-HEIC
fb_h6_k7_mall_d0,IMG_2593-HEIC
fb_h6_k7_mall_d0,IMG_2583-HEIC
fb_h6_k7_mall_d0,IMG_2603-HEIC
fb_h6_k7_mall_d0,IMG_2395-HEIC
fb_h6_k7_mall_d0,IMG_2591-HEIC
fb_h6_k7_mall_d0,IMG_2478-HEIC
fb_h6_k7_mall_d0,IMG_2680-HEIC
fb_h6_k7_mall_d0,IMG_2488-HEIC
fb_h6_k7_mall_d0,IMG_2594-HEIC
fb_h6_k7_mall_d0,IMG_2477-HEIC
fb_h6_k7_mall_d0,IMG_2654-HEIC
fb_h6_k7_mall_d0,IMG_2577-HEIC
fb_h6_k7_mall_d0,IMG_2666-HEIC
fb_h6_k7_mall_d0,IMG_2637-HEIC
fb_h6_k7_mall_d0,IMG_2648-HEIC
fb_h6_k7_mall_d0,IMG_2589-HEIC
fb_h6_k7_mall_d0,IMG_2480-HEIC
fb_h6_k7_mall_d0,IMG_2482-HEIC
fb_h6_k7_mall_d0,IMG_2520-HEIC
fb_h6_k7_mall_d0,IMG_2417-HEIC
fb_h6_k7_mall_d0,IMG_2524-HEIC
fb_h6_k7_mall_d0,IMG_2452-HEIC
fb_h6_k7_mall_d0,IMG_2581-HEIC
fb_h6_k7_mall_d0,IMG_2610-HEIC
fb_h6_k7_mall_d0,IMG_2557-HEIC
fb_h6_k7_mall_d0,IMG_2587-HEIC
fb_h6_k7_mall_d0,IMG_2519-HEIC
fb_h6_k7_mall_d0,IMG_2493-HEIC
fb_h6_k7_mall_d0,IMG_2542-HEIC
fb_h6_k7_mall_d0,IMG_2570-HEIC
fb_h6_k7_mall_d0,IMG_2621-HEIC
fb_h6_k7_mall_d0,IMG_2635-HEIC
fb_h6_k7_mall_d0,IMG_2564-HEIC
fb_h6_k7_mall_d0,IMG_2495-HEIC
fb_h6_k7_mall_d0,IMG_2496-HEIC
fb_h6_k7_mall_d0,IMG_2604-HEIC
fb_h6_k7_mall_d0,IMG_2446-HEIC
fb_h6_k7_mall_d0,IMG_2647-HEIC
fb_h6_k7_mall_d0,IMG_2475-HEIC
fb_h6_k7_mall_d0,IMG_2588-HEIC
fb_h6_k7_mall_d0,IMG_2584-HEIC
fb_h6_k7_mall_d0,IMG_2571-HEIC
fb_h6_k7_mall_d0,IMG_2616-HEIC
fb_h6_k7_mall_d0,IMG_2572-HEIC
fb_h6_k7_mall_d0,IMG_2537-HEIC
fb_h6_k7_mall_d0,IMG_2578-HEIC
fb_h6_k7_mall_d0,IMG_2489-HEIC
fb_h6_k7_mall_d0,IMG_2476-HEIC
fb_h6_k7_mall_d0,IMG_2636-HEIC
fb_h6_k7_mall_d0,IMG_2582-HEIC
fb_h6_k7_mall_d0,IMG_2119
fb_h6_k7_mall_d0,IMG_2074
fb_h6_k7_mall_d0,IMG_4168
fb_h6_k7_mall_d0,IMG_4161
fb_h6_k7_mall_d0,IMG_2069
fb_h6_k7_mall_d0,IMG_4219
fb_h6_k7_mall_d0,IMG_4151
fb_h6_k7_mall_d0,IMG_4159
fb_h6_k7_mall_d0,IMG_2082
fb_h6_k7_mall_d0,IMG_2131
fb_h6_k7_mall_d0,IMG_4105
fb_h6_k7_mall_d0,IMG_2102
fb_h6_k7_mall_d0,IMG_4172
fb_h6_k7_mall_d0,IMG_2110
fb_h6_k7_mall_d0,IMG_2120
fb_h6_k7_mall_d0,IMG_2085
fb_h6_k7_mall_d0,IMG_4156
fb_h6_k7_mall_d0,IMG_4150
fb_h6_k7_mall_d0,IMG_2062
fb_h6_k7_mall_d0,IMG_4262
fb_h6_k7_mall_d0,IMG_4154
fb_h6_k7_mall_d0,IMG_2066
fb_h6_k7_mall_d0,IMG_4104
fb_h6_k7_mall_d0,IMG_2072
fb_h6_k7_mall_d0,IMG_4112
fb_h6_k7_mall_d0,IMG_4194
fb_h6_k7_mall_d0,IMG_4165
fb_h6_k7_mall_d0,IMG_2067
fb_h6_k7_mall_d0,IMG_4109
fb_h6_k7_mall_d0,IMG_4218
fb_h6_k7_mall_d0,IMG_2101
fb_h6_k7_mall_d0,IMG_4114
fb_h6_k7_mall_d0,IMG_4220
fb_h6_k7_mall_d0,IMG_4256
fb_h6_k7_mall_d0,IMG_4184
fb_h6_k7_mall_d0,IMG_2077
fb_h6_k7_mall_d0,IMG_4180
fb_h6_k7_mall_d0,IMG_2109
fb_h6_k7_mall_d0,IMG_4066
fb_h6_k7_mall_d0,IMG_4111
fb_h6_k7_mall_d0,IMG_2103
fb_h6_k7_mall_d0,IMG_4153
fb_h6_k7_mall_d0,IMG_4065
fb_h6_k7_mall_d0,IMG_2115
fb_h6_k7_mall_d0,IMG_4117
fb_h6_k7_mall_d0,IMG_2058
fb_h6_k7_mall_d0,IMG_4202
fb_h6_k7_mall_d0,IMG_2105
fb_h6_k7_mall_d0,IMG_2083
fb_h6_k7_mall_d0,IMG_4067
fb_h6_k7_mall_d0,IMG_4070
fb_h6_k7_mall_d0,IMG_4095
fb_h6_k7_mall_d0,IMG_4155
fb_h6_k7_mall_d0,IMG_2080
fb_h6_k7_mall_d0,IMG_2068
fb_h6_k7_mall_d0,IMG_4110
fb_h6_k7_mall_d0,IMG_4089
fb_h6_k7_mall_d0,IMG_2135
fb_h6_k7_mall_d0,IMG_4192
fb_h6_k7_mall_d0,IMG_4162
fb_h6_k7_mall_d0,IMG_2095
fb_h6_k7_mall_d0,IMG_4185
fb_h6_k7_mall_d0,IMG_4157
fb_h6_k7_mall_d0,IMG_4068
fb_h6_k7_mall_d0,IMG_4178
fb_h6_k7_mall_d0,IMG_2104
fb_h6_k7_mall_d0,IMG_2070
fb_h6_k7_mall_d0,IMG_2132
fb_h6_k7_mall_d0,IMG_4213
fb_h6_k7_mall_d0,IMG_4120
fb_h6_k7_mall_d0,IMG_4115
fb_h6_k7_mall_d0,IMG_4098
fb_h6_k7_mall_d0,IMG_4087
fb_h6_k7_mall_d0,IMG_2116
fb_h6_k7_mall_d0,IMG_2130
fb_h6_k7_mall_d0,IMG_2060
fb_h6_k7_mall_d0,IMG_4200
fb_h6_k7_mall_d0,IMG_4096
fb_h6_k7_mall_d0,IMG_4190
fb_h6_k7_mall_d0,IMG_4147
fb_h6_k7_mall_d0,IMG_4086
fb_h6_k7_mall_d0,IMG_4116
fb_h6_k7_mall_d0,IMG_4106
fb_h6_k7_mall_d0,IMG_4152
fb_h6_k7_mall_d0,IMG_2106
fb_h6_k7_mall_d0,IMG_4191
fb_h6_k7_mall_d0,IMG_4072
fb_h6_k7_mall_d0,IMG_4071
fb_h6_k7_mall_d0,IMG_4179
fb_h6_k7_mall_d0,IMG_4064
fb_h6_k7_mall_d0,IMG_4189
fb_h6_k7_mall_d0,IMG_4148
fb_h6_k7_mall_d0,IMG_4091
fb_h6_k7_mall_d0,IMG_2081
fb_h6_k7_mall_d0,IMG_2075
fb_h6_k7_mall_d0,IMG_4113
fb_h6_k7_mall_d0,IMG_4163
fb_h6_k7_mall_d0,IMG_2134
fb_h6_k7_mall_d0,IMG_4134
fb_h6_k7_mall_d0,IMG_2061
fb_h6_k7_mall_d0,IMG_4174
fb_h6_k7_mall_d0,IMG_4085
fb_h6_k7_mall_d0,IMG_4149
fb_h6_k7_mall_d0,IMG_2088
fb_h6_k7_mall_d0,IMG_4176
fb_h6_k7_mall_d0,IMG_4188
fb_h6_k7_mall_d0,IMG_2117
fb_h6_k7_mall_d0,IMG_4073
fb_h6_k7_mall_d0,IMG_4221
fb_h6_k7_mall_d0,IMG_4201
fb_h6_k7_mall_d0,IMG_2133
fb_h6_k7_mall_d0,IMG_4103
fb_h6_k7_mall_d0,IMG_4193
fb_h6_k7_mall_d0,IMG_2100
fb_h6_k7_mall_d0,IMG_2089
fb_h6_k7_mall_d0,IMG_4164
fb_h6_k7_mall_d0,IMG_4090
fb_h6_k7_mall_d0,IMG_4145
fb_h6_k7_mall_d0,IMG_2064
fb_h6_k7_mall_d0,IMG_4123
fb_h6_k7_mall_d0,IMG_2084
fb_h6_k7_mall_d0,IMG_2107
fb_h6_k7_mall_d0,IMG_2059
fb_h6_k7_mall_d0,IMG_4075
fb_h6_k7_mall_d0,IMG_2108
fb_h6_k7_mall_d0,IMG_4144
fb_h6_k7_mall_d0,IMG_2122
fb_h6_k7_mall_d0,IMG_4181
fb_h6_k7_mall_d0,IMG_4187
fb_h6_k7_mall_d0,IMG_4182
fb_h6_k7_mall_d0,IMG_4069
fb_h6_k7_mall_d0,IMG_4118
fb_h6_k7_mall_d0,IMG_4186
fb_h6_k7_mall_d0,IMG_4203
fb_h6_k7_mall_d0,IMG_4143
fb_h6_k7_mall_d0,IMG_4088
fb_h6_k7_mall_d0,IMG_2079
fb_h6_k7_mall_d0,IMG_2063
fb_h6_k7_mall_d0,IMG_2073
fb_h6_k7_mall_d0,IMG_4146
fb_h6_k7_mall_d0,IMG_2078
fb_h6_k7_mall_d0,IMG_4170
fb_h6_k7_mall_d0,IMG_2076
fb_h6_k7_mall_d0,IMG_2071
fb_h6_k7_mall_d0,IMG_4183
fb_h6_k7_mall_d0,IMG_4169
fb_h6_k7_mall_d0,IMG_2121
fb_h6_k7_mall_d0,IMG_0262
fb_h6_k7_mall_d0,IMG_0102
fb_h6_k7_mall_d0,IMG_0111-HEIC
fb_h6_k7_mall_d0,IMG_0073
fb_h6_k7_mall_d0,IMG_0074
fb_h6_k7_mall_d0,IMG_0091
fb_h6_k7_mall_d0,IMG_0090
fb_h6_k7_mall_d0,IMG_0077
fb_h6_k7_mall_d0,IMG_0211
fb_h6_k7_mall_d0,IMG_0220
fb_h6_k7_mall_d0,IMG_0185
fb_h6_k7_mall_d0,IMG_0184
fb_h6_k7_mall_d0,IMG_0072
fb_h6_k7_mall_d0,IMG_0198
fb_h6_k7_mall_d0,IMG_0235
fb_h6_k7_mall_d0,IMG_0204
fb_h6_k7_mall_d0,IMG_0179
fb_h6_k7_mall_d0,IMG_0263
fb_h6_k7_mall_d0,IMG_0173
fb_h6_k7_mall_d0,IMG_0260
fb_h6_k7_mall_d0,IMG_0218
fb_h6_k7_mall_d0,IMG_0177
fb_h6_k7_mall_d0,IMG_0273
fb_h6_k7_mall_d0,IMG_0210
fb_h6_k7_mall_d0,IMG_0223
fb_h6_k7_mall_d0,IMG_0070
fb_h6_k7_mall_d0,IMG_0106-HEIC
fb_h6_k7_mall_d0,IMG_0165
fb_h6_k7_mall_d0,IMG_0109-HEIC
fb_h6_k7_mall_d0,IMG_0175
fb_h6_k7_mall_d0,IMG_0148
fb_h6_k7_mall_d0,IMG_0192
fb_h6_k7_mall_d0,IMG_0095
fb_h6_k7_mall_d0,IMG_0279
fb_h6_k7_mall_d0,IMG_0230
fb_h6_k7_mall_d0,IMG_0153
fb_h6_k7_mall_d0,IMG_0104-HEIC
fb_h6_k7_mall_d0,IMG_0267
fb_h6_k7_mall_d0,IMG_0126-HEIC
fb_h6_k7_mall_d0,IMG_0083-HEIC
fb_h6_k7_mall_d0,IMG_0136
fb_h6_k7_mall_d0,IMG_0108-HEIC
fb_h6_k7_mall_d0,IMG_0069
fb_h6_k7_mall_d0,IMG_0084
fb_h6_k7_mall_d0,IMG_0219
fb_h6_k7_mall_d0,IMG_0182-HEIC
fb_h6_k7_mall_d0,IMG_0284
fb_h6_k7_mall_d0,IMG_0187-HEIC
fb_h6_k7_mall_d0,IMG_0080
fb_h6_k7_mall_d0,IMG_0105-HEIC
fb_h6_k7_mall_d0,IMG_0089
fb_h6_k7_mall_d0,IMG_0256
fb_h6_k7_mall_d0,IMG_0209
fb_h6_k7_mall_d0,IMG_0066
fb_h6_k7_mall_d0,IMG_0116-HEIC
fb_h6_k7_mall_d0,IMG_0142
fb_h6_k7_mall_d0,IMG_0078
fb_h6_k7_mall_d0,IMG_0159
fb_h6_k7_mall_d0,IMG_0238
fb_h6_k7_mall_d0,IMG_0257
fb_h6_k7_mall_d0,IMG_0174
fb_h6_k7_mall_d0,IMG_0178
fb_h6_k7_mall_d0,IMG_2346-HEIC
fb_h6_k7_mall_d0,IMG_2305-HEIC
fb_h6_k7_mall_d0,IMG_2334-HEIC
fb_h6_k7_mall_d0,IMG_0767-HEIC
fb_h6_k7_mall_d0,IMG_2352-HEIC
fb_h6_k7_mall_d0,IMG_2258-HEIC
fb_h6_k7_mall_d0,IMG_2296-HEIC
fb_h6_k7_mall_d0,IMG_2243-HEIC
fb_h6_k7_mall_d0,IMG_0756-HEIC
fb_h6_k7_mall_d0,IMG_0758-HEIC
fb_h6_k7_mall_d0,IMG_2255-HEIC
fb_h6_k7_mall_d0,IMG_2251-HEIC
fb_h6_k7_mall_d0,IMG_0752-HEIC
fb_h6_k7_mall_d0,IMG_2339-HEIC
fb_h6_k7_mall_d0,IMG_2384-HEIC
fb_h6_k7_mall_d0,IMG_0760-HEIC
fb_h6_k7_mall_d0,IMG_0740-HEIC
fb_h6_k7_mall_d0,IMG_2291-HEIC
fb_h6_k7_mall_d0,IMG_2285-HEIC
fb_h6_k7_mall_d0,IMG_2274-HEIC
fb_h6_k7_mall_d0,IMG_2332-HEIC
fb_h6_k7_mall_d0,IMG_2383-HEIC
fb_h6_k7_mall_d0,IMG_2294-HEIC
fb_h6_k7_mall_d0,IMG_2304-HEIC
fb_h6_k7_mall_d0,IMG_0765-HEIC
fb_h6_k7_mall_d0,IMG_0769-HEIC
fb_h6_k7_mall_d0,IMG_0771-HEIC
fb_h6_k7_mall_d0,IMG_2287-HEIC
fb_h6_k7_mall_d0,IMG_2306-HEIC
fb_h6_k7_mall_d0,IMG_2303-HEIC
fb_h6_k7_mall_d0,IMG_2329-HEIC
fb_h6_k7_mall_d0,IMG_2290-HEIC
fb_h6_k7_mall_d0,IMG_2337-HEIC
fb_h6_k7_mall_d0,IMG_2245-HEIC
fb_h6_k7_mall_d0,IMG_2273-HEIC
fb_h6_k7_mall_d0,IMG_0764-HEIC
fb_h6_k7_mall_d0,IMG_2311-HEIC
fb_h6_k7_mall_d0,IMG_2381-HEIC
fb_h6_k7_mall_d0,IMG_0768-HEIC
fb_h6_k7_mall_d0,IMG_2240-HEIC
fb_h6_k7_mall_d0,IMG_0763-HEIC
fb_h6_k7_mall_d0,IMG_2286-HEIC
fb_h6_k7_mall_d0,IMG_0743-HEIC
fb_h6_k7_mall_d0,IMG_2302-HEIC
fb_h6_k7_mall_d0,IMG_2257-HEIC
fb_h6_k7_mall_d0,IMG_2253-HEIC
fb_h6_k7_mall_d0,IMG_0757-HEIC
fb_h6_k7_mall_d0,IMG_2380-HEIC
fb_h6_k7_mall_d0,IMG_2239-HEIC
fb_h6_k7_mall_d0,IMG_2308-HEIC
fb_h6_k7_mall_d0,IMG_2382-HEIC
fb_h6_k7_mall_d0,IMG_2256-HEIC
fb_h6_k7_mall_d0,IMG_2345-HEIC
fb_h6_k7_mall_d0,IMG_2349-HEIC
fb_h6_k7_mall_d0,IMG_2248-HEIC
fb_h6_k7_mall_d0,IMG_0742-HEIC
fb_h6_k7_mall_d0,IMG_0766-HEIC
fb_h6_k7_mall_d0,IMG_2343-HEIC
fb_h6_k7_mall_d0,IMG_2246-HEIC
fb_h6_k7_mall_d0,IMG_2295-HEIC
fb_h6_k7_mall_d0,IMG_2252-HEIC
fb_h6_k7_mall_d0,IMG_2254-HEIC
fb_h6_k7_mall_d0,IMG_2335-HEIC
fb_h6_k7_mall_d0,IMG_2386-HEIC
fb_h6_k7_mall_d0,IMG_2241-HEIC
fb_h6_k7_mall_d0,IMG_2341-HEIC
fb_h6_k7_mall_d0,IMG_2288-HEIC
fb_h6_k7_mall_d0,IMG_2309-HEIC
fb_h6_k7_mall_d0,IMG_2330-HEIC
fb_h6_k7_mall_d0,IMG_2347-HEIC
fb_h6_k7_mall_d0,IMG_2270-HEIC
fb_h6_k7_mall_d0,IMG_2342-HEIC
fb_h6_k7_mall_d0,IMG_2310-HEIC
fb_h6_k7_mall_d0,IMG_2242-HEIC
fb_h6_k7_mall_d0,IMG_0741-HEIC
fb_h6_k7_mall_d0,IMG_2340-HEIC
fb_h6_k7_mall_d0,IMG_2338-HEIC
fb_h6_k7_mall_d0,IMG_2293-HEIC
fb_h6_k7_mall_d0,IMG_0770-HEIC
fb_h6_k7_mall_d0,IMG_0761-HEIC
fb_h6_k7_mall_d0,IMG_2289-HEIC
fb_h6_k7_mall_d0,IMG_2331-HEIC
fb_h6_k7_mall_d0,IMG_2307-HEIC
fb_h6_k7_mall_d0,IMG_0751-HEIC
fb_h6_k7_mall_d0,IMG_0759-HEIC
fb_h6_k7_mall_d0,IMG_2333-HEIC
fb_h6_k7_mall_d0,IMG_2336-HEIC
fb_h6_k7_mall_d0,IMG_2244-HEIC
fb_h6_k7_mall_d0,IMG_2247-HEIC
fb_h6_k7_mall_d0,IMG_0772-HEIC
fb_h6_k7_mall_d0,IMG_2389-HEIC
fb_h6_k7_mall_d0,IMG_2390-HEIC
fb_h6_k7_mall_d0,IMG_2249-HEIC
fb_h6_k7_mall_d0,IMG_2259-HEIC
fb_h6_k7_mall_d0,IMG_0754-HEIC
fb_h6_k7_mall_d0,IMG_0737-HEIC
fb_h6_k7_mall_d0,IMG_2385-HEIC
fb_h6_k7_mall_d0,IMG_0755-HEIC
fb_h6_k7_mall_d0,IMG_2351-HEIC
fb_h6_k7_mall_d0,IMG_2391-HEIC
fb_h6_k7_mall_d0,IMG_0773-HEIC
fb_h6_k7_mall_d0,IMG_1915
fb_h6_k7_mall_d0,IMG_1917
fb_h6_k7_mall_d0,IMG_4031
fb_h6_k7_mall_d0,IMG_2049
fb_h6_k7_mall_d0,IMG_2026
fb_h6_k7_mall_d0,IMG_2032
fb_h6_k7_mall_d0,IMG_4034
fb_h6_k7_mall_d0,IMG_4024
fb_h6_k7_mall_d0,IMG_2015
fb_h6_k7_mall_d0,IMG_3931
fb_h6_k7_mall_d0,IMG_4014
fb_h6_k7_mall_d0,IMG_2016
fb_h6_k7_mall_d0,IMG_2018
fb_h6_k7_mall_d0,IMG_4041
fb_h6_k7_mall_d0,IMG_3977
fb_h6_k7_mall_d0,IMG_4012
fb_h6_k7_mall_d0,IMG_3926
fb_h6_k7_mall_d0,IMG_2038
fb_h6_k7_mall_d0,IMG_2010
fb_h6_k7_mall_d0,IMG_2023
fb_h6_k7_mall_d0,IMG_1918
fb_h6_k7_mall_d0,IMG_2057
fb_h6_k7_mall_d0,IMG_1993
fb_h6_k7_mall_d0,IMG_1971
fb_h6_k7_mall_d0,IMG_3984
fb_h6_k7_mall_d0,IMG_3982
fb_h6_k7_mall_d0,IMG_2051
fb_h6_k7_mall_d0,IMG_1925
fb_h6_k7_mall_d0,IMG_2024
fb_h6_k7_mall_d0,IMG_3999
fb_h6_k7_mall_d0,IMG_4020
fb_h6_k7_mall_d0,IMG_1963
fb_h6_k7_mall_d0,IMG_4002
fb_h6_k7_mall_d0,IMG_2045
fb_h6_k7_mall_d0,IMG_2044
fb_h6_k7_mall_d0,IMG_2055
fb_h6_k7_mall_d0,IMG_1913
fb_h6_k7_mall_d0,IMG_1958
fb_h6_k7_mall_d0,IMG_3978
fb_h6_k7_mall_d0,IMG_3981
fb_h6_k7_mall_d0,IMG_2037
fb_h6_k7_mall_d0,IMG_2013
fb_h6_k7_mall_d0,IMG_3919
fb_h6_k7_mall_d0,IMG_1970
fb_h6_k7_mall_d0,IMG_4053
fb_h6_k7_mall_d0,IMG_4005
fb_h6_k7_mall_d0,IMG_1923
fb_h6_k7_mall_d0,IMG_3995
fb_h6_k7_mall_d0,IMG_1969
fb_h6_k7_mall_d0,IMG_2025
fb_h6_k7_mall_d0,IMG_1960
fb_h6_k7_mall_d0,IMG_2054
fb_h6_k7_mall_d0,IMG_2048
fb_h6_k7_mall_d0,IMG_2002
fb_h6_k7_mall_d0,IMG_3975
fb_h6_k7_mall_d0,IMG_3997
fb_h6_k7_mall_d0,IMG_3986
fb_h6_k7_mall_d0,IMG_2022
fb_h6_k7_mall_d0,IMG_1914
fb_h6_k7_mall_d0,IMG_3980
fb_h6_k7_mall_d0,IMG_2011
fb_h6_k7_mall_d0,IMG_1959
fb_h6_k7_mall_d0,IMG_1956
fb_h6_k7_mall_d0,IMG_1929
fb_h6_k7_mall_d0,IMG_2043
fb_h6_k7_mall_d0,IMG_1966
fb_h6_k7_mall_d0,IMG_2031
fb_h6_k7_mall_d0,IMG_2014
fb_h6_k7_mall_d0,IMG_3918
fb_h6_k7_mall_d0,IMG_2030
fb_h6_k7_mall_d0,IMG_1999
fb_h6_k7_mall_d0,IMG_1962
fb_h6_k7_mall_d0,IMG_2053
fb_h6_k7_mall_d0,IMG_3928
fb_h6_k7_mall_d0,IMG_4011
fb_h6_k7_mall_d0,IMG_2019
fb_h6_k7_mall_d0,IMG_3929
fb_h6_k7_mall_d0,IMG_3998
fb_h6_k7_mall_d0,IMG_2001
fb_h6_k7_mall_d0,IMG_3965
fb_h6_k7_mall_d0,IMG_4032
fb_h6_k7_mall_d0,IMG_3994
fb_h6_k7_mall_d0,IMG_2056
fb_h6_k7_mall_d0,IMG_3983
fb_h6_k7_mall_d0,IMG_4013
fb_h6_k7_mall_d0,IMG_2040
fb_h6_k7_mall_d0,IMG_3930
fb_h6_k7_mall_d0,IMG_3963
fb_h6_k7_mall_d0,IMG_2039
fb_h6_k7_mall_d0,IMG_3924
fb_h6_k7_mall_d0,IMG_4015
fb_h6_k7_mall_d0,IMG_4047
fb_h6_k7_mall_d0,IMG_1922
fb_h6_k7_mall_d0,IMG_2042
fb_h6_k7_mall_d0,IMG_1908
fb_h6_k7_mall_d0,IMG_3993
fb_h6_k7_mall_d0,IMG_4004
fb_h6_k7_mall_d0,IMG_1968
fb_h6_k7_mall_d0,IMG_4003
fb_h6_k7_mall_d0,IMG_3962
fb_h6_k7_mall_d0,IMG_3987
fb_h6_k7_mall_d0,IMG_1912
fb_h6_k7_mall_d0,IMG_1965
fb_h6_k7_mall_d0,IMG_4058
fb_h6_k7_mall_d0,IMG_2052
fb_h6_k7_mall_d0,IMG_3976
fb_h6_k7_mall_d0,IMG_4026
fb_h6_k7_mall_d0,IMG_1928
fb_h6_k7_mall_d0,IMG_1997
fb_h6_k7_mall_d0,IMG_4019
fb_h6_k7_mall_d0,IMG_3920
fb_h6_k7_mall_d0,IMG_1998
fb_h6_k7_mall_d0,IMG_4001
fb_h6_k7_mall_d0,IMG_4029
fb_h6_k7_mall_d0,IMG_3921
fb_h6_k7_mall_d0,IMG_1957
fb_h6_k7_mall_d0,IMG_3923
fb_h6_k7_mall_d0,IMG_1964
fb_h6_k7_mall_d0,IMG_3961
fb_h6_k7_mall_d0,IMG_2050
fb_h6_k7_mall_d0,IMG_1924
fb_h6_k7_mall_d0,IMG_2047
fb_h6_k7_mall_d0,IMG_1909
fb_h6_k7_mall_d0,IMG_3996
fb_h6_k7_mall_d0,IMG_2012
fb_h6_k7_mall_d0,IMG_4025
fb_h6_k7_mall_d0,IMG_3992
fb_h6_k7_mall_d0,IMG_2009
fb_h6_k7_mall_d0,IMG_3932
fb_h6_k7_mall_d0,IMG_2046
fb_h6_k7_mall_d0,IMG_4033
fb_h6_k7_mall_d0,IMG_1961
fb_h6_k7_mall_d0,IMG_1916
fb_h6_k7_mall_d0,IMG_1996
fb_h6_k7_mall_d0,IMG_3925
fb_h6_k7_mall_d0,IMG_2206-HEIC
fb_h6_k7_mall_d0,IMG_2199-HEIC
fb_h6_k7_mall_d0,IMG_2138-HEIC
fb_h6_k7_mall_d0,IMG_2216-HEIC
fb_h6_k7_mall_d0,IMG_2201-HEIC
fb_h6_k7_mall_d0,IMG_2133-HEIC
fb_h6_k7_mall_d0,IMG_2198-HEIC
fb_h6_k7_mall_d0,IMG_2155-HEIC
fb_h6_k7_mall_d0,IMG_2180-HEIC
fb_h6_k7_mall_d0,IMG_2204-HEIC
fb_h6_k7_mall_d0,IMG_2196-HEIC
fb_h6_k7_mall_d0,IMG_2197-HEIC
fb_h6_k7_mall_d0,IMG_2209-HEIC
fb_h6_k7_mall_d0,IMG_2148-HEIC
fb_h6_k7_mall_d0,IMG_2181-HEIC
fb_h6_k7_mall_d0,IMG_2188-HEIC
fb_h6_k7_mall_d0,IMG_2179-HEIC
fb_h6_k7_mall_d0,IMG_2203-HEIC
fb_h6_k7_mall_d0,IMG_2211-HEIC
fb_h6_k7_mall_d0,IMG_2154-HEIC
fb_h6_k7_mall_d0,IMG_2153-HEIC
fb_h6_k7_mall_d0,IMG_2149-HEIC
fb_h6_k7_mall_d0,IMG_2150-HEIC
fb_h6_k7_mall_d0,IMG_2170-HEIC
fb_h6_k7_mall_d0,IMG_2189-HEIC
fb_h6_k7_mall_d0,IMG_2178-HEIC
fb_h6_k7_mall_d0,IMG_2176-HEIC
fb_h6_k7_mall_d0,IMG_2134-HEIC
fb_h6_k7_mall_d0,IMG_2159-HEIC
fb_h6_k7_mall_d0,IMG_2195-HEIC
fb_h6_k7_mall_d0,IMG_2202-HEIC
fb_h6_k7_mall_d0,IMG_2183-HEIC
fb_h6_k7_mall_d0,IMG_2169-HEIC
fb_h6_k7_mall_d0,IMG_2191-HEIC
fb_h6_k7_mall_d0,IMG_2214-HEIC
fb_h6_k7_mall_d0,IMG_2168-HEIC
fb_h6_k7_mall_d0,IMG_2185-HEIC
fb_h6_k7_mall_d0,IMG_2131-HEIC
fb_h6_k7_mall_d0,IMG_2152-HEIC
fb_h6_k7_mall_d0,IMG_2174-HEIC
fb_h6_k7_mall_d0,IMG_2193-HEIC
fb_h6_k7_mall_d0,IMG_2151-HEIC
fb_h6_k7_mall_d0,IMG_2212-HEIC
fb_h6_k7_mall_d0,IMG_2177-HEIC
fb_h6_k7_mall_d0,IMG_2175-HEIC
fb_h6_k7_mall_d0,IMG_2213-HEIC
fb_h6_k7_mall_d0,IMG_2208-HEIC
fb_h6_k7_mall_d0,IMG_2158-HEIC
fb_h6_k7_mall_d0,IMG_2205-HEIC
fb_h6_k7_mall_d0,IMG_2132-HEIC
fb_h6_k7_mall_d0,IMG_2156-HEIC
fb_h6_k7_mall_d0,IMG_2187-HEIC
fb_h6_k7_mall_d0,IMG_2194-HEIC
fb_h6_k7_mall_d0,IMG_2139-HEIC
fb_h6_k7_mall_d0,IMG_2182-HEIC
fb_h6_k7_mall_d0,IMG_2184-HEIC
fb_h6_k7_mall_d0,IMG_2190-HEIC
fb_h7_k1_m15_d0,IMG_0743-HEIC
fb_h7_k1_m15_d0,IMG_2351-HEIC
fb_h7_k1_m15_d0,IMG_2240-HEIC
fb_h7_k1_m15_d0,IMG_2296-HEIC
fb_h7_k1_m15_d0,IMG_2310-HEIC
fb_h7_k1_m15_d0,IMG_2331-HEIC
fb_h7_k1_m15_d0,IMG_2259-HEIC
fb_h7_k1_m15_d0,IMG_0764-HEIC
fb_h7_k1_m15_d0,IMG_2243-HEIC
fb_h7_k1_m15_d0,IMG_0754-HEIC
fb_h7_k1_m15_d0,IMG_2334-HEIC
fb_h7_k1_m15_d0,IMG_2337-HEIC
fb_h7_k1_m15_d0,IMG_2386-HEIC
fb_h7_k1_m15_d0,IMG_0741-HEIC
fb_h7_k1_m15_d0,IMG_0766-HEIC
fb_h7_k1_m50_d0,IMG_0743-HEIC
fb_h7_k1_m50_d0,IMG_2351-HEIC
fb_h7_k1_m50_d0,IMG_2240-HEIC
fb_h7_k1_m50_d0,IMG_2296-HEIC
fb_h7_k1_m50_d0,IMG_2310-HEIC
fb_h7_k1_m50_d0,IMG_2331-HEIC
fb_h7_k1_m50_d0,IMG_2259-HEIC
fb_h7_k1_m50_d0,IMG_0764-HEIC
fb_h7_k1_m50_d0,IMG_2243-HEIC
fb_h7_k1_m50_d0,IMG_0754-HEIC
fb_h7_k1_m50_d0,IMG_2334-HEIC
fb_h7_k1_m50_d0,IMG_2337-HEIC
fb_h7_k1_m50_d0,IMG_2386-HEIC
fb_h7_k1_m50_d0,IMG_0741-HEIC
fb_h7_k1_m50_d0,IMG_0766-HEIC
fb_h7_k1_m50_d0,IMG_2239-HEIC
fb_h7_k1_m50_d0,IMG_2273-HEIC
fb_h7_k1_m50_d0,IMG_0773-HEIC
fb_h7_k1_m50_d0,IMG_2389-HEIC
fb_h7_k1_m50_d0,IMG_2308-HEIC
fb_h7_k1_m50_d0,IMG_0768-HEIC
fb_h7_k1_m50_d0,IMG_2349-HEIC
fb_h7_k1_m50_d0,IMG_2247-HEIC
fb_h7_k1_m50_d0,IMG_2270-HEIC
fb_h7_k1_m50_d0,IMG_0742-HEIC
fb_h7_k1_m50_d0,IMG_2346-HEIC
fb_h7_k1_m50_d0,IMG_2338-HEIC
fb_h7_k1_m50_d0,IMG_2380-HEIC
fb_h7_k1_m50_d0,IMG_0740-HEIC
fb_h7_k1_m50_d0,IMG_0759-HEIC
fb_h7_k1_m50_d0,IMG_2332-HEIC
fb_h7_k1_m50_d0,IMG_2341-HEIC
fb_h7_k1_m50_d0,IMG_0772-HEIC
fb_h7_k1_m50_d0,IMG_2242-HEIC
fb_h7_k1_m50_d0,IMG_0752-HEIC
fb_h7_k1_m50_d0,IMG_2306-HEIC
fb_h7_k1_m50_d0,IMG_2258-HEIC
fb_h7_k1_m50_d0,IMG_2246-HEIC
fb_h7_k1_m50_d0,IMG_2255-HEIC
fb_h7_k1_m50_d0,IMG_2252-HEIC
fb_h7_k1_m50_d0,IMG_2251-HEIC
fb_h7_k1_m50_d0,IMG_2257-HEIC
fb_h7_k1_m50_d0,IMG_0760-HEIC
fb_h7_k1_m50_d0,IMG_2307-HEIC
fb_h7_k1_m50_d0,IMG_2305-HEIC
fb_h7_k1_m50_d0,IMG_0765-HEIC
fb_h7_k1_m50_d0,IMG_2295-HEIC
fb_h7_k1_m50_d0,IMG_2330-HEIC
fb_h7_k1_m50_d0,IMG_2241-HEIC
fb_h7_k1_m50_d0,IMG_0763-HEIC
fb_h7_k1_mall_d0,IMG_0743-HEIC
fb_h7_k1_mall_d0,IMG_2351-HEIC
fb_h7_k1_mall_d0,IMG_2240-HEIC
fb_h7_k1_mall_d0,IMG_2296-HEIC
fb_h7_k1_mall_d0,IMG_2310-HEIC
fb_h7_k1_mall_d0,IMG_2331-HEIC
fb_h7_k1_mall_d0,IMG_2259-HEIC
fb_h7_k1_mall_d0,IMG_0764-HEIC
fb_h7_k1_mall_d0,IMG_2243-HEIC
fb_h7_k1_mall_d0,IMG_0754-HEIC
fb_h7_k1_mall_d0,IMG_2334-HEIC
fb_h7_k1_mall_d0,IMG_2337-HEIC
fb_h7_k1_mall_d0,IMG_2386-HEIC
fb_h7_k1_mall_d0,IMG_0741-HEIC
fb_h7_k1_mall_d0,IMG_0766-HEIC
fb_h7_k1_mall_d0,IMG_2239-HEIC
fb_h7_k1_mall_d0,IMG_2273-HEIC
fb_h7_k1_mall_d0,IMG_0773-HEIC
fb_h7_k1_mall_d0,IMG_2389-HEIC
fb_h7_k1_mall_d0,IMG_2308-HEIC
fb_h7_k1_mall_d0,IMG_0768-HEIC
fb_h7_k1_mall_d0,IMG_2349-HEIC
fb_h7_k1_mall_d0,IMG_2247-HEIC
fb_h7_k1_mall_d0,IMG_2270-HEIC
fb_h7_k1_mall_d0,IMG_0742-HEIC
fb_h7_k1_mall_d0,IMG_2346-HEIC
fb_h7_k1_mall_d0,IMG_2338-HEIC
fb_h7_k1_mall_d0,IMG_2380-HEIC
fb_h7_k1_mall_d0,IMG_0740-HEIC
fb_h7_k1_mall_d0,IMG_0759-HEIC
fb_h7_k1_mall_d0,IMG_2332-HEIC
fb_h7_k1_mall_d0,IMG_2341-HEIC
fb_h7_k1_mall_d0,IMG_0772-HEIC
fb_h7_k1_mall_d0,IMG_2242-HEIC
fb_h7_k1_mall_d0,IMG_0752-HEIC
fb_h7_k1_mall_d0,IMG_2306-HEIC
fb_h7_k1_mall_d0,IMG_2258-HEIC
fb_h7_k1_mall_d0,IMG_2246-HEIC
fb_h7_k1_mall_d0,IMG_2255-HEIC
fb_h7_k1_mall_d0,IMG_2252-HEIC
fb_h7_k1_mall_d0,IMG_2251-HEIC
fb_h7_k1_mall_d0,IMG_2257-HEIC
fb_h7_k1_mall_d0,IMG_0760-HEIC
fb_h7_k1_mall_d0,IMG_2307-HEIC
fb_h7_k1_mall_d0,IMG_2305-HEIC
fb_h7_k1_mall_d0,IMG_0765-HEIC
fb_h7_k1_mall_d0,IMG_2295-HEIC
fb_h7_k1_mall_d0,IMG_2330-HEIC
fb_h7_k1_mall_d0,IMG_2241-HEIC
fb_h7_k1_mall_d0,IMG_0763-HEIC
fb_h7_k1_mall_d0,IMG_2343-HEIC
fb_h7_k1_mall_d0,IMG_0767-HEIC
fb_h7_k1_mall_d0,IMG_2311-HEIC
fb_h7_k1_mall_d0,IMG_2274-HEIC
fb_h7_k1_mall_d0,IMG_2309-HEIC
fb_h7_k1_mall_d0,IMG_2339-HEIC
fb_h7_k1_mall_d0,IMG_0751-HEIC
fb_h7_k1_mall_d0,IMG_0756-HEIC
fb_h7_k1_mall_d0,IMG_2256-HEIC
fb_h7_k1_mall_d0,IMG_0755-HEIC
fb_h7_k1_mall_d0,IMG_2244-HEIC
fb_h7_k1_mall_d0,IMG_2302-HEIC
fb_h7_k1_mall_d0,IMG_2383-HEIC
fb_h7_k1_mall_d0,IMG_2248-HEIC
fb_h7_k1_mall_d0,IMG_2294-HEIC
fb_h7_k1_mall_d0,IMG_2390-HEIC
fb_h7_k1_mall_d0,IMG_0758-HEIC
fb_h7_k1_mall_d0,IMG_2285-HEIC
fb_h7_k1_mall_d0,IMG_2249-HEIC
fb_h7_k1_mall_d0,IMG_2345-HEIC
fb_h7_k1_mall_d0,IMG_2329-HEIC
fb_h7_k1_mall_d0,IMG_2347-HEIC
fb_h7_k1_mall_d0,IMG_2333-HEIC
fb_h7_k1_mall_d0,IMG_0769-HEIC
fb_h7_k1_mall_d0,IMG_2287-HEIC
fb_h7_k1_mall_d0,IMG_0737-HEIC
fb_h7_k1_mall_d0,IMG_2290-HEIC
fb_h7_k1_mall_d0,IMG_2335-HEIC
fb_h7_k1_mall_d0,IMG_2336-HEIC
fb_h7_k1_mall_d0,IMG_2288-HEIC
fb_h7_k1_mall_d0,IMG_2303-HEIC
fb_h7_k1_mall_d0,IMG_2253-HEIC
fb_h7_k1_mall_d0,IMG_0771-HEIC
fb_h7_k1_mall_d0,IMG_0770-HEIC
fb_h7_k1_mall_d0,IMG_2384-HEIC
fb_h7_k1_mall_d0,IMG_2304-HEIC
fb_h7_k1_mall_d0,IMG_2382-HEIC
fb_h7_k1_mall_d0,IMG_2245-HEIC
fb_h7_k1_mall_d0,IMG_0761-HEIC
fb_h7_k1_mall_d0,IMG_0757-HEIC
fb_h7_k1_mall_d0,IMG_2381-HEIC
fb_h7_k1_mall_d0,IMG_2342-HEIC
fb_h7_k1_mall_d0,IMG_2254-HEIC
fb_h7_k1_mall_d0,IMG_2286-HEIC
fb_h7_k1_mall_d0,IMG_2289-HEIC
fb_h7_k1_mall_d0,IMG_2293-HEIC
fb_h7_k1_mall_d0,IMG_2352-HEIC
fb_h7_k1_mall_d0,IMG_2291-HEIC
fb_h7_k1_mall_d0,IMG_2385-HEIC
fb_h7_k1_mall_d0,IMG_2391-HEIC
fb_h7_k1_mall_d0,IMG_2340-HEIC
fb_h7_k1_m15_d1,IMG_9955
fb_h7_k1_m15_d1,IMG_9931
fb_h7_k1_m15_d1,IMG_9922
fb_h7_k1_m15_d1,IMG_9920
fb_h7_k1_m15_d1,IMG_9956
fb_h7_k1_m15_d1,IMG_9903
fb_h7_k1_m15_d1,IMG_9899
fb_h7_k1_m15_d1,IMG_9924
fb_h7_k1_m15_d1,IMG_9939
fb_h7_k1_m15_d1,IMG_9906
fb_h7_k1_m15_d1,IMG_9990
fb_h7_k1_m15_d1,IMG_9983
fb_h7_k1_m15_d1,IMG_9958
fb_h7_k1_m15_d1,IMG_9946
fb_h7_k1_m15_d1,IMG_9908
fb_h7_k1_m50_d1,IMG_9955
fb_h7_k1_m50_d1,IMG_9931
fb_h7_k1_m50_d1,IMG_9922
fb_h7_k1_m50_d1,IMG_9920
fb_h7_k1_m50_d1,IMG_9956
fb_h7_k1_m50_d1,IMG_9903
fb_h7_k1_m50_d1,IMG_9899
fb_h7_k1_m50_d1,IMG_9924
fb_h7_k1_m50_d1,IMG_9939
fb_h7_k1_m50_d1,IMG_9906
fb_h7_k1_m50_d1,IMG_9990
fb_h7_k1_m50_d1,IMG_9983
fb_h7_k1_m50_d1,IMG_9958
fb_h7_k1_m50_d1,IMG_9946
fb_h7_k1_m50_d1,IMG_9908
fb_h7_k1_m50_d1,IMG_9943
fb_h7_k1_m50_d1,IMG_9900
fb_h7_k1_m50_d1,IMG_9895
fb_h7_k1_m50_d1,IMG_9933
fb_h7_k1_m50_d1,IMG_9948
fb_h7_k1_m50_d1,IMG_9921
fb_h7_k1_m50_d1,IMG_9951
fb_h7_k1_m50_d1,IMG_9896
fb_h7_k1_m50_d1,IMG_9916
fb_h7_k1_m50_d1,IMG_9961
fb_h7_k1_m50_d1,IMG_9969
fb_h7_k1_m50_d1,IMG_9888
fb_h7_k1_m50_d1,IMG_9965
fb_h7_k1_m50_d1,IMG_9942
fb_h7_k1_m50_d1,IMG_9953
fb_h7_k1_m50_d1,IMG_9894
fb_h7_k1_m50_d1,IMG_9890
fb_h7_k1_m50_d1,IMG_9898
fb_h7_k1_m50_d1,IMG_9947
fb_h7_k1_m50_d1,IMG_9893
fb_h7_k1_m50_d1,IMG_9988
fb_h7_k1_m50_d1,IMG_9957
fb_h7_k1_m50_d1,IMG_9987
fb_h7_k1_m50_d1,IMG_9902
fb_h7_k1_m50_d1,IMG_9927
fb_h7_k1_m50_d1,IMG_9905
fb_h7_k1_m50_d1,IMG_9980
fb_h7_k1_m50_d1,IMG_9941
fb_h7_k1_m50_d1,IMG_9923
fb_h7_k1_m50_d1,IMG_9911
fb_h7_k1_m50_d1,IMG_9886
fb_h7_k1_m50_d1,IMG_9960
fb_h7_k1_m50_d1,IMG_9904
fb_h7_k1_m50_d1,IMG_9970
fb_h7_k1_m50_d1,IMG_9986
fb_h7_k1_mall_d1,IMG_9955
fb_h7_k1_mall_d1,IMG_9931
fb_h7_k1_mall_d1,IMG_9922
fb_h7_k1_mall_d1,IMG_9920
fb_h7_k1_mall_d1,IMG_9956
fb_h7_k1_mall_d1,IMG_9903
fb_h7_k1_mall_d1,IMG_9899
fb_h7_k1_mall_d1,IMG_9924
fb_h7_k1_mall_d1,IMG_9939
fb_h7_k1_mall_d1,IMG_9906
fb_h7_k1_mall_d1,IMG_9990
fb_h7_k1_mall_d1,IMG_9983
fb_h7_k1_mall_d1,IMG_9958
fb_h7_k1_mall_d1,IMG_9946
fb_h7_k1_mall_d1,IMG_9908
fb_h7_k1_mall_d1,IMG_9943
fb_h7_k1_mall_d1,IMG_9900
fb_h7_k1_mall_d1,IMG_9895
fb_h7_k1_mall_d1,IMG_9933
fb_h7_k1_mall_d1,IMG_9948
fb_h7_k1_mall_d1,IMG_9921
fb_h7_k1_mall_d1,IMG_9951
fb_h7_k1_mall_d1,IMG_9896
fb_h7_k1_mall_d1,IMG_9916
fb_h7_k1_mall_d1,IMG_9961
fb_h7_k1_mall_d1,IMG_9969
fb_h7_k1_mall_d1,IMG_9888
fb_h7_k1_mall_d1,IMG_9965
fb_h7_k1_mall_d1,IMG_9942
fb_h7_k1_mall_d1,IMG_9953
fb_h7_k1_mall_d1,IMG_9894
fb_h7_k1_mall_d1,IMG_9890
fb_h7_k1_mall_d1,IMG_9898
fb_h7_k1_mall_d1,IMG_9947
fb_h7_k1_mall_d1,IMG_9893
fb_h7_k1_mall_d1,IMG_9988
fb_h7_k1_mall_d1,IMG_9957
fb_h7_k1_mall_d1,IMG_9987
fb_h7_k1_mall_d1,IMG_9902
fb_h7_k1_mall_d1,IMG_9927
fb_h7_k1_mall_d1,IMG_9905
fb_h7_k1_mall_d1,IMG_9980
fb_h7_k1_mall_d1,IMG_9941
fb_h7_k1_mall_d1,IMG_9923
fb_h7_k1_mall_d1,IMG_9911
fb_h7_k1_mall_d1,IMG_9886
fb_h7_k1_mall_d1,IMG_9960
fb_h7_k1_mall_d1,IMG_9904
fb_h7_k1_mall_d1,IMG_9970
fb_h7_k1_mall_d1,IMG_9986
fb_h7_k1_mall_d1,IMG_9914-HEIC
fb_h7_k1_mall_d1,IMG_9912-HEIC
fb_h7_k1_mall_d1,IMG_9944
fb_h7_k1_mall_d1,IMG_9989
fb_h7_k1_mall_d1,IMG_9973
fb_h7_k1_mall_d1,IMG_9885
fb_h7_k1_mall_d1,IMG_9889
fb_h7_k1_mall_d1,IMG_9919
fb_h7_k1_mall_d1,IMG_9928
fb_h7_k1_mall_d1,IMG_9968
fb_h7_k1_mall_d1,IMG_9972
fb_h7_k1_mall_d1,IMG_9984
fb_h7_k1_mall_d1,IMG_9892
fb_h7_k1_mall_d1,IMG_9897
fb_h7_k1_mall_d1,IMG_9910
fb_h7_k1_mall_d1,IMG_9985
fb_h7_k1_mall_d1,IMG_9959
fb_h7_k1_mall_d1,IMG_9907
fb_h7_k1_mall_d1,IMG_9963
fb_h7_k1_mall_d1,IMG_9949
fb_h7_k1_mall_d1,IMG_9940
fb_h7_k1_mall_d1,IMG_9926
fb_h7_k1_mall_d1,IMG_9917
fb_h7_k1_mall_d1,IMG_9891
fb_h7_k1_mall_d1,IMG_9915
fb_h7_k1_mall_d1,IMG_9929
fb_h7_k1_mall_d1,IMG_9918
fb_h7_k1_mall_d1,IMG_9977
fb_h7_k1_mall_d1,IMG_9962
fb_h7_k1_mall_d1,IMG_9991
fb_h7_k1_mall_d1,IMG_9925
fb_h7_k1_mall_d1,IMG_9887
fb_h7_k2_m15_d0,IMG_9873
fb_h7_k2_m15_d0,IMG_9803
fb_h7_k2_m15_d0,IMG_0427
fb_h7_k2_m15_d0,IMG_0439
fb_h7_k2_m15_d0,IMG_0346
fb_h7_k2_m15_d0,IMG_9840
fb_h7_k2_m15_d0,IMG_9911-HEIC
fb_h7_k2_m15_d0,IMG_9861-HEIC
fb_h7_k2_m15_d0,IMG_9997
fb_h7_k2_m15_d0,IMG_9806
fb_h7_k2_m15_d0,IMG_0444
fb_h7_k2_m15_d0,IMG_0393
fb_h7_k2_m15_d0,IMG_9807
fb_h7_k2_m15_d0,IMG_9964
fb_h7_k2_m15_d0,IMG_9764
fb_h7_k2_m15_d0,IMG_2067
fb_h7_k2_m15_d0,IMG_4098
fb_h7_k2_m15_d0,IMG_4186
fb_h7_k2_m15_d0,IMG_4067
fb_h7_k2_m15_d0,IMG_4170
fb_h7_k2_m15_d0,IMG_2115
fb_h7_k2_m15_d0,IMG_2107
fb_h7_k2_m15_d0,IMG_2135
fb_h7_k2_m15_d0,IMG_2073
fb_h7_k2_m15_d0,IMG_4069
fb_h7_k2_m15_d0,IMG_4086
fb_h7_k2_m15_d0,IMG_4203
fb_h7_k2_m15_d0,IMG_4191
fb_h7_k2_m15_d0,IMG_4164
fb_h7_k2_m15_d0,IMG_2100
fb_h7_k2_m50_d0,IMG_9873
fb_h7_k2_m50_d0,IMG_9803
fb_h7_k2_m50_d0,IMG_0427
fb_h7_k2_m50_d0,IMG_0439
fb_h7_k2_m50_d0,IMG_0346
fb_h7_k2_m50_d0,IMG_9840
fb_h7_k2_m50_d0,IMG_9911-HEIC
fb_h7_k2_m50_d0,IMG_9861-HEIC
fb_h7_k2_m50_d0,IMG_9997
fb_h7_k2_m50_d0,IMG_9806
fb_h7_k2_m50_d0,IMG_0444
fb_h7_k2_m50_d0,IMG_0393
fb_h7_k2_m50_d0,IMG_9807
fb_h7_k2_m50_d0,IMG_9964
fb_h7_k2_m50_d0,IMG_9764
fb_h7_k2_m50_d0,IMG_9998
fb_h7_k2_m50_d0,IMG_9858
fb_h7_k2_m50_d0,IMG_9854
fb_h7_k2_m50_d0,IMG_0291
fb_h7_k2_m50_d0,IMG_9979-HEIC
fb_h7_k2_m50_d0,IMG_9813
fb_h7_k2_m50_d0,IMG_9848
fb_h7_k2_m50_d0,IMG_0410
fb_h7_k2_m50_d0,IMG_9879
fb_h7_k2_m50_d0,IMG_9874
fb_h7_k2_m50_d0,IMG_0034
fb_h7_k2_m50_d0,IMG_9801
fb_h7_k2_m50_d0,IMG_9800
fb_h7_k2_m50_d0,IMG_9843
fb_h7_k2_m50_d0,IMG_0364
fb_h7_k2_m50_d0,IMG_9768
fb_h7_k2_m50_d0,IMG_0300
fb_h7_k2_m50_d0,IMG_9804
fb_h7_k2_m50_d0,IMG_9985-HEIC
fb_h7_k2_m50_d0,IMG_0398
fb_h7_k2_m50_d0,IMG_9971
fb_h7_k2_m50_d0,IMG_9823
fb_h7_k2_m50_d0,IMG_9951-HEIC
fb_h7_k2_m50_d0,IMG_0351
fb_h7_k2_m50_d0,IMG_9822
fb_h7_k2_m50_d0,IMG_9978-HEIC
fb_h7_k2_m50_d0,IMG_7021
fb_h7_k2_m50_d0,IMG_0370
fb_h7_k2_m50_d0,IMG_9917-HEIC
fb_h7_k2_m50_d0,IMG_0421
fb_h7_k2_m50_d0,IMG_9821
fb_h7_k2_m50_d0,IMG_9770
fb_h7_k2_m50_d0,IMG_9938
fb_h7_k2_m50_d0,IMG_0051
fb_h7_k2_m50_d0,IMG_0375
fb_h7_k2_m50_d0,IMG_2067
fb_h7_k2_m50_d0,IMG_4098
fb_h7_k2_m50_d0,IMG_4186
fb_h7_k2_m50_d0,IMG_4067
fb_h7_k2_m50_d0,IMG_4170
fb_h7_k2_m50_d0,IMG_2115
fb_h7_k2_m50_d0,IMG_2107
fb_h7_k2_m50_d0,IMG_2135
fb_h7_k2_m50_d0,IMG_2073
fb_h7_k2_m50_d0,IMG_4069
fb_h7_k2_m50_d0,IMG_4086
fb_h7_k2_m50_d0,IMG_4203
fb_h7_k2_m50_d0,IMG_4191
fb_h7_k2_m50_d0,IMG_4164
fb_h7_k2_m50_d0,IMG_2100
fb_h7_k2_m50_d0,IMG_2081
fb_h7_k2_m50_d0,IMG_2085
fb_h7_k2_m50_d0,IMG_4201
fb_h7_k2_m50_d0,IMG_2084
fb_h7_k2_m50_d0,IMG_4085
fb_h7_k2_m50_d0,IMG_4105
fb_h7_k2_m50_d0,IMG_4095
fb_h7_k2_m50_d0,IMG_4184
fb_h7_k2_m50_d0,IMG_4194
fb_h7_k2_m50_d0,IMG_4256
fb_h7_k2_m50_d0,IMG_2064
fb_h7_k2_m50_d0,IMG_2058
fb_h7_k2_m50_d0,IMG_4185
fb_h7_k2_m50_d0,IMG_4190
fb_h7_k2_m50_d0,IMG_2134
fb_h7_k2_m50_d0,IMG_4144
fb_h7_k2_m50_d0,IMG_2060
fb_h7_k2_m50_d0,IMG_4219
fb_h7_k2_m50_d0,IMG_2072
fb_h7_k2_m50_d0,IMG_4220
fb_h7_k2_m50_d0,IMG_4188
fb_h7_k2_m50_d0,IMG_4075
fb_h7_k2_m50_d0,IMG_4165
fb_h7_k2_m50_d0,IMG_2131
fb_h7_k2_m50_d0,IMG_4181
fb_h7_k2_m50_d0,IMG_4176
fb_h7_k2_m50_d0,IMG_4156
fb_h7_k2_m50_d0,IMG_2102
fb_h7_k2_m50_d0,IMG_4064
fb_h7_k2_m50_d0,IMG_4068
fb_h7_k2_m50_d0,IMG_4187
fb_h7_k2_m50_d0,IMG_4118
fb_h7_k2_m50_d0,IMG_4154
fb_h7_k2_m50_d0,IMG_4168
fb_h7_k2_m50_d0,IMG_4096
fb_h7_k2_mall_d0,IMG_9873
fb_h7_k2_mall_d0,IMG_9803
fb_h7_k2_mall_d0,IMG_0427
fb_h7_k2_mall_d0,IMG_0439
fb_h7_k2_mall_d0,IMG_0346
fb_h7_k2_mall_d0,IMG_9840
fb_h7_k2_mall_d0,IMG_9911-HEIC
fb_h7_k2_mall_d0,IMG_9861-HEIC
fb_h7_k2_mall_d0,IMG_9997
fb_h7_k2_mall_d0,IMG_9806
fb_h7_k2_mall_d0,IMG_0444
fb_h7_k2_mall_d0,IMG_0393
fb_h7_k2_mall_d0,IMG_9807
fb_h7_k2_mall_d0,IMG_9964
fb_h7_k2_mall_d0,IMG_9764
fb_h7_k2_mall_d0,IMG_9998
fb_h7_k2_mall_d0,IMG_9858
fb_h7_k2_mall_d0,IMG_9854
fb_h7_k2_mall_d0,IMG_0291
fb_h7_k2_mall_d0,IMG_9979-HEIC
fb_h7_k2_mall_d0,IMG_9813
fb_h7_k2_mall_d0,IMG_9848
fb_h7_k2_mall_d0,IMG_0410
fb_h7_k2_mall_d0,IMG_9879
fb_h7_k2_mall_d0,IMG_9874
fb_h7_k2_mall_d0,IMG_0034
fb_h7_k2_mall_d0,IMG_9801
fb_h7_k2_mall_d0,IMG_9800
fb_h7_k2_mall_d0,IMG_9843
fb_h7_k2_mall_d0,IMG_0364
fb_h7_k2_mall_d0,IMG_9768
fb_h7_k2_mall_d0,IMG_0300
fb_h7_k2_mall_d0,IMG_9804
fb_h7_k2_mall_d0,IMG_9985-HEIC
fb_h7_k2_mall_d0,IMG_0398
fb_h7_k2_mall_d0,IMG_9971
fb_h7_k2_mall_d0,IMG_9823
fb_h7_k2_mall_d0,IMG_9951-HEIC
fb_h7_k2_mall_d0,IMG_0351
fb_h7_k2_mall_d0,IMG_9822
fb_h7_k2_mall_d0,IMG_9978-HEIC
fb_h7_k2_mall_d0,IMG_7021
fb_h7_k2_mall_d0,IMG_0370
fb_h7_k2_mall_d0,IMG_9917-HEIC
fb_h7_k2_mall_d0,IMG_0421
fb_h7_k2_mall_d0,IMG_9821
fb_h7_k2_mall_d0,IMG_9770
fb_h7_k2_mall_d0,IMG_9938
fb_h7_k2_mall_d0,IMG_0051
fb_h7_k2_mall_d0,IMG_0375
fb_h7_k2_mall_d0,IMG_9907-HEIC
fb_h7_k2_mall_d0,IMG_0381
fb_h7_k2_mall_d0,IMG_9779-HEIC
fb_h7_k2_mall_d0,IMG_0450
fb_h7_k2_mall_d0,IMG_9868-HEIC
fb_h7_k2_mall_d0,IMG_9876
fb_h7_k2_mall_d0,IMG_0340
fb_h7_k2_mall_d0,IMG_9766
fb_h7_k2_mall_d0,IMG_9948-HEIC
fb_h7_k2_mall_d0,IMG_9966
fb_h7_k2_mall_d0,IMG_9809
fb_h7_k2_mall_d0,IMG_9834
fb_h7_k2_mall_d0,IMG_9775
fb_h7_k2_mall_d0,IMG_9784-HEIC
fb_h7_k2_mall_d0,IMG_9818
fb_h7_k2_mall_d0,IMG_9918-HEIC
fb_h7_k2_mall_d0,IMG_9990-HEIC
fb_h7_k2_mall_d0,IMG_9771
fb_h7_k2_mall_d0,IMG_9767
fb_h7_k2_mall_d0,IMG_9763
fb_h7_k2_mall_d0,IMG_9814
fb_h7_k2_mall_d0,IMG_9805
fb_h7_k2_mall_d0,IMG_9982-HEIC
fb_h7_k2_mall_d0,IMG_9881
fb_h7_k2_mall_d0,IMG_9864
fb_h7_k2_mall_d0,IMG_9828
fb_h7_k2_mall_d0,IMG_0311
fb_h7_k2_mall_d0,IMG_9783-HEIC
fb_h7_k2_mall_d0,IMG_0323
fb_h7_k2_mall_d0,IMG_9839
fb_h7_k2_mall_d0,IMG_9838
fb_h7_k2_mall_d0,IMG_9915-HEIC
fb_h7_k2_mall_d0,IMG_0457
fb_h7_k2_mall_d0,IMG_9773
fb_h7_k2_mall_d0,IMG_0305
fb_h7_k2_mall_d0,IMG_0028
fb_h7_k2_mall_d0,IMG_9829
fb_h7_k2_mall_d0,IMG_9827
fb_h7_k2_mall_d0,IMG_0008
fb_h7_k2_mall_d0,IMG_9819
fb_h7_k2_mall_d0,IMG_9999
fb_h7_k2_mall_d0,IMG_9777
fb_h7_k2_mall_d0,IMG_9826
fb_h7_k2_mall_d0,IMG_9810
fb_h7_k2_mall_d0,IMG_9955-HEIC
fb_h7_k2_mall_d0,IMG_9816
fb_h7_k2_mall_d0,IMG_9844
fb_h7_k2_mall_d0,IMG_0404
fb_h7_k2_mall_d0,IMG_0003
fb_h7_k2_mall_d0,IMG_0016
fb_h7_k2_mall_d0,IMG_9820
fb_h7_k2_mall_d0,IMG_0002
fb_h7_k2_mall_d0,IMG_9866
fb_h7_k2_mall_d0,IMG_9836
fb_h7_k2_mall_d0,IMG_9865
fb_h7_k2_mall_d0,IMG_9984-HEIC
fb_h7_k2_mall_d0,IMG_9909-HEIC
fb_h7_k2_mall_d0,IMG_9920-HEIC
fb_h7_k2_mall_d0,IMG_9799
fb_h7_k2_mall_d0,IMG_0040
fb_h7_k2_mall_d0,IMG_0416
fb_h7_k2_mall_d0,IMG_0358
fb_h7_k2_mall_d0,IMG_9870
fb_h7_k2_mall_d0,IMG_9905-HEIC
fb_h7_k2_mall_d0,IMG_0433
fb_h7_k2_mall_d0,IMG_0328
fb_h7_k2_mall_d0,IMG_9811
fb_h7_k2_mall_d0,IMG_9812
fb_h7_k2_mall_d0,IMG_9825
fb_h7_k2_mall_d0,IMG_9875
fb_h7_k2_mall_d0,IMG_9769
fb_h7_k2_mall_d0,IMG_9949-HEIC
fb_h7_k2_mall_d0,IMG_0046
fb_h7_k2_mall_d0,IMG_9916-HEIC
fb_h7_k2_mall_d0,IMG_9880
fb_h7_k2_mall_d0,IMG_9906-HEIC
fb_h7_k2_mall_d0,IMG_7016-HEIC
fb_h7_k2_mall_d0,IMG_9859
fb_h7_k2_mall_d0,IMG_9765
fb_h7_k2_mall_d0,IMG_9774
fb_h7_k2_mall_d0,IMG_9947-HEIC
fb_h7_k2_mall_d0,IMG_9832
fb_h7_k2_mall_d0,IMG_0387
fb_h7_k2_mall_d0,IMG_9842
fb_h7_k2_mall_d0,IMG_9857
fb_h7_k2_mall_d0,IMG_9867
fb_h7_k2_mall_d0,IMG_9833
fb_h7_k2_mall_d0,IMG_9981-HEIC
fb_h7_k2_mall_d0,IMG_9869
fb_h7_k2_mall_d0,IMG_9989-HEIC
fb_h7_k2_mall_d0,IMG_9808
fb_h7_k2_mall_d0,IMG_2067
fb_h7_k2_mall_d0,IMG_4098
fb_h7_k2_mall_d0,IMG_4186
fb_h7_k2_mall_d0,IMG_4067
fb_h7_k2_mall_d0,IMG_4170
fb_h7_k2_mall_d0,IMG_2115
fb_h7_k2_mall_d0,IMG_2107
fb_h7_k2_mall_d0,IMG_2135
fb_h7_k2_mall_d0,IMG_2073
fb_h7_k2_mall_d0,IMG_4069
fb_h7_k2_mall_d0,IMG_4086
fb_h7_k2_mall_d0,IMG_4203
fb_h7_k2_mall_d0,IMG_4191
fb_h7_k2_mall_d0,IMG_4164
fb_h7_k2_mall_d0,IMG_2100
fb_h7_k2_mall_d0,IMG_2081
fb_h7_k2_mall_d0,IMG_2085
fb_h7_k2_mall_d0,IMG_4201
fb_h7_k2_mall_d0,IMG_2084
fb_h7_k2_mall_d0,IMG_4085
fb_h7_k2_mall_d0,IMG_4105
fb_h7_k2_mall_d0,IMG_4095
fb_h7_k2_mall_d0,IMG_4184
fb_h7_k2_mall_d0,IMG_4194
fb_h7_k2_mall_d0,IMG_4256
fb_h7_k2_mall_d0,IMG_2064
fb_h7_k2_mall_d0,IMG_2058
fb_h7_k2_mall_d0,IMG_4185
fb_h7_k2_mall_d0,IMG_4190
fb_h7_k2_mall_d0,IMG_2134
fb_h7_k2_mall_d0,IMG_4144
fb_h7_k2_mall_d0,IMG_2060
fb_h7_k2_mall_d0,IMG_4219
fb_h7_k2_mall_d0,IMG_2072
fb_h7_k2_mall_d0,IMG_4220
fb_h7_k2_mall_d0,IMG_4188
fb_h7_k2_mall_d0,IMG_4075
fb_h7_k2_mall_d0,IMG_4165
fb_h7_k2_mall_d0,IMG_2131
fb_h7_k2_mall_d0,IMG_4181
fb_h7_k2_mall_d0,IMG_4176
fb_h7_k2_mall_d0,IMG_4156
fb_h7_k2_mall_d0,IMG_2102
fb_h7_k2_mall_d0,IMG_4064
fb_h7_k2_mall_d0,IMG_4068
fb_h7_k2_mall_d0,IMG_4187
fb_h7_k2_mall_d0,IMG_4118
fb_h7_k2_mall_d0,IMG_4154
fb_h7_k2_mall_d0,IMG_4168
fb_h7_k2_mall_d0,IMG_4096
fb_h7_k2_mall_d0,IMG_2063
fb_h7_k2_mall_d0,IMG_4115
fb_h7_k2_mall_d0,IMG_2121
fb_h7_k2_mall_d0,IMG_4180
fb_h7_k2_mall_d0,IMG_4106
fb_h7_k2_mall_d0,IMG_2066
fb_h7_k2_mall_d0,IMG_2132
fb_h7_k2_mall_d0,IMG_2103
fb_h7_k2_mall_d0,IMG_4159
fb_h7_k2_mall_d0,IMG_4189
fb_h7_k2_mall_d0,IMG_4089
fb_h7_k2_mall_d0,IMG_2080
fb_h7_k2_mall_d0,IMG_4145
fb_h7_k2_mall_d0,IMG_4202
fb_h7_k2_mall_d0,IMG_4112
fb_h7_k2_mall_d0,IMG_4149
fb_h7_k2_mall_d0,IMG_4147
fb_h7_k2_mall_d0,IMG_2083
fb_h7_k2_mall_d0,IMG_4070
fb_h7_k2_mall_d0,IMG_2088
fb_h7_k2_mall_d0,IMG_2062
fb_h7_k2_mall_d0,IMG_2116
fb_h7_k2_mall_d0,IMG_2117
fb_h7_k2_mall_d0,IMG_4066
fb_h7_k2_mall_d0,IMG_4193
fb_h7_k2_mall_d0,IMG_4090
fb_h7_k2_mall_d0,IMG_4157
fb_h7_k2_mall_d0,IMG_4200
fb_h7_k2_mall_d0,IMG_4091
fb_h7_k2_mall_d0,IMG_4148
fb_h7_k2_mall_d0,IMG_4072
fb_h7_k2_mall_d0,IMG_2110
fb_h7_k2_mall_d0,IMG_4134
fb_h7_k2_mall_d0,IMG_2108
fb_h7_k2_mall_d0,IMG_4110
fb_h7_k2_mall_d0,IMG_4103
fb_h7_k2_mall_d0,IMG_4146
fb_h7_k2_mall_d0,IMG_4183
fb_h7_k2_mall_d0,IMG_4162
fb_h7_k2_mall_d0,IMG_4109
fb_h7_k2_mall_d0,IMG_4174
fb_h7_k2_mall_d0,IMG_2105
fb_h7_k2_mall_d0,IMG_2075
fb_h7_k2_mall_d0,IMG_2070
fb_h7_k2_mall_d0,IMG_2095
fb_h7_k2_mall_d0,IMG_2120
fb_h7_k2_mall_d0,IMG_4104
fb_h7_k2_mall_d0,IMG_2079
fb_h7_k2_mall_d0,IMG_4153
fb_h7_k2_mall_d0,IMG_2082
fb_h7_k2_mall_d0,IMG_2061
fb_h7_k2_mall_d0,IMG_4169
fb_h7_k2_mall_d0,IMG_4163
fb_h7_k2_mall_d0,IMG_2076
fb_h7_k2_mall_d0,IMG_4143
fb_h7_k2_mall_d0,IMG_2133
fb_h7_k2_mall_d0,IMG_4178
fb_h7_k2_mall_d0,IMG_2104
fb_h7_k2_mall_d0,IMG_4152
fb_h7_k2_mall_d0,IMG_2130
fb_h7_k2_mall_d0,IMG_2074
fb_h7_k2_mall_d0,IMG_4116
fb_h7_k2_mall_d0,IMG_4192
fb_h7_k2_mall_d0,IMG_2069
fb_h7_k2_mall_d0,IMG_4087
fb_h7_k2_mall_d0,IMG_4071
fb_h7_k2_mall_d0,IMG_4161
fb_h7_k2_mall_d0,IMG_2068
fb_h7_k2_mall_d0,IMG_4117
fb_h7_k2_mall_d0,IMG_2059
fb_h7_k2_mall_d0,IMG_2106
fb_h7_k2_mall_d0,IMG_4114
fb_h7_k2_mall_d0,IMG_4221
fb_h7_k2_mall_d0,IMG_4182
fb_h7_k2_mall_d0,IMG_4151
fb_h7_k2_mall_d0,IMG_2071
fb_h7_k2_mall_d0,IMG_4155
fb_h7_k2_mall_d0,IMG_4120
fb_h7_k2_mall_d0,IMG_2078
fb_h7_k2_mall_d0,IMG_2109
fb_h7_k2_mall_d0,IMG_4262
fb_h7_k2_mall_d0,IMG_2122
fb_h7_k2_mall_d0,IMG_4213
fb_h7_k2_mall_d0,IMG_2077
fb_h7_k2_mall_d0,IMG_4111
fb_h7_k2_mall_d0,IMG_4088
fb_h7_k2_mall_d0,IMG_4150
fb_h7_k2_mall_d0,IMG_2119
fb_h7_k2_mall_d0,IMG_4172
fb_h7_k2_mall_d0,IMG_2089
fb_h7_k2_mall_d0,IMG_4065
fb_h7_k2_mall_d0,IMG_4179
fb_h7_k2_mall_d0,IMG_4113
fb_h7_k2_mall_d0,IMG_4218
fb_h7_k2_mall_d0,IMG_4123
fb_h7_k2_mall_d0,IMG_4073
fb_h7_k2_mall_d0,IMG_2101
fb_h7_k2_m15_d1,IMG_2597-HEIC
fb_h7_k2_m15_d1,IMG_2535-HEIC
fb_h7_k2_m15_d1,IMG_2480-HEIC
fb_h7_k2_m15_d1,IMG_2526-HEIC
fb_h7_k2_m15_d1,IMG_2599-HEIC
fb_h7_k2_m15_d1,IMG_2481-HEIC
fb_h7_k2_m15_d1,IMG_2596-HEIC
fb_h7_k2_m15_d1,IMG_2591-HEIC
fb_h7_k2_m15_d1,IMG_2578-HEIC
fb_h7_k2_m15_d1,IMG_2520-HEIC
fb_h7_k2_m15_d1,IMG_2541-HEIC
fb_h7_k2_m15_d1,IMG_2700-HEIC
fb_h7_k2_m15_d1,IMG_2636-HEIC
fb_h7_k2_m15_d1,IMG_2540-HEIC
fb_h7_k2_m15_d1,IMG_2617-HEIC
fb_h7_k2_m15_d1,IMG_0763-HEIC
fb_h7_k2_m15_d1,IMG_0757-HEIC
fb_h7_k2_m15_d1,IMG_2338-HEIC
fb_h7_k2_m15_d1,IMG_2391-HEIC
fb_h7_k2_m15_d1,IMG_2303-HEIC
fb_h7_k2_m15_d1,IMG_2352-HEIC
fb_h7_k2_m15_d1,IMG_0764-HEIC
fb_h7_k2_m15_d1,IMG_0741-HEIC
fb_h7_k2_m15_d1,IMG_2345-HEIC
fb_h7_k2_m15_d1,IMG_2245-HEIC
fb_h7_k2_m15_d1,IMG_2307-HEIC
fb_h7_k2_m15_d1,IMG_2380-HEIC
fb_h7_k2_m15_d1,IMG_2349-HEIC
fb_h7_k2_m15_d1,IMG_0754-HEIC
fb_h7_k2_m15_d1,IMG_2336-HEIC
fb_h7_k2_m50_d1,IMG_2597-HEIC
fb_h7_k2_m50_d1,IMG_2535-HEIC
fb_h7_k2_m50_d1,IMG_2480-HEIC
fb_h7_k2_m50_d1,IMG_2526-HEIC
fb_h7_k2_m50_d1,IMG_2599-HEIC
fb_h7_k2_m50_d1,IMG_2481-HEIC
fb_h7_k2_m50_d1,IMG_2596-HEIC
fb_h7_k2_m50_d1,IMG_2591-HEIC
fb_h7_k2_m50_d1,IMG_2578-HEIC
fb_h7_k2_m50_d1,IMG_2520-HEIC
fb_h7_k2_m50_d1,IMG_2541-HEIC
fb_h7_k2_m50_d1,IMG_2700-HEIC
fb_h7_k2_m50_d1,IMG_2636-HEIC
fb_h7_k2_m50_d1,IMG_2540-HEIC
fb_h7_k2_m50_d1,IMG_2617-HEIC
fb_h7_k2_m50_d1,IMG_2598-HEIC
fb_h7_k2_m50_d1,IMG_2603-HEIC
fb_h7_k2_m50_d1,IMG_2583-HEIC
fb_h7_k2_m50_d1,IMG_2476-HEIC
fb_h7_k2_m50_d1,IMG_2536-HEIC
fb_h7_k2_m50_d1,IMG_2446-HEIC
fb_h7_k2_m50_d1,IMG_2648-HEIC
fb_h7_k2_m50_d1,IMG_2493-HEIC
fb_h7_k2_m50_d1,IMG_2538-HEIC
fb_h7_k2_m50_d1,IMG_2494-HEIC
fb_h7_k2_m50_d1,IMG_2482-HEIC
fb_h7_k2_m50_d1,IMG_2654-HEIC
fb_h7_k2_m50_d1,IMG_2572-HEIC
fb_h7_k2_m50_d1,IMG_2586-HEIC
fb_h7_k2_m50_d1,IMG_2545-HEIC
fb_h7_k2_m50_d1,IMG_2542-HEIC
fb_h7_k2_m50_d1,IMG_2637-HEIC
fb_h7_k2_m50_d1,IMG_2666-HEIC
fb_h7_k2_m50_d1,IMG_2477-HEIC
fb_h7_k2_m50_d1,IMG_2525-HEIC
fb_h7_k2_m50_d1,IMG_2577-HEIC
fb_h7_k2_m50_d1,IMG_2522-HEIC
fb_h7_k2_m50_d1,IMG_2647-HEIC
fb_h7_k2_m50_d1,IMG_2570-HEIC
fb_h7_k2_m50_d1,IMG_2489-HEIC
fb_h7_k2_m50_d1,IMG_2587-HEIC
fb_h7_k2_m50_d1,IMG_2600-HEIC
fb_h7_k2_m50_d1,IMG_2615-HEIC
fb_h7_k2_m50_d1,IMG_2550-HEIC
fb_h7_k2_m50_d1,IMG_2660-HEIC
fb_h7_k2_m50_d1,IMG_2521-HEIC
fb_h7_k2_m50_d1,IMG_2610-HEIC
fb_h7_k2_m50_d1,IMG_2475-HEIC
fb_h7_k2_m50_d1,IMG_2579-HEIC
fb_h7_k2_m50_d1,IMG_2571-HEIC
fb_h7_k2_m50_d1,IMG_0763-HEIC
fb_h7_k2_m50_d1,IMG_0757-HEIC
fb_h7_k2_m50_d1,IMG_2338-HEIC
fb_h7_k2_m50_d1,IMG_2391-HEIC
fb_h7_k2_m50_d1,IMG_2303-HEIC
fb_h7_k2_m50_d1,IMG_2352-HEIC
fb_h7_k2_m50_d1,IMG_0764-HEIC
fb_h7_k2_m50_d1,IMG_0741-HEIC
fb_h7_k2_m50_d1,IMG_2345-HEIC
fb_h7_k2_m50_d1,IMG_2245-HEIC
fb_h7_k2_m50_d1,IMG_2307-HEIC
fb_h7_k2_m50_d1,IMG_2380-HEIC
fb_h7_k2_m50_d1,IMG_2349-HEIC
fb_h7_k2_m50_d1,IMG_0754-HEIC
fb_h7_k2_m50_d1,IMG_2336-HEIC
fb_h7_k2_m50_d1,IMG_0760-HEIC
fb_h7_k2_m50_d1,IMG_2252-HEIC
fb_h7_k2_m50_d1,IMG_0743-HEIC
fb_h7_k2_m50_d1,IMG_2334-HEIC
fb_h7_k2_m50_d1,IMG_2241-HEIC
fb_h7_k2_m50_d1,IMG_2309-HEIC
fb_h7_k2_m50_d1,IMG_0769-HEIC
fb_h7_k2_m50_d1,IMG_2244-HEIC
fb_h7_k2_m50_d1,IMG_0752-HEIC
fb_h7_k2_m50_d1,IMG_2247-HEIC
fb_h7_k2_m50_d1,IMG_0755-HEIC
fb_h7_k2_m50_d1,IMG_0751-HEIC
fb_h7_k2_m50_d1,IMG_0770-HEIC
fb_h7_k2_m50_d1,IMG_0740-HEIC
fb_h7_k2_m50_d1,IMG_2330-HEIC
fb_h7_k2_m50_d1,IMG_2389-HEIC
fb_h7_k2_m50_d1,IMG_2289-HEIC
fb_h7_k2_m50_d1,IMG_2273-HEIC
fb_h7_k2_m50_d1,IMG_2243-HEIC
fb_h7_k2_m50_d1,IMG_2382-HEIC
fb_h7_k2_m50_d1,IMG_0759-HEIC
fb_h7_k2_m50_d1,IMG_2253-HEIC
fb_h7_k2_m50_d1,IMG_2274-HEIC
fb_h7_k2_m50_d1,IMG_2335-HEIC
fb_h7_k2_m50_d1,IMG_2296-HEIC
fb_h7_k2_m50_d1,IMG_2251-HEIC
fb_h7_k2_m50_d1,IMG_0765-HEIC
fb_h7_k2_m50_d1,IMG_2290-HEIC
fb_h7_k2_m50_d1,IMG_2341-HEIC
fb_h7_k2_m50_d1,IMG_0742-HEIC
fb_h7_k2_m50_d1,IMG_2333-HEIC
fb_h7_k2_m50_d1,IMG_2242-HEIC
fb_h7_k2_m50_d1,IMG_2249-HEIC
fb_h7_k2_m50_d1,IMG_2259-HEIC
fb_h7_k2_m50_d1,IMG_2293-HEIC
fb_h7_k2_mall_d1,IMG_2597-HEIC
fb_h7_k2_mall_d1,IMG_2535-HEIC
fb_h7_k2_mall_d1,IMG_2480-HEIC
fb_h7_k2_mall_d1,IMG_2526-HEIC
fb_h7_k2_mall_d1,IMG_2599-HEIC
fb_h7_k2_mall_d1,IMG_2481-HEIC
fb_h7_k2_mall_d1,IMG_2596-HEIC
fb_h7_k2_mall_d1,IMG_2591-HEIC
fb_h7_k2_mall_d1,IMG_2578-HEIC
fb_h7_k2_mall_d1,IMG_2520-HEIC
fb_h7_k2_mall_d1,IMG_2541-HEIC
fb_h7_k2_mall_d1,IMG_2700-HEIC
fb_h7_k2_mall_d1,IMG_2636-HEIC
fb_h7_k2_mall_d1,IMG_2540-HEIC
fb_h7_k2_mall_d1,IMG_2617-HEIC
fb_h7_k2_mall_d1,IMG_2598-HEIC
fb_h7_k2_mall_d1,IMG_2603-HEIC
fb_h7_k2_mall_d1,IMG_2583-HEIC
fb_h7_k2_mall_d1,IMG_2476-HEIC
fb_h7_k2_mall_d1,IMG_2536-HEIC
fb_h7_k2_mall_d1,IMG_2446-HEIC
fb_h7_k2_mall_d1,IMG_2648-HEIC
fb_h7_k2_mall_d1,IMG_2493-HEIC
fb_h7_k2_mall_d1,IMG_2538-HEIC
fb_h7_k2_mall_d1,IMG_2494-HEIC
fb_h7_k2_mall_d1,IMG_2482-HEIC
fb_h7_k2_mall_d1,IMG_2654-HEIC
fb_h7_k2_mall_d1,IMG_2572-HEIC
fb_h7_k2_mall_d1,IMG_2586-HEIC
fb_h7_k2_mall_d1,IMG_2545-HEIC
fb_h7_k2_mall_d1,IMG_2542-HEIC
fb_h7_k2_mall_d1,IMG_2637-HEIC
fb_h7_k2_mall_d1,IMG_2666-HEIC
fb_h7_k2_mall_d1,IMG_2477-HEIC
fb_h7_k2_mall_d1,IMG_2525-HEIC
fb_h7_k2_mall_d1,IMG_2577-HEIC
fb_h7_k2_mall_d1,IMG_2522-HEIC
fb_h7_k2_mall_d1,IMG_2647-HEIC
fb_h7_k2_mall_d1,IMG_2570-HEIC
fb_h7_k2_mall_d1,IMG_2489-HEIC
fb_h7_k2_mall_d1,IMG_2587-HEIC
fb_h7_k2_mall_d1,IMG_2600-HEIC
fb_h7_k2_mall_d1,IMG_2615-HEIC
fb_h7_k2_mall_d1,IMG_2550-HEIC
fb_h7_k2_mall_d1,IMG_2660-HEIC
fb_h7_k2_mall_d1,IMG_2521-HEIC
fb_h7_k2_mall_d1,IMG_2610-HEIC
fb_h7_k2_mall_d1,IMG_2475-HEIC
fb_h7_k2_mall_d1,IMG_2579-HEIC
fb_h7_k2_mall_d1,IMG_2571-HEIC
fb_h7_k2_mall_d1,IMG_2634-HEIC
fb_h7_k2_mall_d1,IMG_2523-HEIC
fb_h7_k2_mall_d1,IMG_2619-HEIC
fb_h7_k2_mall_d1,IMG_2674-HEIC
fb_h7_k2_mall_d1,IMG_2584-HEIC
fb_h7_k2_mall_d1,IMG_2491-HEIC
fb_h7_k2_mall_d1,IMG_2496-HEIC
fb_h7_k2_mall_d1,IMG_2620-HEIC
fb_h7_k2_mall_d1,IMG_2564-HEIC
fb_h7_k2_mall_d1,IMG_2395-HEIC
fb_h7_k2_mall_d1,IMG_2566-HEIC
fb_h7_k2_mall_d1,IMG_2701-HEIC
fb_h7_k2_mall_d1,IMG_2488-HEIC
fb_h7_k2_mall_d1,IMG_2635-HEIC
fb_h7_k2_mall_d1,IMG_2592-HEIC
fb_h7_k2_mall_d1,IMG_2590-HEIC
fb_h7_k2_mall_d1,IMG_2576-HEIC
fb_h7_k2_mall_d1,IMG_2589-HEIC
fb_h7_k2_mall_d1,IMG_2533-HEIC
fb_h7_k2_mall_d1,IMG_2569-HEIC
fb_h7_k2_mall_d1,IMG_2478-HEIC
fb_h7_k2_mall_d1,IMG_2492-HEIC
fb_h7_k2_mall_d1,IMG_2618-HEIC
fb_h7_k2_mall_d1,IMG_2513-HEIC
fb_h7_k2_mall_d1,IMG_2588-HEIC
fb_h7_k2_mall_d1,IMG_2616-HEIC
fb_h7_k2_mall_d1,IMG_2644-HEIC
fb_h7_k2_mall_d1,IMG_2593-HEIC
fb_h7_k2_mall_d1,IMG_2519-HEIC
fb_h7_k2_mall_d1,IMG_2638-HEIC
fb_h7_k2_mall_d1,IMG_2680-HEIC
fb_h7_k2_mall_d1,IMG_2539-HEIC
fb_h7_k2_mall_d1,IMG_2582-HEIC
fb_h7_k2_mall_d1,IMG_2581-HEIC
fb_h7_k2_mall_d1,IMG_2686-HEIC
fb_h7_k2_mall_d1,IMG_2452-HEIC
fb_h7_k2_mall_d1,IMG_2504-HEIC
fb_h7_k2_mall_d1,IMG_2604-HEIC
fb_h7_k2_mall_d1,IMG_2534-HEIC
fb_h7_k2_mall_d1,IMG_2646-HEIC
fb_h7_k2_mall_d1,IMG_2580-HEIC
fb_h7_k2_mall_d1,IMG_2585-HEIC
fb_h7_k2_mall_d1,IMG_2567-HEIC
fb_h7_k2_mall_d1,IMG_2417-HEIC
fb_h7_k2_mall_d1,IMG_2495-HEIC
fb_h7_k2_mall_d1,IMG_2557-HEIC
fb_h7_k2_mall_d1,IMG_2537-HEIC
fb_h7_k2_mall_d1,IMG_2643-HEIC
fb_h7_k2_mall_d1,IMG_2621-HEIC
fb_h7_k2_mall_d1,IMG_2594-HEIC
fb_h7_k2_mall_d1,IMG_2595-HEIC
fb_h7_k2_mall_d1,IMG_2524-HEIC
fb_h7_k2_mall_d1,IMG_0763-HEIC
fb_h7_k2_mall_d1,IMG_0757-HEIC
fb_h7_k2_mall_d1,IMG_2338-HEIC
fb_h7_k2_mall_d1,IMG_2391-HEIC
fb_h7_k2_mall_d1,IMG_2303-HEIC
fb_h7_k2_mall_d1,IMG_2352-HEIC
fb_h7_k2_mall_d1,IMG_0764-HEIC
fb_h7_k2_mall_d1,IMG_0741-HEIC
fb_h7_k2_mall_d1,IMG_2345-HEIC
fb_h7_k2_mall_d1,IMG_2245-HEIC
fb_h7_k2_mall_d1,IMG_2307-HEIC
fb_h7_k2_mall_d1,IMG_2380-HEIC
fb_h7_k2_mall_d1,IMG_2349-HEIC
fb_h7_k2_mall_d1,IMG_0754-HEIC
fb_h7_k2_mall_d1,IMG_2336-HEIC
fb_h7_k2_mall_d1,IMG_0760-HEIC
fb_h7_k2_mall_d1,IMG_2252-HEIC
fb_h7_k2_mall_d1,IMG_0743-HEIC
fb_h7_k2_mall_d1,IMG_2334-HEIC
fb_h7_k2_mall_d1,IMG_2241-HEIC
fb_h7_k2_mall_d1,IMG_2309-HEIC
fb_h7_k2_mall_d1,IMG_0769-HEIC
fb_h7_k2_mall_d1,IMG_2244-HEIC
fb_h7_k2_mall_d1,IMG_0752-HEIC
fb_h7_k2_mall_d1,IMG_2247-HEIC
fb_h7_k2_mall_d1,IMG_0755-HEIC
fb_h7_k2_mall_d1,IMG_0751-HEIC
fb_h7_k2_mall_d1,IMG_0770-HEIC
fb_h7_k2_mall_d1,IMG_0740-HEIC
fb_h7_k2_mall_d1,IMG_2330-HEIC
fb_h7_k2_mall_d1,IMG_2389-HEIC
fb_h7_k2_mall_d1,IMG_2289-HEIC
fb_h7_k2_mall_d1,IMG_2273-HEIC
fb_h7_k2_mall_d1,IMG_2243-HEIC
fb_h7_k2_mall_d1,IMG_2382-HEIC
fb_h7_k2_mall_d1,IMG_0759-HEIC
fb_h7_k2_mall_d1,IMG_2253-HEIC
fb_h7_k2_mall_d1,IMG_2274-HEIC
fb_h7_k2_mall_d1,IMG_2335-HEIC
fb_h7_k2_mall_d1,IMG_2296-HEIC
fb_h7_k2_mall_d1,IMG_2251-HEIC
fb_h7_k2_mall_d1,IMG_0765-HEIC
fb_h7_k2_mall_d1,IMG_2290-HEIC
fb_h7_k2_mall_d1,IMG_2341-HEIC
fb_h7_k2_mall_d1,IMG_0742-HEIC
fb_h7_k2_mall_d1,IMG_2333-HEIC
fb_h7_k2_mall_d1,IMG_2242-HEIC
fb_h7_k2_mall_d1,IMG_2249-HEIC
fb_h7_k2_mall_d1,IMG_2259-HEIC
fb_h7_k2_mall_d1,IMG_2293-HEIC
fb_h7_k2_mall_d1,IMG_2239-HEIC
fb_h7_k2_mall_d1,IMG_2305-HEIC
fb_h7_k2_mall_d1,IMG_2346-HEIC
fb_h7_k2_mall_d1,IMG_2383-HEIC
fb_h7_k2_mall_d1,IMG_2291-HEIC
fb_h7_k2_mall_d1,IMG_2295-HEIC
fb_h7_k2_mall_d1,IMG_0772-HEIC
fb_h7_k2_mall_d1,IMG_0767-HEIC
fb_h7_k2_mall_d1,IMG_0773-HEIC
fb_h7_k2_mall_d1,IMG_2342-HEIC
fb_h7_k2_mall_d1,IMG_2337-HEIC
fb_h7_k2_mall_d1,IMG_2347-HEIC
fb_h7_k2_mall_d1,IMG_2311-HEIC
fb_h7_k2_mall_d1,IMG_2308-HEIC
fb_h7_k2_mall_d1,IMG_2351-HEIC
fb_h7_k2_mall_d1,IMG_2255-HEIC
fb_h7_k2_mall_d1,IMG_0771-HEIC
fb_h7_k2_mall_d1,IMG_2331-HEIC
fb_h7_k2_mall_d1,IMG_2384-HEIC
fb_h7_k2_mall_d1,IMG_2248-HEIC
fb_h7_k2_mall_d1,IMG_2306-HEIC
fb_h7_k2_mall_d1,IMG_0756-HEIC
fb_h7_k2_mall_d1,IMG_2340-HEIC
fb_h7_k2_mall_d1,IMG_2258-HEIC
fb_h7_k2_mall_d1,IMG_2288-HEIC
fb_h7_k2_mall_d1,IMG_2310-HEIC
fb_h7_k2_mall_d1,IMG_2257-HEIC
fb_h7_k2_mall_d1,IMG_2286-HEIC
fb_h7_k2_mall_d1,IMG_2304-HEIC
fb_h7_k2_mall_d1,IMG_2302-HEIC
fb_h7_k2_mall_d1,IMG_0737-HEIC
fb_h7_k2_mall_d1,IMG_2240-HEIC
fb_h7_k2_mall_d1,IMG_2390-HEIC
fb_h7_k2_mall_d1,IMG_2254-HEIC
fb_h7_k2_mall_d1,IMG_2385-HEIC
fb_h7_k2_mall_d1,IMG_2339-HEIC
fb_h7_k2_mall_d1,IMG_2381-HEIC
fb_h7_k2_mall_d1,IMG_2386-HEIC
fb_h7_k2_mall_d1,IMG_2246-HEIC
fb_h7_k2_mall_d1,IMG_2343-HEIC
fb_h7_k2_mall_d1,IMG_2287-HEIC
fb_h7_k2_mall_d1,IMG_2256-HEIC
fb_h7_k2_mall_d1,IMG_2270-HEIC
fb_h7_k2_mall_d1,IMG_2329-HEIC
fb_h7_k2_mall_d1,IMG_0761-HEIC
fb_h7_k2_mall_d1,IMG_0768-HEIC
fb_h7_k2_mall_d1,IMG_2294-HEIC
fb_h7_k2_mall_d1,IMG_0766-HEIC
fb_h7_k2_mall_d1,IMG_2332-HEIC
fb_h7_k2_mall_d1,IMG_2285-HEIC
fb_h7_k2_mall_d1,IMG_0758-HEIC
fb_h7_k4_m15_d0,IMG_2701-HEIC
fb_h7_k4_m15_d0,IMG_2666-HEIC
fb_h7_k4_m15_d0,IMG_2686-HEIC
fb_h7_k4_m15_d0,IMG_2488-HEIC
fb_h7_k4_m15_d0,IMG_2579-HEIC
fb_h7_k4_m15_d0,IMG_2680-HEIC
fb_h7_k4_m15_d0,IMG_2525-HEIC
fb_h7_k4_m15_d0,IMG_2621-HEIC
fb_h7_k4_m15_d0,IMG_2489-HEIC
fb_h7_k4_m15_d0,IMG_2616-HEIC
fb_h7_k4_m15_d0,IMG_2477-HEIC
fb_h7_k4_m15_d0,IMG_2522-HEIC
fb_h7_k4_m15_d0,IMG_2496-HEIC
fb_h7_k4_m15_d0,IMG_2604-HEIC
fb_h7_k4_m15_d0,IMG_2545-HEIC
fb_h7_k4_m15_d0,IMG_4193
fb_h7_k4_m15_d0,IMG_2069
fb_h7_k4_m15_d0,IMG_4192
fb_h7_k4_m15_d0,IMG_2060
fb_h7_k4_m15_d0,IMG_2135
fb_h7_k4_m15_d0,IMG_4181
fb_h7_k4_m15_d0,IMG_4085
fb_h7_k4_m15_d0,IMG_4105
fb_h7_k4_m15_d0,IMG_4262
fb_h7_k4_m15_d0,IMG_4202
fb_h7_k4_m15_d0,IMG_4072
fb_h7_k4_m15_d0,IMG_4065
fb_h7_k4_m15_d0,IMG_2131
fb_h7_k4_m15_d0,IMG_4064
fb_h7_k4_m15_d0,IMG_4163
fb_h7_k4_m15_d0,IMG_0284
fb_h7_k4_m15_d0,IMG_0230
fb_h7_k4_m15_d0,IMG_0104-HEIC
fb_h7_k4_m15_d0,IMG_0260
fb_h7_k4_m15_d0,IMG_0069
fb_h7_k4_m15_d0,IMG_0256
fb_h7_k4_m15_d0,IMG_0218
fb_h7_k4_m15_d0,IMG_0090
fb_h7_k4_m15_d0,IMG_0148
fb_h7_k4_m15_d0,IMG_0080
fb_h7_k4_m15_d0,IMG_0219
fb_h7_k4_m15_d0,IMG_0267
fb_h7_k4_m15_d0,IMG_0142
fb_h7_k4_m15_d0,IMG_0105-HEIC
fb_h7_k4_m15_d0,IMG_0136
fb_h7_k4_m15_d0,IMG_9931
fb_h7_k4_m15_d0,IMG_9887
fb_h7_k4_m15_d0,IMG_9953
fb_h7_k4_m15_d0,IMG_9897
fb_h7_k4_m15_d0,IMG_9922
fb_h7_k4_m15_d0,IMG_9968
fb_h7_k4_m15_d0,IMG_9923
fb_h7_k4_m15_d0,IMG_9919
fb_h7_k4_m15_d0,IMG_9984
fb_h7_k4_m15_d0,IMG_9886
fb_h7_k4_m15_d0,IMG_9892
fb_h7_k4_m15_d0,IMG_9898
fb_h7_k4_m15_d0,IMG_9889
fb_h7_k4_m15_d0,IMG_9942
fb_h7_k4_m15_d0,IMG_9933
fb_h7_k4_m50_d0,IMG_2701-HEIC
fb_h7_k4_m50_d0,IMG_2666-HEIC
fb_h7_k4_m50_d0,IMG_2686-HEIC
fb_h7_k4_m50_d0,IMG_2488-HEIC
fb_h7_k4_m50_d0,IMG_2579-HEIC
fb_h7_k4_m50_d0,IMG_2680-HEIC
fb_h7_k4_m50_d0,IMG_2525-HEIC
fb_h7_k4_m50_d0,IMG_2621-HEIC
fb_h7_k4_m50_d0,IMG_2489-HEIC
fb_h7_k4_m50_d0,IMG_2616-HEIC
fb_h7_k4_m50_d0,IMG_2477-HEIC
fb_h7_k4_m50_d0,IMG_2522-HEIC
fb_h7_k4_m50_d0,IMG_2496-HEIC
fb_h7_k4_m50_d0,IMG_2604-HEIC
fb_h7_k4_m50_d0,IMG_2545-HEIC
fb_h7_k4_m50_d0,IMG_2647-HEIC
fb_h7_k4_m50_d0,IMG_2478-HEIC
fb_h7_k4_m50_d0,IMG_2535-HEIC
fb_h7_k4_m50_d0,IMG_2588-HEIC
fb_h7_k4_m50_d0,IMG_2674-HEIC
fb_h7_k4_m50_d0,IMG_2572-HEIC
fb_h7_k4_m50_d0,IMG_2589-HEIC
fb_h7_k4_m50_d0,IMG_2643-HEIC
fb_h7_k4_m50_d0,IMG_2523-HEIC
fb_h7_k4_m50_d0,IMG_2600-HEIC
fb_h7_k4_m50_d0,IMG_2536-HEIC
fb_h7_k4_m50_d0,IMG_2597-HEIC
fb_h7_k4_m50_d0,IMG_2580-HEIC
fb_h7_k4_m50_d0,IMG_2526-HEIC
fb_h7_k4_m50_d0,IMG_2592-HEIC
fb_h7_k4_m50_d0,IMG_2595-HEIC
fb_h7_k4_m50_d0,IMG_2660-HEIC
fb_h7_k4_m50_d0,IMG_2648-HEIC
fb_h7_k4_m50_d0,IMG_2570-HEIC
fb_h7_k4_m50_d0,IMG_2585-HEIC
fb_h7_k4_m50_d0,IMG_2541-HEIC
fb_h7_k4_m50_d0,IMG_2634-HEIC
fb_h7_k4_m50_d0,IMG_2550-HEIC
fb_h7_k4_m50_d0,IMG_2581-HEIC
fb_h7_k4_m50_d0,IMG_2521-HEIC
fb_h7_k4_m50_d0,IMG_2617-HEIC
fb_h7_k4_m50_d0,IMG_2504-HEIC
fb_h7_k4_m50_d0,IMG_2644-HEIC
fb_h7_k4_m50_d0,IMG_2615-HEIC
fb_h7_k4_m50_d0,IMG_2537-HEIC
fb_h7_k4_m50_d0,IMG_2534-HEIC
fb_h7_k4_m50_d0,IMG_2599-HEIC
fb_h7_k4_m50_d0,IMG_2482-HEIC
fb_h7_k4_m50_d0,IMG_2542-HEIC
fb_h7_k4_m50_d0,IMG_2635-HEIC
fb_h7_k4_m50_d0,IMG_4193
fb_h7_k4_m50_d0,IMG_2069
fb_h7_k4_m50_d0,IMG_4192
fb_h7_k4_m50_d0,IMG_2060
fb_h7_k4_m50_d0,IMG_2135
fb_h7_k4_m50_d0,IMG_4181
fb_h7_k4_m50_d0,IMG_4085
fb_h7_k4_m50_d0,IMG_4105
fb_h7_k4_m50_d0,IMG_4262
fb_h7_k4_m50_d0,IMG_4202
fb_h7_k4_m50_d0,IMG_4072
fb_h7_k4_m50_d0,IMG_4065
fb_h7_k4_m50_d0,IMG_2131
fb_h7_k4_m50_d0,IMG_4064
fb_h7_k4_m50_d0,IMG_4163
fb_h7_k4_m50_d0,IMG_4110
fb_h7_k4_m50_d0,IMG_2134
fb_h7_k4_m50_d0,IMG_2059
fb_h7_k4_m50_d0,IMG_4150
fb_h7_k4_m50_d0,IMG_2064
fb_h7_k4_m50_d0,IMG_4153
fb_h7_k4_m50_d0,IMG_4145
fb_h7_k4_m50_d0,IMG_4203
fb_h7_k4_m50_d0,IMG_2130
fb_h7_k4_m50_d0,IMG_2073
fb_h7_k4_m50_d0,IMG_4159
fb_h7_k4_m50_d0,IMG_4149
fb_h7_k4_m50_d0,IMG_2078
fb_h7_k4_m50_d0,IMG_4109
fb_h7_k4_m50_d0,IMG_2106
fb_h7_k4_m50_d0,IMG_4086
fb_h7_k4_m50_d0,IMG_2074
fb_h7_k4_m50_d0,IMG_2071
fb_h7_k4_m50_d0,IMG_4170
fb_h7_k4_m50_d0,IMG_4213
fb_h7_k4_m50_d0,IMG_2085
fb_h7_k4_m50_d0,IMG_4219
fb_h7_k4_m50_d0,IMG_2110
fb_h7_k4_m50_d0,IMG_2075
fb_h7_k4_m50_d0,IMG_2103
fb_h7_k4_m50_d0,IMG_2133
fb_h7_k4_m50_d0,IMG_4118
fb_h7_k4_m50_d0,IMG_4180
fb_h7_k4_m50_d0,IMG_2105
fb_h7_k4_m50_d0,IMG_2120
fb_h7_k4_m50_d0,IMG_4098
fb_h7_k4_m50_d0,IMG_4218
fb_h7_k4_m50_d0,IMG_2076
fb_h7_k4_m50_d0,IMG_4090
fb_h7_k4_m50_d0,IMG_4066
fb_h7_k4_m50_d0,IMG_0284
fb_h7_k4_m50_d0,IMG_0230
fb_h7_k4_m50_d0,IMG_0104-HEIC
fb_h7_k4_m50_d0,IMG_0260
fb_h7_k4_m50_d0,IMG_0069
fb_h7_k4_m50_d0,IMG_0256
fb_h7_k4_m50_d0,IMG_0218
fb_h7_k4_m50_d0,IMG_0090
fb_h7_k4_m50_d0,IMG_0148
fb_h7_k4_m50_d0,IMG_0080
fb_h7_k4_m50_d0,IMG_0219
fb_h7_k4_m50_d0,IMG_0267
fb_h7_k4_m50_d0,IMG_0142
fb_h7_k4_m50_d0,IMG_0105-HEIC
fb_h7_k4_m50_d0,IMG_0136
fb_h7_k4_m50_d0,IMG_0209
fb_h7_k4_m50_d0,IMG_0223
fb_h7_k4_m50_d0,IMG_0077
fb_h7_k4_m50_d0,IMG_0220
fb_h7_k4_m50_d0,IMG_0083-HEIC
fb_h7_k4_m50_d0,IMG_0089
fb_h7_k4_m50_d0,IMG_0165
fb_h7_k4_m50_d0,IMG_0102
fb_h7_k4_m50_d0,IMG_0238
fb_h7_k4_m50_d0,IMG_0174
fb_h7_k4_m50_d0,IMG_0066
fb_h7_k4_m50_d0,IMG_0106-HEIC
fb_h7_k4_m50_d0,IMG_0073
fb_h7_k4_m50_d0,IMG_0178
fb_h7_k4_m50_d0,IMG_0185
fb_h7_k4_m50_d0,IMG_0177
fb_h7_k4_m50_d0,IMG_0109-HEIC
fb_h7_k4_m50_d0,IMG_0210
fb_h7_k4_m50_d0,IMG_0153
fb_h7_k4_m50_d0,IMG_0116-HEIC
fb_h7_k4_m50_d0,IMG_0182-HEIC
fb_h7_k4_m50_d0,IMG_0095
fb_h7_k4_m50_d0,IMG_0279
fb_h7_k4_m50_d0,IMG_0084
fb_h7_k4_m50_d0,IMG_0273
fb_h7_k4_m50_d0,IMG_0204
fb_h7_k4_m50_d0,IMG_0070
fb_h7_k4_m50_d0,IMG_0179
fb_h7_k4_m50_d0,IMG_0111-HEIC
fb_h7_k4_m50_d0,IMG_0263
fb_h7_k4_m50_d0,IMG_0126-HEIC
fb_h7_k4_m50_d0,IMG_0108-HEIC
fb_h7_k4_m50_d0,IMG_0091
fb_h7_k4_m50_d0,IMG_0211
fb_h7_k4_m50_d0,IMG_0072
fb_h7_k4_m50_d0,IMG_9931
fb_h7_k4_m50_d0,IMG_9887
fb_h7_k4_m50_d0,IMG_9953
fb_h7_k4_m50_d0,IMG_9897
fb_h7_k4_m50_d0,IMG_9922
fb_h7_k4_m50_d0,IMG_9968
fb_h7_k4_m50_d0,IMG_9923
fb_h7_k4_m50_d0,IMG_9919
fb_h7_k4_m50_d0,IMG_9984
fb_h7_k4_m50_d0,IMG_9886
fb_h7_k4_m50_d0,IMG_9892
fb_h7_k4_m50_d0,IMG_9898
fb_h7_k4_m50_d0,IMG_9889
fb_h7_k4_m50_d0,IMG_9942
fb_h7_k4_m50_d0,IMG_9933
fb_h7_k4_m50_d0,IMG_9955
fb_h7_k4_m50_d0,IMG_9962
fb_h7_k4_m50_d0,IMG_9888
fb_h7_k4_m50_d0,IMG_9956
fb_h7_k4_m50_d0,IMG_9986
fb_h7_k4_m50_d0,IMG_9904
fb_h7_k4_m50_d0,IMG_9944
fb_h7_k4_m50_d0,IMG_9991
fb_h7_k4_m50_d0,IMG_9927
fb_h7_k4_m50_d0,IMG_9960
fb_h7_k4_m50_d0,IMG_9910
fb_h7_k4_m50_d0,IMG_9957
fb_h7_k4_m50_d0,IMG_9906
fb_h7_k4_m50_d0,IMG_9924
fb_h7_k4_m50_d0,IMG_9977
fb_h7_k4_m50_d0,IMG_9916
fb_h7_k4_m50_d0,IMG_9891
fb_h7_k4_m50_d0,IMG_9890
fb_h7_k4_m50_d0,IMG_9903
fb_h7_k4_m50_d0,IMG_9987
fb_h7_k4_m50_d0,IMG_9947
fb_h7_k4_m50_d0,IMG_9925
fb_h7_k4_m50_d0,IMG_9894
fb_h7_k4_m50_d0,IMG_9988
fb_h7_k4_m50_d0,IMG_9905
fb_h7_k4_m50_d0,IMG_9965
fb_h7_k4_m50_d0,IMG_9915
fb_h7_k4_m50_d0,IMG_9969
fb_h7_k4_m50_d0,IMG_9973
fb_h7_k4_m50_d0,IMG_9940
fb_h7_k4_m50_d0,IMG_9985
fb_h7_k4_m50_d0,IMG_9911
fb_h7_k4_m50_d0,IMG_9899
fb_h7_k4_m50_d0,IMG_9928
fb_h7_k4_m50_d0,IMG_9914-HEIC
fb_h7_k4_mall_d0,IMG_2701-HEIC
fb_h7_k4_mall_d0,IMG_2666-HEIC
fb_h7_k4_mall_d0,IMG_2686-HEIC
fb_h7_k4_mall_d0,IMG_2488-HEIC
fb_h7_k4_mall_d0,IMG_2579-HEIC
fb_h7_k4_mall_d0,IMG_2680-HEIC
fb_h7_k4_mall_d0,IMG_2525-HEIC
fb_h7_k4_mall_d0,IMG_2621-HEIC
fb_h7_k4_mall_d0,IMG_2489-HEIC
fb_h7_k4_mall_d0,IMG_2616-HEIC
fb_h7_k4_mall_d0,IMG_2477-HEIC
fb_h7_k4_mall_d0,IMG_2522-HEIC
fb_h7_k4_mall_d0,IMG_2496-HEIC
fb_h7_k4_mall_d0,IMG_2604-HEIC
fb_h7_k4_mall_d0,IMG_2545-HEIC
fb_h7_k4_mall_d0,IMG_2647-HEIC
fb_h7_k4_mall_d0,IMG_2478-HEIC
fb_h7_k4_mall_d0,IMG_2535-HEIC
fb_h7_k4_mall_d0,IMG_2588-HEIC
fb_h7_k4_mall_d0,IMG_2674-HEIC
fb_h7_k4_mall_d0,IMG_2572-HEIC
fb_h7_k4_mall_d0,IMG_2589-HEIC
fb_h7_k4_mall_d0,IMG_2643-HEIC
fb_h7_k4_mall_d0,IMG_2523-HEIC
fb_h7_k4_mall_d0,IMG_2600-HEIC
fb_h7_k4_mall_d0,IMG_2536-HEIC
fb_h7_k4_mall_d0,IMG_2597-HEIC
fb_h7_k4_mall_d0,IMG_2580-HEIC
fb_h7_k4_mall_d0,IMG_2526-HEIC
fb_h7_k4_mall_d0,IMG_2592-HEIC
fb_h7_k4_mall_d0,IMG_2595-HEIC
fb_h7_k4_mall_d0,IMG_2660-HEIC
fb_h7_k4_mall_d0,IMG_2648-HEIC
fb_h7_k4_mall_d0,IMG_2570-HEIC
fb_h7_k4_mall_d0,IMG_2585-HEIC
fb_h7_k4_mall_d0,IMG_2541-HEIC
fb_h7_k4_mall_d0,IMG_2634-HEIC
fb_h7_k4_mall_d0,IMG_2550-HEIC
fb_h7_k4_mall_d0,IMG_2581-HEIC
fb_h7_k4_mall_d0,IMG_2521-HEIC
fb_h7_k4_mall_d0,IMG_2617-HEIC
fb_h7_k4_mall_d0,IMG_2504-HEIC
fb_h7_k4_mall_d0,IMG_2644-HEIC
fb_h7_k4_mall_d0,IMG_2615-HEIC
fb_h7_k4_mall_d0,IMG_2537-HEIC
fb_h7_k4_mall_d0,IMG_2534-HEIC
fb_h7_k4_mall_d0,IMG_2599-HEIC
fb_h7_k4_mall_d0,IMG_2482-HEIC
fb_h7_k4_mall_d0,IMG_2542-HEIC
fb_h7_k4_mall_d0,IMG_2635-HEIC
fb_h7_k4_mall_d0,IMG_2492-HEIC
fb_h7_k4_mall_d0,IMG_2491-HEIC
fb_h7_k4_mall_d0,IMG_2646-HEIC
fb_h7_k4_mall_d0,IMG_2493-HEIC
fb_h7_k4_mall_d0,IMG_2566-HEIC
fb_h7_k4_mall_d0,IMG_2619-HEIC
fb_h7_k4_mall_d0,IMG_2638-HEIC
fb_h7_k4_mall_d0,IMG_2513-HEIC
fb_h7_k4_mall_d0,IMG_2591-HEIC
fb_h7_k4_mall_d0,IMG_2618-HEIC
fb_h7_k4_mall_d0,IMG_2452-HEIC
fb_h7_k4_mall_d0,IMG_2540-HEIC
fb_h7_k4_mall_d0,IMG_2475-HEIC
fb_h7_k4_mall_d0,IMG_2610-HEIC
fb_h7_k4_mall_d0,IMG_2637-HEIC
fb_h7_k4_mall_d0,IMG_2519-HEIC
fb_h7_k4_mall_d0,IMG_2586-HEIC
fb_h7_k4_mall_d0,IMG_2576-HEIC
fb_h7_k4_mall_d0,IMG_2524-HEIC
fb_h7_k4_mall_d0,IMG_2593-HEIC
fb_h7_k4_mall_d0,IMG_2577-HEIC
fb_h7_k4_mall_d0,IMG_2587-HEIC
fb_h7_k4_mall_d0,IMG_2446-HEIC
fb_h7_k4_mall_d0,IMG_2538-HEIC
fb_h7_k4_mall_d0,IMG_2520-HEIC
fb_h7_k4_mall_d0,IMG_2583-HEIC
fb_h7_k4_mall_d0,IMG_2567-HEIC
fb_h7_k4_mall_d0,IMG_2557-HEIC
fb_h7_k4_mall_d0,IMG_2395-HEIC
fb_h7_k4_mall_d0,IMG_2569-HEIC
fb_h7_k4_mall_d0,IMG_2481-HEIC
fb_h7_k4_mall_d0,IMG_2584-HEIC
fb_h7_k4_mall_d0,IMG_2700-HEIC
fb_h7_k4_mall_d0,IMG_2533-HEIC
fb_h7_k4_mall_d0,IMG_2539-HEIC
fb_h7_k4_mall_d0,IMG_2598-HEIC
fb_h7_k4_mall_d0,IMG_2654-HEIC
fb_h7_k4_mall_d0,IMG_2494-HEIC
fb_h7_k4_mall_d0,IMG_2476-HEIC
fb_h7_k4_mall_d0,IMG_2495-HEIC
fb_h7_k4_mall_d0,IMG_2594-HEIC
fb_h7_k4_mall_d0,IMG_2590-HEIC
fb_h7_k4_mall_d0,IMG_2582-HEIC
fb_h7_k4_mall_d0,IMG_2578-HEIC
fb_h7_k4_mall_d0,IMG_2603-HEIC
fb_h7_k4_mall_d0,IMG_2480-HEIC
fb_h7_k4_mall_d0,IMG_2571-HEIC
fb_h7_k4_mall_d0,IMG_2596-HEIC
fb_h7_k4_mall_d0,IMG_2636-HEIC
fb_h7_k4_mall_d0,IMG_2417-HEIC
fb_h7_k4_mall_d0,IMG_2620-HEIC
fb_h7_k4_mall_d0,IMG_2564-HEIC
fb_h7_k4_mall_d0,IMG_4193
fb_h7_k4_mall_d0,IMG_2069
fb_h7_k4_mall_d0,IMG_4192
fb_h7_k4_mall_d0,IMG_2060
fb_h7_k4_mall_d0,IMG_2135
fb_h7_k4_mall_d0,IMG_4181
fb_h7_k4_mall_d0,IMG_4085
fb_h7_k4_mall_d0,IMG_4105
fb_h7_k4_mall_d0,IMG_4262
fb_h7_k4_mall_d0,IMG_4202
fb_h7_k4_mall_d0,IMG_4072
fb_h7_k4_mall_d0,IMG_4065
fb_h7_k4_mall_d0,IMG_2131
fb_h7_k4_mall_d0,IMG_4064
fb_h7_k4_mall_d0,IMG_4163
fb_h7_k4_mall_d0,IMG_4110
fb_h7_k4_mall_d0,IMG_2134
fb_h7_k4_mall_d0,IMG_2059
fb_h7_k4_mall_d0,IMG_4150
fb_h7_k4_mall_d0,IMG_2064
fb_h7_k4_mall_d0,IMG_4153
fb_h7_k4_mall_d0,IMG_4145
fb_h7_k4_mall_d0,IMG_4203
fb_h7_k4_mall_d0,IMG_2130
fb_h7_k4_mall_d0,IMG_2073
fb_h7_k4_mall_d0,IMG_4159
fb_h7_k4_mall_d0,IMG_4149
fb_h7_k4_mall_d0,IMG_2078
fb_h7_k4_mall_d0,IMG_4109
fb_h7_k4_mall_d0,IMG_2106
fb_h7_k4_mall_d0,IMG_4086
fb_h7_k4_mall_d0,IMG_2074
fb_h7_k4_mall_d0,IMG_2071
fb_h7_k4_mall_d0,IMG_4170
fb_h7_k4_mall_d0,IMG_4213
fb_h7_k4_mall_d0,IMG_2085
fb_h7_k4_mall_d0,IMG_4219
fb_h7_k4_mall_d0,IMG_2110
fb_h7_k4_mall_d0,IMG_2075
fb_h7_k4_mall_d0,IMG_2103
fb_h7_k4_mall_d0,IMG_2133
fb_h7_k4_mall_d0,IMG_4118
fb_h7_k4_mall_d0,IMG_4180
fb_h7_k4_mall_d0,IMG_2105
fb_h7_k4_mall_d0,IMG_2120
fb_h7_k4_mall_d0,IMG_4098
fb_h7_k4_mall_d0,IMG_4218
fb_h7_k4_mall_d0,IMG_2076
fb_h7_k4_mall_d0,IMG_4090
fb_h7_k4_mall_d0,IMG_4066
fb_h7_k4_mall_d0,IMG_4117
fb_h7_k4_mall_d0,IMG_4134
fb_h7_k4_mall_d0,IMG_2107
fb_h7_k4_mall_d0,IMG_4067
fb_h7_k4_mall_d0,IMG_4071
fb_h7_k4_mall_d0,IMG_2063
fb_h7_k4_mall_d0,IMG_4178
fb_h7_k4_mall_d0,IMG_2080
fb_h7_k4_mall_d0,IMG_4194
fb_h7_k4_mall_d0,IMG_4201
fb_h7_k4_mall_d0,IMG_4111
fb_h7_k4_mall_d0,IMG_4143
fb_h7_k4_mall_d0,IMG_4116
fb_h7_k4_mall_d0,IMG_4174
fb_h7_k4_mall_d0,IMG_4185
fb_h7_k4_mall_d0,IMG_4191
fb_h7_k4_mall_d0,IMG_4179
fb_h7_k4_mall_d0,IMG_4146
fb_h7_k4_mall_d0,IMG_4114
fb_h7_k4_mall_d0,IMG_2101
fb_h7_k4_mall_d0,IMG_4165
fb_h7_k4_mall_d0,IMG_2102
fb_h7_k4_mall_d0,IMG_4148
fb_h7_k4_mall_d0,IMG_4189
fb_h7_k4_mall_d0,IMG_4070
fb_h7_k4_mall_d0,IMG_4172
fb_h7_k4_mall_d0,IMG_2117
fb_h7_k4_mall_d0,IMG_2082
fb_h7_k4_mall_d0,IMG_4112
fb_h7_k4_mall_d0,IMG_4096
fb_h7_k4_mall_d0,IMG_4123
fb_h7_k4_mall_d0,IMG_4104
fb_h7_k4_mall_d0,IMG_4155
fb_h7_k4_mall_d0,IMG_2066
fb_h7_k4_mall_d0,IMG_2088
fb_h7_k4_mall_d0,IMG_2083
fb_h7_k4_mall_d0,IMG_4200
fb_h7_k4_mall_d0,IMG_4190
fb_h7_k4_mall_d0,IMG_2072
fb_h7_k4_mall_d0,IMG_2061
fb_h7_k4_mall_d0,IMG_4168
fb_h7_k4_mall_d0,IMG_2067
fb_h7_k4_mall_d0,IMG_4106
fb_h7_k4_mall_d0,IMG_4184
fb_h7_k4_mall_d0,IMG_4161
fb_h7_k4_mall_d0,IMG_4073
fb_h7_k4_mall_d0,IMG_4187
fb_h7_k4_mall_d0,IMG_2104
fb_h7_k4_mall_d0,IMG_4154
fb_h7_k4_mall_d0,IMG_2068
fb_h7_k4_mall_d0,IMG_2116
fb_h7_k4_mall_d0,IMG_4183
fb_h7_k4_mall_d0,IMG_4186
fb_h7_k4_mall_d0,IMG_2108
fb_h7_k4_mall_d0,IMG_4157
fb_h7_k4_mall_d0,IMG_2058
fb_h7_k4_mall_d0,IMG_2122
fb_h7_k4_mall_d0,IMG_2121
fb_h7_k4_mall_d0,IMG_2089
fb_h7_k4_mall_d0,IMG_4069
fb_h7_k4_mall_d0,IMG_2095
fb_h7_k4_mall_d0,IMG_4188
fb_h7_k4_mall_d0,IMG_2119
fb_h7_k4_mall_d0,IMG_4220
fb_h7_k4_mall_d0,IMG_4120
fb_h7_k4_mall_d0,IMG_2070
fb_h7_k4_mall_d0,IMG_4113
fb_h7_k4_mall_d0,IMG_4103
fb_h7_k4_mall_d0,IMG_2081
fb_h7_k4_mall_d0,IMG_4068
fb_h7_k4_mall_d0,IMG_2132
fb_h7_k4_mall_d0,IMG_4075
fb_h7_k4_mall_d0,IMG_4176
fb_h7_k4_mall_d0,IMG_4088
fb_h7_k4_mall_d0,IMG_4221
fb_h7_k4_mall_d0,IMG_2077
fb_h7_k4_mall_d0,IMG_4169
fb_h7_k4_mall_d0,IMG_4095
fb_h7_k4_mall_d0,IMG_4156
fb_h7_k4_mall_d0,IMG_2084
fb_h7_k4_mall_d0,IMG_4151
fb_h7_k4_mall_d0,IMG_4152
fb_h7_k4_mall_d0,IMG_4087
fb_h7_k4_mall_d0,IMG_2062
fb_h7_k4_mall_d0,IMG_4091
fb_h7_k4_mall_d0,IMG_4164
fb_h7_k4_mall_d0,IMG_4089
fb_h7_k4_mall_d0,IMG_4162
fb_h7_k4_mall_d0,IMG_4256
fb_h7_k4_mall_d0,IMG_2079
fb_h7_k4_mall_d0,IMG_4115
fb_h7_k4_mall_d0,IMG_2109
fb_h7_k4_mall_d0,IMG_2115
fb_h7_k4_mall_d0,IMG_2100
fb_h7_k4_mall_d0,IMG_4147
fb_h7_k4_mall_d0,IMG_4144
fb_h7_k4_mall_d0,IMG_4182
fb_h7_k4_mall_d0,IMG_0284
fb_h7_k4_mall_d0,IMG_0230
fb_h7_k4_mall_d0,IMG_0104-HEIC
fb_h7_k4_mall_d0,IMG_0260
fb_h7_k4_mall_d0,IMG_0069
fb_h7_k4_mall_d0,IMG_0256
fb_h7_k4_mall_d0,IMG_0218
fb_h7_k4_mall_d0,IMG_0090
fb_h7_k4_mall_d0,IMG_0148
fb_h7_k4_mall_d0,IMG_0080
fb_h7_k4_mall_d0,IMG_0219
fb_h7_k4_mall_d0,IMG_0267
fb_h7_k4_mall_d0,IMG_0142
fb_h7_k4_mall_d0,IMG_0105-HEIC
fb_h7_k4_mall_d0,IMG_0136
fb_h7_k4_mall_d0,IMG_0209
fb_h7_k4_mall_d0,IMG_0223
fb_h7_k4_mall_d0,IMG_0077
fb_h7_k4_mall_d0,IMG_0220
fb_h7_k4_mall_d0,IMG_0083-HEIC
fb_h7_k4_mall_d0,IMG_0089
fb_h7_k4_mall_d0,IMG_0165
fb_h7_k4_mall_d0,IMG_0102
fb_h7_k4_mall_d0,IMG_0238
fb_h7_k4_mall_d0,IMG_0174
fb_h7_k4_mall_d0,IMG_0066
fb_h7_k4_mall_d0,IMG_0106-HEIC
fb_h7_k4_mall_d0,IMG_0073
fb_h7_k4_mall_d0,IMG_0178
fb_h7_k4_mall_d0,IMG_0185
fb_h7_k4_mall_d0,IMG_0177
fb_h7_k4_mall_d0,IMG_0109-HEIC
fb_h7_k4_mall_d0,IMG_0210
fb_h7_k4_mall_d0,IMG_0153
fb_h7_k4_mall_d0,IMG_0116-HEIC
fb_h7_k4_mall_d0,IMG_0182-HEIC
fb_h7_k4_mall_d0,IMG_0095
fb_h7_k4_mall_d0,IMG_0279
fb_h7_k4_mall_d0,IMG_0084
fb_h7_k4_mall_d0,IMG_0273
fb_h7_k4_mall_d0,IMG_0204
fb_h7_k4_mall_d0,IMG_0070
fb_h7_k4_mall_d0,IMG_0179
fb_h7_k4_mall_d0,IMG_0111-HEIC
fb_h7_k4_mall_d0,IMG_0263
fb_h7_k4_mall_d0,IMG_0126-HEIC
fb_h7_k4_mall_d0,IMG_0108-HEIC
fb_h7_k4_mall_d0,IMG_0091
fb_h7_k4_mall_d0,IMG_0211
fb_h7_k4_mall_d0,IMG_0072
fb_h7_k4_mall_d0,IMG_0192
fb_h7_k4_mall_d0,IMG_0184
fb_h7_k4_mall_d0,IMG_0235
fb_h7_k4_mall_d0,IMG_0257
fb_h7_k4_mall_d0,IMG_0074
fb_h7_k4_mall_d0,IMG_0078
fb_h7_k4_mall_d0,IMG_0159
fb_h7_k4_mall_d0,IMG_0173
fb_h7_k4_mall_d0,IMG_0175
fb_h7_k4_mall_d0,IMG_0198
fb_h7_k4_mall_d0,IMG_0187-HEIC
fb_h7_k4_mall_d0,IMG_0262
fb_h7_k4_mall_d0,IMG_9931
fb_h7_k4_mall_d0,IMG_9887
fb_h7_k4_mall_d0,IMG_9953
fb_h7_k4_mall_d0,IMG_9897
fb_h7_k4_mall_d0,IMG_9922
fb_h7_k4_mall_d0,IMG_9968
fb_h7_k4_mall_d0,IMG_9923
fb_h7_k4_mall_d0,IMG_9919
fb_h7_k4_mall_d0,IMG_9984
fb_h7_k4_mall_d0,IMG_9886
fb_h7_k4_mall_d0,IMG_9892
fb_h7_k4_mall_d0,IMG_9898
fb_h7_k4_mall_d0,IMG_9889
fb_h7_k4_mall_d0,IMG_9942
fb_h7_k4_mall_d0,IMG_9933
fb_h7_k4_mall_d0,IMG_9955
fb_h7_k4_mall_d0,IMG_9962
fb_h7_k4_mall_d0,IMG_9888
fb_h7_k4_mall_d0,IMG_9956
fb_h7_k4_mall_d0,IMG_9986
fb_h7_k4_mall_d0,IMG_9904
fb_h7_k4_mall_d0,IMG_9944
fb_h7_k4_mall_d0,IMG_9991
fb_h7_k4_mall_d0,IMG_9927
fb_h7_k4_mall_d0,IMG_9960
fb_h7_k4_mall_d0,IMG_9910
fb_h7_k4_mall_d0,IMG_9957
fb_h7_k4_mall_d0,IMG_9906
fb_h7_k4_mall_d0,IMG_9924
fb_h7_k4_mall_d0,IMG_9977
fb_h7_k4_mall_d0,IMG_9916
fb_h7_k4_mall_d0,IMG_9891
fb_h7_k4_mall_d0,IMG_9890
fb_h7_k4_mall_d0,IMG_9903
fb_h7_k4_mall_d0,IMG_9987
fb_h7_k4_mall_d0,IMG_9947
fb_h7_k4_mall_d0,IMG_9925
fb_h7_k4_mall_d0,IMG_9894
fb_h7_k4_mall_d0,IMG_9988
fb_h7_k4_mall_d0,IMG_9905
fb_h7_k4_mall_d0,IMG_9965
fb_h7_k4_mall_d0,IMG_9915
fb_h7_k4_mall_d0,IMG_9969
fb_h7_k4_mall_d0,IMG_9973
fb_h7_k4_mall_d0,IMG_9940
fb_h7_k4_mall_d0,IMG_9985
fb_h7_k4_mall_d0,IMG_9911
fb_h7_k4_mall_d0,IMG_9899
fb_h7_k4_mall_d0,IMG_9928
fb_h7_k4_mall_d0,IMG_9914-HEIC
fb_h7_k4_mall_d0,IMG_9939
fb_h7_k4_mall_d0,IMG_9907
fb_h7_k4_mall_d0,IMG_9920
fb_h7_k4_mall_d0,IMG_9929
fb_h7_k4_mall_d0,IMG_9949
fb_h7_k4_mall_d0,IMG_9989
fb_h7_k4_mall_d0,IMG_9941
fb_h7_k4_mall_d0,IMG_9900
fb_h7_k4_mall_d0,IMG_9885
fb_h7_k4_mall_d0,IMG_9958
fb_h7_k4_mall_d0,IMG_9970
fb_h7_k4_mall_d0,IMG_9948
fb_h7_k4_mall_d0,IMG_9918
fb_h7_k4_mall_d0,IMG_9896
fb_h7_k4_mall_d0,IMG_9990
fb_h7_k4_mall_d0,IMG_9980
fb_h7_k4_mall_d0,IMG_9972
fb_h7_k4_mall_d0,IMG_9895
fb_h7_k4_mall_d0,IMG_9893
fb_h7_k4_mall_d0,IMG_9926
fb_h7_k4_mall_d0,IMG_9917
fb_h7_k4_mall_d0,IMG_9959
fb_h7_k4_mall_d0,IMG_9943
fb_h7_k4_mall_d0,IMG_9912-HEIC
fb_h7_k4_mall_d0,IMG_9983
fb_h7_k4_mall_d0,IMG_9951
fb_h7_k4_mall_d0,IMG_9961
fb_h7_k4_mall_d0,IMG_9908
fb_h7_k4_mall_d0,IMG_9921
fb_h7_k4_mall_d0,IMG_9946
fb_h7_k4_mall_d0,IMG_9963
fb_h7_k4_mall_d0,IMG_9902
fb_h7_k4_m15_d1,IMG_9821
fb_h7_k4_m15_d1,IMG_9784-HEIC
fb_h7_k4_m15_d1,IMG_9819
fb_h7_k4_m15_d1,IMG_9857
fb_h7_k4_m15_d1,IMG_0002
fb_h7_k4_m15_d1,IMG_0008
fb_h7_k4_m15_d1,IMG_9875
fb_h7_k4_m15_d1,IMG_0016
fb_h7_k4_m15_d1,IMG_9774
fb_h7_k4_m15_d1,IMG_9773
fb_h7_k4_m15_d1,IMG_9777
fb_h7_k4_m15_d1,IMG_9880
fb_h7_k4_m15_d1,IMG_9770
fb_h7_k4_m15_d1,IMG_9938
fb_h7_k4_m15_d1,IMG_9844
fb_h7_k4_m15_d1,IMG_2579-HEIC
fb_h7_k4_m15_d1,IMG_2446-HEIC
fb_h7_k4_m15_d1,IMG_2476-HEIC
fb_h7_k4_m15_d1,IMG_2540-HEIC
fb_h7_k4_m15_d1,IMG_2452-HEIC
fb_h7_k4_m15_d1,IMG_2590-HEIC
fb_h7_k4_m15_d1,IMG_2604-HEIC
fb_h7_k4_m15_d1,IMG_2700-HEIC
fb_h7_k4_m15_d1,IMG_2519-HEIC
fb_h7_k4_m15_d1,IMG_2595-HEIC
fb_h7_k4_m15_d1,IMG_2550-HEIC
fb_h7_k4_m15_d1,IMG_2478-HEIC
fb_h7_k4_m15_d1,IMG_2581-HEIC
fb_h7_k4_m15_d1,IMG_2589-HEIC
fb_h7_k4_m15_d1,IMG_2482-HEIC
fb_h7_k4_m15_d1,IMG_2108
fb_h7_k4_m15_d1,IMG_4112
fb_h7_k4_m15_d1,IMG_4187
fb_h7_k4_m15_d1,IMG_2082
fb_h7_k4_m15_d1,IMG_2060
fb_h7_k4_m15_d1,IMG_2119
fb_h7_k4_m15_d1,IMG_4145
fb_h7_k4_m15_d1,IMG_4157
fb_h7_k4_m15_d1,IMG_4219
fb_h7_k4_m15_d1,IMG_4165
fb_h7_k4_m15_d1,IMG_4090
fb_h7_k4_m15_d1,IMG_4170
fb_h7_k4_m15_d1,IMG_2135
fb_h7_k4_m15_d1,IMG_2121
fb_h7_k4_m15_d1,IMG_4148
fb_h7_k4_m15_d1,IMG_9900
fb_h7_k4_m15_d1,IMG_9942
fb_h7_k4_m15_d1,IMG_9892
fb_h7_k4_m15_d1,IMG_9959
fb_h7_k4_m15_d1,IMG_9904
fb_h7_k4_m15_d1,IMG_9923
fb_h7_k4_m15_d1,IMG_9894
fb_h7_k4_m15_d1,IMG_9918
fb_h7_k4_m15_d1,IMG_9929
fb_h7_k4_m15_d1,IMG_9908
fb_h7_k4_m15_d1,IMG_9910
fb_h7_k4_m15_d1,IMG_9887
fb_h7_k4_m15_d1,IMG_9911
fb_h7_k4_m15_d1,IMG_9965
fb_h7_k4_m15_d1,IMG_9943
fb_h7_k4_m50_d1,IMG_9821
fb_h7_k4_m50_d1,IMG_9784-HEIC
fb_h7_k4_m50_d1,IMG_9819
fb_h7_k4_m50_d1,IMG_9857
fb_h7_k4_m50_d1,IMG_0002
fb_h7_k4_m50_d1,IMG_0008
fb_h7_k4_m50_d1,IMG_9875
fb_h7_k4_m50_d1,IMG_0016
fb_h7_k4_m50_d1,IMG_9774
fb_h7_k4_m50_d1,IMG_9773
fb_h7_k4_m50_d1,IMG_9777
fb_h7_k4_m50_d1,IMG_9880
fb_h7_k4_m50_d1,IMG_9770
fb_h7_k4_m50_d1,IMG_9938
fb_h7_k4_m50_d1,IMG_9844
fb_h7_k4_m50_d1,IMG_9767
fb_h7_k4_m50_d1,IMG_9809
fb_h7_k4_m50_d1,IMG_9866
fb_h7_k4_m50_d1,IMG_9979-HEIC
fb_h7_k4_m50_d1,IMG_9833
fb_h7_k4_m50_d1,IMG_9918-HEIC
fb_h7_k4_m50_d1,IMG_9768
fb_h7_k4_m50_d1,IMG_9997
fb_h7_k4_m50_d1,IMG_9779-HEIC
fb_h7_k4_m50_d1,IMG_9999
fb_h7_k4_m50_d1,IMG_9771
fb_h7_k4_m50_d1,IMG_9763
fb_h7_k4_m50_d1,IMG_9864
fb_h7_k4_m50_d1,IMG_0398
fb_h7_k4_m50_d1,IMG_9826
fb_h7_k4_m50_d1,IMG_9804
fb_h7_k4_m50_d1,IMG_0457
fb_h7_k4_m50_d1,IMG_9803
fb_h7_k4_m50_d1,IMG_9827
fb_h7_k4_m50_d1,IMG_9813
fb_h7_k4_m50_d1,IMG_9854
fb_h7_k4_m50_d1,IMG_9869
fb_h7_k4_m50_d1,IMG_0328
fb_h7_k4_m50_d1,IMG_9879
fb_h7_k4_m50_d1,IMG_9964
fb_h7_k4_m50_d1,IMG_0291
fb_h7_k4_m50_d1,IMG_9948-HEIC
fb_h7_k4_m50_d1,IMG_9843
fb_h7_k4_m50_d1,IMG_9822
fb_h7_k4_m50_d1,IMG_9998
fb_h7_k4_m50_d1,IMG_9984-HEIC
fb_h7_k4_m50_d1,IMG_0028
fb_h7_k4_m50_d1,IMG_9858
fb_h7_k4_m50_d1,IMG_9765
fb_h7_k4_m50_d1,IMG_9848
fb_h7_k4_m50_d1,IMG_2579-HEIC
fb_h7_k4_m50_d1,IMG_2446-HEIC
fb_h7_k4_m50_d1,IMG_2476-HEIC
fb_h7_k4_m50_d1,IMG_2540-HEIC
fb_h7_k4_m50_d1,IMG_2452-HEIC
fb_h7_k4_m50_d1,IMG_2590-HEIC
fb_h7_k4_m50_d1,IMG_2604-HEIC
fb_h7_k4_m50_d1,IMG_2700-HEIC
fb_h7_k4_m50_d1,IMG_2519-HEIC
fb_h7_k4_m50_d1,IMG_2595-HEIC
fb_h7_k4_m50_d1,IMG_2550-HEIC
fb_h7_k4_m50_d1,IMG_2478-HEIC
fb_h7_k4_m50_d1,IMG_2581-HEIC
fb_h7_k4_m50_d1,IMG_2589-HEIC
fb_h7_k4_m50_d1,IMG_2482-HEIC
fb_h7_k4_m50_d1,IMG_2643-HEIC
fb_h7_k4_m50_d1,IMG_2571-HEIC
fb_h7_k4_m50_d1,IMG_2496-HEIC
fb_h7_k4_m50_d1,IMG_2598-HEIC
fb_h7_k4_m50_d1,IMG_2569-HEIC
fb_h7_k4_m50_d1,IMG_2583-HEIC
fb_h7_k4_m50_d1,IMG_2536-HEIC
fb_h7_k4_m50_d1,IMG_2599-HEIC
fb_h7_k4_m50_d1,IMG_2646-HEIC
fb_h7_k4_m50_d1,IMG_2480-HEIC
fb_h7_k4_m50_d1,IMG_2620-HEIC
fb_h7_k4_m50_d1,IMG_2521-HEIC
fb_h7_k4_m50_d1,IMG_2647-HEIC
fb_h7_k4_m50_d1,IMG_2475-HEIC
fb_h7_k4_m50_d1,IMG_2600-HEIC
fb_h7_k4_m50_d1,IMG_2616-HEIC
fb_h7_k4_m50_d1,IMG_2534-HEIC
fb_h7_k4_m50_d1,IMG_2557-HEIC
fb_h7_k4_m50_d1,IMG_2545-HEIC
fb_h7_k4_m50_d1,IMG_2591-HEIC
fb_h7_k4_m50_d1,IMG_2610-HEIC
fb_h7_k4_m50_d1,IMG_2538-HEIC
fb_h7_k4_m50_d1,IMG_2526-HEIC
fb_h7_k4_m50_d1,IMG_2494-HEIC
fb_h7_k4_m50_d1,IMG_2513-HEIC
fb_h7_k4_m50_d1,IMG_2582-HEIC
fb_h7_k4_m50_d1,IMG_2488-HEIC
fb_h7_k4_m50_d1,IMG_2648-HEIC
fb_h7_k4_m50_d1,IMG_2654-HEIC
fb_h7_k4_m50_d1,IMG_2525-HEIC
fb_h7_k4_m50_d1,IMG_2674-HEIC
fb_h7_k4_m50_d1,IMG_2588-HEIC
fb_h7_k4_m50_d1,IMG_2537-HEIC
fb_h7_k4_m50_d1,IMG_2666-HEIC
fb_h7_k4_m50_d1,IMG_2535-HEIC
fb_h7_k4_m50_d1,IMG_2108
fb_h7_k4_m50_d1,IMG_4112
fb_h7_k4_m50_d1,IMG_4187
fb_h7_k4_m50_d1,IMG_2082
fb_h7_k4_m50_d1,IMG_2060
fb_h7_k4_m50_d1,IMG_2119
fb_h7_k4_m50_d1,IMG_4145
fb_h7_k4_m50_d1,IMG_4157
fb_h7_k4_m50_d1,IMG_4219
fb_h7_k4_m50_d1,IMG_4165
fb_h7_k4_m50_d1,IMG_4090
fb_h7_k4_m50_d1,IMG_4170
fb_h7_k4_m50_d1,IMG_2135
fb_h7_k4_m50_d1,IMG_2121
fb_h7_k4_m50_d1,IMG_4148
fb_h7_k4_m50_d1,IMG_2078
fb_h7_k4_m50_d1,IMG_4256
fb_h7_k4_m50_d1,IMG_4071
fb_h7_k4_m50_d1,IMG_4192
fb_h7_k4_m50_d1,IMG_2058
fb_h7_k4_m50_d1,IMG_4181
fb_h7_k4_m50_d1,IMG_4164
fb_h7_k4_m50_d1,IMG_2083
fb_h7_k4_m50_d1,IMG_4213
fb_h7_k4_m50_d1,IMG_2073
fb_h7_k4_m50_d1,IMG_4091
fb_h7_k4_m50_d1,IMG_2061
fb_h7_k4_m50_d1,IMG_4072
fb_h7_k4_m50_d1,IMG_4163
fb_h7_k4_m50_d1,IMG_4067
fb_h7_k4_m50_d1,IMG_4176
fb_h7_k4_m50_d1,IMG_2081
fb_h7_k4_m50_d1,IMG_2103
fb_h7_k4_m50_d1,IMG_4155
fb_h7_k4_m50_d1,IMG_4114
fb_h7_k4_m50_d1,IMG_4109
fb_h7_k4_m50_d1,IMG_4149
fb_h7_k4_m50_d1,IMG_2067
fb_h7_k4_m50_d1,IMG_4188
fb_h7_k4_m50_d1,IMG_4070
fb_h7_k4_m50_d1,IMG_4120
fb_h7_k4_m50_d1,IMG_2106
fb_h7_k4_m50_d1,IMG_4096
fb_h7_k4_m50_d1,IMG_4202
fb_h7_k4_m50_d1,IMG_2120
fb_h7_k4_m50_d1,IMG_4151
fb_h7_k4_m50_d1,IMG_4095
fb_h7_k4_m50_d1,IMG_2132
fb_h7_k4_m50_d1,IMG_4065
fb_h7_k4_m50_d1,IMG_4153
fb_h7_k4_m50_d1,IMG_9900
fb_h7_k4_m50_d1,IMG_9942
fb_h7_k4_m50_d1,IMG_9892
fb_h7_k4_m50_d1,IMG_9959
fb_h7_k4_m50_d1,IMG_9904
fb_h7_k4_m50_d1,IMG_9923
fb_h7_k4_m50_d1,IMG_9894
fb_h7_k4_m50_d1,IMG_9918
fb_h7_k4_m50_d1,IMG_9929
fb_h7_k4_m50_d1,IMG_9908
fb_h7_k4_m50_d1,IMG_9910
fb_h7_k4_m50_d1,IMG_9887
fb_h7_k4_m50_d1,IMG_9911
fb_h7_k4_m50_d1,IMG_9965
fb_h7_k4_m50_d1,IMG_9943
fb_h7_k4_m50_d1,IMG_9914-HEIC
fb_h7_k4_m50_d1,IMG_9886
fb_h7_k4_m50_d1,IMG_9980
fb_h7_k4_m50_d1,IMG_9949
fb_h7_k4_m50_d1,IMG_9946
fb_h7_k4_m50_d1,IMG_9912-HEIC
fb_h7_k4_m50_d1,IMG_9903
fb_h7_k4_m50_d1,IMG_9931
fb_h7_k4_m50_d1,IMG_9947
fb_h7_k4_m50_d1,IMG_9897
fb_h7_k4_m50_d1,IMG_9962
fb_h7_k4_m50_d1,IMG_9953
fb_h7_k4_m50_d1,IMG_9941
fb_h7_k4_m50_d1,IMG_9972
fb_h7_k4_m50_d1,IMG_9898
fb_h7_k4_m50_d1,IMG_9985
fb_h7_k4_m50_d1,IMG_9948
fb_h7_k4_m50_d1,IMG_9889
fb_h7_k4_m50_d1,IMG_9955
fb_h7_k4_m50_d1,IMG_9963
fb_h7_k4_m50_d1,IMG_9920
fb_h7_k4_m50_d1,IMG_9988
fb_h7_k4_m50_d1,IMG_9928
fb_h7_k4_m50_d1,IMG_9961
fb_h7_k4_m50_d1,IMG_9957
fb_h7_k4_m50_d1,IMG_9958
fb_h7_k4_m50_d1,IMG_9890
fb_h7_k4_m50_d1,IMG_9933
fb_h7_k4_m50_d1,IMG_9969
fb_h7_k4_m50_d1,IMG_9915
fb_h7_k4_m50_d1,IMG_9987
fb_h7_k4_m50_d1,IMG_9989
fb_h7_k4_m50_d1,IMG_9899
fb_h7_k4_m50_d1,IMG_9888
fb_h7_k4_m50_d1,IMG_9891
fb_h7_k4_mall_d1,IMG_9821
fb_h7_k4_mall_d1,IMG_9784-HEIC
fb_h7_k4_mall_d1,IMG_9819
fb_h7_k4_mall_d1,IMG_9857
fb_h7_k4_mall_d1,IMG_0002
fb_h7_k4_mall_d1,IMG_0008
fb_h7_k4_mall_d1,IMG_9875
fb_h7_k4_mall_d1,IMG_0016
fb_h7_k4_mall_d1,IMG_9774
fb_h7_k4_mall_d1,IMG_9773
fb_h7_k4_mall_d1,IMG_9777
fb_h7_k4_mall_d1,IMG_9880
fb_h7_k4_mall_d1,IMG_9770
fb_h7_k4_mall_d1,IMG_9938
fb_h7_k4_mall_d1,IMG_9844
fb_h7_k4_mall_d1,IMG_9767
fb_h7_k4_mall_d1,IMG_9809
fb_h7_k4_mall_d1,IMG_9866
fb_h7_k4_mall_d1,IMG_9979-HEIC
fb_h7_k4_mall_d1,IMG_9833
fb_h7_k4_mall_d1,IMG_9918-HEIC
fb_h7_k4_mall_d1,IMG_9768
fb_h7_k4_mall_d1,IMG_9997
fb_h7_k4_mall_d1,IMG_9779-HEIC
fb_h7_k4_mall_d1,IMG_9999
fb_h7_k4_mall_d1,IMG_9771
fb_h7_k4_mall_d1,IMG_9763
fb_h7_k4_mall_d1,IMG_9864
fb_h7_k4_mall_d1,IMG_0398
fb_h7_k4_mall_d1,IMG_9826
fb_h7_k4_mall_d1,IMG_9804
fb_h7_k4_mall_d1,IMG_0457
fb_h7_k4_mall_d1,IMG_9803
fb_h7_k4_mall_d1,IMG_9827
fb_h7_k4_mall_d1,IMG_9813
fb_h7_k4_mall_d1,IMG_9854
fb_h7_k4_mall_d1,IMG_9869
fb_h7_k4_mall_d1,IMG_0328
fb_h7_k4_mall_d1,IMG_9879
fb_h7_k4_mall_d1,IMG_9964
fb_h7_k4_mall_d1,IMG_0291
fb_h7_k4_mall_d1,IMG_9948-HEIC
fb_h7_k4_mall_d1,IMG_9843
fb_h7_k4_mall_d1,IMG_9822
fb_h7_k4_mall_d1,IMG_9998
fb_h7_k4_mall_d1,IMG_9984-HEIC
fb_h7_k4_mall_d1,IMG_0028
fb_h7_k4_mall_d1,IMG_9858
fb_h7_k4_mall_d1,IMG_9765
fb_h7_k4_mall_d1,IMG_9848
fb_h7_k4_mall_d1,IMG_9823
fb_h7_k4_mall_d1,IMG_7016-HEIC
fb_h7_k4_mall_d1,IMG_0364
fb_h7_k4_mall_d1,IMG_0040
fb_h7_k4_mall_d1,IMG_0305
fb_h7_k4_mall_d1,IMG_9865
fb_h7_k4_mall_d1,IMG_9874
fb_h7_k4_mall_d1,IMG_9766
fb_h7_k4_mall_d1,IMG_0450
fb_h7_k4_mall_d1,IMG_9805
fb_h7_k4_mall_d1,IMG_9906-HEIC
fb_h7_k4_mall_d1,IMG_9985-HEIC
fb_h7_k4_mall_d1,IMG_9836
fb_h7_k4_mall_d1,IMG_9832
fb_h7_k4_mall_d1,IMG_9811
fb_h7_k4_mall_d1,IMG_9920-HEIC
fb_h7_k4_mall_d1,IMG_9915-HEIC
fb_h7_k4_mall_d1,IMG_0381
fb_h7_k4_mall_d1,IMG_0340
fb_h7_k4_mall_d1,IMG_9839
fb_h7_k4_mall_d1,IMG_9828
fb_h7_k4_mall_d1,IMG_9916-HEIC
fb_h7_k4_mall_d1,IMG_9820
fb_h7_k4_mall_d1,IMG_9905-HEIC
fb_h7_k4_mall_d1,IMG_9801
fb_h7_k4_mall_d1,IMG_0387
fb_h7_k4_mall_d1,IMG_9829
fb_h7_k4_mall_d1,IMG_9783-HEIC
fb_h7_k4_mall_d1,IMG_0300
fb_h7_k4_mall_d1,IMG_9989-HEIC
fb_h7_k4_mall_d1,IMG_0393
fb_h7_k4_mall_d1,IMG_9990-HEIC
fb_h7_k4_mall_d1,IMG_9799
fb_h7_k4_mall_d1,IMG_9842
fb_h7_k4_mall_d1,IMG_9981-HEIC
fb_h7_k4_mall_d1,IMG_0433
fb_h7_k4_mall_d1,IMG_9876
fb_h7_k4_mall_d1,IMG_9861-HEIC
fb_h7_k4_mall_d1,IMG_9966
fb_h7_k4_mall_d1,IMG_0351
fb_h7_k4_mall_d1,IMG_9814
fb_h7_k4_mall_d1,IMG_0051
fb_h7_k4_mall_d1,IMG_9800
fb_h7_k4_mall_d1,IMG_9807
fb_h7_k4_mall_d1,IMG_9834
fb_h7_k4_mall_d1,IMG_9769
fb_h7_k4_mall_d1,IMG_0427
fb_h7_k4_mall_d1,IMG_0404
fb_h7_k4_mall_d1,IMG_9818
fb_h7_k4_mall_d1,IMG_9911-HEIC
fb_h7_k4_mall_d1,IMG_0444
fb_h7_k4_mall_d1,IMG_9978-HEIC
fb_h7_k4_mall_d1,IMG_0439
fb_h7_k4_mall_d1,IMG_9840
fb_h7_k4_mall_d1,IMG_9951-HEIC
fb_h7_k4_mall_d1,IMG_9971
fb_h7_k4_mall_d1,IMG_0410
fb_h7_k4_mall_d1,IMG_0034
fb_h7_k4_mall_d1,IMG_9873
fb_h7_k4_mall_d1,IMG_9764
fb_h7_k4_mall_d1,IMG_0375
fb_h7_k4_mall_d1,IMG_9810
fb_h7_k4_mall_d1,IMG_0311
fb_h7_k4_mall_d1,IMG_9868-HEIC
fb_h7_k4_mall_d1,IMG_9825
fb_h7_k4_mall_d1,IMG_0358
fb_h7_k4_mall_d1,IMG_9808
fb_h7_k4_mall_d1,IMG_9806
fb_h7_k4_mall_d1,IMG_0046
fb_h7_k4_mall_d1,IMG_0416
fb_h7_k4_mall_d1,IMG_0003
fb_h7_k4_mall_d1,IMG_9907-HEIC
fb_h7_k4_mall_d1,IMG_9775
fb_h7_k4_mall_d1,IMG_9949-HEIC
fb_h7_k4_mall_d1,IMG_0421
fb_h7_k4_mall_d1,IMG_9947-HEIC
fb_h7_k4_mall_d1,IMG_9881
fb_h7_k4_mall_d1,IMG_9859
fb_h7_k4_mall_d1,IMG_9870
fb_h7_k4_mall_d1,IMG_9838
fb_h7_k4_mall_d1,IMG_0370
fb_h7_k4_mall_d1,IMG_9955-HEIC
fb_h7_k4_mall_d1,IMG_9917-HEIC
fb_h7_k4_mall_d1,IMG_9812
fb_h7_k4_mall_d1,IMG_0323
fb_h7_k4_mall_d1,IMG_9909-HEIC
fb_h7_k4_mall_d1,IMG_9816
fb_h7_k4_mall_d1,IMG_0346
fb_h7_k4_mall_d1,IMG_9982-HEIC
fb_h7_k4_mall_d1,IMG_7021
fb_h7_k4_mall_d1,IMG_9867
fb_h7_k4_mall_d1,IMG_2579-HEIC
fb_h7_k4_mall_d1,IMG_2446-HEIC
fb_h7_k4_mall_d1,IMG_2476-HEIC
fb_h7_k4_mall_d1,IMG_2540-HEIC
fb_h7_k4_mall_d1,IMG_2452-HEIC
fb_h7_k4_mall_d1,IMG_2590-HEIC
fb_h7_k4_mall_d1,IMG_2604-HEIC
fb_h7_k4_mall_d1,IMG_2700-HEIC
fb_h7_k4_mall_d1,IMG_2519-HEIC
fb_h7_k4_mall_d1,IMG_2595-HEIC
fb_h7_k4_mall_d1,IMG_2550-HEIC
fb_h7_k4_mall_d1,IMG_2478-HEIC
fb_h7_k4_mall_d1,IMG_2581-HEIC
fb_h7_k4_mall_d1,IMG_2589-HEIC
fb_h7_k4_mall_d1,IMG_2482-HEIC
fb_h7_k4_mall_d1,IMG_2643-HEIC
fb_h7_k4_mall_d1,IMG_2571-HEIC
fb_h7_k4_mall_d1,IMG_2496-HEIC
fb_h7_k4_mall_d1,IMG_2598-HEIC
fb_h7_k4_mall_d1,IMG_2569-HEIC
fb_h7_k4_mall_d1,IMG_2583-HEIC
fb_h7_k4_mall_d1,IMG_2536-HEIC
fb_h7_k4_mall_d1,IMG_2599-HEIC
fb_h7_k4_mall_d1,IMG_2646-HEIC
fb_h7_k4_mall_d1,IMG_2480-HEIC
fb_h7_k4_mall_d1,IMG_2620-HEIC
fb_h7_k4_mall_d1,IMG_2521-HEIC
fb_h7_k4_mall_d1,IMG_2647-HEIC
fb_h7_k4_mall_d1,IMG_2475-HEIC
fb_h7_k4_mall_d1,IMG_2600-HEIC
fb_h7_k4_mall_d1,IMG_2616-HEIC
fb_h7_k4_mall_d1,IMG_2534-HEIC
fb_h7_k4_mall_d1,IMG_2557-HEIC
fb_h7_k4_mall_d1,IMG_2545-HEIC
fb_h7_k4_mall_d1,IMG_2591-HEIC
fb_h7_k4_mall_d1,IMG_2610-HEIC
fb_h7_k4_mall_d1,IMG_2538-HEIC
fb_h7_k4_mall_d1,IMG_2526-HEIC
fb_h7_k4_mall_d1,IMG_2494-HEIC
fb_h7_k4_mall_d1,IMG_2513-HEIC
fb_h7_k4_mall_d1,IMG_2582-HEIC
fb_h7_k4_mall_d1,IMG_2488-HEIC
fb_h7_k4_mall_d1,IMG_2648-HEIC
fb_h7_k4_mall_d1,IMG_2654-HEIC
fb_h7_k4_mall_d1,IMG_2525-HEIC
fb_h7_k4_mall_d1,IMG_2674-HEIC
fb_h7_k4_mall_d1,IMG_2588-HEIC
fb_h7_k4_mall_d1,IMG_2537-HEIC
fb_h7_k4_mall_d1,IMG_2666-HEIC
fb_h7_k4_mall_d1,IMG_2535-HEIC
fb_h7_k4_mall_d1,IMG_2701-HEIC
fb_h7_k4_mall_d1,IMG_2596-HEIC
fb_h7_k4_mall_d1,IMG_2617-HEIC
fb_h7_k4_mall_d1,IMG_2491-HEIC
fb_h7_k4_mall_d1,IMG_2489-HEIC
fb_h7_k4_mall_d1,IMG_2567-HEIC
fb_h7_k4_mall_d1,IMG_2539-HEIC
fb_h7_k4_mall_d1,IMG_2580-HEIC
fb_h7_k4_mall_d1,IMG_2586-HEIC
fb_h7_k4_mall_d1,IMG_2477-HEIC
fb_h7_k4_mall_d1,IMG_2578-HEIC
fb_h7_k4_mall_d1,IMG_2584-HEIC
fb_h7_k4_mall_d1,IMG_2566-HEIC
fb_h7_k4_mall_d1,IMG_2523-HEIC
fb_h7_k4_mall_d1,IMG_2577-HEIC
fb_h7_k4_mall_d1,IMG_2680-HEIC
fb_h7_k4_mall_d1,IMG_2533-HEIC
fb_h7_k4_mall_d1,IMG_2635-HEIC
fb_h7_k4_mall_d1,IMG_2570-HEIC
fb_h7_k4_mall_d1,IMG_2541-HEIC
fb_h7_k4_mall_d1,IMG_2520-HEIC
fb_h7_k4_mall_d1,IMG_2495-HEIC
fb_h7_k4_mall_d1,IMG_2594-HEIC
fb_h7_k4_mall_d1,IMG_2493-HEIC
fb_h7_k4_mall_d1,IMG_2587-HEIC
fb_h7_k4_mall_d1,IMG_2481-HEIC
fb_h7_k4_mall_d1,IMG_2524-HEIC
fb_h7_k4_mall_d1,IMG_2615-HEIC
fb_h7_k4_mall_d1,IMG_2504-HEIC
fb_h7_k4_mall_d1,IMG_2634-HEIC
fb_h7_k4_mall_d1,IMG_2660-HEIC
fb_h7_k4_mall_d1,IMG_2572-HEIC
fb_h7_k4_mall_d1,IMG_2621-HEIC
fb_h7_k4_mall_d1,IMG_2638-HEIC
fb_h7_k4_mall_d1,IMG_2644-HEIC
fb_h7_k4_mall_d1,IMG_2637-HEIC
fb_h7_k4_mall_d1,IMG_2686-HEIC
fb_h7_k4_mall_d1,IMG_2603-HEIC
fb_h7_k4_mall_d1,IMG_2417-HEIC
fb_h7_k4_mall_d1,IMG_2636-HEIC
fb_h7_k4_mall_d1,IMG_2522-HEIC
fb_h7_k4_mall_d1,IMG_2585-HEIC
fb_h7_k4_mall_d1,IMG_2576-HEIC
fb_h7_k4_mall_d1,IMG_2395-HEIC
fb_h7_k4_mall_d1,IMG_2597-HEIC
fb_h7_k4_mall_d1,IMG_2592-HEIC
fb_h7_k4_mall_d1,IMG_2593-HEIC
fb_h7_k4_mall_d1,IMG_2542-HEIC
fb_h7_k4_mall_d1,IMG_2492-HEIC
fb_h7_k4_mall_d1,IMG_2564-HEIC
fb_h7_k4_mall_d1,IMG_2619-HEIC
fb_h7_k4_mall_d1,IMG_2618-HEIC
fb_h7_k4_mall_d1,IMG_2108
fb_h7_k4_mall_d1,IMG_4112
fb_h7_k4_mall_d1,IMG_4187
fb_h7_k4_mall_d1,IMG_2082
fb_h7_k4_mall_d1,IMG_2060
fb_h7_k4_mall_d1,IMG_2119
fb_h7_k4_mall_d1,IMG_4145
fb_h7_k4_mall_d1,IMG_4157
fb_h7_k4_mall_d1,IMG_4219
fb_h7_k4_mall_d1,IMG_4165
fb_h7_k4_mall_d1,IMG_4090
fb_h7_k4_mall_d1,IMG_4170
fb_h7_k4_mall_d1,IMG_2135
fb_h7_k4_mall_d1,IMG_2121
fb_h7_k4_mall_d1,IMG_4148
fb_h7_k4_mall_d1,IMG_2078
fb_h7_k4_mall_d1,IMG_4256
fb_h7_k4_mall_d1,IMG_4071
fb_h7_k4_mall_d1,IMG_4192
fb_h7_k4_mall_d1,IMG_2058
fb_h7_k4_mall_d1,IMG_4181
fb_h7_k4_mall_d1,IMG_4164
fb_h7_k4_mall_d1,IMG_2083
fb_h7_k4_mall_d1,IMG_4213
fb_h7_k4_mall_d1,IMG_2073
fb_h7_k4_mall_d1,IMG_4091
fb_h7_k4_mall_d1,IMG_2061
fb_h7_k4_mall_d1,IMG_4072
fb_h7_k4_mall_d1,IMG_4163
fb_h7_k4_mall_d1,IMG_4067
fb_h7_k4_mall_d1,IMG_4176
fb_h7_k4_mall_d1,IMG_2081
fb_h7_k4_mall_d1,IMG_2103
fb_h7_k4_mall_d1,IMG_4155
fb_h7_k4_mall_d1,IMG_4114
fb_h7_k4_mall_d1,IMG_4109
fb_h7_k4_mall_d1,IMG_4149
fb_h7_k4_mall_d1,IMG_2067
fb_h7_k4_mall_d1,IMG_4188
fb_h7_k4_mall_d1,IMG_4070
fb_h7_k4_mall_d1,IMG_4120
fb_h7_k4_mall_d1,IMG_2106
fb_h7_k4_mall_d1,IMG_4096
fb_h7_k4_mall_d1,IMG_4202
fb_h7_k4_mall_d1,IMG_2120
fb_h7_k4_mall_d1,IMG_4151
fb_h7_k4_mall_d1,IMG_4095
fb_h7_k4_mall_d1,IMG_2132
fb_h7_k4_mall_d1,IMG_4065
fb_h7_k4_mall_d1,IMG_4153
fb_h7_k4_mall_d1,IMG_4218
fb_h7_k4_mall_d1,IMG_4168
fb_h7_k4_mall_d1,IMG_4068
fb_h7_k4_mall_d1,IMG_4098
fb_h7_k4_mall_d1,IMG_2072
fb_h7_k4_mall_d1,IMG_2079
fb_h7_k4_mall_d1,IMG_2064
fb_h7_k4_mall_d1,IMG_4174
fb_h7_k4_mall_d1,IMG_2077
fb_h7_k4_mall_d1,IMG_4111
fb_h7_k4_mall_d1,IMG_2130
fb_h7_k4_mall_d1,IMG_2110
fb_h7_k4_mall_d1,IMG_2102
fb_h7_k4_mall_d1,IMG_4089
fb_h7_k4_mall_d1,IMG_4110
fb_h7_k4_mall_d1,IMG_2068
fb_h7_k4_mall_d1,IMG_4193
fb_h7_k4_mall_d1,IMG_4191
fb_h7_k4_mall_d1,IMG_4106
fb_h7_k4_mall_d1,IMG_2104
fb_h7_k4_mall_d1,IMG_2101
fb_h7_k4_mall_d1,IMG_4086
fb_h7_k4_mall_d1,IMG_2122
fb_h7_k4_mall_d1,IMG_4180
fb_h7_k4_mall_d1,IMG_4118
fb_h7_k4_mall_d1,IMG_4073
fb_h7_k4_mall_d1,IMG_4116
fb_h7_k4_mall_d1,IMG_2116
fb_h7_k4_mall_d1,IMG_4147
fb_h7_k4_mall_d1,IMG_4123
fb_h7_k4_mall_d1,IMG_4183
fb_h7_k4_mall_d1,IMG_4194
fb_h7_k4_mall_d1,IMG_4201
fb_h7_k4_mall_d1,IMG_4154
fb_h7_k4_mall_d1,IMG_4185
fb_h7_k4_mall_d1,IMG_2085
fb_h7_k4_mall_d1,IMG_2084
fb_h7_k4_mall_d1,IMG_2076
fb_h7_k4_mall_d1,IMG_4179
fb_h7_k4_mall_d1,IMG_2088
fb_h7_k4_mall_d1,IMG_2075
fb_h7_k4_mall_d1,IMG_2062
fb_h7_k4_mall_d1,IMG_4113
fb_h7_k4_mall_d1,IMG_4162
fb_h7_k4_mall_d1,IMG_4069
fb_h7_k4_mall_d1,IMG_2080
fb_h7_k4_mall_d1,IMG_4200
fb_h7_k4_mall_d1,IMG_2070
fb_h7_k4_mall_d1,IMG_2131
fb_h7_k4_mall_d1,IMG_2133
fb_h7_k4_mall_d1,IMG_4103
fb_h7_k4_mall_d1,IMG_4143
fb_h7_k4_mall_d1,IMG_4115
fb_h7_k4_mall_d1,IMG_2117
fb_h7_k4_mall_d1,IMG_4178
fb_h7_k4_mall_d1,IMG_2069
fb_h7_k4_mall_d1,IMG_4203
fb_h7_k4_mall_d1,IMG_2074
fb_h7_k4_mall_d1,IMG_2105
fb_h7_k4_mall_d1,IMG_4189
fb_h7_k4_mall_d1,IMG_4172
fb_h7_k4_mall_d1,IMG_2115
fb_h7_k4_mall_d1,IMG_4152
fb_h7_k4_mall_d1,IMG_4184
fb_h7_k4_mall_d1,IMG_4087
fb_h7_k4_mall_d1,IMG_4186
fb_h7_k4_mall_d1,IMG_4220
fb_h7_k4_mall_d1,IMG_4075
fb_h7_k4_mall_d1,IMG_2071
fb_h7_k4_mall_d1,IMG_2107
fb_h7_k4_mall_d1,IMG_4144
fb_h7_k4_mall_d1,IMG_4088
fb_h7_k4_mall_d1,IMG_4190
fb_h7_k4_mall_d1,IMG_2134
fb_h7_k4_mall_d1,IMG_4104
fb_h7_k4_mall_d1,IMG_2063
fb_h7_k4_mall_d1,IMG_4221
fb_h7_k4_mall_d1,IMG_2100
fb_h7_k4_mall_d1,IMG_4117
fb_h7_k4_mall_d1,IMG_2066
fb_h7_k4_mall_d1,IMG_4161
fb_h7_k4_mall_d1,IMG_2089
fb_h7_k4_mall_d1,IMG_4150
fb_h7_k4_mall_d1,IMG_2095
fb_h7_k4_mall_d1,IMG_4066
fb_h7_k4_mall_d1,IMG_4262
fb_h7_k4_mall_d1,IMG_4146
fb_h7_k4_mall_d1,IMG_4159
fb_h7_k4_mall_d1,IMG_4169
fb_h7_k4_mall_d1,IMG_4064
fb_h7_k4_mall_d1,IMG_2059
fb_h7_k4_mall_d1,IMG_4105
fb_h7_k4_mall_d1,IMG_4156
fb_h7_k4_mall_d1,IMG_4182
fb_h7_k4_mall_d1,IMG_2109
fb_h7_k4_mall_d1,IMG_4134
fb_h7_k4_mall_d1,IMG_4085
fb_h7_k4_mall_d1,IMG_9900
fb_h7_k4_mall_d1,IMG_9942
fb_h7_k4_mall_d1,IMG_9892
fb_h7_k4_mall_d1,IMG_9959
fb_h7_k4_mall_d1,IMG_9904
fb_h7_k4_mall_d1,IMG_9923
fb_h7_k4_mall_d1,IMG_9894
fb_h7_k4_mall_d1,IMG_9918
fb_h7_k4_mall_d1,IMG_9929
fb_h7_k4_mall_d1,IMG_9908
fb_h7_k4_mall_d1,IMG_9910
fb_h7_k4_mall_d1,IMG_9887
fb_h7_k4_mall_d1,IMG_9911
fb_h7_k4_mall_d1,IMG_9965
fb_h7_k4_mall_d1,IMG_9943
fb_h7_k4_mall_d1,IMG_9914-HEIC
fb_h7_k4_mall_d1,IMG_9886
fb_h7_k4_mall_d1,IMG_9980
fb_h7_k4_mall_d1,IMG_9949
fb_h7_k4_mall_d1,IMG_9946
fb_h7_k4_mall_d1,IMG_9912-HEIC
fb_h7_k4_mall_d1,IMG_9903
fb_h7_k4_mall_d1,IMG_9931
fb_h7_k4_mall_d1,IMG_9947
fb_h7_k4_mall_d1,IMG_9897
fb_h7_k4_mall_d1,IMG_9962
fb_h7_k4_mall_d1,IMG_9953
fb_h7_k4_mall_d1,IMG_9941
fb_h7_k4_mall_d1,IMG_9972
fb_h7_k4_mall_d1,IMG_9898
fb_h7_k4_mall_d1,IMG_9985
fb_h7_k4_mall_d1,IMG_9948
fb_h7_k4_mall_d1,IMG_9889
fb_h7_k4_mall_d1,IMG_9955
fb_h7_k4_mall_d1,IMG_9963
fb_h7_k4_mall_d1,IMG_9920
fb_h7_k4_mall_d1,IMG_9988
fb_h7_k4_mall_d1,IMG_9928
fb_h7_k4_mall_d1,IMG_9961
fb_h7_k4_mall_d1,IMG_9957
fb_h7_k4_mall_d1,IMG_9958
fb_h7_k4_mall_d1,IMG_9890
fb_h7_k4_mall_d1,IMG_9933
fb_h7_k4_mall_d1,IMG_9969
fb_h7_k4_mall_d1,IMG_9915
fb_h7_k4_mall_d1,IMG_9987
fb_h7_k4_mall_d1,IMG_9989
fb_h7_k4_mall_d1,IMG_9899
fb_h7_k4_mall_d1,IMG_9888
fb_h7_k4_mall_d1,IMG_9891
fb_h7_k4_mall_d1,IMG_9922
fb_h7_k4_mall_d1,IMG_9925
fb_h7_k4_mall_d1,IMG_9977
fb_h7_k4_mall_d1,IMG_9893
fb_h7_k4_mall_d1,IMG_9926
fb_h7_k4_mall_d1,IMG_9940
fb_h7_k4_mall_d1,IMG_9919
fb_h7_k4_mall_d1,IMG_9927
fb_h7_k4_mall_d1,IMG_9906
fb_h7_k4_mall_d1,IMG_9956
fb_h7_k4_mall_d1,IMG_9939
fb_h7_k4_mall_d1,IMG_9951
fb_h7_k4_mall_d1,IMG_9968
fb_h7_k4_mall_d1,IMG_9973
fb_h7_k4_mall_d1,IMG_9984
fb_h7_k4_mall_d1,IMG_9991
fb_h7_k4_mall_d1,IMG_9944
fb_h7_k4_mall_d1,IMG_9905
fb_h7_k4_mall_d1,IMG_9885
fb_h7_k4_mall_d1,IMG_9986
fb_h7_k4_mall_d1,IMG_9907
fb_h7_k4_mall_d1,IMG_9917
fb_h7_k4_mall_d1,IMG_9924
fb_h7_k4_mall_d1,IMG_9902
fb_h7_k4_mall_d1,IMG_9960
fb_h7_k4_mall_d1,IMG_9896
fb_h7_k4_mall_d1,IMG_9983
fb_h7_k4_mall_d1,IMG_9921
fb_h7_k4_mall_d1,IMG_9895
fb_h7_k4_mall_d1,IMG_9990
fb_h7_k4_mall_d1,IMG_9970
fb_h7_k4_mall_d1,IMG_9916
fb_h7_k7_m15_d0,IMG_9832
fb_h7_k7_m15_d0,IMG_9964
fb_h7_k7_m15_d0,IMG_9861-HEIC
fb_h7_k7_m15_d0,IMG_0291
fb_h7_k7_m15_d0,IMG_9825
fb_h7_k7_m15_d0,IMG_0398
fb_h7_k7_m15_d0,IMG_9823
fb_h7_k7_m15_d0,IMG_9881
fb_h7_k7_m15_d0,IMG_9978-HEIC
fb_h7_k7_m15_d0,IMG_9873
fb_h7_k7_m15_d0,IMG_9879
fb_h7_k7_m15_d0,IMG_9766
fb_h7_k7_m15_d0,IMG_0457
fb_h7_k7_m15_d0,IMG_9998
fb_h7_k7_m15_d0,IMG_0305
fb_h7_k7_m15_d0,IMG_2477-HEIC
fb_h7_k7_m15_d0,IMG_2636-HEIC
fb_h7_k7_m15_d0,IMG_2489-HEIC
fb_h7_k7_m15_d0,IMG_2475-HEIC
fb_h7_k7_m15_d0,IMG_2452-HEIC
fb_h7_k7_m15_d0,IMG_2566-HEIC
fb_h7_k7_m15_d0,IMG_2540-HEIC
fb_h7_k7_m15_d0,IMG_2619-HEIC
fb_h7_k7_m15_d0,IMG_2634-HEIC
fb_h7_k7_m15_d0,IMG_2417-HEIC
fb_h7_k7_m15_d0,IMG_2541-HEIC
fb_h7_k7_m15_d0,IMG_2686-HEIC
fb_h7_k7_m15_d0,IMG_2654-HEIC
fb_h7_k7_m15_d0,IMG_2478-HEIC
fb_h7_k7_m15_d0,IMG_2570-HEIC
fb_h7_k7_m15_d0,IMG_2070
fb_h7_k7_m15_d0,IMG_2116
fb_h7_k7_m15_d0,IMG_4169
fb_h7_k7_m15_d0,IMG_2058
fb_h7_k7_m15_d0,IMG_4201
fb_h7_k7_m15_d0,IMG_4156
fb_h7_k7_m15_d0,IMG_4085
fb_h7_k7_m15_d0,IMG_2132
fb_h7_k7_m15_d0,IMG_4145
fb_h7_k7_m15_d0,IMG_4106
fb_h7_k7_m15_d0,IMG_4146
fb_h7_k7_m15_d0,IMG_2059
fb_h7_k7_m15_d0,IMG_4123
fb_h7_k7_m15_d0,IMG_4187
fb_h7_k7_m15_d0,IMG_2115
fb_h7_k7_m15_d0,IMG_0066
fb_h7_k7_m15_d0,IMG_0238
fb_h7_k7_m15_d0,IMG_0091
fb_h7_k7_m15_d0,IMG_0209
fb_h7_k7_m15_d0,IMG_0074
fb_h7_k7_m15_d0,IMG_0262
fb_h7_k7_m15_d0,IMG_0230
fb_h7_k7_m15_d0,IMG_0148
fb_h7_k7_m15_d0,IMG_0182-HEIC
fb_h7_k7_m15_d0,IMG_0077
fb_h7_k7_m15_d0,IMG_0104-HEIC
fb_h7_k7_m15_d0,IMG_0142
fb_h7_k7_m15_d0,IMG_0177
fb_h7_k7_m15_d0,IMG_0070
fb_h7_k7_m15_d0,IMG_0187-HEIC
fb_h7_k7_m15_d0,IMG_0764-HEIC
fb_h7_k7_m15_d0,IMG_2346-HEIC
fb_h7_k7_m15_d0,IMG_0765-HEIC
fb_h7_k7_m15_d0,IMG_0756-HEIC
fb_h7_k7_m15_d0,IMG_2294-HEIC
fb_h7_k7_m15_d0,IMG_2306-HEIC
fb_h7_k7_m15_d0,IMG_2251-HEIC
fb_h7_k7_m15_d0,IMG_2338-HEIC
fb_h7_k7_m15_d0,IMG_2303-HEIC
fb_h7_k7_m15_d0,IMG_2390-HEIC
fb_h7_k7_m15_d0,IMG_0760-HEIC
fb_h7_k7_m15_d0,IMG_2330-HEIC
fb_h7_k7_m15_d0,IMG_2242-HEIC
fb_h7_k7_m15_d0,IMG_2351-HEIC
fb_h7_k7_m15_d0,IMG_2249-HEIC
fb_h7_k7_m15_d0,IMG_2045
fb_h7_k7_m15_d0,IMG_3932
fb_h7_k7_m15_d0,IMG_2053
fb_h7_k7_m15_d0,IMG_2040
fb_h7_k7_m15_d0,IMG_2026
fb_h7_k7_m15_d0,IMG_2038
fb_h7_k7_m15_d0,IMG_3923
fb_h7_k7_m15_d0,IMG_2018
fb_h7_k7_m15_d0,IMG_2056
fb_h7_k7_m15_d0,IMG_1963
fb_h7_k7_m15_d0,IMG_2048
fb_h7_k7_m15_d0,IMG_4014
fb_h7_k7_m15_d0,IMG_3986
fb_h7_k7_m15_d0,IMG_4005
fb_h7_k7_m15_d0,IMG_1996
fb_h7_k7_m15_d0,IMG_9910
fb_h7_k7_m15_d0,IMG_9902
fb_h7_k7_m15_d0,IMG_9980
fb_h7_k7_m15_d0,IMG_9892
fb_h7_k7_m15_d0,IMG_9951
fb_h7_k7_m15_d0,IMG_9915
fb_h7_k7_m15_d0,IMG_9939
fb_h7_k7_m15_d0,IMG_9991
fb_h7_k7_m15_d0,IMG_9890
fb_h7_k7_m15_d0,IMG_9911
fb_h7_k7_m15_d0,IMG_9965
fb_h7_k7_m15_d0,IMG_9917
fb_h7_k7_m15_d0,IMG_9898
fb_h7_k7_m15_d0,IMG_9977
fb_h7_k7_m15_d0,IMG_9963
fb_h7_k7_m50_d0,IMG_9832
fb_h7_k7_m50_d0,IMG_9964
fb_h7_k7_m50_d0,IMG_9861-HEIC
fb_h7_k7_m50_d0,IMG_0291
fb_h7_k7_m50_d0,IMG_9825
fb_h7_k7_m50_d0,IMG_0398
fb_h7_k7_m50_d0,IMG_9823
fb_h7_k7_m50_d0,IMG_9881
fb_h7_k7_m50_d0,IMG_9978-HEIC
fb_h7_k7_m50_d0,IMG_9873
fb_h7_k7_m50_d0,IMG_9879
fb_h7_k7_m50_d0,IMG_9766
fb_h7_k7_m50_d0,IMG_0457
fb_h7_k7_m50_d0,IMG_9998
fb_h7_k7_m50_d0,IMG_0305
fb_h7_k7_m50_d0,IMG_9874
fb_h7_k7_m50_d0,IMG_9915-HEIC
fb_h7_k7_m50_d0,IMG_0444
fb_h7_k7_m50_d0,IMG_9854
fb_h7_k7_m50_d0,IMG_9971
fb_h7_k7_m50_d0,IMG_0008
fb_h7_k7_m50_d0,IMG_9911-HEIC
fb_h7_k7_m50_d0,IMG_9984-HEIC
fb_h7_k7_m50_d0,IMG_0421
fb_h7_k7_m50_d0,IMG_0340
fb_h7_k7_m50_d0,IMG_9827
fb_h7_k7_m50_d0,IMG_9982-HEIC
fb_h7_k7_m50_d0,IMG_9816
fb_h7_k7_m50_d0,IMG_0381
fb_h7_k7_m50_d0,IMG_9812
fb_h7_k7_m50_d0,IMG_9989-HEIC
fb_h7_k7_m50_d0,IMG_9810
fb_h7_k7_m50_d0,IMG_9777
fb_h7_k7_m50_d0,IMG_9836
fb_h7_k7_m50_d0,IMG_9818
fb_h7_k7_m50_d0,IMG_0404
fb_h7_k7_m50_d0,IMG_9805
fb_h7_k7_m50_d0,IMG_9905-HEIC
fb_h7_k7_m50_d0,IMG_9829
fb_h7_k7_m50_d0,IMG_0433
fb_h7_k7_m50_d0,IMG_9866
fb_h7_k7_m50_d0,IMG_0364
fb_h7_k7_m50_d0,IMG_9955-HEIC
fb_h7_k7_m50_d0,IMG_9999
fb_h7_k7_m50_d0,IMG_0003
fb_h7_k7_m50_d0,IMG_0046
fb_h7_k7_m50_d0,IMG_9763
fb_h7_k7_m50_d0,IMG_9814
fb_h7_k7_m50_d0,IMG_0370
fb_h7_k7_m50_d0,IMG_9839
fb_h7_k7_m50_d0,IMG_2477-HEIC
fb_h7_k7_m50_d0,IMG_2636-HEIC
fb_h7_k7_m50_d0,IMG_2489-HEIC
fb_h7_k7_m50_d0,IMG_2475-HEIC
fb_h7_k7_m50_d0,IMG_2452-HEIC
fb_h7_k7_m50_d0,IMG_2566-HEIC
fb_h7_k7_m50_d0,IMG_2540-HEIC
fb_h7_k7_m50_d0,IMG_2619-HEIC
fb_h7_k7_m50_d0,IMG_2634-HEIC
fb_h7_k7_m50_d0,IMG_2417-HEIC
fb_h7_k7_m50_d0,IMG_2541-HEIC
fb_h7_k7_m50_d0,IMG_2686-HEIC
fb_h7_k7_m50_d0,IMG_2654-HEIC
fb_h7_k7_m50_d0,IMG_2478-HEIC
fb_h7_k7_m50_d0,IMG_2570-HEIC
fb_h7_k7_m50_d0,IMG_2588-HEIC
fb_h7_k7_m50_d0,IMG_2578-HEIC
fb_h7_k7_m50_d0,IMG_2567-HEIC
fb_h7_k7_m50_d0,IMG_2586-HEIC
fb_h7_k7_m50_d0,IMG_2395-HEIC
fb_h7_k7_m50_d0,IMG_2524-HEIC
fb_h7_k7_m50_d0,IMG_2615-HEIC
fb_h7_k7_m50_d0,IMG_2476-HEIC
fb_h7_k7_m50_d0,IMG_2538-HEIC
fb_h7_k7_m50_d0,IMG_2637-HEIC
fb_h7_k7_m50_d0,IMG_2493-HEIC
fb_h7_k7_m50_d0,IMG_2594-HEIC
fb_h7_k7_m50_d0,IMG_2579-HEIC
fb_h7_k7_m50_d0,IMG_2488-HEIC
fb_h7_k7_m50_d0,IMG_2638-HEIC
fb_h7_k7_m50_d0,IMG_2587-HEIC
fb_h7_k7_m50_d0,IMG_2557-HEIC
fb_h7_k7_m50_d0,IMG_2616-HEIC
fb_h7_k7_m50_d0,IMG_2700-HEIC
fb_h7_k7_m50_d0,IMG_2600-HEIC
fb_h7_k7_m50_d0,IMG_2495-HEIC
fb_h7_k7_m50_d0,IMG_2597-HEIC
fb_h7_k7_m50_d0,IMG_2480-HEIC
fb_h7_k7_m50_d0,IMG_2494-HEIC
fb_h7_k7_m50_d0,IMG_2481-HEIC
fb_h7_k7_m50_d0,IMG_2598-HEIC
fb_h7_k7_m50_d0,IMG_2569-HEIC
fb_h7_k7_m50_d0,IMG_2550-HEIC
fb_h7_k7_m50_d0,IMG_2680-HEIC
fb_h7_k7_m50_d0,IMG_2446-HEIC
fb_h7_k7_m50_d0,IMG_2537-HEIC
fb_h7_k7_m50_d0,IMG_2648-HEIC
fb_h7_k7_m50_d0,IMG_2620-HEIC
fb_h7_k7_m50_d0,IMG_2534-HEIC
fb_h7_k7_m50_d0,IMG_2643-HEIC
fb_h7_k7_m50_d0,IMG_2070
fb_h7_k7_m50_d0,IMG_2116
fb_h7_k7_m50_d0,IMG_4169
fb_h7_k7_m50_d0,IMG_2058
fb_h7_k7_m50_d0,IMG_4201
fb_h7_k7_m50_d0,IMG_4156
fb_h7_k7_m50_d0,IMG_4085
fb_h7_k7_m50_d0,IMG_2132
fb_h7_k7_m50_d0,IMG_4145
fb_h7_k7_m50_d0,IMG_4106
fb_h7_k7_m50_d0,IMG_4146
fb_h7_k7_m50_d0,IMG_2059
fb_h7_k7_m50_d0,IMG_4123
fb_h7_k7_m50_d0,IMG_4187
fb_h7_k7_m50_d0,IMG_2115
fb_h7_k7_m50_d0,IMG_4153
fb_h7_k7_m50_d0,IMG_2078
fb_h7_k7_m50_d0,IMG_4148
fb_h7_k7_m50_d0,IMG_4218
fb_h7_k7_m50_d0,IMG_4104
fb_h7_k7_m50_d0,IMG_2120
fb_h7_k7_m50_d0,IMG_4103
fb_h7_k7_m50_d0,IMG_4190
fb_h7_k7_m50_d0,IMG_4179
fb_h7_k7_m50_d0,IMG_2077
fb_h7_k7_m50_d0,IMG_4161
fb_h7_k7_m50_d0,IMG_4075
fb_h7_k7_m50_d0,IMG_4164
fb_h7_k7_m50_d0,IMG_4111
fb_h7_k7_m50_d0,IMG_4189
fb_h7_k7_m50_d0,IMG_4147
fb_h7_k7_m50_d0,IMG_4174
fb_h7_k7_m50_d0,IMG_2131
fb_h7_k7_m50_d0,IMG_2135
fb_h7_k7_m50_d0,IMG_4170
fb_h7_k7_m50_d0,IMG_4221
fb_h7_k7_m50_d0,IMG_4116
fb_h7_k7_m50_d0,IMG_4144
fb_h7_k7_m50_d0,IMG_4088
fb_h7_k7_m50_d0,IMG_2075
fb_h7_k7_m50_d0,IMG_4262
fb_h7_k7_m50_d0,IMG_4192
fb_h7_k7_m50_d0,IMG_4067
fb_h7_k7_m50_d0,IMG_2134
fb_h7_k7_m50_d0,IMG_2085
fb_h7_k7_m50_d0,IMG_4114
fb_h7_k7_m50_d0,IMG_4186
fb_h7_k7_m50_d0,IMG_4068
fb_h7_k7_m50_d0,IMG_4152
fb_h7_k7_m50_d0,IMG_4109
fb_h7_k7_m50_d0,IMG_0066
fb_h7_k7_m50_d0,IMG_0238
fb_h7_k7_m50_d0,IMG_0091
fb_h7_k7_m50_d0,IMG_0209
fb_h7_k7_m50_d0,IMG_0074
fb_h7_k7_m50_d0,IMG_0262
fb_h7_k7_m50_d0,IMG_0230
fb_h7_k7_m50_d0,IMG_0148
fb_h7_k7_m50_d0,IMG_0182-HEIC
fb_h7_k7_m50_d0,IMG_0077
fb_h7_k7_m50_d0,IMG_0104-HEIC
fb_h7_k7_m50_d0,IMG_0142
fb_h7_k7_m50_d0,IMG_0177
fb_h7_k7_m50_d0,IMG_0070
fb_h7_k7_m50_d0,IMG_0187-HEIC
fb_h7_k7_m50_d0,IMG_0279
fb_h7_k7_m50_d0,IMG_0260
fb_h7_k7_m50_d0,IMG_0078
fb_h7_k7_m50_d0,IMG_0267
fb_h7_k7_m50_d0,IMG_0090
fb_h7_k7_m50_d0,IMG_0211
fb_h7_k7_m50_d0,IMG_0136
fb_h7_k7_m50_d0,IMG_0256
fb_h7_k7_m50_d0,IMG_0220
fb_h7_k7_m50_d0,IMG_0126-HEIC
fb_h7_k7_m50_d0,IMG_0178
fb_h7_k7_m50_d0,IMG_0105-HEIC
fb_h7_k7_m50_d0,IMG_0204
fb_h7_k7_m50_d0,IMG_0080
fb_h7_k7_m50_d0,IMG_0108-HEIC
fb_h7_k7_m50_d0,IMG_0218
fb_h7_k7_m50_d0,IMG_0165
fb_h7_k7_m50_d0,IMG_0223
fb_h7_k7_m50_d0,IMG_0153
fb_h7_k7_m50_d0,IMG_0073
fb_h7_k7_m50_d0,IMG_0116-HEIC
fb_h7_k7_m50_d0,IMG_0210
fb_h7_k7_m50_d0,IMG_0192
fb_h7_k7_m50_d0,IMG_0184
fb_h7_k7_m50_d0,IMG_0257
fb_h7_k7_m50_d0,IMG_0185
fb_h7_k7_m50_d0,IMG_0159
fb_h7_k7_m50_d0,IMG_0273
fb_h7_k7_m50_d0,IMG_0173
fb_h7_k7_m50_d0,IMG_0175
fb_h7_k7_m50_d0,IMG_0102
fb_h7_k7_m50_d0,IMG_0084
fb_h7_k7_m50_d0,IMG_0235
fb_h7_k7_m50_d0,IMG_0069
fb_h7_k7_m50_d0,IMG_0109-HEIC
fb_h7_k7_m50_d0,IMG_0764-HEIC
fb_h7_k7_m50_d0,IMG_2346-HEIC
fb_h7_k7_m50_d0,IMG_0765-HEIC
fb_h7_k7_m50_d0,IMG_0756-HEIC
fb_h7_k7_m50_d0,IMG_2294-HEIC
fb_h7_k7_m50_d0,IMG_2306-HEIC
fb_h7_k7_m50_d0,IMG_2251-HEIC
fb_h7_k7_m50_d0,IMG_2338-HEIC
fb_h7_k7_m50_d0,IMG_2303-HEIC
fb_h7_k7_m50_d0,IMG_2390-HEIC
fb_h7_k7_m50_d0,IMG_0760-HEIC
fb_h7_k7_m50_d0,IMG_2330-HEIC
fb_h7_k7_m50_d0,IMG_2242-HEIC
fb_h7_k7_m50_d0,IMG_2351-HEIC
fb_h7_k7_m50_d0,IMG_2249-HEIC
fb_h7_k7_m50_d0,IMG_0759-HEIC
fb_h7_k7_m50_d0,IMG_0751-HEIC
fb_h7_k7_m50_d0,IMG_0772-HEIC
fb_h7_k7_m50_d0,IMG_0754-HEIC
fb_h7_k7_m50_d0,IMG_2352-HEIC
fb_h7_k7_m50_d0,IMG_2257-HEIC
fb_h7_k7_m50_d0,IMG_2389-HEIC
fb_h7_k7_m50_d0,IMG_2329-HEIC
fb_h7_k7_m50_d0,IMG_2337-HEIC
fb_h7_k7_m50_d0,IMG_0757-HEIC
fb_h7_k7_m50_d0,IMG_0741-HEIC
fb_h7_k7_m50_d0,IMG_2340-HEIC
fb_h7_k7_m50_d0,IMG_2253-HEIC
fb_h7_k7_m50_d0,IMG_0743-HEIC
fb_h7_k7_m50_d0,IMG_2380-HEIC
fb_h7_k7_m50_d0,IMG_2305-HEIC
fb_h7_k7_m50_d0,IMG_2311-HEIC
fb_h7_k7_m50_d0,IMG_2386-HEIC
fb_h7_k7_m50_d0,IMG_2336-HEIC
fb_h7_k7_m50_d0,IMG_2274-HEIC
fb_h7_k7_m50_d0,IMG_0752-HEIC
fb_h7_k7_m50_d0,IMG_2296-HEIC
fb_h7_k7_m50_d0,IMG_0740-HEIC
fb_h7_k7_m50_d0,IMG_2310-HEIC
fb_h7_k7_m50_d0,IMG_2349-HEIC
fb_h7_k7_m50_d0,IMG_0742-HEIC
fb_h7_k7_m50_d0,IMG_2334-HEIC
fb_h7_k7_m50_d0,IMG_2246-HEIC
fb_h7_k7_m50_d0,IMG_2307-HEIC
fb_h7_k7_m50_d0,IMG_0767-HEIC
fb_h7_k7_m50_d0,IMG_2255-HEIC
fb_h7_k7_m50_d0,IMG_0768-HEIC
fb_h7_k7_m50_d0,IMG_2345-HEIC
fb_h7_k7_m50_d0,IMG_2259-HEIC
fb_h7_k7_m50_d0,IMG_2288-HEIC
fb_h7_k7_m50_d0,IMG_2045
fb_h7_k7_m50_d0,IMG_3932
fb_h7_k7_m50_d0,IMG_2053
fb_h7_k7_m50_d0,IMG_2040
fb_h7_k7_m50_d0,IMG_2026
fb_h7_k7_m50_d0,IMG_2038
fb_h7_k7_m50_d0,IMG_3923
fb_h7_k7_m50_d0,IMG_2018
fb_h7_k7_m50_d0,IMG_2056
fb_h7_k7_m50_d0,IMG_1963
fb_h7_k7_m50_d0,IMG_2048
fb_h7_k7_m50_d0,IMG_4014
fb_h7_k7_m50_d0,IMG_3986
fb_h7_k7_m50_d0,IMG_4005
fb_h7_k7_m50_d0,IMG_1996
fb_h7_k7_m50_d0,IMG_3918
fb_h7_k7_m50_d0,IMG_1917
fb_h7_k7_m50_d0,IMG_1968
fb_h7_k7_m50_d0,IMG_3919
fb_h7_k7_m50_d0,IMG_3975
fb_h7_k7_m50_d0,IMG_3980
fb_h7_k7_m50_d0,IMG_4041
fb_h7_k7_m50_d0,IMG_2001
fb_h7_k7_m50_d0,IMG_2023
fb_h7_k7_m50_d0,IMG_3996
fb_h7_k7_m50_d0,IMG_2012
fb_h7_k7_m50_d0,IMG_1956
fb_h7_k7_m50_d0,IMG_3931
fb_h7_k7_m50_d0,IMG_4029
fb_h7_k7_m50_d0,IMG_4031
fb_h7_k7_m50_d0,IMG_1965
fb_h7_k7_m50_d0,IMG_1924
fb_h7_k7_m50_d0,IMG_2051
fb_h7_k7_m50_d0,IMG_2015
fb_h7_k7_m50_d0,IMG_3921
fb_h7_k7_m50_d0,IMG_1962
fb_h7_k7_m50_d0,IMG_4034
fb_h7_k7_m50_d0,IMG_3976
fb_h7_k7_m50_d0,IMG_3982
fb_h7_k7_m50_d0,IMG_3987
fb_h7_k7_m50_d0,IMG_2019
fb_h7_k7_m50_d0,IMG_4013
fb_h7_k7_m50_d0,IMG_3962
fb_h7_k7_m50_d0,IMG_2010
fb_h7_k7_m50_d0,IMG_1964
fb_h7_k7_m50_d0,IMG_3999
fb_h7_k7_m50_d0,IMG_3983
fb_h7_k7_m50_d0,IMG_1999
fb_h7_k7_m50_d0,IMG_2052
fb_h7_k7_m50_d0,IMG_4058
fb_h7_k7_m50_d0,IMG_9910
fb_h7_k7_m50_d0,IMG_9902
fb_h7_k7_m50_d0,IMG_9980
fb_h7_k7_m50_d0,IMG_9892
fb_h7_k7_m50_d0,IMG_9951
fb_h7_k7_m50_d0,IMG_9915
fb_h7_k7_m50_d0,IMG_9939
fb_h7_k7_m50_d0,IMG_9991
fb_h7_k7_m50_d0,IMG_9890
fb_h7_k7_m50_d0,IMG_9911
fb_h7_k7_m50_d0,IMG_9965
fb_h7_k7_m50_d0,IMG_9917
fb_h7_k7_m50_d0,IMG_9898
fb_h7_k7_m50_d0,IMG_9977
fb_h7_k7_m50_d0,IMG_9963
fb_h7_k7_m50_d0,IMG_9988
fb_h7_k7_m50_d0,IMG_9899
fb_h7_k7_m50_d0,IMG_9962
fb_h7_k7_m50_d0,IMG_9957
fb_h7_k7_m50_d0,IMG_9927
fb_h7_k7_m50_d0,IMG_9891
fb_h7_k7_m50_d0,IMG_9931
fb_h7_k7_m50_d0,IMG_9973
fb_h7_k7_m50_d0,IMG_9923
fb_h7_k7_m50_d0,IMG_9924
fb_h7_k7_m50_d0,IMG_9920
fb_h7_k7_m50_d0,IMG_9916
fb_h7_k7_m50_d0,IMG_9925
fb_h7_k7_m50_d0,IMG_9929
fb_h7_k7_m50_d0,IMG_9986
fb_h7_k7_m50_d0,IMG_9894
fb_h7_k7_m50_d0,IMG_9921
fb_h7_k7_m50_d0,IMG_9897
fb_h7_k7_m50_d0,IMG_9888
fb_h7_k7_m50_d0,IMG_9943
fb_h7_k7_m50_d0,IMG_9907
fb_h7_k7_m50_d0,IMG_9908
fb_h7_k7_m50_d0,IMG_9889
fb_h7_k7_m50_d0,IMG_9922
fb_h7_k7_m50_d0,IMG_9968
fb_h7_k7_m50_d0,IMG_9933
fb_h7_k7_m50_d0,IMG_9947
fb_h7_k7_m50_d0,IMG_9961
fb_h7_k7_m50_d0,IMG_9984
fb_h7_k7_m50_d0,IMG_9941
fb_h7_k7_m50_d0,IMG_9886
fb_h7_k7_m50_d0,IMG_9895
fb_h7_k7_m50_d0,IMG_9885
fb_h7_k7_m50_d0,IMG_9985
fb_h7_k7_m50_d0,IMG_9904
fb_h7_k7_mall_d0,IMG_9832
fb_h7_k7_mall_d0,IMG_9964
fb_h7_k7_mall_d0,IMG_9861-HEIC
fb_h7_k7_mall_d0,IMG_0291
fb_h7_k7_mall_d0,IMG_9825
fb_h7_k7_mall_d0,IMG_0398
fb_h7_k7_mall_d0,IMG_9823
fb_h7_k7_mall_d0,IMG_9881
fb_h7_k7_mall_d0,IMG_9978-HEIC
fb_h7_k7_mall_d0,IMG_9873
fb_h7_k7_mall_d0,IMG_9879
fb_h7_k7_mall_d0,IMG_9766
fb_h7_k7_mall_d0,IMG_0457
fb_h7_k7_mall_d0,IMG_9998
fb_h7_k7_mall_d0,IMG_0305
fb_h7_k7_mall_d0,IMG_9874
fb_h7_k7_mall_d0,IMG_9915-HEIC
fb_h7_k7_mall_d0,IMG_0444
fb_h7_k7_mall_d0,IMG_9854
fb_h7_k7_mall_d0,IMG_9971
fb_h7_k7_mall_d0,IMG_0008
fb_h7_k7_mall_d0,IMG_9911-HEIC
fb_h7_k7_mall_d0,IMG_9984-HEIC
fb_h7_k7_mall_d0,IMG_0421
fb_h7_k7_mall_d0,IMG_0340
fb_h7_k7_mall_d0,IMG_9827
fb_h7_k7_mall_d0,IMG_9982-HEIC
fb_h7_k7_mall_d0,IMG_9816
fb_h7_k7_mall_d0,IMG_0381
fb_h7_k7_mall_d0,IMG_9812
fb_h7_k7_mall_d0,IMG_9989-HEIC
fb_h7_k7_mall_d0,IMG_9810
fb_h7_k7_mall_d0,IMG_9777
fb_h7_k7_mall_d0,IMG_9836
fb_h7_k7_mall_d0,IMG_9818
fb_h7_k7_mall_d0,IMG_0404
fb_h7_k7_mall_d0,IMG_9805
fb_h7_k7_mall_d0,IMG_9905-HEIC
fb_h7_k7_mall_d0,IMG_9829
fb_h7_k7_mall_d0,IMG_0433
fb_h7_k7_mall_d0,IMG_9866
fb_h7_k7_mall_d0,IMG_0364
fb_h7_k7_mall_d0,IMG_9955-HEIC
fb_h7_k7_mall_d0,IMG_9999
fb_h7_k7_mall_d0,IMG_0003
fb_h7_k7_mall_d0,IMG_0046
fb_h7_k7_mall_d0,IMG_9763
fb_h7_k7_mall_d0,IMG_9814
fb_h7_k7_mall_d0,IMG_0370
fb_h7_k7_mall_d0,IMG_9839
fb_h7_k7_mall_d0,IMG_9800
fb_h7_k7_mall_d0,IMG_0016
fb_h7_k7_mall_d0,IMG_9857
fb_h7_k7_mall_d0,IMG_9966
fb_h7_k7_mall_d0,IMG_0393
fb_h7_k7_mall_d0,IMG_9834
fb_h7_k7_mall_d0,IMG_0427
fb_h7_k7_mall_d0,IMG_9809
fb_h7_k7_mall_d0,IMG_9867
fb_h7_k7_mall_d0,IMG_9813
fb_h7_k7_mall_d0,IMG_9804
fb_h7_k7_mall_d0,IMG_0387
fb_h7_k7_mall_d0,IMG_0051
fb_h7_k7_mall_d0,IMG_9947-HEIC
fb_h7_k7_mall_d0,IMG_9843
fb_h7_k7_mall_d0,IMG_0358
fb_h7_k7_mall_d0,IMG_9767
fb_h7_k7_mall_d0,IMG_9765
fb_h7_k7_mall_d0,IMG_9783-HEIC
fb_h7_k7_mall_d0,IMG_9938
fb_h7_k7_mall_d0,IMG_9917-HEIC
fb_h7_k7_mall_d0,IMG_9985-HEIC
fb_h7_k7_mall_d0,IMG_0034
fb_h7_k7_mall_d0,IMG_9916-HEIC
fb_h7_k7_mall_d0,IMG_9918-HEIC
fb_h7_k7_mall_d0,IMG_9768
fb_h7_k7_mall_d0,IMG_9807
fb_h7_k7_mall_d0,IMG_9842
fb_h7_k7_mall_d0,IMG_9876
fb_h7_k7_mall_d0,IMG_0328
fb_h7_k7_mall_d0,IMG_0300
fb_h7_k7_mall_d0,IMG_9771
fb_h7_k7_mall_d0,IMG_9775
fb_h7_k7_mall_d0,IMG_9951-HEIC
fb_h7_k7_mall_d0,IMG_9826
fb_h7_k7_mall_d0,IMG_9784-HEIC
fb_h7_k7_mall_d0,IMG_0351
fb_h7_k7_mall_d0,IMG_9822
fb_h7_k7_mall_d0,IMG_0439
fb_h7_k7_mall_d0,IMG_9803
fb_h7_k7_mall_d0,IMG_9864
fb_h7_k7_mall_d0,IMG_9773
fb_h7_k7_mall_d0,IMG_9774
fb_h7_k7_mall_d0,IMG_9840
fb_h7_k7_mall_d0,IMG_9833
fb_h7_k7_mall_d0,IMG_9979-HEIC
fb_h7_k7_mall_d0,IMG_0028
fb_h7_k7_mall_d0,IMG_9981-HEIC
fb_h7_k7_mall_d0,IMG_9779-HEIC
fb_h7_k7_mall_d0,IMG_9764
fb_h7_k7_mall_d0,IMG_9799
fb_h7_k7_mall_d0,IMG_9907-HEIC
fb_h7_k7_mall_d0,IMG_9948-HEIC
fb_h7_k7_mall_d0,IMG_9808
fb_h7_k7_mall_d0,IMG_9806
fb_h7_k7_mall_d0,IMG_0416
fb_h7_k7_mall_d0,IMG_0323
fb_h7_k7_mall_d0,IMG_0040
fb_h7_k7_mall_d0,IMG_9949-HEIC
fb_h7_k7_mall_d0,IMG_9869
fb_h7_k7_mall_d0,IMG_9770
fb_h7_k7_mall_d0,IMG_0311
fb_h7_k7_mall_d0,IMG_9906-HEIC
fb_h7_k7_mall_d0,IMG_9997
fb_h7_k7_mall_d0,IMG_9820
fb_h7_k7_mall_d0,IMG_9811
fb_h7_k7_mall_d0,IMG_9769
fb_h7_k7_mall_d0,IMG_7021
fb_h7_k7_mall_d0,IMG_9838
fb_h7_k7_mall_d0,IMG_9920-HEIC
fb_h7_k7_mall_d0,IMG_7016-HEIC
fb_h7_k7_mall_d0,IMG_9870
fb_h7_k7_mall_d0,IMG_0450
fb_h7_k7_mall_d0,IMG_9844
fb_h7_k7_mall_d0,IMG_9828
fb_h7_k7_mall_d0,IMG_9858
fb_h7_k7_mall_d0,IMG_9848
fb_h7_k7_mall_d0,IMG_0410
fb_h7_k7_mall_d0,IMG_9859
fb_h7_k7_mall_d0,IMG_0002
fb_h7_k7_mall_d0,IMG_9819
fb_h7_k7_mall_d0,IMG_9865
fb_h7_k7_mall_d0,IMG_9875
fb_h7_k7_mall_d0,IMG_9880
fb_h7_k7_mall_d0,IMG_9909-HEIC
fb_h7_k7_mall_d0,IMG_9821
fb_h7_k7_mall_d0,IMG_0346
fb_h7_k7_mall_d0,IMG_9868-HEIC
fb_h7_k7_mall_d0,IMG_9801
fb_h7_k7_mall_d0,IMG_9990-HEIC
fb_h7_k7_mall_d0,IMG_0375
fb_h7_k7_mall_d0,IMG_2477-HEIC
fb_h7_k7_mall_d0,IMG_2636-HEIC
fb_h7_k7_mall_d0,IMG_2489-HEIC
fb_h7_k7_mall_d0,IMG_2475-HEIC
fb_h7_k7_mall_d0,IMG_2452-HEIC
fb_h7_k7_mall_d0,IMG_2566-HEIC
fb_h7_k7_mall_d0,IMG_2540-HEIC
fb_h7_k7_mall_d0,IMG_2619-HEIC
fb_h7_k7_mall_d0,IMG_2634-HEIC
fb_h7_k7_mall_d0,IMG_2417-HEIC
fb_h7_k7_mall_d0,IMG_2541-HEIC
fb_h7_k7_mall_d0,IMG_2686-HEIC
fb_h7_k7_mall_d0,IMG_2654-HEIC
fb_h7_k7_mall_d0,IMG_2478-HEIC
fb_h7_k7_mall_d0,IMG_2570-HEIC
fb_h7_k7_mall_d0,IMG_2588-HEIC
fb_h7_k7_mall_d0,IMG_2578-HEIC
fb_h7_k7_mall_d0,IMG_2567-HEIC
fb_h7_k7_mall_d0,IMG_2586-HEIC
fb_h7_k7_mall_d0,IMG_2395-HEIC
fb_h7_k7_mall_d0,IMG_2524-HEIC
fb_h7_k7_mall_d0,IMG_2615-HEIC
fb_h7_k7_mall_d0,IMG_2476-HEIC
fb_h7_k7_mall_d0,IMG_2538-HEIC
fb_h7_k7_mall_d0,IMG_2637-HEIC
fb_h7_k7_mall_d0,IMG_2493-HEIC
fb_h7_k7_mall_d0,IMG_2594-HEIC
fb_h7_k7_mall_d0,IMG_2579-HEIC
fb_h7_k7_mall_d0,IMG_2488-HEIC
fb_h7_k7_mall_d0,IMG_2638-HEIC
fb_h7_k7_mall_d0,IMG_2587-HEIC
fb_h7_k7_mall_d0,IMG_2557-HEIC
fb_h7_k7_mall_d0,IMG_2616-HEIC
fb_h7_k7_mall_d0,IMG_2700-HEIC
fb_h7_k7_mall_d0,IMG_2600-HEIC
fb_h7_k7_mall_d0,IMG_2495-HEIC
fb_h7_k7_mall_d0,IMG_2597-HEIC
fb_h7_k7_mall_d0,IMG_2480-HEIC
fb_h7_k7_mall_d0,IMG_2494-HEIC
fb_h7_k7_mall_d0,IMG_2481-HEIC
fb_h7_k7_mall_d0,IMG_2598-HEIC
fb_h7_k7_mall_d0,IMG_2569-HEIC
fb_h7_k7_mall_d0,IMG_2550-HEIC
fb_h7_k7_mall_d0,IMG_2680-HEIC
fb_h7_k7_mall_d0,IMG_2446-HEIC
fb_h7_k7_mall_d0,IMG_2537-HEIC
fb_h7_k7_mall_d0,IMG_2648-HEIC
fb_h7_k7_mall_d0,IMG_2620-HEIC
fb_h7_k7_mall_d0,IMG_2534-HEIC
fb_h7_k7_mall_d0,IMG_2643-HEIC
fb_h7_k7_mall_d0,IMG_2618-HEIC
fb_h7_k7_mall_d0,IMG_2513-HEIC
fb_h7_k7_mall_d0,IMG_2582-HEIC
fb_h7_k7_mall_d0,IMG_2666-HEIC
fb_h7_k7_mall_d0,IMG_2646-HEIC
fb_h7_k7_mall_d0,IMG_2576-HEIC
fb_h7_k7_mall_d0,IMG_2492-HEIC
fb_h7_k7_mall_d0,IMG_2571-HEIC
fb_h7_k7_mall_d0,IMG_2596-HEIC
fb_h7_k7_mall_d0,IMG_2593-HEIC
fb_h7_k7_mall_d0,IMG_2521-HEIC
fb_h7_k7_mall_d0,IMG_2577-HEIC
fb_h7_k7_mall_d0,IMG_2660-HEIC
fb_h7_k7_mall_d0,IMG_2701-HEIC
fb_h7_k7_mall_d0,IMG_2545-HEIC
fb_h7_k7_mall_d0,IMG_2621-HEIC
fb_h7_k7_mall_d0,IMG_2599-HEIC
fb_h7_k7_mall_d0,IMG_2523-HEIC
fb_h7_k7_mall_d0,IMG_2610-HEIC
fb_h7_k7_mall_d0,IMG_2482-HEIC
fb_h7_k7_mall_d0,IMG_2635-HEIC
fb_h7_k7_mall_d0,IMG_2584-HEIC
fb_h7_k7_mall_d0,IMG_2539-HEIC
fb_h7_k7_mall_d0,IMG_2526-HEIC
fb_h7_k7_mall_d0,IMG_2533-HEIC
fb_h7_k7_mall_d0,IMG_2592-HEIC
fb_h7_k7_mall_d0,IMG_2542-HEIC
fb_h7_k7_mall_d0,IMG_2536-HEIC
fb_h7_k7_mall_d0,IMG_2580-HEIC
fb_h7_k7_mall_d0,IMG_2581-HEIC
fb_h7_k7_mall_d0,IMG_2525-HEIC
fb_h7_k7_mall_d0,IMG_2583-HEIC
fb_h7_k7_mall_d0,IMG_2647-HEIC
fb_h7_k7_mall_d0,IMG_2603-HEIC
fb_h7_k7_mall_d0,IMG_2535-HEIC
fb_h7_k7_mall_d0,IMG_2589-HEIC
fb_h7_k7_mall_d0,IMG_2491-HEIC
fb_h7_k7_mall_d0,IMG_2520-HEIC
fb_h7_k7_mall_d0,IMG_2585-HEIC
fb_h7_k7_mall_d0,IMG_2572-HEIC
fb_h7_k7_mall_d0,IMG_2504-HEIC
fb_h7_k7_mall_d0,IMG_2591-HEIC
fb_h7_k7_mall_d0,IMG_2564-HEIC
fb_h7_k7_mall_d0,IMG_2604-HEIC
fb_h7_k7_mall_d0,IMG_2644-HEIC
fb_h7_k7_mall_d0,IMG_2674-HEIC
fb_h7_k7_mall_d0,IMG_2595-HEIC
fb_h7_k7_mall_d0,IMG_2617-HEIC
fb_h7_k7_mall_d0,IMG_2590-HEIC
fb_h7_k7_mall_d0,IMG_2519-HEIC
fb_h7_k7_mall_d0,IMG_2522-HEIC
fb_h7_k7_mall_d0,IMG_2496-HEIC
fb_h7_k7_mall_d0,IMG_2070
fb_h7_k7_mall_d0,IMG_2116
fb_h7_k7_mall_d0,IMG_4169
fb_h7_k7_mall_d0,IMG_2058
fb_h7_k7_mall_d0,IMG_4201
fb_h7_k7_mall_d0,IMG_4156
fb_h7_k7_mall_d0,IMG_4085
fb_h7_k7_mall_d0,IMG_2132
fb_h7_k7_mall_d0,IMG_4145
fb_h7_k7_mall_d0,IMG_4106
fb_h7_k7_mall_d0,IMG_4146
fb_h7_k7_mall_d0,IMG_2059
fb_h7_k7_mall_d0,IMG_4123
fb_h7_k7_mall_d0,IMG_4187
fb_h7_k7_mall_d0,IMG_2115
fb_h7_k7_mall_d0,IMG_4153
fb_h7_k7_mall_d0,IMG_2078
fb_h7_k7_mall_d0,IMG_4148
fb_h7_k7_mall_d0,IMG_4218
fb_h7_k7_mall_d0,IMG_4104
fb_h7_k7_mall_d0,IMG_2120
fb_h7_k7_mall_d0,IMG_4103
fb_h7_k7_mall_d0,IMG_4190
fb_h7_k7_mall_d0,IMG_4179
fb_h7_k7_mall_d0,IMG_2077
fb_h7_k7_mall_d0,IMG_4161
fb_h7_k7_mall_d0,IMG_4075
fb_h7_k7_mall_d0,IMG_4164
fb_h7_k7_mall_d0,IMG_4111
fb_h7_k7_mall_d0,IMG_4189
fb_h7_k7_mall_d0,IMG_4147
fb_h7_k7_mall_d0,IMG_4174
fb_h7_k7_mall_d0,IMG_2131
fb_h7_k7_mall_d0,IMG_2135
fb_h7_k7_mall_d0,IMG_4170
fb_h7_k7_mall_d0,IMG_4221
fb_h7_k7_mall_d0,IMG_4116
fb_h7_k7_mall_d0,IMG_4144
fb_h7_k7_mall_d0,IMG_4088
fb_h7_k7_mall_d0,IMG_2075
fb_h7_k7_mall_d0,IMG_4262
fb_h7_k7_mall_d0,IMG_4192
fb_h7_k7_mall_d0,IMG_4067
fb_h7_k7_mall_d0,IMG_2134
fb_h7_k7_mall_d0,IMG_2085
fb_h7_k7_mall_d0,IMG_4114
fb_h7_k7_mall_d0,IMG_4186
fb_h7_k7_mall_d0,IMG_4068
fb_h7_k7_mall_d0,IMG_4152
fb_h7_k7_mall_d0,IMG_4109
fb_h7_k7_mall_d0,IMG_2107
fb_h7_k7_mall_d0,IMG_4134
fb_h7_k7_mall_d0,IMG_4191
fb_h7_k7_mall_d0,IMG_2130
fb_h7_k7_mall_d0,IMG_4069
fb_h7_k7_mall_d0,IMG_2066
fb_h7_k7_mall_d0,IMG_4117
fb_h7_k7_mall_d0,IMG_4086
fb_h7_k7_mall_d0,IMG_4183
fb_h7_k7_mall_d0,IMG_2083
fb_h7_k7_mall_d0,IMG_2110
fb_h7_k7_mall_d0,IMG_2089
fb_h7_k7_mall_d0,IMG_2069
fb_h7_k7_mall_d0,IMG_4181
fb_h7_k7_mall_d0,IMG_4163
fb_h7_k7_mall_d0,IMG_4151
fb_h7_k7_mall_d0,IMG_4110
fb_h7_k7_mall_d0,IMG_2076
fb_h7_k7_mall_d0,IMG_4072
fb_h7_k7_mall_d0,IMG_2063
fb_h7_k7_mall_d0,IMG_2133
fb_h7_k7_mall_d0,IMG_4184
fb_h7_k7_mall_d0,IMG_4065
fb_h7_k7_mall_d0,IMG_4071
fb_h7_k7_mall_d0,IMG_4105
fb_h7_k7_mall_d0,IMG_4115
fb_h7_k7_mall_d0,IMG_4165
fb_h7_k7_mall_d0,IMG_2067
fb_h7_k7_mall_d0,IMG_2088
fb_h7_k7_mall_d0,IMG_2100
fb_h7_k7_mall_d0,IMG_4120
fb_h7_k7_mall_d0,IMG_2072
fb_h7_k7_mall_d0,IMG_4096
fb_h7_k7_mall_d0,IMG_4256
fb_h7_k7_mall_d0,IMG_4203
fb_h7_k7_mall_d0,IMG_4143
fb_h7_k7_mall_d0,IMG_4185
fb_h7_k7_mall_d0,IMG_2079
fb_h7_k7_mall_d0,IMG_4066
fb_h7_k7_mall_d0,IMG_2106
fb_h7_k7_mall_d0,IMG_2081
fb_h7_k7_mall_d0,IMG_4220
fb_h7_k7_mall_d0,IMG_4155
fb_h7_k7_mall_d0,IMG_4090
fb_h7_k7_mall_d0,IMG_4087
fb_h7_k7_mall_d0,IMG_4162
fb_h7_k7_mall_d0,IMG_4182
fb_h7_k7_mall_d0,IMG_2108
fb_h7_k7_mall_d0,IMG_2119
fb_h7_k7_mall_d0,IMG_2101
fb_h7_k7_mall_d0,IMG_4091
fb_h7_k7_mall_d0,IMG_2064
fb_h7_k7_mall_d0,IMG_4188
fb_h7_k7_mall_d0,IMG_4200
fb_h7_k7_mall_d0,IMG_2080
fb_h7_k7_mall_d0,IMG_4118
fb_h7_k7_mall_d0,IMG_2105
fb_h7_k7_mall_d0,IMG_2071
fb_h7_k7_mall_d0,IMG_4180
fb_h7_k7_mall_d0,IMG_4172
fb_h7_k7_mall_d0,IMG_4073
fb_h7_k7_mall_d0,IMG_2062
fb_h7_k7_mall_d0,IMG_4168
fb_h7_k7_mall_d0,IMG_2082
fb_h7_k7_mall_d0,IMG_2103
fb_h7_k7_mall_d0,IMG_2117
fb_h7_k7_mall_d0,IMG_4089
fb_h7_k7_mall_d0,IMG_4213
fb_h7_k7_mall_d0,IMG_4154
fb_h7_k7_mall_d0,IMG_2122
fb_h7_k7_mall_d0,IMG_4219
fb_h7_k7_mall_d0,IMG_4193
fb_h7_k7_mall_d0,IMG_2074
fb_h7_k7_mall_d0,IMG_4113
fb_h7_k7_mall_d0,IMG_4159
fb_h7_k7_mall_d0,IMG_2095
fb_h7_k7_mall_d0,IMG_2068
fb_h7_k7_mall_d0,IMG_4112
fb_h7_k7_mall_d0,IMG_2061
fb_h7_k7_mall_d0,IMG_2121
fb_h7_k7_mall_d0,IMG_4157
fb_h7_k7_mall_d0,IMG_4149
fb_h7_k7_mall_d0,IMG_4176
fb_h7_k7_mall_d0,IMG_4095
fb_h7_k7_mall_d0,IMG_2102
fb_h7_k7_mall_d0,IMG_2104
fb_h7_k7_mall_d0,IMG_4150
fb_h7_k7_mall_d0,IMG_2060
fb_h7_k7_mall_d0,IMG_2109
fb_h7_k7_mall_d0,IMG_4064
fb_h7_k7_mall_d0,IMG_4098
fb_h7_k7_mall_d0,IMG_4202
fb_h7_k7_mall_d0,IMG_4194
fb_h7_k7_mall_d0,IMG_2084
fb_h7_k7_mall_d0,IMG_2073
fb_h7_k7_mall_d0,IMG_4070
fb_h7_k7_mall_d0,IMG_4178
fb_h7_k7_mall_d0,IMG_0066
fb_h7_k7_mall_d0,IMG_0238
fb_h7_k7_mall_d0,IMG_0091
fb_h7_k7_mall_d0,IMG_0209
fb_h7_k7_mall_d0,IMG_0074
fb_h7_k7_mall_d0,IMG_0262
fb_h7_k7_mall_d0,IMG_0230
fb_h7_k7_mall_d0,IMG_0148
fb_h7_k7_mall_d0,IMG_0182-HEIC
fb_h7_k7_mall_d0,IMG_0077
fb_h7_k7_mall_d0,IMG_0104-HEIC
fb_h7_k7_mall_d0,IMG_0142
fb_h7_k7_mall_d0,IMG_0177
fb_h7_k7_mall_d0,IMG_0070
fb_h7_k7_mall_d0,IMG_0187-HEIC
fb_h7_k7_mall_d0,IMG_0279
fb_h7_k7_mall_d0,IMG_0260
fb_h7_k7_mall_d0,IMG_0078
fb_h7_k7_mall_d0,IMG_0267
fb_h7_k7_mall_d0,IMG_0090
fb_h7_k7_mall_d0,IMG_0211
fb_h7_k7_mall_d0,IMG_0136
fb_h7_k7_mall_d0,IMG_0256
fb_h7_k7_mall_d0,IMG_0220
fb_h7_k7_mall_d0,IMG_0126-HEIC
fb_h7_k7_mall_d0,IMG_0178
fb_h7_k7_mall_d0,IMG_0105-HEIC
fb_h7_k7_mall_d0,IMG_0204
fb_h7_k7_mall_d0,IMG_0080
fb_h7_k7_mall_d0,IMG_0108-HEIC
fb_h7_k7_mall_d0,IMG_0218
fb_h7_k7_mall_d0,IMG_0165
fb_h7_k7_mall_d0,IMG_0223
fb_h7_k7_mall_d0,IMG_0153
fb_h7_k7_mall_d0,IMG_0073
fb_h7_k7_mall_d0,IMG_0116-HEIC
fb_h7_k7_mall_d0,IMG_0210
fb_h7_k7_mall_d0,IMG_0192
fb_h7_k7_mall_d0,IMG_0184
fb_h7_k7_mall_d0,IMG_0257
fb_h7_k7_mall_d0,IMG_0185
fb_h7_k7_mall_d0,IMG_0159
fb_h7_k7_mall_d0,IMG_0273
fb_h7_k7_mall_d0,IMG_0173
fb_h7_k7_mall_d0,IMG_0175
fb_h7_k7_mall_d0,IMG_0102
fb_h7_k7_mall_d0,IMG_0084
fb_h7_k7_mall_d0,IMG_0235
fb_h7_k7_mall_d0,IMG_0069
fb_h7_k7_mall_d0,IMG_0109-HEIC
fb_h7_k7_mall_d0,IMG_0179
fb_h7_k7_mall_d0,IMG_0219
fb_h7_k7_mall_d0,IMG_0089
fb_h7_k7_mall_d0,IMG_0083-HEIC
fb_h7_k7_mall_d0,IMG_0106-HEIC
fb_h7_k7_mall_d0,IMG_0263
fb_h7_k7_mall_d0,IMG_0198
fb_h7_k7_mall_d0,IMG_0095
fb_h7_k7_mall_d0,IMG_0174
fb_h7_k7_mall_d0,IMG_0284
fb_h7_k7_mall_d0,IMG_0111-HEIC
fb_h7_k7_mall_d0,IMG_0072
fb_h7_k7_mall_d0,IMG_0764-HEIC
fb_h7_k7_mall_d0,IMG_2346-HEIC
fb_h7_k7_mall_d0,IMG_0765-HEIC
fb_h7_k7_mall_d0,IMG_0756-HEIC
fb_h7_k7_mall_d0,IMG_2294-HEIC
fb_h7_k7_mall_d0,IMG_2306-HEIC
fb_h7_k7_mall_d0,IMG_2251-HEIC
fb_h7_k7_mall_d0,IMG_2338-HEIC
fb_h7_k7_mall_d0,IMG_2303-HEIC
fb_h7_k7_mall_d0,IMG_2390-HEIC
fb_h7_k7_mall_d0,IMG_0760-HEIC
fb_h7_k7_mall_d0,IMG_2330-HEIC
fb_h7_k7_mall_d0,IMG_2242-HEIC
fb_h7_k7_mall_d0,IMG_2351-HEIC
fb_h7_k7_mall_d0,IMG_2249-HEIC
fb_h7_k7_mall_d0,IMG_0759-HEIC
fb_h7_k7_mall_d0,IMG_0751-HEIC
fb_h7_k7_mall_d0,IMG_0772-HEIC
fb_h7_k7_mall_d0,IMG_0754-HEIC
fb_h7_k7_mall_d0,IMG_2352-HEIC
fb_h7_k7_mall_d0,IMG_2257-HEIC
fb_h7_k7_mall_d0,IMG_2389-HEIC
fb_h7_k7_mall_d0,IMG_2329-HEIC
fb_h7_k7_mall_d0,IMG_2337-HEIC
fb_h7_k7_mall_d0,IMG_0757-HEIC
fb_h7_k7_mall_d0,IMG_0741-HEIC
fb_h7_k7_mall_d0,IMG_2340-HEIC
fb_h7_k7_mall_d0,IMG_2253-HEIC
fb_h7_k7_mall_d0,IMG_0743-HEIC
fb_h7_k7_mall_d0,IMG_2380-HEIC
fb_h7_k7_mall_d0,IMG_2305-HEIC
fb_h7_k7_mall_d0,IMG_2311-HEIC
fb_h7_k7_mall_d0,IMG_2386-HEIC
fb_h7_k7_mall_d0,IMG_2336-HEIC
fb_h7_k7_mall_d0,IMG_2274-HEIC
fb_h7_k7_mall_d0,IMG_0752-HEIC
fb_h7_k7_mall_d0,IMG_2296-HEIC
fb_h7_k7_mall_d0,IMG_0740-HEIC
fb_h7_k7_mall_d0,IMG_2310-HEIC
fb_h7_k7_mall_d0,IMG_2349-HEIC
fb_h7_k7_mall_d0,IMG_0742-HEIC
fb_h7_k7_mall_d0,IMG_2334-HEIC
fb_h7_k7_mall_d0,IMG_2246-HEIC
fb_h7_k7_mall_d0,IMG_2307-HEIC
fb_h7_k7_mall_d0,IMG_0767-HEIC
fb_h7_k7_mall_d0,IMG_2255-HEIC
fb_h7_k7_mall_d0,IMG_0768-HEIC
fb_h7_k7_mall_d0,IMG_2345-HEIC
fb_h7_k7_mall_d0,IMG_2259-HEIC
fb_h7_k7_mall_d0,IMG_2288-HEIC
fb_h7_k7_mall_d0,IMG_2333-HEIC
fb_h7_k7_mall_d0,IMG_2291-HEIC
fb_h7_k7_mall_d0,IMG_2286-HEIC
fb_h7_k7_mall_d0,IMG_0766-HEIC
fb_h7_k7_mall_d0,IMG_2254-HEIC
fb_h7_k7_mall_d0,IMG_2273-HEIC
fb_h7_k7_mall_d0,IMG_0773-HEIC
fb_h7_k7_mall_d0,IMG_2343-HEIC
fb_h7_k7_mall_d0,IMG_2381-HEIC
fb_h7_k7_mall_d0,IMG_2383-HEIC
fb_h7_k7_mall_d0,IMG_0737-HEIC
fb_h7_k7_mall_d0,IMG_2241-HEIC
fb_h7_k7_mall_d0,IMG_2270-HEIC
fb_h7_k7_mall_d0,IMG_0761-HEIC
fb_h7_k7_mall_d0,IMG_2304-HEIC
fb_h7_k7_mall_d0,IMG_2285-HEIC
fb_h7_k7_mall_d0,IMG_2243-HEIC
fb_h7_k7_mall_d0,IMG_2248-HEIC
fb_h7_k7_mall_d0,IMG_2309-HEIC
fb_h7_k7_mall_d0,IMG_2308-HEIC
fb_h7_k7_mall_d0,IMG_2289-HEIC
fb_h7_k7_mall_d0,IMG_0763-HEIC
fb_h7_k7_mall_d0,IMG_2293-HEIC
fb_h7_k7_mall_d0,IMG_2240-HEIC
fb_h7_k7_mall_d0,IMG_2391-HEIC
fb_h7_k7_mall_d0,IMG_0771-HEIC
fb_h7_k7_mall_d0,IMG_2295-HEIC
fb_h7_k7_mall_d0,IMG_2258-HEIC
fb_h7_k7_mall_d0,IMG_2341-HEIC
fb_h7_k7_mall_d0,IMG_2342-HEIC
fb_h7_k7_mall_d0,IMG_2335-HEIC
fb_h7_k7_mall_d0,IMG_2347-HEIC
fb_h7_k7_mall_d0,IMG_2331-HEIC
fb_h7_k7_mall_d0,IMG_0770-HEIC
fb_h7_k7_mall_d0,IMG_0755-HEIC
fb_h7_k7_mall_d0,IMG_2384-HEIC
fb_h7_k7_mall_d0,IMG_2385-HEIC
fb_h7_k7_mall_d0,IMG_2247-HEIC
fb_h7_k7_mall_d0,IMG_2252-HEIC
fb_h7_k7_mall_d0,IMG_0758-HEIC
fb_h7_k7_mall_d0,IMG_2244-HEIC
fb_h7_k7_mall_d0,IMG_2245-HEIC
fb_h7_k7_mall_d0,IMG_2382-HEIC
fb_h7_k7_mall_d0,IMG_2339-HEIC
fb_h7_k7_mall_d0,IMG_2239-HEIC
fb_h7_k7_mall_d0,IMG_2256-HEIC
fb_h7_k7_mall_d0,IMG_0769-HEIC
fb_h7_k7_mall_d0,IMG_2302-HEIC
fb_h7_k7_mall_d0,IMG_2290-HEIC
fb_h7_k7_mall_d0,IMG_2287-HEIC
fb_h7_k7_mall_d0,IMG_2332-HEIC
fb_h7_k7_mall_d0,IMG_2045
fb_h7_k7_mall_d0,IMG_3932
fb_h7_k7_mall_d0,IMG_2053
fb_h7_k7_mall_d0,IMG_2040
fb_h7_k7_mall_d0,IMG_2026
fb_h7_k7_mall_d0,IMG_2038
fb_h7_k7_mall_d0,IMG_3923
fb_h7_k7_mall_d0,IMG_2018
fb_h7_k7_mall_d0,IMG_2056
fb_h7_k7_mall_d0,IMG_1963
fb_h7_k7_mall_d0,IMG_2048
fb_h7_k7_mall_d0,IMG_4014
fb_h7_k7_mall_d0,IMG_3986
fb_h7_k7_mall_d0,IMG_4005
fb_h7_k7_mall_d0,IMG_1996
fb_h7_k7_mall_d0,IMG_3918
fb_h7_k7_mall_d0,IMG_1917
fb_h7_k7_mall_d0,IMG_1968
fb_h7_k7_mall_d0,IMG_3919
fb_h7_k7_mall_d0,IMG_3975
fb_h7_k7_mall_d0,IMG_3980
fb_h7_k7_mall_d0,IMG_4041
fb_h7_k7_mall_d0,IMG_2001
fb_h7_k7_mall_d0,IMG_2023
fb_h7_k7_mall_d0,IMG_3996
fb_h7_k7_mall_d0,IMG_2012
fb_h7_k7_mall_d0,IMG_1956
fb_h7_k7_mall_d0,IMG_3931
fb_h7_k7_mall_d0,IMG_4029
fb_h7_k7_mall_d0,IMG_4031
fb_h7_k7_mall_d0,IMG_1965
fb_h7_k7_mall_d0,IMG_1924
fb_h7_k7_mall_d0,IMG_2051
fb_h7_k7_mall_d0,IMG_2015
fb_h7_k7_mall_d0,IMG_3921
fb_h7_k7_mall_d0,IMG_1962
fb_h7_k7_mall_d0,IMG_4034
fb_h7_k7_mall_d0,IMG_3976
fb_h7_k7_mall_d0,IMG_3982
fb_h7_k7_mall_d0,IMG_3987
fb_h7_k7_mall_d0,IMG_2019
fb_h7_k7_mall_d0,IMG_4013
fb_h7_k7_mall_d0,IMG_3962
fb_h7_k7_mall_d0,IMG_2010
fb_h7_k7_mall_d0,IMG_1964
fb_h7_k7_mall_d0,IMG_3999
fb_h7_k7_mall_d0,IMG_3983
fb_h7_k7_mall_d0,IMG_1999
fb_h7_k7_mall_d0,IMG_2052
fb_h7_k7_mall_d0,IMG_4058
fb_h7_k7_mall_d0,IMG_3924
fb_h7_k7_mall_d0,IMG_2030
fb_h7_k7_mall_d0,IMG_2055
fb_h7_k7_mall_d0,IMG_3965
fb_h7_k7_mall_d0,IMG_1929
fb_h7_k7_mall_d0,IMG_3926
fb_h7_k7_mall_d0,IMG_1908
fb_h7_k7_mall_d0,IMG_4015
fb_h7_k7_mall_d0,IMG_3963
fb_h7_k7_mall_d0,IMG_2042
fb_h7_k7_mall_d0,IMG_4032
fb_h7_k7_mall_d0,IMG_3930
fb_h7_k7_mall_d0,IMG_2022
fb_h7_k7_mall_d0,IMG_1913
fb_h7_k7_mall_d0,IMG_2009
fb_h7_k7_mall_d0,IMG_1923
fb_h7_k7_mall_d0,IMG_2050
fb_h7_k7_mall_d0,IMG_4004
fb_h7_k7_mall_d0,IMG_4025
fb_h7_k7_mall_d0,IMG_3997
fb_h7_k7_mall_d0,IMG_3994
fb_h7_k7_mall_d0,IMG_2032
fb_h7_k7_mall_d0,IMG_3920
fb_h7_k7_mall_d0,IMG_3925
fb_h7_k7_mall_d0,IMG_4024
fb_h7_k7_mall_d0,IMG_4033
fb_h7_k7_mall_d0,IMG_2016
fb_h7_k7_mall_d0,IMG_2057
fb_h7_k7_mall_d0,IMG_1914
fb_h7_k7_mall_d0,IMG_2047
fb_h7_k7_mall_d0,IMG_1966
fb_h7_k7_mall_d0,IMG_2049
fb_h7_k7_mall_d0,IMG_2024
fb_h7_k7_mall_d0,IMG_1928
fb_h7_k7_mall_d0,IMG_1958
fb_h7_k7_mall_d0,IMG_4012
fb_h7_k7_mall_d0,IMG_1918
fb_h7_k7_mall_d0,IMG_1959
fb_h7_k7_mall_d0,IMG_2054
fb_h7_k7_mall_d0,IMG_4026
fb_h7_k7_mall_d0,IMG_1997
fb_h7_k7_mall_d0,IMG_3995
fb_h7_k7_mall_d0,IMG_4020
fb_h7_k7_mall_d0,IMG_4002
fb_h7_k7_mall_d0,IMG_3984
fb_h7_k7_mall_d0,IMG_4001
fb_h7_k7_mall_d0,IMG_3998
fb_h7_k7_mall_d0,IMG_2002
fb_h7_k7_mall_d0,IMG_2031
fb_h7_k7_mall_d0,IMG_4003
fb_h7_k7_mall_d0,IMG_1969
fb_h7_k7_mall_d0,IMG_3977
fb_h7_k7_mall_d0,IMG_4011
fb_h7_k7_mall_d0,IMG_1916
fb_h7_k7_mall_d0,IMG_3929
fb_h7_k7_mall_d0,IMG_2014
fb_h7_k7_mall_d0,IMG_1960
fb_h7_k7_mall_d0,IMG_1912
fb_h7_k7_mall_d0,IMG_3992
fb_h7_k7_mall_d0,IMG_1971
fb_h7_k7_mall_d0,IMG_2011
fb_h7_k7_mall_d0,IMG_1909
fb_h7_k7_mall_d0,IMG_2044
fb_h7_k7_mall_d0,IMG_2039
fb_h7_k7_mall_d0,IMG_1961
fb_h7_k7_mall_d0,IMG_3993
fb_h7_k7_mall_d0,IMG_1922
fb_h7_k7_mall_d0,IMG_3928
fb_h7_k7_mall_d0,IMG_1957
fb_h7_k7_mall_d0,IMG_3978
fb_h7_k7_mall_d0,IMG_1993
fb_h7_k7_mall_d0,IMG_1925
fb_h7_k7_mall_d0,IMG_3981
fb_h7_k7_mall_d0,IMG_2013
fb_h7_k7_mall_d0,IMG_1915
fb_h7_k7_mall_d0,IMG_2046
fb_h7_k7_mall_d0,IMG_4047
fb_h7_k7_mall_d0,IMG_2037
fb_h7_k7_mall_d0,IMG_2025
fb_h7_k7_mall_d0,IMG_3961
fb_h7_k7_mall_d0,IMG_2043
fb_h7_k7_mall_d0,IMG_1970
fb_h7_k7_mall_d0,IMG_4019
fb_h7_k7_mall_d0,IMG_4053
fb_h7_k7_mall_d0,IMG_1998
fb_h7_k7_mall_d0,IMG_9910
fb_h7_k7_mall_d0,IMG_9902
fb_h7_k7_mall_d0,IMG_9980
fb_h7_k7_mall_d0,IMG_9892
fb_h7_k7_mall_d0,IMG_9951
fb_h7_k7_mall_d0,IMG_9915
fb_h7_k7_mall_d0,IMG_9939
fb_h7_k7_mall_d0,IMG_9991
fb_h7_k7_mall_d0,IMG_9890
fb_h7_k7_mall_d0,IMG_9911
fb_h7_k7_mall_d0,IMG_9965
fb_h7_k7_mall_d0,IMG_9917
fb_h7_k7_mall_d0,IMG_9898
fb_h7_k7_mall_d0,IMG_9977
fb_h7_k7_mall_d0,IMG_9963
fb_h7_k7_mall_d0,IMG_9988
fb_h7_k7_mall_d0,IMG_9899
fb_h7_k7_mall_d0,IMG_9962
fb_h7_k7_mall_d0,IMG_9957
fb_h7_k7_mall_d0,IMG_9927
fb_h7_k7_mall_d0,IMG_9891
fb_h7_k7_mall_d0,IMG_9931
fb_h7_k7_mall_d0,IMG_9973
fb_h7_k7_mall_d0,IMG_9923
fb_h7_k7_mall_d0,IMG_9924
fb_h7_k7_mall_d0,IMG_9920
fb_h7_k7_mall_d0,IMG_9916
fb_h7_k7_mall_d0,IMG_9925
fb_h7_k7_mall_d0,IMG_9929
fb_h7_k7_mall_d0,IMG_9986
fb_h7_k7_mall_d0,IMG_9894
fb_h7_k7_mall_d0,IMG_9921
fb_h7_k7_mall_d0,IMG_9897
fb_h7_k7_mall_d0,IMG_9888
fb_h7_k7_mall_d0,IMG_9943
fb_h7_k7_mall_d0,IMG_9907
fb_h7_k7_mall_d0,IMG_9908
fb_h7_k7_mall_d0,IMG_9889
fb_h7_k7_mall_d0,IMG_9922
fb_h7_k7_mall_d0,IMG_9968
fb_h7_k7_mall_d0,IMG_9933
fb_h7_k7_mall_d0,IMG_9947
fb_h7_k7_mall_d0,IMG_9961
fb_h7_k7_mall_d0,IMG_9984
fb_h7_k7_mall_d0,IMG_9941
fb_h7_k7_mall_d0,IMG_9886
fb_h7_k7_mall_d0,IMG_9895
fb_h7_k7_mall_d0,IMG_9885
fb_h7_k7_mall_d0,IMG_9985
fb_h7_k7_mall_d0,IMG_9904
fb_h7_k7_mall_d0,IMG_9987
fb_h7_k7_mall_d0,IMG_9949
fb_h7_k7_mall_d0,IMG_9990
fb_h7_k7_mall_d0,IMG_9953
fb_h7_k7_mall_d0,IMG_9970
fb_h7_k7_mall_d0,IMG_9972
fb_h7_k7_mall_d0,IMG_9905
fb_h7_k7_mall_d0,IMG_9940
fb_h7_k7_mall_d0,IMG_9958
fb_h7_k7_mall_d0,IMG_9919
fb_h7_k7_mall_d0,IMG_9887
fb_h7_k7_mall_d0,IMG_9969
fb_h7_k7_mall_d0,IMG_9960
fb_h7_k7_mall_d0,IMG_9900
fb_h7_k7_mall_d0,IMG_9896
fb_h7_k7_mall_d0,IMG_9942
fb_h7_k7_mall_d0,IMG_9918
fb_h7_k7_mall_d0,IMG_9928
fb_h7_k7_mall_d0,IMG_9989
fb_h7_k7_mall_d0,IMG_9914-HEIC
fb_h7_k7_mall_d0,IMG_9948
fb_h7_k7_mall_d0,IMG_9903
fb_h7_k7_mall_d0,IMG_9955
fb_h7_k7_mall_d0,IMG_9926
fb_h7_k7_mall_d0,IMG_9956
fb_h7_k7_mall_d0,IMG_9893
fb_h7_k7_mall_d0,IMG_9944
fb_h7_k7_mall_d0,IMG_9983
fb_h7_k7_mall_d0,IMG_9959
fb_h7_k7_mall_d0,IMG_9946
fb_h7_k7_mall_d0,IMG_9912-HEIC
fb_h7_k7_mall_d0,IMG_9906
