protocol,run,config,heldout,k,m,draw,seed,train_farms,n_train,eval_on,mAP50,mAP50_95,precision,recall,AP50::Algal,AP50::Leaf_rot,AP50::Phomopsis,AP50::Psyllid,AP50::Psyllid_damage,AP50::leaf_hopper_damage
v2-fixed-iterations,fb_h0_k1_m15_d0_s42,fb_h0_k1_m15_d0,0,1,15,0,42,7,15,heldout,0.019098629966524703,0.012995067327826727,0.3166167302319994,0.020528455284552844,0.0,0.05049314983262351,,0.0,0.0,0.045
v2-fixed-iterations,fb_h0_k1_m15_d0_s42,fb_h0_k1_m15_d0,0,1,15,0,42,7,15,sabah,0.011118043964984939,0.005739037525931774,0.047119703061956314,0.03944797281669886,0.0,0.05931430681853551,0.0,0.001716409407877019,0.0056775475634971,0.0
v2-fixed-iterations,fb_h0_k1_m15_d0_s42,fb_h0_k1_m15_d0,0,1,15,0,42,7,15,sabah_o1,0.011323361954754141,0.005772960584516579,0.04674310522364997,0.040714529119706466,0.0,0.06036608305528636,0.0,0.001743028159089273,0.0058310605141492135,0.0
v2-fixed-iterations,fb_h0_k1_m15_d0_s42,fb_h0_k1_m15_d0,0,1,15,0,42,7,15,sabah_o2,0.026145833333333337,0.01738541666666667,0.045454545454545456,0.041666666666666664,0.0,0.10458333333333335,0.0,0.0,,
v2-fixed-iterations,fb_h0_k1_m50_d0_s42,fb_h0_k1_m50_d0,0,1,50,0,42,7,50,heldout,0.04036162474209455,0.017952522804397103,0.11624605992749329,0.06265969802555169,0.0,0.12523134709299955,,0.028031905510295718,3.109452736318408e-05,0.048513776579814316
v2-fixed-iterations,fb_h0_k1_m50_d0_s42,fb_h0_k1_m50_d0,0,1,50,0,42,7,50,sabah,0.02990017575668723,0.016295502696168248,0.10192379288703397,0.06243033079329802,0.0,0.1435529517892215,0.0,0.0028227680118700802,0.004692001405698466,0.02833333333333333
v2-fixed-iterations,fb_h0_k1_m50_d0_s42,fb_h0_k1_m50_d0,0,1,50,0,42,7,50,sabah_o1,0.03174127437429505,0.017324280347148,0.10284654378148383,0.06620291390364727,0.0,0.15376209078101216,0.0,0.0034216653929958654,0.004930556738428973,0.02833333333333333
v2-fixed-iterations,fb_h0_k1_m50_d0_s42,fb_h0_k1_m50_d0,0,1,50,0,42,7,50,sabah_o2,0.01823164335664336,0.009249562937062939,0.05128205128205128,0.05555555555555555,0.0,0.07292657342657344,0.0,0.0,,
v2-fixed-iterations,fb_h0_k1_mall_d0_s42,fb_h0_k1_mall_d0,0,1,all,0,42,7,57,heldout,0.06071112782847552,0.03413930949340007,0.15253302572234137,0.06855400696864111,0.0,0.13550352175068764,,0.05834750835007138,0.002987451426094325,0.10671715761552422
v2-fixed-iterations,fb_h0_k1_mall_d0_s42,fb_h0_k1_mall_d0,0,1,all,0,42,7,57,sabah,0.032155757563835506,0.01889434414717743,0.08787458905833635,0.07180233313161001,0.0,0.17379664081093948,0.0,0.00459030860820943,0.008880929297197438,0.005666666666666667
v2-fixed-iterations,fb_h0_k1_mall_d0_s42,fb_h0_k1_mall_d0,0,1,all,0,42,7,57,sabah_o1,0.03341826361231487,0.01973175744092557,0.08797013178068935,0.0741121688369923,0.0,0.18052183434113417,0.0,0.004808453469453133,0.009512627196635266,0.005666666666666667
v2-fixed-iterations,fb_h0_k1_mall_d0_s42,fb_h0_k1_mall_d0,0,1,all,0,42,7,57,sabah_o2,0.03715320512820513,0.019978614253393666,0.06275879917184266,0.10138888888888889,0.0,0.14734615384615385,0.0,0.0012666666666666668,,
v2-fixed-iterations,fb_h0_k1_m15_d1_s42,fb_h0_k1_m15_d1,0,1,15,1,42,5,15,heldout,0.025510654774469687,0.014036734902766832,0.10593973286688785,0.02457516339869281,0.1274223580949424,0.0,,0.0,0.00013091577740602739,0.0
v2-fixed-iterations,fb_h0_k1_m15_d1_s42,fb_h0_k1_m15_d1,0,1,15,1,42,5,15,sabah,0.0307255986598845,0.014137682961449408,0.12697145994600517,0.05168892986937403,0.08298640968691798,0.0,0.09048792218174162,0.007491040018492331,0.0033882200721550787,0.0
v2-fixed-iterations,fb_h0_k1_m15_d1_s42,fb_h0_k1_m15_d1,0,1,15,1,42,5,15,sabah_o1,0.032530069405266454,0.015019814639608962,0.12767744681889784,0.05334403907211471,0.08069991403555712,0.0,0.10280283266507208,0.008216133881653475,0.003461535849316015,0.0
v2-fixed-iterations,fb_h0_k1_m15_d1_s42,fb_h0_k1_m15_d1,0,1,15,1,42,5,15,sabah_o2,0.05866200828157351,0.027603416149068326,0.19067040754274045,0.039473684210526314,0.23428571428571432,0.0,0.00036231884057971015,0.0,,
v2-fixed-iterations,fb_h0_k1_m50_d1_s42,fb_h0_k1_m50_d1,0,1,50,1,42,5,50,heldout,0.05971494629306998,0.029399428555342402,0.28234042621049904,0.06823529411764706,0.28132602198571144,0.015571428571428571,,0.0,0.00022566800498407863,0.0014516129032258066
v2-fixed-iterations,fb_h0_k1_m50_d1_s42,fb_h0_k1_m50_d1,0,1,50,1,42,5,50,sabah,0.10942783785189876,0.053189263579268564,0.3227826998107138,0.12207509484713341,0.41857959348240226,0.025426587301587304,0.2042794086305612,0.004304743738626452,0.003976693958215447,0.0
v2-fixed-iterations,fb_h0_k1_m50_d1_s42,fb_h0_k1_m50_d1,0,1,50,1,42,5,50,sabah_o1,0.11183731897432068,0.0546849310520152,0.3968980364401418,0.10787380400575448,0.42326169166931094,0.02867575584041819,0.21030981541870275,0.004746733421751036,0.004029917495741096,0.0
v2-fixed-iterations,fb_h0_k1_m50_d1_s42,fb_h0_k1_m50_d1,0,1,50,1,42,5,50,sabah_o2,0.07741108979424782,0.032774602543860075,0.3875010278038133,0.0947841332001167,0.16237955182072827,0.025,0.122264807356263,0.0,,
v2-fixed-iterations,fb_h0_k1_mall_d1_s42,fb_h0_k1_mall_d1,0,1,all,1,42,5,135,heldout,0.09897035521487174,0.03962277628423815,0.4748025791254499,0.0902804852442922,0.33609984412958793,0.0022692307692307695,,0.086216106856767,0.0010241700763487579,0.06924242424242424
v2-fixed-iterations,fb_h0_k1_mall_d1_s42,fb_h0_k1_mall_d1,0,1,all,1,42,5,135,sabah,0.12398658898037428,0.059790164800209974,0.23846435737190588,0.13065760877750063,0.43426371660411717,0.016654664484451718,0.22514037967332132,0.03475482838674781,0.025057164245802767,0.008048780487804878
v2-fixed-iterations,fb_h0_k1_mall_d1_s42,fb_h0_k1_mall_d1,0,1,all,1,42,5,135,sabah_o1,0.12840317420620775,0.061641430079586355,0.24775837677520204,0.1328223643664819,0.4372588435281664,0.020429896344789963,0.2378830210349689,0.04141183817095227,0.025386665670564107,0.008048780487804878
v2-fixed-iterations,fb_h0_k1_mall_d1_s42,fb_h0_k1_mall_d1,0,1,all,1,42,5,135,sabah_o2,0.09700149645006297,0.05290437599912077,0.42039311203253626,0.11710526315789474,0.3175669376438224,0.025,0.04444946482309614,0.0009895833333333332,,
v2-fixed-iterations,fb_h0_k2_m15_d0_s42,fb_h0_k2_m15_d0,0,2,15,0,42,4;7,30,heldout,0.03083649718465966,0.017746570382287698,0.18553805918786614,0.06399546810594156,0.005706521739130435,0.12192397070017207,,0.0021571005425471074,0.0005834175316126267,0.02381147540983607
v2-fixed-iterations,fb_h0_k2_m15_d0_s42,fb_h0_k2_m15_d0,0,2,15,0,42,4;7,30,sabah,0.04908687313298655,0.02844210139420914,0.12853808202575842,0.08475776885619402,0.009428699677947548,0.22010700522168286,0.0,0.04720540337327764,0.00928013052501125,0.0085
v2-fixed-iterations,fb_h0_k2_m15_d0_s42,fb_h0_k2_m15_d0,0,2,15,0,42,4;7,30,sabah_o1,0.05134704975306228,0.03012421572597029,0.12892747051216166,0.08719055495673857,0.010762873466613063,0.22907343728502022,0.0,0.04956701482959514,0.01017897293714519,0.0085
v2-fixed-iterations,fb_h0_k2_m15_d0_s42,fb_h0_k2_m15_d0,0,2,15,0,42,4;7,30,sabah_o2,0.054981368842128335,0.027460056715436464,0.10274265208475736,0.0875,0.0,0.2187229437229437,0.0,0.0012025316455696205,,
v2-fixed-iterations,fb_h0_k2_m50_d0_s42,fb_h0_k2_m50_d0,0,2,50,0,42,4;7,100,heldout,0.06379070926902272,0.03570909113480343,0.18469688062243933,0.14849912439171062,0.008285953177257525,0.25316417863956875,,0.015436052088463556,0.0006458685373847853,0.04142149390243903
v2-fixed-iterations,fb_h0_k2_m50_d0_s42,fb_h0_k2_m50_d0,0,2,50,0,42,4;7,100,sabah,0.08670066167844122,0.05240593767893856,0.2639501247229637,0.1098910544534746,0.04115685980936839,0.33258249836744613,0.0,0.06699760592509724,0.01272377334612507,0.06674323262261045
v2-fixed-iterations,fb_h0_k2_m50_d0_s42,fb_h0_k2_m50_d0,0,2,50,0,42,4;7,100,sabah_o1,0.09036064301230447,0.054912680806895244,0.1986584762883401,0.13733788716508608,0.041207913462024466,0.34739292851515324,0.0,0.07108575978576902,0.013266134582541979,0.06921112172833811
v2-fixed-iterations,fb_h0_k2_m50_d0_s42,fb_h0_k2_m50_d0,0,2,50,0,42,4;7,100,sabah_o2,0.06811346727174901,0.04067094249418166,0.3569145210798563,0.10833333333333334,0.0,0.2706946098277368,0.0,0.001759259259259259,,
v2-fixed-iterations,fb_h0_k2_mall_d0_s42,fb_h0_k2_mall_d0,0,2,all,0,42,4;7,158,heldout,0.10717990542431446,0.05462916179413645,0.48193154868337035,0.13188153310104528,0.001093432633716994,0.23625363146049488,,0.020039613885710728,0.0003891549346221689,0.27812369420702754
v2-fixed-iterations,fb_h0_k2_mall_d0_s42,fb_h0_k2_mall_d0,0,2,all,0,42,4;7,158,sabah,0.1315427509650217,0.06294845318531689,0.3271482734138234,0.15885368518820406,0.029621765230536244,0.32984793632223874,0.0,0.0623767160914617,0.017210752597720824,0.35019933554817273
v2-fixed-iterations,fb_h0_k2_mall_d0_s42,fb_h0_k2_mall_d0,0,2,all,0,42,4;7,158,sabah_o1,0.1403023141375108,0.06688352972704371,0.3432094525729328,0.1596185939895747,0.029592440390468395,0.3445003117051293,0.0,0.06557498976756344,0.01746626728202791,0.38467987567987566
v2-fixed-iterations,fb_h0_k2_mall_d0_s42,fb_h0_k2_mall_d0,0,2,all,0,42,4;7,158,sabah_o2,0.06629863980645813,0.04399601394923435,0.14411236368714372,0.14232456140350877,0.0275,0.2364920275802629,0.0,0.0012025316455696205,,
v2-fixed-iterations,fb_h0_k2_m15_d1_s42,fb_h0_k2_m15_d1,0,2,15,1,42,4;5,30,heldout,0.05944229719915911,0.027209561175359314,0.19249996039451245,0.09876693766937669,0.1499104134911663,0.0776707847106454,,0.007339705301794995,0.0003530824921888598,0.0619375
v2-fixed-iterations,fb_h0_k2_m15_d1_s42,fb_h0_k2_m15_d1,0,2,15,1,42,4;5,30,sabah,0.08994384444925901,0.04560161622360947,0.1073279444125234,0.2311405490937233,0.1987500119664914,0.16479957838724824,0.11241704227808723,0.055017348245533254,0.0026076572467653696,0.006071428571428571
v2-fixed-iterations,fb_h0_k2_m15_d1_s42,fb_h0_k2_m15_d1,0,2,15,1,42,4;5,30,sabah_o1,0.09162130327240525,0.04731682606613002,0.16191636894362268,0.19721379739433387,0.196731770966785,0.16773183444055134,0.11712261793828652,0.058082548312710515,0.0035205864376365954,0.006538461538461539
v2-fixed-iterations,fb_h0_k2_m15_d1_s42,fb_h0_k2_m15_d1,0,2,15,1,42,4;5,30,sabah_o2,0.09745626536916993,0.03937122118871897,0.18989704951157213,0.2225877192982456,0.19205729831878493,0.15750000000000003,0.03789276315789474,0.002375,,
v2-fixed-iterations,fb_h0_k2_m50_d1_s42,fb_h0_k2_m50_d1,0,2,50,1,42,4;5,100,heldout,0.08625007952126,0.038381167928688245,0.18353054471601818,0.16836981436053367,0.25285636552556584,0.07719426275648165,,0.01790650588783564,0.0009336143136098277,0.08235964912280702
v2-fixed-iterations,fb_h0_k2_m50_d1_s42,fb_h0_k2_m50_d1,0,2,50,1,42,4;5,100,sabah,0.1389474143043844,0.07391301634796221,0.25907633376216677,0.1582523450562537,0.3068749441773887,0.2786689763785202,0.14002591899455652,0.09124017020005895,0.0139434415930234,0.0029310344827586207
v2-fixed-iterations,fb_h0_k2_m50_d1_s42,fb_h0_k2_m50_d1,0,2,50,1,42,4;5,100,sabah_o1,0.14497857484328402,0.07793500100212956,0.26010175641270367,0.1622039846698379,0.30983086472762067,0.30455142629512355,0.14351282149353153,0.09495774530990958,0.014087556750760163,0.0029310344827586207
v2-fixed-iterations,fb_h0_k2_m50_d1_s42,fb_h0_k2_m50_d1,0,2,50,1,42,4;5,100,sabah_o2,0.07453144000148577,0.03385715920110605,0.33110780188769057,0.07839912280701754,0.11239926739926741,0.084375,0.1013514926066757,0.0,,
v2-fixed-iterations,fb_h0_k2_mall_d1_s42,fb_h0_k2_mall_d1,0,2,all,1,42,4;5,236,heldout,0.13894322113610413,0.0674576817904023,0.2651500332262703,0.2169657929853955,0.3274991711133577,0.2681285070957252,,0.023304174008523568,0.00587757883248265,0.06990667463043154
v2-fixed-iterations,fb_h0_k2_mall_d1_s42,fb_h0_k2_mall_d1,0,2,all,1,42,4;5,236,sabah,0.19058725074959593,0.1039613360386415,0.3324588921482157,0.23719208549478712,0.35445149935739884,0.37492465777596595,0.21477657628726035,0.09694933461208823,0.022295992797891247,0.08012544366697089
v2-fixed-iterations,fb_h0_k2_mall_d1_s42,fb_h0_k2_mall_d1,0,2,all,1,42,4;5,236,sabah_o1,0.19496689637060904,0.10801190388467936,0.33512820931137516,0.2401261452342213,0.3505420380423532,0.39708281802792644,0.21733649749279219,0.09950389082006858,0.02290546926699217,0.08243066457352172
v2-fixed-iterations,fb_h0_k2_mall_d1_s42,fb_h0_k2_mall_d1,0,2,all,1,42,4;5,236,sabah_o2,0.22482295045945544,0.10659083441313019,0.5089160708701348,0.2350511695906433,0.5173361604694784,0.17334705299244146,0.18960858837590192,0.019,,
v2-fixed-iterations,fb_h0_k4_m15_d0_s42,fb_h0_k4_m15_d0,0,4,15,0,42,2;3;4;7,60,heldout,0.053080037788792986,0.025548177762245716,0.10837836144167132,0.08799729036760577,0.19758790107633295,0.05841913168694758,,0.002385469272342682,0.00012393340694118665,0.00688375350140056
v2-fixed-iterations,fb_h0_k4_m15_d0_s42,fb_h0_k4_m15_d0,0,4,15,0,42,2;3;4;7,60,sabah,0.1311089832558882,0.0654858054319981,0.2224438970414672,0.1639171699819682,0.4565120903466995,0.22084788244619447,0.017730138831382986,0.052010436953265377,0.004459454244171945,0.03509389671361502
v2-fixed-iterations,fb_h0_k4_m15_d0_s42,fb_h0_k4_m15_d0,0,4,15,0,42,2;3;4;7,60,sabah_o1,0.13480869951803828,0.06782325455745479,0.22487803420905061,0.1691023364753419,0.46391518944589477,0.23204201820738618,0.01721885610212974,0.055246826170166345,0.004823246576592016,0.035606060606060606
v2-fixed-iterations,fb_h0_k4_m15_d0_s42,fb_h0_k4_m15_d0,0,4,15,0,42,2;3;4;7,60,sabah_o2,0.08438424275169451,0.04136040663658534,0.07942106211981943,0.26973684210526316,0.1357374355477741,0.15238888888888888,0.048764388066713654,0.0006462585034013606,,
v2-fixed-iterations,fb_h0_k4_m50_d0_s42,fb_h0_k4_m50_d0,0,4,50,0,42,2;3;4;7,200,heldout,0.08088032016675734,0.036095273414044435,0.22734604424688767,0.14108287217325954,0.16859010955960413,0.0992335543885062,,0.007421704592189181,0.00030864197530864197,0.12884759031817855
v2-fixed-iterations,fb_h0_k4_m50_d0_s42,fb_h0_k4_m50_d0,0,4,50,0,42,2;3;4;7,200,sabah,0.15722014851311303,0.07999825914359558,0.3003579401777478,0.1617894390825359,0.4040688782665419,0.29778204466460245,0.014906231480255588,0.058265460730376195,0.014132284034068032,0.154165991902834
v2-fixed-iterations,fb_h0_k4_m50_d0_s42,fb_h0_k4_m50_d0,0,4,50,0,42,2;3;4;7,200,sabah_o1,0.16178406964154982,0.08294923035786196,0.31663110284434864,0.1601225456456141,0.41301249237376936,0.31015460749664503,0.015499265423858214,0.06154888014905354,0.014346955160731983,0.15614221724524074
v2-fixed-iterations,fb_h0_k4_m50_d0_s42,fb_h0_k4_m50_d0,0,4,50,0,42,2;3;4;7,200,sabah_o2,0.06569770527471186,0.040662330960988716,0.2535724445400391,0.10457758558046557,0.0434090472634162,0.20795766590389017,0.009813938440015655,0.001610169491525424,,
v2-fixed-iterations,fb_h0_k4_mall_d0_s42,fb_h0_k4_mall_d0,0,4,all,0,42,2;3;4;7,367,heldout,0.139049179438606,0.062079729796962434,0.27642693043421657,0.18176800801621462,0.2496330877533551,0.20822209129371222,,0.013415593572683064,9.541984732824426e-06,0.22396558258854685
v2-fixed-iterations,fb_h0_k4_mall_d0_s42,fb_h0_k4_mall_d0,0,4,all,0,42,2;3;4;7,367,sabah,0.22162630080999332,0.11372058948281973,0.3340679021947515,0.2577252352943512,0.5074881279724935,0.4443561691111443,0.05163254604918853,0.0767310686770406,0.027963432855532655,0.22158646019456027
v2-fixed-iterations,fb_h0_k4_mall_d0_s42,fb_h0_k4_mall_d0,0,4,all,0,42,2;3;4;7,367,sabah_o1,0.22612817353090264,0.11661325135250435,0.34360317675368274,0.26075922186938644,0.5113304782924766,0.4512248121848276,0.05118478141339888,0.08011168916360552,0.028067222763827813,0.23485005736727949
v2-fixed-iterations,fb_h0_k4_mall_d0_s42,fb_h0_k4_mall_d0,0,4,all,0,42,2;3;4;7,367,sabah_o2,0.21544026070332756,0.1176860997172681,0.36217800671029055,0.19418859649122805,0.31646825396825395,0.46575089126559716,0.0789481475794591,0.00059375,,
v2-fixed-iterations,fb_h0_k4_m15_d1_s42,fb_h0_k4_m15_d1,0,4,15,1,42,3;5;6;7,60,heldout,0.07399845717984398,0.03251587870565833,0.2787841857273592,0.09235965931087882,0.2237244896223369,0.04118064181524314,,0.019421397379912664,0.0005477131564088086,0.08511804392531837
v2-fixed-iterations,fb_h0_k4_m15_d1_s42,fb_h0_k4_m15_d1,0,4,15,1,42,3;5;6;7,60,sabah,0.1400296910692163,0.0727817733998372,0.2775044218736948,0.1699778243149744,0.47758754959864846,0.05931830625049158,0.26588834962737085,0.022452872968093132,0.008415560451896776,0.006515507518796993
v2-fixed-iterations,fb_h0_k4_m15_d1_s42,fb_h0_k4_m15_d1,0,4,15,1,42,3;5;6;7,60,sabah_o1,0.14441591523010222,0.07518157974891354,0.279901774640196,0.1754387945752204,0.4817782963139312,0.0596593661788818,0.2860777189053051,0.022542490867084555,0.00850785322912303,0.007929765886287627
v2-fixed-iterations,fb_h0_k4_m15_d1_s42,fb_h0_k4_m15_d1,0,4,15,1,42,3;5;6;7,60,sabah_o2,0.11960621697381565,0.07234688065663089,0.15871113427132189,0.2385233918128655,0.30708801724591195,0.13736363636363638,0.03397321428571429,0.0,,
v2-fixed-iterations,fb_h0_k4_m50_d1_s42,fb_h0_k4_m50_d1,0,4,50,1,42,3;5;6;7,200,heldout,0.1381973588911933,0.07047259850635645,0.2617663290285092,0.18728735396597665,0.3127254629561217,0.22341738326787364,,0.00553742142544442,0.0,0.1493065268065268
v2-fixed-iterations,fb_h0_k4_m50_d1_s42,fb_h0_k4_m50_d1,0,4,50,1,42,3;5;6;7,200,sabah,0.1746232060984592,0.10028689806827663,0.28681102896071936,0.2018760023618111,0.5054771108300894,0.2510015389485105,0.2415878142479,0.021766511188862504,0.010804993470725006,0.017101267904667924
v2-fixed-iterations,fb_h0_k4_m50_d1_s42,fb_h0_k4_m50_d1,0,4,50,1,42,3;5;6;7,200,sabah_o1,0.1799995470021385,0.10366730854013952,0.2896892555042001,0.20670051092995026,0.5109079789562353,0.2573661896452969,0.2579998312504313,0.022640767063185293,0.01084735026251744,0.020235164835164837
v2-fixed-iterations,fb_h0_k4_m50_d1_s42,fb_h0_k4_m50_d1,0,4,50,1,42,3;5;6;7,200,sabah_o2,0.14225564433554613,0.08244597475485134,0.3417446185770695,0.18057619839083383,0.21168183854247075,0.25276315789473686,0.10363698684557096,0.0009405940594059407,,
v2-fixed-iterations,fb_h0_k4_mall_d1_s42,fb_h0_k4_mall_d1,0,4,all,1,42,3;5;6;7,336,heldout,0.18848299280052197,0.09709367613563773,0.5706814456779832,0.17639301018896156,0.3536007826105768,0.20488611917116445,,0.0008202529291426445,0.0,0.3831078092917259
v2-fixed-iterations,fb_h0_k4_mall_d1_s42,fb_h0_k4_mall_d1,0,4,all,1,42,3;5;6;7,336,sabah,0.20782883832335622,0.12333994982121638,0.37888558154792545,0.2046380289443698,0.5578236848477123,0.33056376017235356,0.31615027347373065,0.02308031512717776,0.011048013446963078,0.008306982872200264
v2-fixed-iterations,fb_h0_k4_mall_d1_s42,fb_h0_k4_mall_d1,0,4,all,1,42,3;5;6;7,336,sabah_o1,0.21306614983439107,0.12777182146062757,0.3815491740195702,0.20817367993666203,0.5573516037216171,0.3489534487915764,0.3285150541956118,0.02330815131292195,0.011093535499386967,0.009175105485232067
v2-fixed-iterations,fb_h0_k4_mall_d1_s42,fb_h0_k4_mall_d1,0,4,all,1,42,3;5;6;7,336,sabah_o2,0.24795926986900726,0.13087042539383237,0.5055137999322888,0.23201876752187559,0.606578078701955,0.1804212235133288,0.15733777726074522,0.0475,,
v2-fixed-iterations,fb_h0_k7_m15_d0_s42,fb_h0_k7_m15_d0,0,7,15,0,42,1;2;3;4;5;6;7,105,heldout,0.09445637823349338,0.04465991606339327,0.29715934725251675,0.14048745451901837,0.22952312204244207,0.12710291981174834,,0.009246787224801654,0.005575728755141523,0.10083333333333333
v2-fixed-iterations,fb_h0_k7_m15_d0_s42,fb_h0_k7_m15_d0,0,7,15,0,42,1;2;3;4;5;6;7,105,sabah,0.14769957842408118,0.07730119008153075,0.2787513430375175,0.1828923625592174,0.42615743612678614,0.252516891208417,0.12437120279163547,0.057152296927488924,0.022963929204445187,0.0030357142857142857
v2-fixed-iterations,fb_h0_k7_m15_d0_s42,fb_h0_k7_m15_d0,0,7,15,0,42,1;2;3;4;5;6;7,105,sabah_o1,0.15042151536404297,0.07971884689331557,0.27799846681079343,0.1868204306828102,0.42925641880210375,0.2584006591786583,0.127923168616926,0.059985269243875046,0.023099939979058366,0.003863636363636364
v2-fixed-iterations,fb_h0_k7_m15_d0_s42,fb_h0_k7_m15_d0,0,7,15,0,42,1;2;3;4;5;6;7,105,sabah_o2,0.15335068012818678,0.07583004752477884,0.3400478459378584,0.15741959064327485,0.2761100699650175,0.238087351245246,0.08020529930248355,0.019,,
v2-fixed-iterations,fb_h0_k7_m50_d0_s42,fb_h0_k7_m50_d0,0,7,50,0,42,1;2;3;4;5;6;7,350,heldout,0.22018256037474923,0.1169326700183731,0.4349917487728091,0.23418377902405624,0.32956465142091845,0.3656785220199059,,0.010715885802083306,0.008491752916920012,0.3864619897139183
v2-fixed-iterations,fb_h0_k7_m50_d0_s42,fb_h0_k7_m50_d0,0,7,50,0,42,1;2;3;4;5;6;7,350,sabah,0.24050763930186156,0.1358657368910965,0.3966234756917162,0.2535998233212018,0.4985629944934065,0.4269326701623083,0.18179049518509688,0.09132894305961867,0.035987509467515486,0.20844322344322347
v2-fixed-iterations,fb_h0_k7_m50_d0_s42,fb_h0_k7_m50_d0,0,7,50,0,42,1;2;3;4;5;6;7,350,sabah_o1,0.2449526066736806,0.13944490188625475,0.4022071866832368,0.2554252299677873,0.4943136603625191,0.43894823255190624,0.18464673649567062,0.09638897566864152,0.03626418880950022,0.21915384615384614
v2-fixed-iterations,fb_h0_k7_m50_d0_s42,fb_h0_k7_m50_d0,0,7,50,0,42,1;2;3;4;5;6;7,350,sabah_o2,0.29267801533008775,0.17283355028181407,0.4235334501784889,0.33163294439593966,0.6318841848042668,0.3684761904761905,0.1513516860398938,0.019,,
v2-fixed-iterations,fb_h0_k7_mall_d0_s42,fb_h0_k7_mall_d0,0,7,all,0,42,1;2;3;4;5;6;7,686,heldout,0.20701704565639806,0.11207426789237047,0.36110848909384513,0.23004183133947861,0.3561424193406916,0.4064804998477999,,0.011862781859216485,0.0008274432099595814,0.25977208402432284
v2-fixed-iterations,fb_h0_k7_mall_d0_s42,fb_h0_k7_mall_d0,0,7,all,0,42,1;2;3;4;5;6;7,686,sabah,0.2758720621906281,0.1576501351859237,0.419134460397784,0.28254078914230074,0.539046874561899,0.4672123794986229,0.24429651073827124,0.09241257926005936,0.046744357262498586,0.2655196718224172
v2-fixed-iterations,fb_h0_k7_mall_d0_s42,fb_h0_k7_mall_d0,0,7,all,0,42,1;2;3;4;5;6;7,686,sabah_o1,0.28249784749972745,0.16250046905371693,0.4348647375870935,0.2804531149651952,0.5377899210493947,0.46940855128134107,0.24804659228072798,0.09588561672093912,0.0468535893477227,0.29700281431823927
v2-fixed-iterations,fb_h0_k7_mall_d0_s42,fb_h0_k7_mall_d0,0,7,all,0,42,1;2;3;4;5;6;7,686,sabah_o2,0.33180766833097125,0.18323955499706188,0.4237663603008831,0.3244883040935672,0.5628723305659276,0.5776010436227622,0.18675729913519515,0.0,,
v2-fixed-iterations,fb_h1_k1_m15_d0_s42,fb_h1_k1_m15_d0,1,1,15,0,42,0,15,heldout,0.020104321214035135,0.011782156761090434,0.24469971061720605,0.03333333333333333,0.10052160607017567,0.0,,0.0,0.0,0.0
v2-fixed-iterations,fb_h1_k1_m15_d0_s42,fb_h1_k1_m15_d0,1,1,15,0,42,0,15,sabah,0.05210824385127425,0.024002626005365055,0.08803400014118411,0.05657305657305658,0.31225040207478166,0.0,0.0,0.0,0.0,0.0003990610328638498
v2-fixed-iterations,fb_h1_k1_m15_d0_s42,fb_h1_k1_m15_d0,1,1,15,0,42,0,15,sabah_o1,0.0531721325277714,0.024414201062209723,0.0882201903613526,0.057708333333333334,0.3185854267455758,0.0,0.0,0.0,0.0,0.0004473684210526316
v2-fixed-iterations,fb_h1_k1_m15_d0_s42,fb_h1_k1_m15_d0,1,1,15,0,42,0,15,sabah_o2,0.007875,0.007075,0.1210568908762146,0.013157894736842105,0.0315,0.0,0.0,0.0,,
v2-fixed-iterations,fb_h1_k1_m50_d0_s42,fb_h1_k1_m50_d0,1,1,50,0,42,0,50,heldout,0.12490697343638742,0.07443242866708986,0.2653153936914923,0.19352929059530527,0.07653785877872239,0.29754605263157896,,0.0027482530689329552,0.00020270270270270272,0.2475
v2-fixed-iterations,fb_h1_k1_m50_d0_s42,fb_h1_k1_m50_d0,1,1,50,0,42,0,50,sabah,0.09540963873126586,0.05383832799644826,0.20506257616764256,0.10583057802180662,0.31603251511566455,0.24395278080308622,0.0,0.012164703814397756,0.0003078326544467074,0.0
v2-fixed-iterations,fb_h1_k1_m50_d0_s42,fb_h1_k1_m50_d0,1,1,50,0,42,0,50,sabah_o1,0.09876624472618273,0.05590305370903915,0.209638224861001,0.10982186169269482,0.3227701925846709,0.2563376915070173,0.0,0.013137864436331213,0.0003517198290769935,0.0
v2-fixed-iterations,fb_h1_k1_m50_d0_s42,fb_h1_k1_m50_d0,1,1,50,0,42,0,50,sabah_o2,0.049601328903654485,0.03466971207087487,0.4287965736044209,0.04093567251461988,0.06197674418604651,0.13642857142857143,0.0,0.0,,
v2-fixed-iterations,fb_h1_k1_mall_d0_s42,fb_h1_k1_mall_d0,1,1,all,0,42,0,141,heldout,0.18920162131204837,0.10126441127853536,0.2819836846678966,0.3717055798040989,0.07762609542545457,0.5261947624235985,,0.001181434599156118,0.009339147445365924,0.33166666666666667
v2-fixed-iterations,fb_h1_k1_mall_d0_s42,fb_h1_k1_mall_d0,1,1,all,0,42,0,141,sabah,0.13370664406075713,0.07557364446300499,0.24253975032797812,0.1352717105052124,0.42708155069155684,0.34850858338080887,0.0,0.01386779828149438,0.010693324415745945,0.0020886075949367094
v2-fixed-iterations,fb_h1_k1_mall_d0_s42,fb_h1_k1_mall_d0,1,1,all,0,42,0,141,sabah_o1,0.13711869387783865,0.07798084433425474,0.2418758431786727,0.13858750573757342,0.42940921951619,0.365103997972534,0.0,0.014802473337713206,0.011181707339923616,0.002214765100671141
v2-fixed-iterations,fb_h1_k1_mall_d0_s42,fb_h1_k1_mall_d0,1,1,all,0,42,0,141,sabah_o2,0.1320638490942996,0.08012555226876697,0.39606374623967594,0.10807704585381814,0.34710155022335226,0.18115384615384617,0.0,0.0,,
v2-fixed-iterations,fb_h1_k1_m15_d1_s42,fb_h1_k1_m15_d1,1,1,15,1,42,7,15,heldout,0.002773815953527687,0.0009471485543532687,0.009460869071452443,0.062103271626499014,0.0,0.01164025942747041,,0.0013463970452005426,0.0008824232949674836,0.0
v2-fixed-iterations,fb_h1_k1_m15_d1_s42,fb_h1_k1_m15_d1,1,1,15,1,42,7,15,sabah,0.028786831368667862,0.015105831443532168,0.06967626405351383,0.04909171593534615,0.0,0.16749043733295085,0.0,0.0011651903337922586,0.004065360545264069,0.0
v2-fixed-iterations,fb_h1_k1_m15_d1_s42,fb_h1_k1_m15_d1,1,1,15,1,42,7,15,sabah_o1,0.029697461778848397,0.01609236494330295,0.06862113795881185,0.051334517900281935,0.0,0.17275126905286997,0.0,0.001220582591274336,0.004212919028946073,0.0
v2-fixed-iterations,fb_h1_k1_m15_d1_s42,fb_h1_k1_m15_d1,1,1,15,1,42,7,15,sabah_o2,0.04474438320026555,0.011286652821211645,0.06097560975609756,0.06944444444444445,0.0,0.1789775328010622,0.0,0.0,,
v2-fixed-iterations,fb_h1_k1_m50_d1_s42,fb_h1_k1_m50_d1,1,1,50,1,42,7,50,heldout,0.0024968472468982735,0.0008583914602356979,0.009486592585361851,0.07093724531377343,0.0,0.0054800684218354895,,0.006690777499265562,0.00031339031339031335,0.0
v2-fixed-iterations,fb_h1_k1_m50_d1_s42,fb_h1_k1_m50_d1,1,1,50,1,42,7,50,sabah,0.029558036841531767,0.01738661784811012,0.07852510613166583,0.07453663869567194,0.0,0.1581664639763316,0.0,0.0024529432730256984,0.009645480466499953,0.007083333333333332
v2-fixed-iterations,fb_h1_k1_m50_d1_s42,fb_h1_k1_m50_d1,1,1,50,1,42,7,50,sabah_o1,0.03090011710888821,0.018133693926972203,0.07844421839879429,0.07752555761973715,0.0,0.16552542021004185,0.0,0.002814215658908014,0.00997773345104604,0.007083333333333332
v2-fixed-iterations,fb_h1_k1_m50_d1_s42,fb_h1_k1_m50_d1,1,1,50,1,42,7,50,sabah_o2,0.042442417184265,0.02424374568668047,0.12476409869935828,0.059722222222222225,0.0,0.16839285714285712,0.0,0.0013768115942028986,,
v2-fixed-iterations,fb_h1_k1_mall_d1_s42,fb_h1_k1_mall_d1,1,1,all,1,42,7,57,heldout,0.009000298501683723,0.002963245956393063,0.029334580772075826,0.04582702681724687,0.0,0.021719717561425038,,0.006418934735781775,0.0018628402112118028,0.015
v2-fixed-iterations,fb_h1_k1_mall_d1_s42,fb_h1_k1_mall_d1,1,1,all,1,42,7,57,sabah,0.032155757563835506,0.01889434414717743,0.08787458905833635,0.07180233313161001,0.0,0.17379664081093948,0.0,0.00459030860820943,0.008880929297197438,0.005666666666666667
v2-fixed-iterations,fb_h1_k1_mall_d1_s42,fb_h1_k1_mall_d1,1,1,all,1,42,7,57,sabah_o1,0.03341826361231487,0.01973175744092557,0.08797013178068935,0.0741121688369923,0.0,0.18052183434113417,0.0,0.004808453469453133,0.009512627196635266,0.005666666666666667
v2-fixed-iterations,fb_h1_k1_mall_d1_s42,fb_h1_k1_mall_d1,1,1,all,1,42,7,57,sabah_o2,0.03715320512820513,0.019978614253393666,0.06275879917184266,0.10138888888888889,0.0,0.14734615384615385,0.0,0.0012666666666666668,,
v2-fixed-iterations,fb_h1_k2_m15_d0_s42,fb_h1_k2_m15_d0,1,2,15,0,42,0;4,30,heldout,0.09624598359764887,0.05991261780708244,0.1907248087074627,0.14125698941102366,0.06196350773800293,0.31972540534400995,,0.09854100490623147,0.001,0.0
v2-fixed-iterations,fb_h1_k2_m15_d0_s42,fb_h1_k2_m15_d0,1,2,15,0,42,0;4,30,sabah,0.08903777699255916,0.05212961545516013,0.2021516498832516,0.105220558328968,0.19443676293987186,0.2860940262430889,0.0,0.03881807314456959,0.0068228841967188925,0.0080549154311057
v2-fixed-iterations,fb_h1_k2_m15_d0_s42,fb_h1_k2_m15_d0,1,2,15,0,42,0;4,30,sabah_o1,0.09294993881249902,0.05427717973556801,0.2025564871446974,0.10811855078075121,0.1994557663466583,0.30117760564015517,0.0,0.04203904310062766,0.00683504468178995,0.008192173105763052
v2-fixed-iterations,fb_h1_k2_m15_d0_s42,fb_h1_k2_m15_d0,1,2,15,0,42,0;4,30,sabah_o2,0.04225,0.031525000000000004,0.5336161993036183,0.05366899927154897,0.0,0.15000000000000002,0.0,0.019,,
v2-fixed-iterations,fb_h1_k2_m50_d0_s42,fb_h1_k2_m50_d0,1,2,50,0,42,0;4,100,heldout,0.122154867162072,0.07219034660952602,0.16193113124980033,0.21505082431869504,0.14324763011720076,0.252231848030739,,0.12363177593056729,0.027469533344756165,0.06419354838709675
v2-fixed-iterations,fb_h1_k2_m50_d0_s42,fb_h1_k2_m50_d0,1,2,50,0,42,0;4,100,sabah,0.13221607900185667,0.07776805363482486,0.23717303503257994,0.18168731225921933,0.25575866843982475,0.3632149574755521,0.0,0.09422608420470162,0.0037357856879780584,0.07636097820308348
v2-fixed-iterations,fb_h1_k2_m50_d0_s42,fb_h1_k2_m50_d0,1,2,50,0,42,0;4,100,sabah_o1,0.1378961951080751,0.08102621314136149,0.25327183830661426,0.1664094199335505,0.25621335578831944,0.3858033924018235,0.0,0.10022273651715513,0.0038435356900181888,0.08129415025113451
v2-fixed-iterations,fb_h1_k2_m50_d0_s42,fb_h1_k2_m50_d0,1,2,50,0,42,0;4,100,sabah_o2,0.10395876659572312,0.06514303678631683,0.2805900892484541,0.11929824561403507,0.25112597547380155,0.16090909090909092,0.0,0.0038000000000000004,,
v2-fixed-iterations,fb_h1_k2_mall_d0_s42,fb_h1_k2_mall_d0,1,2,all,0,42,0;4,242,heldout,0.33963087778024365,0.2473730754717106,0.31045004945101307,0.42990808159512317,0.11030658395615389,0.5289778865847413,,0.12787325017841036,0.10266333484857959,0.8283333333333331
v2-fixed-iterations,fb_h1_k2_mall_d0_s42,fb_h1_k2_mall_d0,1,2,all,0,42,0;4,242,sabah,0.2014002067022029,0.11732990479169654,0.3243867931487383,0.21697632459601282,0.4017748969955952,0.5103984388766288,0.0,0.08815682784374798,0.023071076497245324,0.185
v2-fixed-iterations,fb_h1_k2_mall_d0_s42,fb_h1_k2_mall_d0,1,2,all,0,42,0;4,242,sabah_o1,0.21004716749978225,0.12250241962066907,0.3396266340494842,0.22147564598117533,0.40565361249700926,0.5361155706111491,0.0,0.09203372006612273,0.023325290685730343,0.2031548111386821
v2-fixed-iterations,fb_h1_k2_mall_d0_s42,fb_h1_k2_mall_d0,1,2,all,0,42,0;4,242,sabah_o2,0.15352144528707637,0.0850795097333086,0.37565307818568827,0.12697368421052632,0.3141127986890699,0.299181315792569,0.0,0.0007916666666666666,,
v2-fixed-iterations,fb_h1_k2_m15_d1_s42,fb_h1_k2_m15_d1,1,2,15,1,42,2;4,30,heldout,0.035134843927828036,0.018444222126224704,0.11614789371713119,0.08945771160824838,0.018676715791944843,0.07302747557418683,,0.06450545492040383,0.019464573352604687,0.0
v2-fixed-iterations,fb_h1_k2_m15_d1_s42,fb_h1_k2_m15_d1,1,2,15,1,42,2;4,30,sabah,0.07122514773385448,0.038942758469378336,0.17817452374569723,0.10450970289190194,0.10981696905481797,0.2517662266913307,0.02646648878403606,0.02647353723685269,0.010850920450042972,0.0019767441860465114
v2-fixed-iterations,fb_h1_k2_m15_d1_s42,fb_h1_k2_m15_d1,1,2,15,1,42,2;4,30,sabah_o1,0.07366099485865596,0.040456467071038914,0.18162777760090298,0.10945477622256444,0.1121795123052175,0.26053676413804605,0.0289662298644788,0.026576059923432625,0.011683593396951238,0.0020238095238095236
v2-fixed-iterations,fb_h1_k2_m15_d1_s42,fb_h1_k2_m15_d1,1,2,15,1,42,2;4,30,sabah_o2,0.07549455842000027,0.042201783255939575,0.08944267028594999,0.22478070175438597,0.061153663727576774,0.22007311719013847,0.004918119428952563,0.01583333333333333,,
v2-fixed-iterations,fb_h1_k2_m50_d1_s42,fb_h1_k2_m50_d1,1,2,50,1,42,2;4,100,heldout,0.0953766669761518,0.04328863544104715,0.19663897560263705,0.14673828480674447,0.0672944187751048,0.23870829185632358,,0.11519917352665157,0.055681450722679084,0.0
v2-fixed-iterations,fb_h1_k2_m50_d1_s42,fb_h1_k2_m50_d1,1,2,50,1,42,2;4,100,sabah,0.10646326632302457,0.05112215975982285,0.2267697221652344,0.14481284028781763,0.2643147086655152,0.25697536840517077,0.021777685703494646,0.05235671444744562,0.010629596240996715,0.03272552447552448
v2-fixed-iterations,fb_h1_k2_m50_d1_s42,fb_h1_k2_m50_d1,1,2,50,1,42,2;4,100,sabah_o1,0.11073035203099835,0.05362818125568861,0.23198886851754055,0.1490275169715918,0.2674094311931554,0.2648162315376276,0.02392867263311907,0.05548362729247716,0.011008218793680132,0.04173593073593074
v2-fixed-iterations,fb_h1_k2_m50_d1_s42,fb_h1_k2_m50_d1,1,2,50,1,42,2;4,100,sabah_o2,0.09376491046962081,0.04014123870278243,0.2797978628158401,0.09850146198830409,0.1284930254930255,0.2410420168067227,0.003697676501811956,0.0018269230769230771,,
v2-fixed-iterations,fb_h1_k2_mall_d1_s42,fb_h1_k2_mall_d1,1,2,all,1,42,2;4,248,heldout,0.26134550018039543,0.169704234242765,0.2789251949377114,0.3506136555619771,0.07650081448797597,0.15844546260723819,,0.13967205290855278,0.23710917089821015,0.695
v2-fixed-iterations,fb_h1_k2_mall_d1_s42,fb_h1_k2_mall_d1,1,2,all,1,42,2;4,248,sabah,0.15711349695568413,0.077908046651644,0.29374482869977175,0.2196782209399062,0.2999940630753565,0.3707298955801649,0.06395905150405438,0.07283252497592257,0.028764385629200202,0.1064010609694063
v2-fixed-iterations,fb_h1_k2_mall_d1_s42,fb_h1_k2_mall_d1,1,2,all,1,42,2;4,248,sabah_o1,0.15801773919122217,0.07914755630816679,0.2917383884506845,0.221309072026314,0.3008062929953096,0.3707182282998146,0.06304226184611511,0.07711304452540753,0.02933600384263734,0.1070906036380489
v2-fixed-iterations,fb_h1_k2_mall_d1_s42,fb_h1_k2_mall_d1,1,2,all,1,42,2;4,248,sabah_o2,0.19634685244973968,0.10280586719400744,0.40910476828986786,0.18391812865497076,0.23258791208791207,0.43074737409629665,0.12035569504332139,0.0016964285714285714,,
v2-fixed-iterations,fb_h1_k4_m15_d0_s42,fb_h1_k4_m15_d0,1,4,15,0,42,2;4;6;7,60,heldout,0.05229441728343458,0.01832964861311857,0.07808391400126198,0.10659116759361258,0.008653405261218324,0.044653135729891,,0.10187283809615036,0.10629270732991321,0.0
v2-fixed-iterations,fb_h1_k4_m15_d0_s42,fb_h1_k4_m15_d0,1,4,15,0,42,2;4;6;7,60,sabah,0.10799187929312559,0.05991668806636256,0.228859247555007,0.13523288921289997,0.07507693658621434,0.21106652299807344,0.2893093649091396,0.06460677222572665,0.007891679039599586,0.0
v2-fixed-iterations,fb_h1_k4_m15_d0_s42,fb_h1_k4_m15_d0,1,4,15,0,42,2;4;6;7,60,sabah_o1,0.11388502689009777,0.06317562805330498,0.23192358486902268,0.1397301116306887,0.07643323420866946,0.2182096946195348,0.31156986003100645,0.06887113369989496,0.00822623878148097,0.0
v2-fixed-iterations,fb_h1_k4_m15_d0_s42,fb_h1_k4_m15_d0,1,4,15,0,42,2;4;6;7,60,sabah_o2,0.0757250944128014,0.04097803747854946,0.2643574303796183,0.11728801169590644,0.07930228026087699,0.18399289151838935,0.030105205871939256,0.0095,,
v2-fixed-iterations,fb_h1_k4_m50_d0_s42,fb_h1_k4_m50_d0,1,4,50,0,42,2;4;6;7,200,heldout,0.09681592818079139,0.04723099668241335,0.1809640658343601,0.17029704063933893,0.013729751579997883,0.18393589139252375,,0.12823200931818052,0.15818198861325475,0.0
v2-fixed-iterations,fb_h1_k4_m50_d0_s42,fb_h1_k4_m50_d0,1,4,50,0,42,2;4;6;7,200,sabah,0.15132674308072686,0.09001396668651039,0.2857573072866281,0.16867593573950154,0.19950698096346417,0.39527830217314464,0.2184678241583563,0.07968598376794761,0.012441775960278078,0.0025795914611704087
v2-fixed-iterations,fb_h1_k4_m50_d0_s42,fb_h1_k4_m50_d0,1,4,50,0,42,2;4;6;7,200,sabah_o1,0.15517932366072562,0.09319732917171233,0.2915669902331247,0.17131936945546902,0.20327967148355977,0.3987981956291347,0.22970145684735743,0.08320939983376634,0.012924701787835715,0.003162516382699869
v2-fixed-iterations,fb_h1_k4_m50_d0_s42,fb_h1_k4_m50_d0,1,4,50,0,42,2;4;6;7,200,sabah_o2,0.13140365299241039,0.07413517280654033,0.18886005992822297,0.1388888888888889,0.047807692307692315,0.40086281682876507,0.07644410283318419,0.0005,,
v2-fixed-iterations,fb_h1_k4_mall_d0_s42,fb_h1_k4_mall_d0,1,4,all,0,42,2;4;6;7,387,heldout,0.26425955139792173,0.17696214737131638,0.2145147826092892,0.38130526224658257,0.053409935105587836,0.135827582716256,,0.15710835821135816,0.3370947380992637,0.637857142857143
v2-fixed-iterations,fb_h1_k4_mall_d0_s42,fb_h1_k4_mall_d0,1,4,all,0,42,2;4;6;7,387,sabah,0.20789781203446434,0.11521948165855417,0.3361780118576944,0.23423357302678807,0.2789514011367922,0.46287036501176293,0.20741604914850298,0.08584205103668252,0.022071276363570383,0.190235729509475
v2-fixed-iterations,fb_h1_k4_mall_d0_s42,fb_h1_k4_mall_d0,1,4,all,0,42,2;4;6;7,387,sabah_o1,0.20976979736079168,0.11779149678541728,0.344994866363322,0.23257366076643815,0.28318792037452223,0.4579658492486264,0.21384743953232493,0.08920574442846274,0.02260311890512976,0.19180871167568414
v2-fixed-iterations,fb_h1_k4_mall_d0_s42,fb_h1_k4_mall_d0,1,4,all,0,42,2;4;6;7,387,sabah_o2,0.20688536800354285,0.10653362682069016,0.39796464991683544,0.22701023391812866,0.08535163993349887,0.5897346391748669,0.1507885262391389,0.0016666666666666666,,
v2-fixed-iterations,fb_h1_k4_m15_d1_s42,fb_h1_k4_m15_d1,1,4,15,1,42,0;2;3;5,60,heldout,0.08029789939370542,0.04183711168592796,0.5634095287288712,0.09871794871794873,0.11017964962691937,0.2384414262889762,,0.0005,0.0,0.05236842105263158
v2-fixed-iterations,fb_h1_k4_m15_d1_s42,fb_h1_k4_m15_d1,1,4,15,1,42,0;2;3;5,60,sabah,0.10988509124248169,0.05099420868183856,0.4228619268854039,0.11590954194768131,0.5012951719056274,0.1132575203239505,0.04310186197103463,2.7675276752767525e-05,0.0016283179775248128,0.0
v2-fixed-iterations,fb_h1_k4_m15_d1_s42,fb_h1_k4_m15_d1,1,4,15,1,42,0;2;3;5,60,sabah_o1,0.1101397849435234,0.05102556311403525,0.41714700837581026,0.11626904300111408,0.5032036054190258,0.10940005863176364,0.04643809882074633,3.1982942430703626e-05,0.0017649638471740896,0.0
v2-fixed-iterations,fb_h1_k4_m15_d1_s42,fb_h1_k4_m15_d1,1,4,15,1,42,0;2;3;5,60,sabah_o2,0.13800348339632454,0.07230460033331106,0.6114812185651943,0.1385773207517137,0.41644332389274996,0.135,0.0005706096925482021,0.0,,
v2-fixed-iterations,fb_h1_k4_m50_d1_s42,fb_h1_k4_m50_d1,1,4,50,1,42,0;2;3;5,200,heldout,0.16754414442867904,0.11603764584272575,0.5055406129355376,0.24038360379220053,0.12279189897174786,0.43375714006561494,,0.031497558715875076,0.001340791056823893,0.2483333333333333
v2-fixed-iterations,fb_h1_k4_m50_d1_s42,fb_h1_k4_m50_d1,1,4,50,1,42,0;2;3;5,200,sabah,0.1878719793694094,0.10409213910884642,0.34257757501950353,0.2027571367147769,0.5382874494191507,0.3747073404077285,0.08652906016068863,0.028841998031605587,0.0025007157404211898,0.09636531245686175
v2-fixed-iterations,fb_h1_k4_m50_d1_s42,fb_h1_k4_m50_d1,1,4,50,1,42,0;2;3;5,200,sabah_o1,0.1914134851643983,0.10751847780725915,0.3435185175519186,0.20653107968315845,0.5379182526194466,0.3871893750954576,0.0887870212401447,0.03034299744722505,0.0026683336095785597,0.10157493097453726
v2-fixed-iterations,fb_h1_k4_m50_d1_s42,fb_h1_k4_m50_d1,1,4,50,1,42,0;2;3;5,200,sabah_o2,0.23218777516667785,0.12022740779373686,0.36093800618448785,0.19906209601483363,0.591396771037182,0.27146049783549786,0.0641974032226029,0.0016964285714285714,,
v2-fixed-iterations,fb_h1_k4_mall_d1_s42,fb_h1_k4_mall_d1,1,4,all,1,42,0;2;3;5,485,heldout,0.22914568544964084,0.17496181190953058,0.36226008942191495,0.4013841048926624,0.09308641252587652,0.6194401438930301,,0.056690375199892305,0.017900384518294087,0.3586111111111111
v2-fixed-iterations,fb_h1_k4_mall_d1_s42,fb_h1_k4_mall_d1,1,4,all,1,42,0;2;3;5,485,sabah,0.23260172269699061,0.13467630052376758,0.3906633049636408,0.23372522311494273,0.5657563339216882,0.4730862537015279,0.1287565656852263,0.05744186172632759,0.02882481565266821,0.1417445054945055
v2-fixed-iterations,fb_h1_k4_mall_d1_s42,fb_h1_k4_mall_d1,1,4,all,1,42,0;2;3;5,485,sabah_o1,0.2370762642679074,0.13871736087188963,0.41336202880344036,0.23509057704154343,0.5626234504829792,0.4804395474393013,0.12342026651930245,0.07147719473743869,0.02900188833318459,0.15549523809523808
v2-fixed-iterations,fb_h1_k4_mall_d1_s42,fb_h1_k4_mall_d1,1,4,all,1,42,0;2;3;5,485,sabah_o2,0.35185301372838557,0.17904760936976577,0.4975929989590788,0.3320555571107004,0.7703239767478898,0.4210909202112195,0.2041221579544329,0.011875,,
v2-fixed-iterations,fb_h1_k7_m15_d0_s42,fb_h1_k7_m15_d0,1,7,15,0,42,0;2;3;4;5;6;7,105,heldout,0.17382425264377377,0.10735437669586702,0.24828116892942304,0.33364833197397586,0.07384197560972874,0.3331198823135925,,0.10629952771771004,0.024193210911170934,0.33166666666666667
v2-fixed-iterations,fb_h1_k7_m15_d0_s42,fb_h1_k7_m15_d0,1,7,15,0,42,0;2;3;4;5;6;7,105,sabah,0.17970260860221665,0.10440227440264342,0.3307304172437688,0.19150176291201126,0.34523760465805564,0.35088762304725857,0.2796316429604384,0.050369961386813475,0.023199930671844823,0.028888888888888888
v2-fixed-iterations,fb_h1_k7_m15_d0_s42,fb_h1_k7_m15_d0,1,7,15,0,42,0;2;3;4;5;6;7,105,sabah_o1,0.18641111867192806,0.10901026351708562,0.3355984397039453,0.19688830915231303,0.3518089270321974,0.36340722707618167,0.299828768861673,0.05074882647642569,0.023709707991914658,0.02896325459317585
v2-fixed-iterations,fb_h1_k7_m15_d0_s42,fb_h1_k7_m15_d0,1,7,15,0,42,0;2;3;4;5;6;7,105,sabah_o2,0.10802510437698164,0.06017414878819651,0.2588257425902547,0.14175720322608248,0.11156101729461325,0.26892598343685303,0.019946750109793587,0.03166666666666666,,
v2-fixed-iterations,fb_h1_k7_m50_d0_s42,fb_h1_k7_m50_d0,1,7,50,0,42,0;2;3;4;5;6;7,350,heldout,0.18003234823509906,0.10003405735145504,0.2509474367326089,0.4134669761981515,0.12369770666282087,0.48904573725238354,,0.11722981110420258,0.0654516440508252,0.10473684210526316
v2-fixed-iterations,fb_h1_k7_m50_d0_s42,fb_h1_k7_m50_d0,1,7,50,0,42,0;2;3;4;5;6;7,350,sabah,0.2524527748259609,0.1483011700656588,0.3800701652276976,0.3140996469918922,0.5359514474964047,0.5116112840016631,0.25481924948712803,0.07032298522449001,0.019648011471117898,0.12236367127496159
v2-fixed-iterations,fb_h1_k7_m50_d0_s42,fb_h1_k7_m50_d0,1,7,50,0,42,0;2;3;4;5;6;7,350,sabah_o1,0.25853520622299087,0.15251954303156603,0.3835565467578051,0.31872480121036734,0.5369507297487837,0.5285063342371836,0.2659194747566782,0.07295097758930445,0.019773397119355586,0.12711032388663968
v2-fixed-iterations,fb_h1_k7_m50_d0_s42,fb_h1_k7_m50_d0,1,7,50,0,42,0;2;3;4;5;6;7,350,sabah_o2,0.25891311470373507,0.15530067448264923,0.42744734381134974,0.22625031299338863,0.5156447608072421,0.3974756471598577,0.12147649529228478,0.0010555555555555557,,
v2-fixed-iterations,fb_h1_k7_mall_d0_s42,fb_h1_k7_mall_d0,1,7,all,0,42,0;2;3;4;5;6;7,725,heldout,0.44361267361717716,0.33927246432602404,0.3027856891243471,0.494521376609428,0.1639647703056427,0.6875770431632553,,0.15901172469594613,0.2125098299210414,0.995
v2-fixed-iterations,fb_h1_k7_mall_d0_s42,fb_h1_k7_mall_d0,1,7,all,0,42,0;2;3;4;5;6;7,725,sabah,0.3054668620328107,0.16779769298852804,0.3947230048384011,0.3584334322241838,0.5298605077947547,0.5642220302121437,0.24572086017091838,0.08897271160805414,0.04356390904621035,0.36046115336478296
v2-fixed-iterations,fb_h1_k7_mall_d0_s42,fb_h1_k7_mall_d0,1,7,all,0,42,0;2;3;4;5;6;7,725,sabah_o1,0.3113834528431575,0.1728905211458374,0.40356800599860665,0.3622728847203154,0.5241365780314128,0.5817796328112252,0.24850800441436452,0.0947731798814343,0.04420365636866846,0.3748996655518395
v2-fixed-iterations,fb_h1_k7_mall_d0_s42,fb_h1_k7_mall_d0,1,7,all,0,42,0;2;3;4;5;6;7,725,sabah_o2,0.3517942124199829,0.21255782471709334,0.4385006494594342,0.3390837754187975,0.7450501579388544,0.4551523992738061,0.2047123877053662,0.002261904761904762,,
v2-fixed-iterations,fb_h2_k1_m15_d0_s42,fb_h2_k1_m15_d0,2,1,15,0,42,4,15,heldout,0.0035350502367296707,0.001550304263061759,0.01478932023262008,0.016548482406661295,0.0,0.00375,0.0,0.015663534931206265,0.0017967664891717617,0.0
v2-fixed-iterations,fb_h2_k1_m15_d0_s42,fb_h2_k1_m15_d0,2,1,15,0,42,4,15,sabah,0.026414001667521374,0.012732655201643735,0.0814592035554544,0.11483013367675127,0.007358885017421603,0.10100387297270799,0.0,0.03836720918492887,0.004559189888893313,0.007194852941176471
v2-fixed-iterations,fb_h2_k1_m15_d0_s42,fb_h2_k1_m15_d0,2,1,15,0,42,4,15,sabah_o1,0.027980623868749565,0.013830084684559452,0.08252416931864563,0.11738031142181084,0.007437613019891501,0.10932127210328177,0.0,0.03917150491393954,0.00473609127062267,0.007217261904761904
v2-fixed-iterations,fb_h2_k1_m15_d0_s42,fb_h2_k1_m15_d0,2,1,15,0,42,4,15,sabah_o2,0.0069097222222222225,0.0020069444444444444,0.08462199312714776,0.03194444444444444,0.0,0.025,0.0,0.0026388888888888885,,
v2-fixed-iterations,fb_h2_k1_m50_d0_s42,fb_h2_k1_m50_d0,2,1,50,0,42,4,50,heldout,0.017418377360914703,0.008324994690164301,0.01938640104998907,0.14996888871318095,8.474576271186441e-05,0.009364740508440612,0.0,0.06070455822830602,0.0039990768088868645,0.030357142857142857
v2-fixed-iterations,fb_h2_k1_m50_d0_s42,fb_h2_k1_m50_d0,2,1,50,0,42,4,50,sabah,0.07985041250886261,0.04563247614079702,0.18379583984761805,0.10831242485247318,0.0643331678065067,0.32652924578912856,0.0,0.055265607734834396,0.004641120389372715,0.02833333333333333
v2-fixed-iterations,fb_h2_k1_m50_d0_s42,fb_h2_k1_m50_d0,2,1,50,0,42,4,50,sabah_o1,0.08420364370689822,0.04888306717600242,0.18777161540588563,0.11255155342978086,0.0646177326051399,0.34940306364262796,0.0,0.05795639480074529,0.004911337859542859,0.02833333333333333
v2-fixed-iterations,fb_h2_k1_m50_d0_s42,fb_h2_k1_m50_d0,2,1,50,0,42,4,50,sabah_o2,0.03638998868778281,0.018614132191338072,0.07655826558265583,0.06871345029239766,0.0275,0.11805995475113122,0.0,0.0,,
v2-fixed-iterations,fb_h2_k1_mall_d0_s42,fb_h2_k1_mall_d0,2,1,all,0,42,4,101,heldout,0.07534996435749301,0.03422793226079213,0.5565263031548526,0.07905817121369095,0.0,0.01983333333333333,0.0,0.05360684957139411,0.003503353240230561,0.3751562500000001
v2-fixed-iterations,fb_h2_k1_mall_d0_s42,fb_h2_k1_mall_d0,2,1,all,0,42,4,101,sabah,0.08160532415301282,0.041145040129322116,0.18459510729715145,0.13040590455018083,0.025991981180795813,0.2719180586808799,0.0,0.07372332501281312,0.007998580043588121,0.11
v2-fixed-iterations,fb_h2_k1_mall_d0_s42,fb_h2_k1_mall_d0,2,1,all,0,42,4,101,sabah_o1,0.08523840052594255,0.04342801390548715,0.18714047070950765,0.13372066744271158,0.026057755581962452,0.2867302253811893,0.0,0.07595765217235126,0.00845400078938299,0.11423076923076923
v2-fixed-iterations,fb_h2_k1_mall_d0_s42,fb_h2_k1_mall_d0,2,1,all,0,42,4,101,sabah_o2,0.0393213790634616,0.024609627083835333,0.06781049563077673,0.04861111111111111,0.0,0.1571031746031746,0.0,0.00018234165067178504,,
v2-fixed-iterations,fb_h2_k1_m15_d1_s42,fb_h2_k1_m15_d1,2,1,15,1,42,7,15,heldout,0.0010286109593378348,0.0003777784695591066,0.0077358365210477885,0.02280478318351002,0.0,0.0016169154228855723,0.0,0.0033199202320354257,0.0012348301011060108,0.0
v2-fixed-iterations,fb_h2_k1_m15_d1_s42,fb_h2_k1_m15_d1,2,1,15,1,42,7,15,sabah,0.01254776737374741,0.006984735070089934,0.060823684358343844,0.035983242857376786,0.0,0.05147922393528828,0.0,0.001620261274464976,0.0009371190327311984,0.021249999999999998
v2-fixed-iterations,fb_h2_k1_m15_d1_s42,fb_h2_k1_m15_d1,2,1,15,1,42,7,15,sabah_o1,0.012901291602061729,0.0071756105323081,0.06394033955301505,0.03755022478323789,0.0,0.0534490266795674,0.0,0.0017477430710564528,0.0009609798617465138,0.021249999999999998
v2-fixed-iterations,fb_h2_k1_m15_d1_s42,fb_h2_k1_m15_d1,2,1,15,1,42,7,15,sabah_o2,0.015431818181818182,0.010102215909090908,0.05,0.034722222222222224,0.0,0.06172727272727273,0.0,0.0,,
v2-fixed-iterations,fb_h2_k1_m50_d1_s42,fb_h2_k1_m50_d1,2,1,50,1,42,7,50,heldout,0.0014785468672758814,0.00048775581674626115,0.015249724584790326,0.012686930313844094,0.0,0.0023267113965760133,0.0,0.002375851581922607,0.004168718225156668,0.0
v2-fixed-iterations,fb_h2_k1_m50_d1_s42,fb_h2_k1_m50_d1,2,1,50,1,42,7,50,sabah,0.035543238713969284,0.020196956215980347,0.08722960859645201,0.07990005185058004,0.0,0.19266994025031903,0.0,0.0032660937798141363,0.012601176031460316,0.004722222222222221
v2-fixed-iterations,fb_h2_k1_m50_d1_s42,fb_h2_k1_m50_d1,2,1,50,1,42,7,50,sabah_o1,0.03763339793063578,0.021468454785453957,0.09043531453495414,0.08440645492801484,0.0,0.20421510225583683,0.0,0.003650482793186651,0.013212580312569005,0.004722222222222221
v2-fixed-iterations,fb_h2_k1_m50_d1_s42,fb_h2_k1_m50_d1,2,1,50,1,42,7,50,sabah_o2,0.03388875720582002,0.018082784858039526,0.05714285714285714,0.05555555555555555,0.0,0.13555502882328008,0.0,0.0,,
v2-fixed-iterations,fb_h2_k1_mall_d1_s42,fb_h2_k1_mall_d1,2,1,all,1,42,7,57,heldout,0.0018287398029044669,0.0005364631440141517,0.019413491674122915,0.015921532828661464,0.0,0.0008576515546291472,0.0,0.003940715985198358,0.006174071277599295,0.0
v2-fixed-iterations,fb_h2_k1_mall_d1_s42,fb_h2_k1_mall_d1,2,1,all,1,42,7,57,sabah,0.032155757563835506,0.01889434414717743,0.08787458905833635,0.07180233313161001,0.0,0.17379664081093948,0.0,0.00459030860820943,0.008880929297197438,0.005666666666666667
v2-fixed-iterations,fb_h2_k1_mall_d1_s42,fb_h2_k1_mall_d1,2,1,all,1,42,7,57,sabah_o1,0.03341826361231487,0.01973175744092557,0.08797013178068935,0.0741121688369923,0.0,0.18052183434113417,0.0,0.004808453469453133,0.009512627196635266,0.005666666666666667
v2-fixed-iterations,fb_h2_k1_mall_d1_s42,fb_h2_k1_mall_d1,2,1,all,1,42,7,57,sabah_o2,0.03715320512820513,0.019978614253393666,0.06275879917184266,0.10138888888888889,0.0,0.14734615384615385,0.0,0.0012666666666666668,,
v2-fixed-iterations,fb_h2_k2_m15_d0_s42,fb_h2_k2_m15_d0,2,2,15,0,42,4;7,30,heldout,0.012774426378037726,0.0058610747782692815,0.22587619846777687,0.02325006715014773,0.0,0.002384059973329169,0.0,0.0676268649322915,0.006635633362605689,0.0
v2-fixed-iterations,fb_h2_k2_m15_d0_s42,fb_h2_k2_m15_d0,2,2,15,0,42,4;7,30,sabah,0.06427226490262493,0.03157429161677234,0.23691380668872766,0.08968817637406908,0.034508397700607235,0.1978381152870013,0.0,0.06477133098439128,0.003515745443749731,0.08499999999999999
v2-fixed-iterations,fb_h2_k2_m15_d0_s42,fb_h2_k2_m15_d0,2,2,15,0,42,4;7,30,sabah_o1,0.0661439278648167,0.03288270199726108,0.2370421476479998,0.09345917142301063,0.034639025824689265,0.20791266929088134,0.0,0.06559388236010305,0.0037179897132264723,0.08499999999999999
v2-fixed-iterations,fb_h2_k2_m15_d0_s42,fb_h2_k2_m15_d0,2,2,15,0,42,4;7,30,sabah_o2,0.04140749601275917,0.018924167370297403,0.05911276223776224,0.0875,0.0,0.13396331738437,0.0,0.03166666666666666,,
v2-fixed-iterations,fb_h2_k2_m50_d0_s42,fb_h2_k2_m50_d0,2,2,50,0,42,4;7,100,heldout,0.019428030256755522,0.00898536660566546,0.19587719582126029,0.05497659337707685,0.00013513513513513514,0.0004032258064516129,0.0,0.0612754067815625,0.005715952278922353,0.049038461538461545
v2-fixed-iterations,fb_h2_k2_m50_d0_s42,fb_h2_k2_m50_d0,2,2,50,0,42,4;7,100,sabah,0.08228137910045204,0.047540552629094304,0.22640936812437232,0.10073241945494582,0.026629852682473226,0.31195178398866474,0.0,0.05060903611746859,0.007869946610523006,0.09662765520358274
v2-fixed-iterations,fb_h2_k2_m50_d0_s42,fb_h2_k2_m50_d0,2,2,50,0,42,4;7,100,sabah_o1,0.08722490613122395,0.05089937991976323,0.22744435136773744,0.10673979073818658,0.028513097661392366,0.33578368986694296,0.0,0.0532711789346346,0.008027840512493778,0.09775362981187993
v2-fixed-iterations,fb_h2_k2_m50_d0_s42,fb_h2_k2_m50_d0,2,2,50,0,42,4;7,100,sabah_o2,0.034508692696192694,0.014880919774669774,0.04762495129467607,0.07361111111111111,0.0,0.13786868686868686,0.0,0.00016608391608391608,,
v2-fixed-iterations,fb_h2_k2_mall_d0_s42,fb_h2_k2_mall_d0,2,2,all,0,42,4;7,158,heldout,0.02083243812148695,0.008299054527248535,0.05116747214821349,0.06975266071559383,7.352941176470589e-05,0.004767969363653039,0.0,0.06166662422887063,0.010937751600159543,0.04754875412447377
v2-fixed-iterations,fb_h2_k2_mall_d0_s42,fb_h2_k2_mall_d0,2,2,all,0,42,4;7,158,sabah,0.1315427509650217,0.06294845318531689,0.3271482734138234,0.15885368518820406,0.029621765230536244,0.32984793632223874,0.0,0.0623767160914617,0.017210752597720824,0.35019933554817273
v2-fixed-iterations,fb_h2_k2_mall_d0_s42,fb_h2_k2_mall_d0,2,2,all,0,42,4;7,158,sabah_o1,0.1403023141375108,0.06688352972704371,0.3432094525729328,0.1596185939895747,0.029592440390468395,0.3445003117051293,0.0,0.06557498976756344,0.01746626728202791,0.38467987567987566
v2-fixed-iterations,fb_h2_k2_mall_d0_s42,fb_h2_k2_mall_d0,2,2,all,0,42,4;7,158,sabah_o2,0.06629863980645813,0.04399601394923435,0.14411236368714372,0.14232456140350877,0.0275,0.2364920275802629,0.0,0.0012025316455696205,,
v2-fixed-iterations,fb_h2_k2_m15_d1_s42,fb_h2_k2_m15_d1,2,2,15,1,42,3;4,30,heldout,0.017668075698968028,0.007015408443782206,0.03910020978863977,0.08897553271266227,0.08100604144010817,0.0,0.0,0.013009592258877777,0.004742820494822213,0.007250000000000001
v2-fixed-iterations,fb_h2_k2_m15_d1_s42,fb_h2_k2_m15_d1,2,2,15,1,42,3;4,30,sabah,0.14375380993449435,0.07836102539644463,0.2773637455014546,0.16114824292653526,0.3931553862715896,0.30703014801130246,0.0,0.035344084575809565,0.004417483172507033,0.12257575757575757
v2-fixed-iterations,fb_h2_k2_m15_d1_s42,fb_h2_k2_m15_d1,2,2,15,1,42,3;4,30,sabah_o1,0.14869153606541255,0.08150808995339807,0.2786611153065362,0.16536832958317924,0.3968990681024364,0.3321161688037062,0.0,0.03585804158470233,0.004700180325872713,0.12257575757575757
v2-fixed-iterations,fb_h2_k2_m15_d1_s42,fb_h2_k2_m15_d1,2,2,15,1,42,3;4,30,sabah_o2,0.06275074110671937,0.038012327075098815,0.21009461654871037,0.0935672514619883,0.14800296442687746,0.10300000000000001,0.0,0.0,,
v2-fixed-iterations,fb_h2_k2_m50_d1_s42,fb_h2_k2_m50_d1,2,2,50,1,42,3;4,100,heldout,0.02278492174397496,0.008605388977686167,0.029057571103666236,0.10741406923607656,0.0563929439787703,0.00125,0.0,0.06396437809660661,0.00010220838847283006,0.015
v2-fixed-iterations,fb_h2_k2_m50_d1_s42,fb_h2_k2_m50_d1,2,2,50,1,42,3;4,100,sabah,0.1445244097553773,0.0807123505161437,0.29649415762925296,0.1444488124806296,0.4624954981761764,0.3066078496439323,0.0,0.050711220315569086,0.0034138750482083187,0.043918015348377776
v2-fixed-iterations,fb_h2_k2_m50_d1_s42,fb_h2_k2_m50_d1,2,2,50,1,42,3;4,100,sabah_o1,0.14809471032300905,0.08313297816356076,0.2979042237967988,0.1482462238726507,0.46330287163417316,0.32260376874736085,0.0,0.053237983739288924,0.0034879653026114866,0.045935672514619885
v2-fixed-iterations,fb_h2_k2_m50_d1_s42,fb_h2_k2_m50_d1,2,2,50,1,42,3;4,100,sabah_o2,0.14829217351276175,0.08797765224971107,0.31758846036485844,0.13876190702800556,0.4063305322128852,0.18683816183816182,0.0,0.0,,
v2-fixed-iterations,fb_h2_k2_mall_d1_s42,fb_h2_k2_mall_d1,2,2,all,1,42,3;4,163,heldout,0.10724438840943278,0.04231490888319297,0.2767316759008214,0.1175388843174679,0.04303128018148429,0.0017655011655011656,0.0,0.0631161915260512,0.0438866909168934,0.4916666666666666
v2-fixed-iterations,fb_h2_k2_mall_d1_s42,fb_h2_k2_mall_d1,2,2,all,1,42,3;4,163,sabah,0.13790280845355907,0.07622761956551388,0.26226994731981107,0.1641397264203966,0.4225480387207984,0.3106233302022301,0.0,0.06411154516919221,0.009353114711325643,0.020780821917808223
v2-fixed-iterations,fb_h2_k2_mall_d1_s42,fb_h2_k2_mall_d1,2,2,all,1,42,3;4,163,sabah_o1,0.1434985787127848,0.07975217552530328,0.26629350518097106,0.16885610848598998,0.42728407967045334,0.33182927924011685,0.0,0.06686643828205793,0.009426357623763084,0.02558531746031746
v2-fixed-iterations,fb_h2_k2_mall_d1_s42,fb_h2_k2_mall_d1,2,2,all,1,42,3;4,163,sabah_o2,0.10915734588409008,0.056941327519379845,0.3609257119204687,0.10599122028978222,0.284343669250646,0.1522857142857143,0.0,0.0,,
v2-fixed-iterations,fb_h2_k4_m15_d0_s42,fb_h2_k4_m15_d0,2,4,15,0,42,0;3;6;7,60,heldout,0.017477489756761593,0.006133167747220192,0.04563454144969128,0.06349169250405588,0.015166745136344896,0.0004054054054054054,0.07911544814790919,0.0008661968113187626,0.009311143039591315,0.0
v2-fixed-iterations,fb_h2_k4_m15_d0_s42,fb_h2_k4_m15_d0,2,4,15,0,42,0;3;6;7,60,sabah,0.13084330207975517,0.070654394859252,0.2614714468628011,0.14541292556077964,0.4231187255611221,0.06528968972761355,0.2654134870497882,0.010969394301837783,0.018633900453554095,0.0016346153846153847
v2-fixed-iterations,fb_h2_k4_m15_d0_s42,fb_h2_k4_m15_d0,2,4,15,0,42,0;3;6;7,60,sabah_o1,0.13702408955944545,0.07426412549091548,0.2646422989990977,0.1489465385045545,0.4324556388351849,0.06788949690418108,0.28940873179314386,0.011289797681618547,0.019077062618734774,0.0020238095238095236
v2-fixed-iterations,fb_h2_k4_m15_d0_s42,fb_h2_k4_m15_d0,2,4,15,0,42,0;3;6;7,60,sabah_o2,0.060655985575464526,0.036232688589807,0.3656785726569356,0.09740213131947108,0.12736699892694153,0.09833333333333333,0.016923610041583242,0.0,,
v2-fixed-iterations,fb_h2_k4_m50_d0_s42,fb_h2_k4_m50_d0,2,4,50,0,42,0;3;6;7,200,heldout,0.029118875676751917,0.01009236410795973,0.10879619119065591,0.04817916159516531,0.08535483814200745,0.0003333333333333334,0.08539519199161225,0.002661851257356875,0.0009680393362015981,0.0
v2-fixed-iterations,fb_h2_k4_m50_d0_s42,fb_h2_k4_m50_d0,2,4,50,0,42,0;3;6;7,200,sabah,0.17346734177900835,0.10279995291880303,0.31112681484628496,0.18982157489647347,0.47654827621037693,0.38932015578930285,0.11307436592713224,0.008843519916546626,0.029949551012509817,0.023068181818181818
v2-fixed-iterations,fb_h2_k4_m50_d0_s42,fb_h2_k4_m50_d0,2,4,50,0,42,0;3;6;7,200,sabah_o1,0.17904513604033181,0.10689521659380997,0.31943760763047957,0.1950121688416745,0.48059089680042166,0.3985876553428216,0.12424528468038275,0.009525286807166338,0.030600299576372933,0.03072139303482587
v2-fixed-iterations,fb_h2_k4_m50_d0_s42,fb_h2_k4_m50_d0,2,4,50,0,42,0;3;6;7,200,sabah_o2,0.15231576206602115,0.09285967902293615,0.30071885090004197,0.15974230519781532,0.25211632744981566,0.33337370055573723,0.02320073110190527,0.0005722891566265061,,
v2-fixed-iterations,fb_h2_k4_mall_d0_s42,fb_h2_k4_mall_d0,2,4,all,0,42,0;3;6;7,342,heldout,0.03845309804158447,0.01411334535157637,0.128009247105933,0.06000898532003835,0.10630336573162946,0.0,0.10264360231929828,0.0078666487266879,0.013904971471891164,0.0
v2-fixed-iterations,fb_h2_k4_mall_d0_s42,fb_h2_k4_mall_d0,2,4,all,0,42,0;3;6;7,342,sabah,0.21659513635256578,0.13017235865215349,0.30494973214172066,0.22040490786014208,0.5578485347241012,0.4859294859602431,0.19688462228014988,0.026214398065730515,0.031129796042515877,0.0015639810426540286
v2-fixed-iterations,fb_h2_k4_mall_d0_s42,fb_h2_k4_mall_d0,2,4,all,0,42,0;3;6;7,342,sabah_o1,0.2238869784011026,0.13528417849153698,0.31190017081110316,0.22704174365372873,0.5598441802015932,0.5082286984501471,0.21595976423134675,0.025753295661193047,0.03178061271339966,0.0017553191489361702
v2-fixed-iterations,fb_h2_k4_mall_d0_s42,fb_h2_k4_mall_d0,2,4,all,0,42,0;3;6;7,342,sabah_o2,0.22095523580801518,0.1320992450665887,0.5245895107803958,0.17364919679604146,0.425928908437587,0.3477575757575757,0.01513445903689806,0.095,,
v2-fixed-iterations,fb_h2_k4_m15_d1_s42,fb_h2_k4_m15_d1,2,4,15,1,42,1;3;6;7,60,heldout,0.015685989643177863,0.005058930204640147,0.05300327882185827,0.06760117437798273,0.016098751653777367,0.0011052631578947368,0.07469627911108537,0.0005519389666617438,0.0016637049696479654,0.0
v2-fixed-iterations,fb_h2_k4_m15_d1_s42,fb_h2_k4_m15_d1,2,4,15,1,42,1;3;6;7,60,sabah,0.1379644002250827,0.08054307306773881,0.29566986707328113,0.14408930714184684,0.3433704159561607,0.3392725396305558,0.11540351652728123,0.0059482008338999515,0.023791728402598574,0.0
v2-fixed-iterations,fb_h2_k4_m15_d1_s42,fb_h2_k4_m15_d1,2,4,15,1,42,1;3;6;7,60,sabah_o1,0.14198910774703435,0.08425997943479326,0.2975224620519218,0.14720419139990526,0.34379188101399805,0.3500864044670907,0.12826107673832599,0.0059570137993260755,0.023838270463465275,0.0
v2-fixed-iterations,fb_h2_k4_m15_d1_s42,fb_h2_k4_m15_d1,2,4,15,1,42,1;3;6;7,60,sabah_o2,0.15102287927428376,0.0801202362244497,0.6560614263440503,0.13273854853038172,0.3125,0.26235930735930735,0.02923220973782771,0.0,,
v2-fixed-iterations,fb_h2_k4_m50_d1_s42,fb_h2_k4_m50_d1,2,4,50,1,42,1;3;6;7,200,heldout,0.03492211801356961,0.01205445367394021,0.0485887459522703,0.1391162078268432,0.09912512154982331,7.692307692307693e-05,0.07679543836885394,0.021912502840940942,0.00847054833183297,0.0031521739130434784
v2-fixed-iterations,fb_h2_k4_m50_d1_s42,fb_h2_k4_m50_d1,2,4,50,1,42,1;3;6;7,200,sabah,0.18632527997001846,0.10819728006855867,0.3963172815256623,0.20044184874379256,0.457253025810757,0.315355197857077,0.20326605936646097,0.05111391665503923,0.03596348013077674,0.055
v2-fixed-iterations,fb_h2_k4_m50_d1_s42,fb_h2_k4_m50_d1,2,4,50,1,42,1;3;6;7,200,sabah_o1,0.19356466973943928,0.11292169421998358,0.39027910866068777,0.2075077477817339,0.4600472511588568,0.3271462544073911,0.22137414290049348,0.05081770252058305,0.03600266744931107,0.066
v2-fixed-iterations,fb_h2_k4_m50_d1_s42,fb_h2_k4_m50_d1,2,4,50,1,42,1;3;6;7,200,sabah_o2,0.16861085085202332,0.09038835669861278,0.44927259453778423,0.20107304161546305,0.3456367773093779,0.2322549019607843,0.0015517241379310344,0.095,,
v2-fixed-iterations,fb_h2_k4_mall_d1_s42,fb_h2_k4_mall_d1,2,4,all,1,42,1;3;6;7,303,heldout,0.04069663503437064,0.015386274290352126,0.13970888228027492,0.053506227250848915,0.079038486455108,9.316770186335404e-05,0.08363518867220593,0.061582110831248475,0.00670908151999829,0.013121775025799792
v2-fixed-iterations,fb_h2_k4_mall_d1_s42,fb_h2_k4_mall_d1,2,4,all,1,42,1;3;6;7,303,sabah,0.19012036389651013,0.11080713221574964,0.4147603169142445,0.20186031078822808,0.44244474591682126,0.38193669284214227,0.14054322440621794,0.05870251896570305,0.029161727625247654,0.0879332736229288
v2-fixed-iterations,fb_h2_k4_mall_d1_s42,fb_h2_k4_mall_d1,2,4,all,1,42,1;3;6;7,303,sabah_o1,0.1988485747314964,0.11658204571692322,0.4163361927801695,0.20898791130660113,0.4489802185266989,0.3979774398891075,0.15738808189249545,0.0613456328556944,0.029271732978992618,0.0981283422459893
v2-fixed-iterations,fb_h2_k4_mall_d1_s42,fb_h2_k4_mall_d1,2,4,all,1,42,1;3;6;7,303,sabah_o2,0.13855017120451674,0.07368259729117684,0.35160586357251744,0.1600877192982456,0.2986771571443676,0.2550770991022707,0.0004464285714285714,0.0,,
v2-fixed-iterations,fb_h2_k7_m15_d0_s42,fb_h2_k7_m15_d0,2,7,15,0,42,0;1;3;4;5;6;7,105,heldout,0.056985638936191386,0.023598820222541984,0.16992723469689808,0.0924051782267289,0.049779839128488476,0.0012359550561797752,0.08587786461562663,0.07721295741498643,0.0044738840685337134,0.12333333333333332
v2-fixed-iterations,fb_h2_k7_m15_d0_s42,fb_h2_k7_m15_d0,2,7,15,0,42,0;1;3;4;5;6;7,105,sabah,0.19375142399147602,0.11617005380744691,0.34023855391442676,0.22754217216804096,0.39480152471199487,0.44249468458519176,0.212067829553719,0.06638368782898657,0.023696216082411427,0.02306460118655241
v2-fixed-iterations,fb_h2_k7_m15_d0_s42,fb_h2_k7_m15_d0,2,7,15,0,42,0;1;3;4;5;6;7,105,sabah_o1,0.2040882175881612,0.1233413498102653,0.3506936022890665,0.23444420019647352,0.40262401082146915,0.4723548543708956,0.22789887833599265,0.06961465308843587,0.024109643411379084,0.027927265500794912
v2-fixed-iterations,fb_h2_k7_m15_d0_s42,fb_h2_k7_m15_d0,2,7,15,0,42,0;1;3;4;5;6;7,105,sabah_o2,0.0804722992891749,0.046244414032384905,0.10703607623135064,0.2032894736842105,0.05520833333333334,0.19487411711095923,0.055973413379073765,0.01583333333333333,,
v2-fixed-iterations,fb_h2_k7_m50_d0_s42,fb_h2_k7_m50_d0,2,7,50,0,42,0;1;3;4;5;6;7,350,heldout,0.09869885802207749,0.03949964798628821,0.22995615739347966,0.12412711903257882,0.08871517059076657,0.004536787938744814,0.12726220836690866,0.06611473886406367,0.017115966509912275,0.28844827586206895
v2-fixed-iterations,fb_h2_k7_m50_d0_s42,fb_h2_k7_m50_d0,2,7,50,0,42,0;1;3;4;5;6;7,350,sabah,0.2209852994296528,0.1331232086097896,0.38984448067141325,0.2445679614374442,0.5057179535177702,0.46281485898804386,0.19100922399612802,0.09316380447120287,0.048690649482322976,0.02451530612244898
v2-fixed-iterations,fb_h2_k7_m50_d0_s42,fb_h2_k7_m50_d0,2,7,50,0,42,0;1;3;4;5;6;7,350,sabah_o1,0.2295035106698402,0.13908527234164628,0.3965563442796544,0.25325698458095747,0.51151876930336,0.4863007899142457,0.2078851905484344,0.09751507136737775,0.048914879249259434,0.024886363636363637
v2-fixed-iterations,fb_h2_k7_m50_d0_s42,fb_h2_k7_m50_d0,2,7,50,0,42,0;1;3;4;5;6;7,350,sabah_o2,0.1268739273339927,0.07992342689437668,0.21889842674124746,0.19203216374269005,0.2195370439730196,0.2671967532467533,0.013976197830483546,0.0067857142857142855,,
v2-fixed-iterations,fb_h2_k7_mall_d0_s42,fb_h2_k7_mall_d0,2,7,all,0,42,0;1;3;4;5;6;7,680,heldout,0.15420048615019608,0.09484942176498058,0.209852858048626,0.19991539319698814,0.12904212412591531,0.0026812699652015454,0.16148684948840092,0.08489469130468788,0.016542426461415308,0.5305555555555556
v2-fixed-iterations,fb_h2_k7_mall_d0_s42,fb_h2_k7_mall_d0,2,7,all,0,42,0;1;3;4;5;6;7,680,sabah,0.26068208791386455,0.15794003233319834,0.41823209151858803,0.2883109854577458,0.5570607656622386,0.5431374665234165,0.22602335633468132,0.10814862020443365,0.06294806033709971,0.06677425842131725
v2-fixed-iterations,fb_h2_k7_mall_d0_s42,fb_h2_k7_mall_d0,2,7,all,0,42,0;1;3;4;5;6;7,680,sabah_o1,0.26891232004160875,0.16461908136912207,0.4326371464092553,0.29339703034119385,0.5562981675830595,0.5742468030299346,0.2287933803201416,0.11234735440995924,0.06308864074490916,0.07869957416164847
v2-fixed-iterations,fb_h2_k7_mall_d0_s42,fb_h2_k7_mall_d0,2,7,all,0,42,0;1;3;4;5;6;7,680,sabah_o2,0.25343587700341474,0.14454269318109514,0.3845140794241296,0.2766447368421053,0.5403085526632108,0.26835714285714285,0.20507781249330545,0.0,,
v2-fixed-iterations,fb_h3_k1_m15_d0_s42,fb_h3_k1_m15_d0,3,1,15,0,42,6,15,heldout,0.0,0.0,0.0,0.0,0.0,0.0,,0.0,,0.0
v2-fixed-iterations,fb_h3_k1_m15_d0_s42,fb_h3_k1_m15_d0,3,1,15,0,42,6,15,sabah,0.04532512094103693,0.02835433507840462,0.24019166407005046,0.054838709677419356,0.0,0.007580687830687832,0.26437003781553375,0.0,0.0,0.0
v2-fixed-iterations,fb_h3_k1_m15_d0_s42,fb_h3_k1_m15_d0,3,1,15,0,42,6,15,sabah_o1,0.04763427268209286,0.030037859932422466,0.2415381174997611,0.056896551724137934,0.0,0.007647058823529411,0.27815857726902776,0.0,0.0,0.0
v2-fixed-iterations,fb_h3_k1_m15_d0_s42,fb_h3_k1_m15_d0,3,1,15,0,42,6,15,sabah_o2,0.027550093338744475,0.013200600604470817,0.3057813445585016,0.05625,0.0,0.003125,0.1070753733549779,0.0,,
v2-fixed-iterations,fb_h3_k1_m50_d0_s42,fb_h3_k1_m50_d0,3,1,50,0,42,6,50,heldout,0.0,0.0,0.0,0.0,0.0,0.0,,0.0,,0.0
v2-fixed-iterations,fb_h3_k1_m50_d0_s42,fb_h3_k1_m50_d0,3,1,50,0,42,6,50,sabah,0.04857101870052674,0.03047698794216292,0.4147179421134339,0.06002862966635225,0.0,0.007470266795242687,0.28395584540791774,0.0,0.0,0.0
v2-fixed-iterations,fb_h3_k1_m50_d0_s42,fb_h3_k1_m50_d0,3,1,50,0,42,6,50,sabah_o1,0.05171812874830219,0.032586740076234064,0.41967242578721686,0.06264367816091954,0.0,0.007872284048754636,0.3024364884410585,0.0,0.0,0.0
v2-fixed-iterations,fb_h3_k1_m50_d0_s42,fb_h3_k1_m50_d0,3,1,50,0,42,6,50,sabah_o2,0.010845478121730884,0.005411317173627804,0.5341424577746196,0.0375,0.0,0.0,0.04338191248692354,0.0,,
v2-fixed-iterations,fb_h3_k1_mall_d0_s42,fb_h3_k1_mall_d0,3,1,all,0,42,6,82,heldout,0.00010460251046025103,2.1443514644351462e-05,0.003257328990228013,0.005154639175257732,0.0004184100418410041,0.0,,0.0,,0.0
v2-fixed-iterations,fb_h3_k1_mall_d0_s42,fb_h3_k1_mall_d0,3,1,all,0,42,6,82,sabah,0.04992512448348355,0.03304459275401463,0.4346573200222596,0.053763440860215055,0.0,0.015450306014683616,0.2841004408862177,0.0,0.0,0.0
v2-fixed-iterations,fb_h3_k1_mall_d0_s42,fb_h3_k1_mall_d0,3,1,all,0,42,6,82,sabah_o1,0.05354002175302907,0.035535006178383184,0.4365900469628307,0.056609195402298855,0.0,0.01841610451867118,0.3028240259995032,0.0,0.0,0.0
v2-fixed-iterations,fb_h3_k1_mall_d0_s42,fb_h3_k1_mall_d0,3,1,all,0,42,6,82,sabah_o2,0.013846387253382917,0.008876234680946872,0.5745990094911092,0.01875,0.0,0.0,0.05538554901353167,0.0,,
v2-fixed-iterations,fb_h3_k1_m15_d1_s42,fb_h3_k1_m15_d1,3,1,15,1,42,2,15,heldout,0.031026726475839084,0.010148935954540885,0.08081003333968212,0.03350515463917526,0.09274152128797172,0.02375,,0.007615384615384615,,0.0
v2-fixed-iterations,fb_h3_k1_m15_d1_s42,fb_h3_k1_m15_d1,3,1,15,1,42,2,15,sabah,0.03649829466621184,0.013572359413329155,0.12479521842402823,0.06998385639775127,0.14879993169266806,0.00891127489247065,0.05132090345983344,0.004843787907779078,0.005113870044519822,0.0
v2-fixed-iterations,fb_h3_k1_m15_d1_s42,fb_h3_k1_m15_d1,3,1,15,1,42,2,15,sabah_o1,0.036469131970943,0.013494854067177245,0.10588520046437883,0.07012188963521802,0.1528930743331427,0.004113075567305574,0.05167746019061644,0.004965943128297228,0.005165238606296052,0.0
v2-fixed-iterations,fb_h3_k1_m15_d1_s42,fb_h3_k1_m15_d1,3,1,15,1,42,2,15,sabah_o2,0.06521557467814953,0.02737621368568225,0.1288250915750916,0.1637061403508772,0.03138888888888888,0.15500000000000003,0.07447340982370923,0.0,,
v2-fixed-iterations,fb_h3_k1_m50_d1_s42,fb_h3_k1_m50_d1,3,1,50,1,42,2,50,heldout,0.023687715733164014,0.009679441853898874,0.3411876038184796,0.02577319587628866,0.09173257024972922,0.0,,0.0030182926829268293,,0.0
v2-fixed-iterations,fb_h3_k1_m50_d1_s42,fb_h3_k1_m50_d1,3,1,50,1,42,2,50,sabah,0.04444335105084384,0.017098058622809314,0.315925819682385,0.08118122016689396,0.17487325505302087,0.01198146527496759,0.03560247152932193,0.02953741757935204,0.014665496868400614,0.0
v2-fixed-iterations,fb_h3_k1_m50_d1_s42,fb_h3_k1_m50_d1,3,1,50,1,42,2,50,sabah_o1,0.04385931195091785,0.016869124381421404,0.3011480316656879,0.07892531657236009,0.17882565621813054,0.005538185446367612,0.03226400655056553,0.03150715705780596,0.015020866432637465,0.0
v2-fixed-iterations,fb_h3_k1_m50_d1_s42,fb_h3_k1_m50_d1,3,1,50,1,42,2,50,sabah_o2,0.07010882053043688,0.023610319684831807,0.19096035871576952,0.10277777777777777,0.01698717948717949,0.09633463310882666,0.15919680285907467,0.007916666666666666,,
v2-fixed-iterations,fb_h3_k1_mall_d1_s42,fb_h3_k1_mall_d1,3,1,all,1,42,2,147,heldout,0.045430994946549404,0.01721810720056625,0.3259526612226649,0.04252577319587629,0.18005731311953094,0.0,,0.0016666666666666666,,0.0
v2-fixed-iterations,fb_h3_k1_mall_d1_s42,fb_h3_k1_mall_d1,3,1,all,1,42,2,147,sabah,0.08126413304967664,0.030378860455463133,0.15351647105953617,0.1260267053100407,0.3198012429372562,0.04096401933677133,0.04780950117593793,0.03328814942739862,0.026912361611171966,0.01880952380952381
v2-fixed-iterations,fb_h3_k1_mall_d1_s42,fb_h3_k1_mall_d1,3,1,all,1,42,2,147,sabah_o1,0.07806330404541968,0.028483815121725955,0.14131126330572474,0.12163056867910786,0.32183726405518975,0.019278833449812204,0.042547784997032954,0.03775916256359159,0.028147255397367836,0.01880952380952381
v2-fixed-iterations,fb_h3_k1_mall_d1_s42,fb_h3_k1_mall_d1,3,1,all,1,42,2,147,sabah_o2,0.1776833432911176,0.08044631500356271,0.28407759191086907,0.21864583527357512,0.25144805194933867,0.2871408946545245,0.16849058040676118,0.0036538461538461542,,
v2-fixed-iterations,fb_h3_k2_m15_d0_s42,fb_h3_k2_m15_d0,3,2,15,0,42,5;7,30,heldout,0.11623280807908151,0.0633533265512545,0.17498118675070798,0.1018041237113402,0.462711501374622,0.0,,0.002219730941704036,,0.0
v2-fixed-iterations,fb_h3_k2_m15_d0_s42,fb_h3_k2_m15_d0,3,2,15,0,42,5;7,30,sabah,0.08848366638323209,0.04236040175366287,0.20002348125668154,0.10195266184742308,0.38194375879016806,0.0955828309915541,0.040479127643937046,0.0010536597054645214,0.011033097358745077,0.0008095238095238097
v2-fixed-iterations,fb_h3_k2_m15_d0_s42,fb_h3_k2_m15_d0,3,2,15,0,42,5;7,30,sabah_o1,0.08944137542318853,0.0431295335819204,0.19830314640901392,0.10430490985020724,0.3860325207576754,0.09627457312251171,0.04119596030119402,0.001167448707092695,0.011136165492241504,0.0008415841584158417
v2-fixed-iterations,fb_h3_k2_m15_d0_s42,fb_h3_k2_m15_d0,3,2,15,0,42,5;7,30,sabah_o2,0.07582736587172245,0.03464921971340168,0.09761637564886813,0.2024488304093567,0.15406542942706625,0.10900000000000001,0.03896025027603975,0.0012837837837837837,,
v2-fixed-iterations,fb_h3_k2_m50_d0_s42,fb_h3_k2_m50_d0,3,2,50,0,42,5;7,100,heldout,0.16282896591092821,0.08727768431902845,0.25855783192932064,0.13566073102155576,0.4552841772849589,0.0,,0.0005316863587540279,,0.1955
v2-fixed-iterations,fb_h3_k2_m50_d0_s42,fb_h3_k2_m50_d0,3,2,50,0,42,5;7,100,sabah,0.12572878316832833,0.06484480919670291,0.2549529391785225,0.15347546871880763,0.3765582694188486,0.19019906803802428,0.1350598497212164,0.004718770537375364,0.01518346504729776,0.03265327624720775
v2-fixed-iterations,fb_h3_k2_m50_d0_s42,fb_h3_k2_m50_d0,3,2,50,0,42,5;7,100,sabah_o1,0.12968425029624014,0.06748156053064185,0.25570381137916054,0.15726022217431673,0.38560394458396574,0.2010103993254757,0.13764465343967697,0.005259079415544924,0.015431218806571258,0.033156206206206205
v2-fixed-iterations,fb_h3_k2_m50_d0_s42,fb_h3_k2_m50_d0,3,2,50,0,42,5;7,100,sabah_o2,0.08227278621603175,0.03699659160605284,0.39626629878896813,0.09168076411873008,0.05424340626114462,0.1368804347826087,0.13163397048704029,0.006333333333333333,,
v2-fixed-iterations,fb_h3_k2_mall_d0_s42,fb_h3_k2_mall_d0,3,2,all,0,42,5;7,192,heldout,0.1641094408058915,0.09904762588076892,0.22680390614913837,0.14506319841262094,0.5335286723144751,0.004318181818181818,,0.015,,0.1035909090909091
v2-fixed-iterations,fb_h3_k2_mall_d0_s42,fb_h3_k2_mall_d0,3,2,all,0,42,5;7,192,sabah,0.13660805376206936,0.07011068319469978,0.23282443142127918,0.1600530950047982,0.43627075645899765,0.21250098319641786,0.13280124789564296,0.015856607125495078,0.02105434433421868,0.0011643835616438358
v2-fixed-iterations,fb_h3_k2_mall_d0_s42,fb_h3_k2_mall_d0,3,2,all,0,42,5;7,192,sabah_o1,0.1381119370883406,0.07133573053365128,0.22976985823718266,0.16360204239090845,0.43882102413573687,0.2195316365953213,0.12979670072637556,0.017670059854386744,0.02152407621822309,0.0013281249999999999
v2-fixed-iterations,fb_h3_k2_mall_d0_s42,fb_h3_k2_mall_d0,3,2,all,0,42,5;7,192,sabah_o2,0.17167542415535775,0.0938805094779795,0.5447019524630445,0.14106488259409866,0.29696836448359726,0.17603260869565218,0.21370072344218152,0.0,,
v2-fixed-iterations,fb_h3_k2_m15_d1_s42,fb_h3_k2_m15_d1,3,2,15,1,42,2;5,30,heldout,0.04169964159294364,0.023741168680009278,0.3300650515718822,0.04768041237113402,0.16679856637177456,0.0,,0.0,,0.0
v2-fixed-iterations,fb_h3_k2_m15_d1_s42,fb_h3_k2_m15_d1,3,2,15,1,42,2;5,30,sabah,0.08032992137129631,0.035441257508443506,0.3257242262229826,0.11965070014087563,0.3161902896019515,5.8139534883720933e-05,0.07683298266955017,0.002914974951029233,0.007673464051008459,0.07830967741935484
v2-fixed-iterations,fb_h3_k2_m15_d1_s42,fb_h3_k2_m15_d1,3,2,15,1,42,2;5,30,sabah_o1,0.08209557226054717,0.03628932802638038,0.32867468825776075,0.12145815255336338,0.3230644620476997,0.0,0.0787783823445734,0.0031129928024224954,0.008450929701920788,0.07916666666666666
v2-fixed-iterations,fb_h3_k2_m15_d1_s42,fb_h3_k2_m15_d1,3,2,15,1,42,2;5,30,sabah_o2,0.026041958001852543,0.010706654005794708,0.30499450831329916,0.03871682869285451,0.03377482154445166,0.003125,0.06726801046295851,0.0,,
v2-fixed-iterations,fb_h3_k2_m50_d1_s42,fb_h3_k2_m50_d1,3,2,50,1,42,2;5,100,heldout,0.11610867432248861,0.06172224355580538,0.18430958697690747,0.25082005623242737,0.42418469728995445,0.0,,0.0165,,0.02375
v2-fixed-iterations,fb_h3_k2_m50_d1_s42,fb_h3_k2_m50_d1,3,2,50,1,42,2;5,100,sabah,0.13783363744372187,0.061231816777140846,0.3141832063076888,0.15475333294408297,0.4717401328154376,0.03861942310989881,0.15324674351785308,0.038233441560016505,0.005828280842223748,0.11933380281690141
v2-fixed-iterations,fb_h3_k2_m50_d1_s42,fb_h3_k2_m50_d1,3,2,50,1,42,2;5,100,sabah_o1,0.14046298287275885,0.062342242334587926,0.3207907931353968,0.1573890967181526,0.47898885748652426,0.03434408811737146,0.16092248048890812,0.03935006741275973,0.006025803953954928,0.12314659977703456
v2-fixed-iterations,fb_h3_k2_m50_d1_s42,fb_h3_k2_m50_d1,3,2,50,1,42,2;5,100,sabah_o2,0.1047592743157224,0.042747662394145756,0.4289821918009924,0.11271188187078829,0.15017839975584324,0.10022727272727273,0.07363142477977364,0.095,,
v2-fixed-iterations,fb_h3_k2_mall_d1_s42,fb_h3_k2_mall_d1,3,2,all,1,42,2;5,282,heldout,0.1928209210452535,0.10076663129704282,0.5302112576435118,0.16899523579857187,0.5835683662619389,0.0,,0.0007153179190751444,,0.187
v2-fixed-iterations,fb_h3_k2_mall_d1_s42,fb_h3_k2_mall_d1,3,2,all,1,42,2;5,282,sabah,0.14222657392370638,0.06846564426511427,0.38458217046509047,0.14800026283973317,0.5556546588312925,0.04469495854072854,0.17146317843488287,0.04601330920174426,0.013244377494628923,0.02228896103896104
v2-fixed-iterations,fb_h3_k2_mall_d1_s42,fb_h3_k2_mall_d1,3,2,all,1,42,2;5,282,sabah_o1,0.140633132015313,0.06773894622739646,0.3570812023178173,0.14560874740135216,0.5531848128345902,0.02762056290687848,0.17463306524916708,0.05218352135525446,0.013792077972938063,0.022384751773049646
v2-fixed-iterations,fb_h3_k2_mall_d1_s42,fb_h3_k2_mall_d1,3,2,all,1,42,2;5,282,sabah_o2,0.27076129489606965,0.13552513658646825,0.5043327274438647,0.27067306773900196,0.657627988790372,0.25436538461538466,0.14730180617852198,0.02375,,
v2-fixed-iterations,fb_h3_k4_m15_d0_s42,fb_h3_k4_m15_d0,3,4,15,0,42,2;5;6;7,60,heldout,0.036883062606031664,0.025793505151823926,0.037168546266291125,0.2366916588566073,0.02427109981003488,0.0027941176470588237,,0.01903846153846154,,0.10142857142857142
v2-fixed-iterations,fb_h3_k4_m15_d0_s42,fb_h3_k4_m15_d0,3,4,15,0,42,2;5;6;7,60,sabah,0.08159054493439759,0.04310999849632694,0.2484569336813227,0.11064965728534364,0.0847485280232918,0.08922308005478903,0.2662395356163365,0.019097538561012487,0.017344066656696733,0.01289052069425901
v2-fixed-iterations,fb_h3_k4_m15_d0_s42,fb_h3_k4_m15_d0,3,4,15,0,42,2;5;6;7,60,sabah_o1,0.08547056726824016,0.04516470388379948,0.25305905575783955,0.11427726496313946,0.08706334789958026,0.09549371892683614,0.27849050422905897,0.019291233357550498,0.017433954629196082,0.015050644567219154
v2-fixed-iterations,fb_h3_k4_m15_d0_s42,fb_h3_k4_m15_d0,3,4,15,0,42,2;5;6;7,60,sabah_o2,0.044094711214380314,0.02454752675002637,0.057074352382835675,0.12222222222222222,0.0,0.07314285714285715,0.10323598771466412,0.0,,
v2-fixed-iterations,fb_h3_k4_m50_d0_s42,fb_h3_k4_m50_d0,3,4,50,0,42,2;5;6;7,200,heldout,0.17552310001505483,0.09959202040393655,0.29525195550761074,0.196963500914888,0.5232176095720569,0.03166666666666666,,0.006875,,0.1403331238214959
v2-fixed-iterations,fb_h3_k4_m50_d0_s42,fb_h3_k4_m50_d0,3,4,50,0,42,2;5;6;7,200,sabah,0.17847017974180035,0.09508194235850441,0.3117575267085665,0.23330629775861797,0.41765405246723375,0.2581410661471293,0.30166941633450095,0.029178615993397918,0.0326868779211964,0.03149104958734368
v2-fixed-iterations,fb_h3_k4_m50_d0_s42,fb_h3_k4_m50_d0,3,4,50,0,42,2;5;6;7,200,sabah_o1,0.18149891466185963,0.09698338694445634,0.3146742898776221,0.23951915647262267,0.4191419348401297,0.25669767108048513,0.3132711254126085,0.031172512554737224,0.0331460305189836,0.03556421356421356
v2-fixed-iterations,fb_h3_k4_m50_d0_s42,fb_h3_k4_m50_d0,3,4,50,0,42,2;5;6;7,200,sabah_o2,0.24931284116138358,0.1362605325476182,0.3777051926158891,0.1916533891785497,0.39587752935103127,0.40965544871794873,0.14421838657655442,0.0475,,
v2-fixed-iterations,fb_h3_k4_mall_d0_s42,fb_h3_k4_mall_d0,3,4,all,0,42,2;5;6;7,421,heldout,0.204780315927368,0.10925771903577557,0.282511543390654,0.19244299508646695,0.5870793847596951,0.0030204778156996586,,0.0007746478873239435,,0.22824675324675323
v2-fixed-iterations,fb_h3_k4_mall_d0_s42,fb_h3_k4_mall_d0,3,4,all,0,42,2;5;6;7,421,sabah,0.20001721306023976,0.1016244716740203,0.26995602189735796,0.2201256810060451,0.5481440801515762,0.21743386738670367,0.31550049498276944,0.04940432629664718,0.037915298876689756,0.031705210667052106
v2-fixed-iterations,fb_h3_k4_mall_d0_s42,fb_h3_k4_mall_d0,3,4,all,0,42,2;5;6;7,421,sabah_o1,0.198793624290306,0.10077988194163195,0.26753059553879394,0.21601561110274559,0.5479884747048256,0.1941052955931559,0.32359371083011457,0.05389961926949684,0.03868855418582595,0.03448609115841713
v2-fixed-iterations,fb_h3_k4_mall_d0_s42,fb_h3_k4_mall_d0,3,4,all,0,42,2;5;6;7,421,sabah_o2,0.32149110307148915,0.1805449166982812,0.4452227038759396,0.3419878050539105,0.5637265647101912,0.49871935586785404,0.20451849170791137,0.019,,
v2-fixed-iterations,fb_h3_k4_m15_d1_s42,fb_h3_k4_m15_d1,3,4,15,1,42,0;1;6;7,60,heldout,0.07317256606895667,0.03745728131429493,0.1620752645788807,0.07783505154639175,0.27529831850230196,0.01087878787878788,,0.006513157894736841,,0.0
v2-fixed-iterations,fb_h3_k4_m15_d1_s42,fb_h3_k4_m15_d1,3,4,15,1,42,0;1;6;7,60,sabah,0.12874480074928368,0.07429739555717309,0.25871667895001227,0.17377554582266017,0.25672722237076073,0.31258410174610585,0.1683735773866336,0.012848194855345016,0.017685708136856854,0.00425
v2-fixed-iterations,fb_h3_k4_m15_d1_s42,fb_h3_k4_m15_d1,3,4,15,1,42,0;1;6;7,60,sabah_o1,0.13400530961115412,0.07832311433813878,0.26284874062246094,0.17999974115855388,0.2604076673608073,0.32513463177287205,0.18162543060912914,0.014044007482136078,0.018346436231453746,0.0044736842105263155
v2-fixed-iterations,fb_h3_k4_m15_d1_s42,fb_h3_k4_m15_d1,3,4,15,1,42,0;1;6;7,60,sabah_o2,0.06641178096525684,0.036323905062248474,0.26984696013887693,0.07916666666666666,0.04477857142857143,0.18090336134453783,0.03616519108791805,0.0038000000000000004,,
v2-fixed-iterations,fb_h3_k4_m50_d1_s42,fb_h3_k4_m50_d1,3,4,50,1,42,0;1;6;7,200,heldout,0.13166640856034761,0.06015405238241748,0.2507946498807432,0.12353424231220572,0.41902384903626416,0.018703094140882157,,0.0006591211717709722,,0.08827956989247313
v2-fixed-iterations,fb_h3_k4_m50_d1_s42,fb_h3_k4_m50_d1,3,4,50,1,42,0;1;6;7,200,sabah,0.14563394393011803,0.087745905668816,0.254240760863761,0.16696908974793154,0.2945829702234313,0.4113060500148973,0.08759847402415233,0.04946921559874973,0.02993028705281091,0.0009166666666666668
v2-fixed-iterations,fb_h3_k4_m50_d1_s42,fb_h3_k4_m50_d1,3,4,50,1,42,0;1;6;7,200,sabah_o1,0.15187449655875807,0.092612909744252,0.26281146562546254,0.17401020487624527,0.29844609364078195,0.4314984875786141,0.09750023036707708,0.05278993021725835,0.03002716292195117,0.0009850746268656716
v2-fixed-iterations,fb_h3_k4_m50_d1_s42,fb_h3_k4_m50_d1,3,4,50,1,42,0;1;6;7,200,sabah_o2,0.1102622757504422,0.0578471008197039,0.15295667447306793,0.28578216374269005,0.10748220395099879,0.3164240419079129,0.017142857142857144,0.0,,
v2-fixed-iterations,fb_h3_k4_mall_d1_s42,fb_h3_k4_mall_d1,3,4,all,1,42,0;1;6;7,382,heldout,0.16734637139788933,0.10636821144640377,0.4196018143286746,0.19302165025754484,0.49037805888264246,0.06258513931888546,,0.015967741935483868,,0.10045454545454546
v2-fixed-iterations,fb_h3_k4_mall_d1_s42,fb_h3_k4_mall_d1,3,4,all,1,42,0;1;6;7,382,sabah,0.20744073639151725,0.12636043519460977,0.38346394848326487,0.2254864068409167,0.47191646071192234,0.4741895476945128,0.15434040869001026,0.06858635321905797,0.06261317591748092,0.012998472116119174
v2-fixed-iterations,fb_h3_k4_mall_d1_s42,fb_h3_k4_mall_d1,3,4,all,1,42,0;1;6;7,382,sabah_o1,0.21632432410183175,0.13248039111678764,0.40173748292581996,0.2308393632646407,0.47131264312293425,0.49502856953805663,0.17278803720237884,0.07682558158022026,0.06395885510288415,0.01803225806451613
v2-fixed-iterations,fb_h3_k4_mall_d1_s42,fb_h3_k4_mall_d1,3,4,all,1,42,0;1;6;7,382,sabah_o2,0.2153794724609811,0.12378784705312214,0.38416916155907394,0.18781920820229306,0.5247015974406755,0.31324175824175826,0.023574534161490683,0.0,,
v2-fixed-iterations,fb_h3_k7_m15_d0_s42,fb_h3_k7_m15_d0,3,7,15,0,42,0;1;2;4;5;6;7,105,heldout,0.22127038498168997,0.11241276252255776,0.33360423814587914,0.3497453564163644,0.33525947192384076,0.034753136933987995,,0.045,,0.4700689310689311
v2-fixed-iterations,fb_h3_k7_m15_d0_s42,fb_h3_k7_m15_d0,3,7,15,0,42,0;1;2;4;5;6;7,105,sabah,0.20164258924512576,0.12072506019734854,0.32412310935881716,0.2524774524597174,0.43404069526499084,0.4584941676118138,0.17866126682807895,0.07643719554048851,0.015801755679927896,0.04642045454545454
v2-fixed-iterations,fb_h3_k7_m15_d0_s42,fb_h3_k7_m15_d0,3,7,15,0,42,0;1;2;4;5;6;7,105,sabah_o1,0.21068053462870964,0.12599399995482619,0.3371788876980822,0.2642214528935426,0.4438695971738936,0.47090720107998973,0.19181954744530363,0.0777862270497188,0.01603436005272943,0.0636662749706228
v2-fixed-iterations,fb_h3_k7_m15_d0_s42,fb_h3_k7_m15_d0,3,7,15,0,42,0;1;2;4;5;6;7,105,sabah_o2,0.12430891905137485,0.08569626674613558,0.13014994091708215,0.20687134502923976,0.013125000000000001,0.43019138755980857,0.022252621979024167,0.03166666666666666,,
v2-fixed-iterations,fb_h3_k7_m50_d0_s42,fb_h3_k7_m50_d0,3,7,50,0,42,0;1;2;4;5;6;7,350,heldout,0.24615707407602697,0.1480938982628405,0.405692790802149,0.3756523463909823,0.5307792518424278,0.16,,0.0225,,0.27134904446168007
v2-fixed-iterations,fb_h3_k7_m50_d0_s42,fb_h3_k7_m50_d0,3,7,50,0,42,0;1;2;4;5;6;7,350,sabah,0.2240742349931004,0.13121522649998205,0.3877341042465115,0.27922639060052656,0.4328612487778991,0.5129793777368712,0.16817499808296324,0.08739944271038992,0.04118654455474384,0.10184379809573496
v2-fixed-iterations,fb_h3_k7_m50_d0_s42,fb_h3_k7_m50_d0,3,7,50,0,42,0;1;2;4;5;6;7,350,sabah_o1,0.2272217676518067,0.1346138290332336,0.3972530283852016,0.279914317290006,0.4326149228319738,0.5137669100105172,0.17332777444446862,0.09314549459806673,0.042853833163017045,0.10762167086279692
v2-fixed-iterations,fb_h3_k7_m50_d0_s42,fb_h3_k7_m50_d0,3,7,50,0,42,0;1;2;4;5;6;7,350,sabah_o2,0.2906641049765431,0.1543743051469026,0.40555426112096954,0.2803230907609403,0.5330965699272336,0.5478119145555427,0.08174793542339612,0.0,,
v2-fixed-iterations,fb_h3_k7_mall_d0_s42,fb_h3_k7_mall_d0,3,7,all,0,42,0;1;2;4;5;6;7,765,heldout,0.31925586483856305,0.2194045910970266,0.470757314250766,0.4030819239059663,0.5938080131689891,0.298112426266651,,0.02152173913043478,,0.3635812807881773
v2-fixed-iterations,fb_h3_k7_mall_d0_s42,fb_h3_k7_mall_d0,3,7,all,0,42,0;1;2;4;5;6;7,765,sabah,0.2711821506296647,0.15801023399550268,0.36735348190953654,0.31020862036987157,0.4456012882725987,0.5882640960622041,0.2540062952177091,0.111869546446751,0.05608871124910077,0.17126296652962458
v2-fixed-iterations,fb_h3_k7_mall_d0_s42,fb_h3_k7_mall_d0,3,7,all,0,42,0;1;2;4;5;6;7,765,sabah_o1,0.2815210012295173,0.1634444166393402,0.36336490778556757,0.34065489449664516,0.4397286093980469,0.5963250259390533,0.26011153260508346,0.11545430569003054,0.05692106365941951,0.22058547008547008
v2-fixed-iterations,fb_h3_k7_mall_d0_s42,fb_h3_k7_mall_d0,3,7,all,0,42,0;1;2;4;5;6;7,765,sabah_o2,0.3737845287367496,0.21798084226217376,0.4443857874361308,0.3406196263727084,0.7328619351586788,0.5678746044742387,0.19440157531408098,0.0,,
v2-fixed-iterations,fb_h4_k1_m15_d0_s42,fb_h4_k1_m15_d0,4,1,15,0,42,5,15,heldout,0.06380081403084298,0.020528923520140005,0.09551974602073585,0.15844820630585899,0.08711805136335302,0.0,,0.0027646502835538753,0.0006524559777571825,0.22846891252955082
v2-fixed-iterations,fb_h4_k1_m15_d0_s42,fb_h4_k1_m15_d0,4,1,15,0,42,5,15,sabah,0.08659436317797659,0.040660128647677915,0.13347617142261053,0.09790591726075597,0.41905445128267205,0.0,0.09870801463845999,0.00016817838246409677,0.0005022014309301046,0.0011333333333333334
v2-fixed-iterations,fb_h4_k1_m15_d0_s42,fb_h4_k1_m15_d0,4,1,15,0,42,5,15,sabah_o1,0.08847402254422287,0.041695630183945516,0.1421032321643702,0.09636494252873563,0.4259093116999917,0.0,0.10304944257809143,0.00020080992352906486,0.0005040155081694821,0.0011805555555555554
v2-fixed-iterations,fb_h4_k1_m15_d0_s42,fb_h4_k1_m15_d0,4,1,15,0,42,5,15,sabah_o2,0.07433646779370463,0.03379496761092156,0.17584722676091907,0.09144736842105262,0.2600998650472335,0.0,0.03724600612758507,0.0,,
v2-fixed-iterations,fb_h4_k1_m50_d0_s42,fb_h4_k1_m50_d0,4,1,50,0,42,5,50,heldout,0.09589792843118594,0.0347296460394173,0.47815369088221404,0.12731553160883244,0.03133716929705514,0.02524358974358975,,0.06768066478454542,0.0003959012575687005,0.3548323170731707
v2-fixed-iterations,fb_h4_k1_m50_d0_s42,fb_h4_k1_m50_d0,4,1,50,0,42,5,50,sabah,0.11702380595579483,0.05736669990092676,0.28758884637764986,0.12789126151312574,0.4709259078373734,0.020366945506053398,0.1744714216096145,0.024236069099147026,0.0071424916825806204,0.005
v2-fixed-iterations,fb_h4_k1_m50_d0_s42,fb_h4_k1_m50_d0,4,1,50,0,42,5,50,sabah_o1,0.1199140487038627,0.058604301288615095,0.2954396687164275,0.1301702118944584,0.47281279417001937,0.021519734182332727,0.1848843791443941,0.027707326941447,0.007247557784982947,0.0053124999999999995
v2-fixed-iterations,fb_h4_k1_m50_d0_s42,fb_h4_k1_m50_d0,4,1,50,0,42,5,50,sabah_o2,0.12390101189902357,0.06061575591211458,0.446245140649958,0.15032894736842103,0.4244281949934124,0.025,0.045271090697919965,0.0009047619047619048,,
v2-fixed-iterations,fb_h4_k1_mall_d0_s42,fb_h4_k1_mall_d0,4,1,all,0,42,5,135,heldout,0.14075576965729875,0.06077673379133777,0.4050192914119736,0.21100013576574153,0.05114995915203968,0.06722222222222222,,0.13460767083091388,0.0018564190505055201,0.4489425770308124
v2-fixed-iterations,fb_h4_k1_mall_d0_s42,fb_h4_k1_mall_d0,4,1,all,0,42,5,135,sabah,0.12398658898037428,0.059790164800209974,0.23846435737190588,0.13065760877750063,0.43426371660411717,0.016654664484451718,0.22514037967332132,0.03475482838674781,0.025057164245802767,0.008048780487804878
v2-fixed-iterations,fb_h4_k1_mall_d0_s42,fb_h4_k1_mall_d0,4,1,all,0,42,5,135,sabah_o1,0.12840317420620775,0.061641430079586355,0.24775837677520204,0.1328223643664819,0.4372588435281664,0.020429896344789963,0.2378830210349689,0.04141183817095227,0.025386665670564107,0.008048780487804878
v2-fixed-iterations,fb_h4_k1_mall_d0_s42,fb_h4_k1_mall_d0,4,1,all,0,42,5,135,sabah_o2,0.09700149645006297,0.05290437599912077,0.42039311203253626,0.11710526315789474,0.3175669376438224,0.025,0.04444946482309614,0.0009895833333333332,,
v2-fixed-iterations,fb_h4_k1_m15_d1_s42,fb_h4_k1_m15_d1,4,1,15,1,42,1,15,heldout,0.08888560632645641,0.04771807310021625,0.37982213425041733,0.10210601904241803,0.0,0.3139931757966059,,0.11756874849426326,0.0036994406747462333,0.009166666666666667
v2-fixed-iterations,fb_h4_k1_m15_d1_s42,fb_h4_k1_m15_d1,4,1,15,1,42,1,15,sabah,0.05148010708831776,0.027001288440287107,0.19761486483764132,0.060464357751331806,0.02761752790585013,0.21997282878598473,0.0,0.05520428800632204,0.0060859978317497005,0.0
v2-fixed-iterations,fb_h4_k1_m15_d1_s42,fb_h4_k1_m15_d1,4,1,15,1,42,1,15,sabah_o1,0.052374277727444414,0.02792404011918565,0.1950997039490658,0.06073606051544752,0.02761752790585013,0.223171504548319,0.0,0.05694941346197167,0.00650722044852572,0.0
v2-fixed-iterations,fb_h4_k1_m15_d1_s42,fb_h4_k1_m15_d1,4,1,15,1,42,1,15,sabah_o2,0.04749188311688313,0.024280644355644355,0.15814481986189216,0.04861111111111111,0.0,0.1899675324675325,0.0,0.0,,
v2-fixed-iterations,fb_h4_k1_m50_d1_s42,fb_h4_k1_m50_d1,4,1,50,1,42,1,50,heldout,0.06883445493651394,0.027375495468666636,0.1449656215739772,0.15502877564674394,0.0,0.037807692307692306,,0.18912637288550946,0.02890487615603461,0.08833333333333333
v2-fixed-iterations,fb_h4_k1_m50_d1_s42,fb_h4_k1_m50_d1,4,1,50,1,42,1,50,sabah,0.0590060460010419,0.030166595648303995,0.0983902779721425,0.14336670752349123,0.12397084230316699,0.15436197937975832,0.0,0.06379816200610214,0.01190529231722402,0.0
v2-fixed-iterations,fb_h4_k1_m50_d1_s42,fb_h4_k1_m50_d1,4,1,50,1,42,1,50,sabah_o1,0.06001930054334418,0.03057584822332269,0.10104785881723984,0.14379626403187276,0.12584542798983275,0.15523119511733363,0.0,0.06692981868584727,0.012109361467051463,0.0
v2-fixed-iterations,fb_h4_k1_m50_d1_s42,fb_h4_k1_m50_d1,4,1,50,1,42,1,50,sabah_o2,0.06640081076418837,0.04293955369635635,0.09191176470588236,0.14144736842105263,0.09637254901960783,0.16923069403714566,0.0,0.0,,
v2-fixed-iterations,fb_h4_k1_mall_d1_s42,fb_h4_k1_mall_d1,4,1,all,1,42,1,102,heldout,0.06819148905353004,0.0325679365682178,0.37047636247432914,0.10375038237005832,0.0,0.1171890405137144,,0.17899306335309983,0.01727534140083594,0.0275
v2-fixed-iterations,fb_h4_k1_mall_d1_s42,fb_h4_k1_mall_d1,4,1,all,1,42,1,102,sabah,0.07730077617028183,0.04062821389454425,0.40324607335136253,0.08980292682241846,0.2192110250129457,0.1817177777676871,0.0,0.041603006942409315,0.021272847298648867,0.0
v2-fixed-iterations,fb_h4_k1_mall_d1_s42,fb_h4_k1_mall_d1,4,1,all,1,42,1,102,sabah_o1,0.07913086034687832,0.04230049550125223,0.4054407269908174,0.09000541674627487,0.22125866502536273,0.18826428302510248,0.0,0.04370869377670118,0.02155352025410354,0.0
v2-fixed-iterations,fb_h4_k1_mall_d1_s42,fb_h4_k1_mall_d1,4,1,all,1,42,1,102,sabah_o2,0.06944253848754356,0.031295117395985804,0.29609364997586823,0.11169446351168737,0.1355152519893899,0.14225490196078433,0.0,0.0,,
v2-fixed-iterations,fb_h4_k2_m15_d0_s42,fb_h4_k2_m15_d0,4,2,15,0,42,0;6,30,heldout,0.018247729596342556,0.008781399434258551,0.06328254123209481,0.10267923528941478,0.02164557278184654,0.060039503771294814,,0.009553571428571429,0.0,0.0
v2-fixed-iterations,fb_h4_k2_m15_d0_s42,fb_h4_k2_m15_d0,4,2,15,0,42,0;6,30,sabah,0.1259204999067616,0.072805208518957,0.507134528280941,0.12936711167713325,0.32264925714198345,0.17049242679775878,0.2443910524140267,0.017990263086800757,0.0,0.0
v2-fixed-iterations,fb_h4_k2_m15_d0_s42,fb_h4_k2_m15_d0,4,2,15,0,42,0;6,30,sabah_o1,0.12917250242838976,0.07473982098037221,0.5119846330811689,0.13286206910702944,0.3274631456581062,0.16892788239031475,0.260369434276777,0.01827455224514048,0.0,0.0
v2-fixed-iterations,fb_h4_k2_m15_d0_s42,fb_h4_k2_m15_d0,4,2,15,0,42,0;6,30,sabah_o2,0.08173817375578211,0.0524788108179338,0.1515713110359236,0.20391081871345026,0.07054337231968812,0.18928571428571428,0.06712360841772608,0.0,,
v2-fixed-iterations,fb_h4_k2_m50_d0_s42,fb_h4_k2_m50_d0,4,2,50,0,42,0;6,100,heldout,0.0552311387106301,0.033803546261861016,0.15491082145662846,0.12244169737683672,0.021935126101246274,0.13860808365241428,,0.003196517412935324,0.00035714285714285714,0.11205882352941177
v2-fixed-iterations,fb_h4_k2_m50_d0_s42,fb_h4_k2_m50_d0,4,2,50,0,42,0;6,100,sabah,0.15936306766368993,0.09172669352138353,0.287044155369742,0.16779946007215418,0.3790305691660367,0.2691079719410261,0.29901334572717864,0.00779053056242692,0.0005094928589754555,0.0007264957264957266
v2-fixed-iterations,fb_h4_k2_m50_d0_s42,fb_h4_k2_m50_d0,4,2,50,0,42,0;6,100,sabah_o1,0.16541563054539596,0.09547797496531289,0.2987602937107679,0.1726337645595977,0.383743793959138,0.2756425680064032,0.32363596441158093,0.008138632312429105,0.0005457875457875459,0.000787037037037037
v2-fixed-iterations,fb_h4_k2_m50_d0_s42,fb_h4_k2_m50_d0,4,2,50,0,42,0;6,100,sabah_o2,0.10741563345121699,0.07417318585622361,0.3899799457408018,0.11194232038423624,0.20257575757575758,0.2024585921325052,0.024628184096605152,0.0,,
v2-fixed-iterations,fb_h4_k2_mall_d0_s42,fb_h4_k2_mall_d0,4,2,all,0,42,0;6,223,heldout,0.08658252863929436,0.043253372059326216,0.2481288815505061,0.14607350564156302,0.05076881067766222,0.17313775855304656,,0.006870800395256917,0.0014849467731204258,0.20065032679738565
v2-fixed-iterations,fb_h4_k2_mall_d0_s42,fb_h4_k2_mall_d0,4,2,all,0,42,0;6,223,sabah,0.1757750431064685,0.09978782662275211,0.32927337683812574,0.17244722530756007,0.44510661047412414,0.3135481308841747,0.259437113611688,0.020229764190582783,0.010884195033796704,0.0054444444444444445
v2-fixed-iterations,fb_h4_k2_mall_d0_s42,fb_h4_k2_mall_d0,4,2,all,0,42,0;6,223,sabah_o1,0.18144756295418604,0.10355473672901669,0.3285705073000754,0.1785630845472493,0.4534379890081814,0.31914681795516775,0.27782300980268526,0.020497425439824385,0.011603664931022092,0.006176470588235294
v2-fixed-iterations,fb_h4_k2_mall_d0_s42,fb_h4_k2_mall_d0,4,2,all,0,42,0;6,223,sabah_o2,0.1028783514347768,0.06359462559311087,0.11326877292652274,0.2629751461988304,0.0872159090909091,0.26933620088351545,0.0549612957646827,0.0,,
v2-fixed-iterations,fb_h4_k2_m15_d1_s42,fb_h4_k2_m15_d1,4,2,15,1,42,0;5,30,heldout,0.04987976671061995,0.019340021067435525,0.21556347754270452,0.09433652376994668,0.044362360273843895,0.09333177529267866,,0.0025,0.0007046979865771813,0.10850000000000001
v2-fixed-iterations,fb_h4_k2_m15_d1_s42,fb_h4_k2_m15_d1,4,2,15,1,42,0;5,30,sabah,0.09232197162251478,0.04510204296107012,0.2562920556766675,0.10802146621725768,0.3653809157412081,0.10464550528559051,0.07781091718698005,0.0010714285714285715,0.003134174060992468,0.001888888888888889
v2-fixed-iterations,fb_h4_k2_m15_d1_s42,fb_h4_k2_m15_d1,4,2,15,1,42,0;5,30,sabah_o1,0.09384641814483263,0.04607499914831789,0.2537007773217769,0.11042258813081378,0.3725022254253986,0.10578611541162793,0.07847043090510877,0.0010714285714285715,0.003175137823724531,0.002073170731707317
v2-fixed-iterations,fb_h4_k2_m15_d1_s42,fb_h4_k2_m15_d1,4,2,15,1,42,0;5,30,sabah_o2,0.06968382352941177,0.036695413981443395,0.5832287322931697,0.06659356725146198,0.10246606334841629,0.1155,0.06076923076923078,0.0,,
v2-fixed-iterations,fb_h4_k2_m50_d1_s42,fb_h4_k2_m50_d1,4,2,50,1,42,0;5,100,heldout,0.1428022397521474,0.06444068285763076,0.2763676559522857,0.2323854774305114,0.08114794703897266,0.2799297836139959,,0.07730297456045122,0.008210021507279964,0.26742047204003727
v2-fixed-iterations,fb_h4_k2_m50_d1_s42,fb_h4_k2_m50_d1,4,2,50,1,42,0;5,100,sabah,0.15776945807280382,0.086891958278774,0.2913600068066802,0.18021137051037384,0.455434842498493,0.3186215120683986,0.1064474563397766,0.029114145661376118,0.02122545367015289,0.015773338198625555
v2-fixed-iterations,fb_h4_k2_m50_d1_s42,fb_h4_k2_m50_d1,4,2,50,1,42,0;5,100,sabah_o1,0.16196631106331486,0.08948860458820149,0.28911317856102986,0.1844556216097545,0.4595973861547247,0.3335929979935329,0.10961633752906941,0.031513619290009724,0.021530127486737084,0.01594739792581519
v2-fixed-iterations,fb_h4_k2_m50_d1_s42,fb_h4_k2_m50_d1,4,2,50,1,42,0;5,100,sabah_o2,0.14027694021798237,0.07837166452630709,0.3850116297242827,0.13176169590643275,0.29367908902691514,0.1875,0.0799286718450143,0.0,,
v2-fixed-iterations,fb_h4_k2_mall_d1_s42,fb_h4_k2_mall_d1,4,2,all,1,42,0;5,276,heldout,0.17503385974913707,0.09466329123447173,0.26192230881207745,0.24224500345042327,0.03388364768744158,0.29627955501073133,,0.09116733812679523,0.005339909075730958,0.44849884884498636
v2-fixed-iterations,fb_h4_k2_mall_d1_s42,fb_h4_k2_mall_d1,4,2,all,1,42,0;5,276,sabah,0.20178064375661112,0.11310633187877794,0.3258700582956671,0.2180748626462664,0.547313110160246,0.38688714424286247,0.17158208697315508,0.040455483624679885,0.040489515799592785,0.023956521739130435
v2-fixed-iterations,fb_h4_k2_mall_d1_s42,fb_h4_k2_mall_d1,4,2,all,1,42,0;5,276,sabah_o1,0.2076395447892874,0.11718233522718108,0.33431869871724174,0.222371028794678,0.5493136708779348,0.4029667198799781,0.1787183812619813,0.04764446727440333,0.04177297680984779,0.02542105263157895
v2-fixed-iterations,fb_h4_k2_mall_d1_s42,fb_h4_k2_mall_d1,4,2,all,1,42,0;5,276,sabah_o2,0.18546639025842948,0.09790168059291342,0.40396037479491015,0.20182748538011694,0.4069740758860042,0.2418671679197995,0.09038542833902535,0.0026388888888888885,,
v2-fixed-iterations,fb_h4_k4_m15_d0_s42,fb_h4_k4_m15_d0,4,4,15,0,42,1;2;6;7,60,heldout,0.05500296308073201,0.025159835359031657,0.1755121621596087,0.06301023305084745,0.0,0.11005867463561833,,0.14219414767404795,0.01187591714462673,0.010886075949367089
v2-fixed-iterations,fb_h4_k4_m15_d0_s42,fb_h4_k4_m15_d0,4,4,15,0,42,1;2;6;7,60,sabah,0.0738638442701436,0.040114459792964526,0.23049081180124767,0.09417757002379305,0.057694576536251534,0.09782375920355951,0.20755988493698344,0.06984885002197483,0.009888029554126907,0.00036796536796536797
v2-fixed-iterations,fb_h4_k4_m15_d0_s42,fb_h4_k4_m15_d0,4,4,15,0,42,1;2;6;7,60,sabah_o1,0.07553034197252446,0.040911486301872406,0.229457763592167,0.095258189099636,0.05648060615246281,0.0855645767923047,0.2270729799550848,0.07368802358588744,0.009961231203065565,0.0004146341463414634
v2-fixed-iterations,fb_h4_k4_m15_d0_s42,fb_h4_k4_m15_d0,4,4,15,0,42,1;2;6;7,60,sabah_o2,0.08929690313164235,0.05186481592219039,0.07317421607968679,0.20811403508771928,0.06598196640316205,0.28649100882291756,0.004714637300489746,0.0,,
v2-fixed-iterations,fb_h4_k4_m50_d0_s42,fb_h4_k4_m50_d0,4,4,50,0,42,1;2;6;7,200,heldout,0.08430058459084408,0.03710130326303474,0.14868845668673356,0.12225245985727029,0.0,0.13882806542220857,,0.19611548083502156,0.028078780716394375,0.058480595980595976
v2-fixed-iterations,fb_h4_k4_m50_d0_s42,fb_h4_k4_m50_d0,4,4,50,0,42,1;2;6;7,200,sabah,0.14610775592148703,0.07693051506777121,0.32282277824421074,0.1696244679709715,0.2885805844718461,0.28447672351698294,0.16673943684687959,0.06832871244983549,0.04541061312709895,0.02311046511627907
v2-fixed-iterations,fb_h4_k4_m50_d0_s42,fb_h4_k4_m50_d0,4,4,50,0,42,1;2;6;7,200,sabah_o1,0.14709683953481054,0.0774959302208147,0.33536789476981177,0.1694736382978446,0.294190386276033,0.2674616370126528,0.1774176380504972,0.07428895250898582,0.045839090027361036,0.023383333333333332
v2-fixed-iterations,fb_h4_k4_m50_d0_s42,fb_h4_k4_m50_d0,4,4,50,0,42,1;2;6;7,200,sabah_o2,0.16780165947455053,0.10013028916828173,0.4962532110019197,0.13541666666666669,0.08365384615384615,0.5300915750915751,0.05746121665278084,0.0,,
v2-fixed-iterations,fb_h4_k4_mall_d0_s42,fb_h4_k4_mall_d0,4,4,all,0,42,1;2;6;7,388,heldout,0.13177539575042144,0.06813707990591594,0.3458972724637552,0.1265632671721677,0.0,0.19752818764996974,,0.2418212632609485,0.04838658404990864,0.17114094379128023
v2-fixed-iterations,fb_h4_k4_mall_d0_s42,fb_h4_k4_mall_d0,4,4,all,0,42,1;2;6;7,388,sabah,0.1862876277393721,0.10433979418679036,0.33732846835071584,0.21292498198398088,0.32095387855789653,0.36888835308429946,0.15865103891093105,0.08675961201247825,0.027347097707105302,0.15512578616352202
v2-fixed-iterations,fb_h4_k4_mall_d0_s42,fb_h4_k4_mall_d0,4,4,all,0,42,1;2;6;7,388,sabah_o1,0.1904676473035621,0.10729062921723026,0.3511103527500805,0.21259195078811985,0.3216053668575206,0.3527544187080676,0.16242846602093475,0.09201427269460435,0.02748820802509373,0.18651515151515152
v2-fixed-iterations,fb_h4_k4_mall_d0_s42,fb_h4_k4_mall_d0,4,4,all,0,42,1;2;6;7,388,sabah_o2,0.2767903317509597,0.15694605506119477,0.3814769373617219,0.24912280701754388,0.3241691571408939,0.6632395052473763,0.11975266461556856,0.0,,
v2-fixed-iterations,fb_h4_k4_m15_d1_s42,fb_h4_k4_m15_d1,4,4,15,1,42,3;5;6;7,60,heldout,0.10588005678911797,0.04009849632485744,0.3148394150364028,0.12296716816885847,0.017416067685463426,0.09171166739648712,,0.06774006295604365,0.0058495266567015446,0.3466829592508941
v2-fixed-iterations,fb_h4_k4_m15_d1_s42,fb_h4_k4_m15_d1,4,4,15,1,42,3;5;6;7,60,sabah,0.12719911630121075,0.06840157197912795,0.25279743139695365,0.15440174288935476,0.3959101196583267,0.1686122346431263,0.16696847998543896,0.019609845281779843,0.011276710546284912,0.0008173076923076924
v2-fixed-iterations,fb_h4_k4_m15_d1_s42,fb_h4_k4_m15_d1,4,4,15,1,42,3;5;6;7,60,sabah_o1,0.13020465755784058,0.07051844838568246,0.2561386296588239,0.15843319317489465,0.39204521694809735,0.17840273320965538,0.17650639893437228,0.021923078088384826,0.01141645223246773,0.0009340659340659342
v2-fixed-iterations,fb_h4_k4_m15_d1_s42,fb_h4_k4_m15_d1,4,4,15,1,42,3;5;6;7,60,sabah_o2,0.18470695334305104,0.09559715492621475,0.39586977209928326,0.15657894736842104,0.5450855963470593,0.13435714285714284,0.0591725462037962,0.00021252796420581654,,
v2-fixed-iterations,fb_h4_k4_m50_d1_s42,fb_h4_k4_m50_d1,4,4,50,1,42,3;5;6;7,200,heldout,0.13056421016462078,0.06878928574818716,0.21552844750867733,0.19128460804032787,0.014836817371680312,0.3344838646882592,,0.07843753413523548,0.004554086513298477,0.22050874811463045
v2-fixed-iterations,fb_h4_k4_m50_d1_s42,fb_h4_k4_m50_d1,4,4,50,1,42,3;5;6;7,200,sabah,0.19402352613510074,0.11521637142884293,0.2720915081764543,0.2076907117768426,0.5004571629202481,0.36794108011482074,0.25712306644575406,0.022346073920454748,0.012296882653024064,0.003976890756302521
v2-fixed-iterations,fb_h4_k4_m50_d1_s42,fb_h4_k4_m50_d1,4,4,50,1,42,3;5;6;7,200,sabah_o1,0.1976985781315409,0.1181038044442299,0.2732892542496855,0.2116592491579008,0.4998001684931628,0.3752604960555882,0.27153055637241097,0.02300833958731696,0.012418119106977103,0.004173789173789173
v2-fixed-iterations,fb_h4_k4_m50_d1_s42,fb_h4_k4_m50_d1,4,4,50,1,42,3;5;6;7,200,sabah_o2,0.2540454984105327,0.14827417887287955,0.5084868509647636,0.2019703099446688,0.6047836494603736,0.35652564102564105,0.05323477212163344,0.0016379310344827587,,
v2-fixed-iterations,fb_h4_k4_mall_d1_s42,fb_h4_k4_mall_d1,4,4,all,1,42,3;5;6;7,336,heldout,0.14745716378178925,0.0883865825758424,0.31329179248314,0.16476746461212194,0.028025923099267422,0.31822454172124215,,0.0701871009184293,0.005432191765798504,0.31541606140420886
v2-fixed-iterations,fb_h4_k4_mall_d1_s42,fb_h4_k4_mall_d1,4,4,all,1,42,3;5;6;7,336,sabah,0.20782883832335622,0.12333994982121638,0.37888558154792545,0.2046380289443698,0.5578236848477123,0.33056376017235356,0.31615027347373065,0.02308031512717776,0.011048013446963078,0.008306982872200264
v2-fixed-iterations,fb_h4_k4_mall_d1_s42,fb_h4_k4_mall_d1,4,4,all,1,42,3;5;6;7,336,sabah_o1,0.21306614983439107,0.12777182146062757,0.3815491740195702,0.20817367993666203,0.5573516037216171,0.3489534487915764,0.3285150541956118,0.02330815131292195,0.011093535499386967,0.009175105485232067
v2-fixed-iterations,fb_h4_k4_mall_d1_s42,fb_h4_k4_mall_d1,4,4,all,1,42,3;5;6;7,336,sabah_o2,0.24795926986900726,0.13087042539383237,0.5055137999322888,0.23201876752187559,0.606578078701955,0.1804212235133288,0.15733777726074522,0.0475,,
v2-fixed-iterations,fb_h4_k7_m15_d0_s42,fb_h4_k7_m15_d0,4,7,15,0,42,0;1;2;3;5;6;7,105,heldout,0.13976166410007748,0.06925506291499228,0.29296851857284745,0.1497808470789221,0.011041792923258145,0.2786949662886763,,0.011671334254391312,0.0024771501109848337,0.39492307692307693
v2-fixed-iterations,fb_h4_k7_m15_d0_s42,fb_h4_k7_m15_d0,4,7,15,0,42,0;1;2;3;5;6;7,105,sabah,0.17653105031123908,0.10138789746082613,0.3021335693403033,0.17947654659459647,0.5469731495155973,0.3474335931073588,0.12664573382898217,0.0031398113128551534,0.03184586595449304,0.003148148148148148
v2-fixed-iterations,fb_h4_k7_m15_d0_s42,fb_h4_k7_m15_d0,4,7,15,0,42,0;1;2;3;5;6;7,105,sabah_o1,0.1810714045975904,0.10475646315547178,0.32499739153872137,0.1811591304363228,0.5532482757962093,0.35918244103996955,0.1349232090472401,0.0032427234287427152,0.032136126099467796,0.003695652173913043
v2-fixed-iterations,fb_h4_k7_m15_d0_s42,fb_h4_k7_m15_d0,4,7,15,0,42,0;1;2;3;5;6;7,105,sabah_o2,0.16954049731741233,0.09156466308312458,0.14073877695298692,0.2794956140350877,0.3154792462439521,0.30146897546897555,0.06121376755672171,0.0,,
v2-fixed-iterations,fb_h4_k7_m50_d0_s42,fb_h4_k7_m50_d0,4,7,50,0,42,0;1;2;3;5;6;7,350,heldout,0.22002766073429147,0.1201242858654838,0.30761222486537265,0.2689643264185922,0.0032259597201780366,0.5041341702237506,,0.18467229426176504,0.022889906881206838,0.38521597258455686
v2-fixed-iterations,fb_h4_k7_m50_d0_s42,fb_h4_k7_m50_d0,4,7,50,0,42,0;1;2;3;5;6;7,350,sabah,0.21936103324328585,0.1296858657309624,0.3744829345785488,0.25786806519065514,0.5563345336775274,0.4752020575581824,0.13643462192273523,0.05502303724212865,0.06516104563235041,0.028010903426791276
v2-fixed-iterations,fb_h4_k7_m50_d0_s42,fb_h4_k7_m50_d0,4,7,50,0,42,0;1;2;3;5;6;7,350,sabah_o1,0.22195440856415893,0.13248438657657155,0.37646439210237,0.26094913466884123,0.5629374716267654,0.48341617191442654,0.12953309569547014,0.05999690366402316,0.06577056591202582,0.030072242572242575
v2-fixed-iterations,fb_h4_k7_m50_d0_s42,fb_h4_k7_m50_d0,4,7,50,0,42,0;1;2;3;5;6;7,350,sabah_o2,0.21406825000455024,0.1190678172169916,0.4327509056325216,0.2083345845001792,0.17936472472481646,0.4446460287679801,0.23226224652540442,0.0,,
v2-fixed-iterations,fb_h4_k7_mall_d0_s42,fb_h4_k7_mall_d0,4,7,all,0,42,0;1;2;3;5;6;7,726,heldout,0.1972246656698294,0.11436474564979701,0.3041618016494793,0.22527143982819578,0.0032649106742256868,0.3944014162129832,,0.2283274749056613,0.03953936703422054,0.32059015952205633
v2-fixed-iterations,fb_h4_k7_mall_d0_s42,fb_h4_k7_mall_d0,4,7,all,0,42,0;1;2;3;5;6;7,726,sabah,0.23642336208182554,0.14271801643497975,0.35456462062653976,0.2367194144781436,0.5322036886296405,0.5264007276877345,0.20317637312113906,0.08646680217843358,0.05469676766949656,0.015595813204508854
v2-fixed-iterations,fb_h4_k7_mall_d0_s42,fb_h4_k7_mall_d0,4,7,all,0,42,0;1;2;3;5;6;7,726,sabah_o1,0.23887243411530967,0.14603962666288986,0.3569647938540479,0.23772078795614351,0.5323995398495458,0.533003082782078,0.20425323581676885,0.09054153501917143,0.054884149999804344,0.018153061224489793
v2-fixed-iterations,fb_h4_k7_mall_d0_s42,fb_h4_k7_mall_d0,4,7,all,0,42,0;1;2;3;5;6;7,726,sabah_o2,0.32893130032865875,0.1811344040430473,0.48238549158949195,0.31769005847953213,0.5441012829881116,0.518277994038046,0.2533459242884775,0.0,,
v2-fixed-iterations,fb_h5_k1_m15_d0_s42,fb_h5_k1_m15_d0,5,1,15,0,42,4,15,heldout,0.012730401187509623,0.004480378149056136,0.20618820572246843,0.06116385048643113,0.00014285714285714287,0.039250140503280885,0.0,0.033035868021648485,0.0009535414572712191,0.003
v2-fixed-iterations,fb_h5_k1_m15_d0_s42,fb_h5_k1_m15_d0,5,1,15,0,42,4,15,sabah,0.058971976075567166,0.03498864573441634,0.4560459028829209,0.06365606081308454,0.0061744421906693705,0.27989574664622346,0.0,0.05424243451754842,0.006019233098961722,0.007500000000000001
v2-fixed-iterations,fb_h5_k1_m15_d0_s42,fb_h5_k1_m15_d0,5,1,15,0,42,4,15,sabah_o1,0.06287509983072805,0.037862993884870064,0.46016209482109294,0.0673681229373163,0.006088601132460782,0.29975664515364947,0.0,0.056873038102230565,0.006070776134489006,0.008461538461538461
v2-fixed-iterations,fb_h5_k1_m15_d0_s42,fb_h5_k1_m15_d0,5,1,15,0,42,4,15,sabah_o2,0.029736856899106382,0.012672015787198343,0.07874856325679613,0.12843567251461988,0.01375,0.09841171331071125,0.0,0.0067857142857142855,,
v2-fixed-iterations,fb_h5_k1_m50_d0_s42,fb_h5_k1_m50_d0,5,1,50,0,42,4,50,heldout,0.04721881082911054,0.014314494174287156,0.313977421584599,0.06278750640040963,0.00016666666666666666,0.19878733031674206,0.0,0.05231034256559245,0.008298525425662045,0.02375
v2-fixed-iterations,fb_h5_k1_m50_d0_s42,fb_h5_k1_m50_d0,5,1,50,0,42,4,50,sabah,0.07103571592477885,0.04407301280195168,0.1639474084668632,0.11219423916483323,0.018389047052924205,0.3207244154486342,0.0,0.05775468966746787,0.008907732596682188,0.020438410782964607
v2-fixed-iterations,fb_h5_k1_m50_d0_s42,fb_h5_k1_m50_d0,5,1,50,0,42,4,50,sabah_o1,0.07562424547280115,0.04762752957870078,0.1661700464873702,0.11635791552682838,0.01854092965857672,0.34540605719874096,0.0,0.059840672915259796,0.009172709279125675,0.020785103785103787
v2-fixed-iterations,fb_h5_k1_m50_d0_s42,fb_h5_k1_m50_d0,5,1,50,0,42,4,50,sabah_o2,0.025357822957292116,0.012078328879580144,0.05281842086900315,0.09371345029239767,0.007857142857142858,0.09274806201550387,0.0,0.0008260869565217392,,
v2-fixed-iterations,fb_h5_k1_mall_d0_s42,fb_h5_k1_mall_d0,5,1,all,0,42,4,101,heldout,0.058244120868074824,0.0214356991692349,0.11308395351403672,0.11921978694441322,0.0019118683901292598,0.03164285714285714,0.0,0.1045121505313801,0.00728457100818795,0.20411327813589447
v2-fixed-iterations,fb_h5_k1_mall_d0_s42,fb_h5_k1_mall_d0,5,1,all,0,42,4,101,sabah,0.08160532415301282,0.041145040129322116,0.18459510729715145,0.13040590455018083,0.025991981180795813,0.2719180586808799,0.0,0.07372332501281312,0.007998580043588121,0.11
v2-fixed-iterations,fb_h5_k1_mall_d0_s42,fb_h5_k1_mall_d0,5,1,all,0,42,4,101,sabah_o1,0.08523840052594255,0.04342801390548715,0.18714047070950765,0.13372066744271158,0.026057755581962452,0.2867302253811893,0.0,0.07595765217235126,0.00845400078938299,0.11423076923076923
v2-fixed-iterations,fb_h5_k1_mall_d0_s42,fb_h5_k1_mall_d0,5,1,all,0,42,4,101,sabah_o2,0.0393213790634616,0.024609627083835333,0.06781049563077673,0.04861111111111111,0.0,0.1571031746031746,0.0,0.00018234165067178504,,
v2-fixed-iterations,fb_h5_k1_m15_d1_s42,fb_h5_k1_m15_d1,5,1,15,1,42,1,15,heldout,0.02265347886699778,0.01029744042229836,0.042492917847025496,0.05434782608695652,0.13592087320198667,0.0,0.0,0.0,0.0,0.0
v2-fixed-iterations,fb_h5_k1_m15_d1_s42,fb_h5_k1_m15_d1,5,1,15,1,42,1,15,sabah,0.08922329144032394,0.04686664090264619,0.10605189201678668,0.12176282894514939,0.3262409095654861,0.20909883907645754,0.0,0.0,0.0,0.0
v2-fixed-iterations,fb_h5_k1_m15_d1_s42,fb_h5_k1_m15_d1,5,1,15,1,42,1,15,sabah_o1,0.09438405432940213,0.049935602456131316,0.11118963652607326,0.1273172290388548,0.3328332452229483,0.23347108075346445,0.0,0.0,0.0,0.0
v2-fixed-iterations,fb_h5_k1_m15_d1_s42,fb_h5_k1_m15_d1,5,1,15,1,42,1,15,sabah_o2,0.013303571428571428,0.007380456349206349,0.03588516746411483,0.0533625730994152,0.03321428571428571,0.02,0.0,0.0,,
v2-fixed-iterations,fb_h5_k1_m50_d1_s42,fb_h5_k1_m50_d1,5,1,50,1,42,1,50,heldout,0.01696529772766281,0.006285409282643775,0.03432090597189705,0.11283352256283531,0.05511688069723915,0.006904761904761905,0.0,0.033943384724362036,0.005826759039613766,0.0
v2-fixed-iterations,fb_h5_k1_m50_d1_s42,fb_h5_k1_m50_d1,5,1,50,1,42,1,50,sabah,0.07194079927854792,0.033208890076978685,0.08478600623674443,0.15559656011722883,0.2277156645663998,0.1518961127884677,0.0,0.040424483828986696,0.011608534487433339,0.0
v2-fixed-iterations,fb_h5_k1_m50_d1_s42,fb_h5_k1_m50_d1,5,1,50,1,42,1,50,sabah_o1,0.07433801160722185,0.03453176630931342,0.08825248441349243,0.15883811947027468,0.23293896950755827,0.159061701918784,0.0,0.04223277597849284,0.011794622238496033,0.0
v2-fixed-iterations,fb_h5_k1_m50_d1_s42,fb_h5_k1_m50_d1,5,1,50,1,42,1,50,sabah_o2,0.050055717054263565,0.020713259043927647,0.2003473207717597,0.06725146198830409,0.10522286821705426,0.095,0.0,0.0,,
v2-fixed-iterations,fb_h5_k1_mall_d1_s42,fb_h5_k1_mall_d1,5,1,all,1,42,1,102,heldout,0.04529413787104827,0.026323845335494048,0.17897284045976536,0.076118311513582,0.07986229706954419,0.08073529411764707,0.0,0.07831483279251483,0.001185736579916905,0.03166666666666666
v2-fixed-iterations,fb_h5_k1_mall_d1_s42,fb_h5_k1_mall_d1,5,1,all,1,42,1,102,sabah,0.07730077617028183,0.04062821389454425,0.40324607335136253,0.08980292682241846,0.2192110250129457,0.1817177777676871,0.0,0.041603006942409315,0.021272847298648867,0.0
v2-fixed-iterations,fb_h5_k1_mall_d1_s42,fb_h5_k1_mall_d1,5,1,all,1,42,1,102,sabah_o1,0.07913086034687832,0.04230049550125223,0.4054407269908174,0.09000541674627487,0.22125866502536273,0.18826428302510248,0.0,0.04370869377670118,0.02155352025410354,0.0
v2-fixed-iterations,fb_h5_k1_mall_d1_s42,fb_h5_k1_mall_d1,5,1,all,1,42,1,102,sabah_o2,0.06944253848754356,0.031295117395985804,0.29609364997586823,0.11169446351168737,0.1355152519893899,0.14225490196078433,0.0,0.0,,
v2-fixed-iterations,fb_h5_k2_m15_d0_s42,fb_h5_k2_m15_d0,5,2,15,0,42,2;4,30,heldout,0.02879951402382333,0.007104189332997581,0.24234698031625546,0.05250293807161608,0.001051592316441299,0.0,0.11110305927057532,0.057685594323582036,0.002956838232341317,0.0
v2-fixed-iterations,fb_h5_k2_m15_d0_s42,fb_h5_k2_m15_d0,5,2,15,0,42,2;4,30,sabah,0.03149019130242837,0.01698047660733437,0.04512316632469543,0.11670151973935201,0.010749425108636258,0.14255139688263135,0.006918720763457643,0.027244152444403515,0.0014774526154414398,0.0
v2-fixed-iterations,fb_h5_k2_m15_d0_s42,fb_h5_k2_m15_d0,5,2,15,0,42,2;4,30,sabah_o1,0.033498846899098995,0.018236813338343774,0.046773671138570554,0.12212926645590196,0.011675708957132762,0.154662193137112,0.004066282381992961,0.029028083795945722,0.0015608131224105275,0.0
v2-fixed-iterations,fb_h5_k2_m15_d0_s42,fb_h5_k2_m15_d0,5,2,15,0,42,2;4,30,sabah_o2,0.0175,0.007208333333333333,0.19907882790354753,0.019828580248653138,0.0,0.045,0.025,0.0,,
v2-fixed-iterations,fb_h5_k2_m50_d0_s42,fb_h5_k2_m50_d0,5,2,50,0,42,2;4,100,heldout,0.12102253584541174,0.03590804864826372,0.23838081656066615,0.17612077353503644,0.019056170453841257,0.18,0.21534866753348814,0.14327178714154407,0.0021748238801298178,0.16628376606346712
v2-fixed-iterations,fb_h5_k2_m50_d0_s42,fb_h5_k2_m50_d0,5,2,50,0,42,2;4,100,sabah,0.099373072424888,0.03882088265014316,0.23899946710246836,0.15722879531508985,0.1028071222288118,0.20849384633218093,0.042173460231804794,0.07230436908559007,0.015302060913364631,0.15515757575757577
v2-fixed-iterations,fb_h5_k2_m50_d0_s42,fb_h5_k2_m50_d0,5,2,50,0,42,2;4,100,sabah_o1,0.10085174846914353,0.0400468383778459,0.23827046149557737,0.1599356435776507,0.10366426733995002,0.21165318296585936,0.04297305593017989,0.07536305377392531,0.01559195190199308,0.1558649789029536
v2-fixed-iterations,fb_h5_k2_m50_d0_s42,fb_h5_k2_m50_d0,5,2,50,0,42,2;4,100,sabah_o2,0.08173621114376392,0.03632359254587356,0.41194131817034274,0.08402301415134777,0.0275,0.24856721414785932,0.04032207487164081,0.010555555555555554,,
v2-fixed-iterations,fb_h5_k2_mall_d0_s42,fb_h5_k2_mall_d0,5,2,all,0,42,2;4,248,heldout,0.14216723986043475,0.056958321022443456,0.20425764479280803,0.238825474547416,0.0902308088809992,0.009656447534766119,0.26536091899549497,0.1353598904854293,0.009666120026161556,0.34272925323975745
v2-fixed-iterations,fb_h5_k2_mall_d0_s42,fb_h5_k2_mall_d0,5,2,all,0,42,2;4,248,sabah,0.15711349695568413,0.077908046651644,0.29374482869977175,0.2196782209399062,0.2999940630753565,0.3707298955801649,0.06395905150405438,0.07283252497592257,0.028764385629200202,0.1064010609694063
v2-fixed-iterations,fb_h5_k2_mall_d0_s42,fb_h5_k2_mall_d0,5,2,all,0,42,2;4,248,sabah_o1,0.15801773919122217,0.07914755630816679,0.2917383884506845,0.221309072026314,0.3008062929953096,0.3707182282998146,0.06304226184611511,0.07711304452540753,0.02933600384263734,0.1070906036380489
v2-fixed-iterations,fb_h5_k2_mall_d0_s42,fb_h5_k2_mall_d0,5,2,all,0,42,2;4,248,sabah_o2,0.19634685244973968,0.10280586719400744,0.40910476828986786,0.18391812865497076,0.23258791208791207,0.43074737409629665,0.12035569504332139,0.0016964285714285714,,
v2-fixed-iterations,fb_h5_k2_m15_d1_s42,fb_h5_k2_m15_d1,5,2,15,1,42,1;2,30,heldout,0.04932059133386468,0.01926239193239771,0.14678312023528525,0.09329732943370693,0.04713440666062449,0.095,0.13098411232336785,0.02265032442400979,0.00015470459518599562,0.0
v2-fixed-iterations,fb_h5_k2_m15_d1_s42,fb_h5_k2_m15_d1,5,2,15,1,42,1;2,30,sabah,0.05650573903581994,0.02540880118769114,0.19629619099239348,0.07715417081792945,0.14278238727536458,0.1445665790482305,0.01385150000684884,0.03157971652427091,0.006254251360204879,0.0
v2-fixed-iterations,fb_h5_k2_m15_d1_s42,fb_h5_k2_m15_d1,5,2,15,1,42,1;2,30,sabah_o1,0.060319718921915615,0.027459002395928,0.2007759230082944,0.07676337945540332,0.1519779989592785,0.15720407411772394,0.01356747353493004,0.03250292984541511,0.006665837074146069,0.0
v2-fixed-iterations,fb_h5_k2_m15_d1_s42,fb_h5_k2_m15_d1,5,2,15,1,42,1;2,30,sabah_o2,0.029159351450142947,0.010109963886349835,0.1169223983203823,0.12145467836257309,0.019146627565982406,0.05606181318681319,0.031928965047776196,0.0095,,
v2-fixed-iterations,fb_h5_k2_m50_d1_s42,fb_h5_k2_m50_d1,5,2,50,1,42,1;2,100,heldout,0.08766043669248984,0.03694746726181045,0.32643370045171455,0.1043795039149145,0.04667170384174616,0.0749936948297604,0.21889936814762137,0.10103497051060857,0.0012676447299644492,0.08309523809523808
v2-fixed-iterations,fb_h5_k2_m50_d1_s42,fb_h5_k2_m50_d1,5,2,50,1,42,1;2,100,sabah,0.0785887369770591,0.03969263877238864,0.37061087709833834,0.10446041907901087,0.13710328024170798,0.22197472603891705,0.015387114054769979,0.07184872222687769,0.025218579300081923,0.0
v2-fixed-iterations,fb_h5_k2_m50_d1_s42,fb_h5_k2_m50_d1,5,2,50,1,42,1;2,100,sabah_o1,0.076966361375203,0.03951858407349578,0.3704232145965371,0.10213611700461524,0.13665659754170548,0.20595508894044745,0.01694643318883813,0.07677387240368706,0.025466176176539873,0.0
v2-fixed-iterations,fb_h5_k2_m50_d1_s42,fb_h5_k2_m50_d1,5,2,50,1,42,1;2,100,sabah_o2,0.1591535077016776,0.07856866265102536,0.2930067144511209,0.13587664333125365,0.21751059085841695,0.41027777777777785,0.008825662170515567,0.0,,
v2-fixed-iterations,fb_h5_k2_mall_d1_s42,fb_h5_k2_mall_d1,5,2,all,1,42,1;2,249,heldout,0.13138309981851318,0.05119776102792618,0.23141627626577063,0.20308977015948493,0.252016134689896,0.009365959498553518,0.25135950180038785,0.13714265429000505,0.009718637850829104,0.12869571078140768
v2-fixed-iterations,fb_h5_k2_mall_d1_s42,fb_h5_k2_mall_d1,5,2,all,1,42,1;2,249,sabah,0.12660600096835084,0.062302390093102775,0.3361523644043692,0.1731217958490774,0.2809813833471663,0.2076307056712836,0.04952552074477609,0.08480177100660574,0.05169662504027325,0.08499999999999999
v2-fixed-iterations,fb_h5_k2_mall_d1_s42,fb_h5_k2_mall_d1,5,2,all,1,42,1;2,249,sabah_o1,0.12490341950345703,0.06292564303774398,0.3388276695162684,0.17135211330398012,0.27774683295448327,0.19673810563192912,0.049707693533598496,0.08844304038312248,0.0517848445176089,0.08499999999999999
v2-fixed-iterations,fb_h5_k2_mall_d1_s42,fb_h5_k2_mall_d1,5,2,all,1,42,1;2,249,sabah_o2,0.24544487310337554,0.10285893696443767,0.44781306353900296,0.23614435257505545,0.4973871100164204,0.34884415584415585,0.13554822655292603,0.0,,
v2-fixed-iterations,fb_h5_k4_m15_d0_s42,fb_h5_k4_m15_d0,5,4,15,0,42,0;2;4;7,60,heldout,0.12883513107303626,0.06454786962253807,0.18187616060294723,0.19310617553997866,0.3144491810497738,0.24801075268817208,0.1394745738364792,0.04019002513610734,0.001156307568072274,0.029729946159612896
v2-fixed-iterations,fb_h5_k4_m15_d0_s42,fb_h5_k4_m15_d0,5,4,15,0,42,0;2;4;7,60,sabah,0.12316976571532379,0.06640671590573975,0.20437282410043534,0.1482334176200111,0.28553229525140067,0.3641341818158753,0.01991475151988916,0.05804789223382667,0.0007644734709508241,0.010624999999999999
v2-fixed-iterations,fb_h5_k4_m15_d0_s42,fb_h5_k4_m15_d0,5,4,15,0,42,0;2;4;7,60,sabah_o1,0.12849778788824326,0.06997049039177747,0.20799185813994325,0.15446234886715549,0.2914859512480653,0.38489659337848764,0.02027776016763164,0.06283241135228995,0.0008690111829849794,0.010624999999999999
v2-fixed-iterations,fb_h5_k4_m15_d0_s42,fb_h5_k4_m15_d0,5,4,15,0,42,0;2;4;7,60,sabah_o2,0.06494914727059084,0.03365523176753944,0.07368228180386885,0.2095394736842105,0.06659836065573771,0.16835,0.02484822842662564,0.0,,
v2-fixed-iterations,fb_h5_k4_m50_d0_s42,fb_h5_k4_m50_d0,5,4,50,0,42,0;2;4;7,200,heldout,0.13909150962759578,0.060579221262958255,0.17852828884530123,0.18318358690767164,0.3552404044986694,0.024630869978917516,0.2746641300220855,0.09515906251750207,0.018234545325646827,0.0666200454227535
v2-fixed-iterations,fb_h5_k4_m50_d0_s42,fb_h5_k4_m50_d0,5,4,50,0,42,0;2;4;7,200,sabah,0.17617315911741216,0.10472684747964335,0.2553358558759363,0.2100574630690076,0.33621328932326205,0.5201466978584441,0.03251352041045333,0.08418953414918506,0.035485933187434135,0.04848997977569405
v2-fixed-iterations,fb_h5_k4_m50_d0_s42,fb_h5_k4_m50_d0,5,4,50,0,42,0;2;4;7,200,sabah_o1,0.18241368131855665,0.1091260227855765,0.2587140771207211,0.21549905537670277,0.3428392732298498,0.541555656476935,0.03381037074331319,0.0911361210533334,0.036052222519715,0.04908844388819358
v2-fixed-iterations,fb_h5_k4_m50_d0_s42,fb_h5_k4_m50_d0,5,4,50,0,42,0;2;4;7,200,sabah_o2,0.10471075288855869,0.06697471190211915,0.12043854067993913,0.2137426900584795,0.04472218209831961,0.3630304714261071,0.008654460593910538,0.0024358974358974356,,
v2-fixed-iterations,fb_h5_k4_mall_d0_s42,fb_h5_k4_mall_d0,5,4,all,0,42,0;2;4;7,446,heldout,0.23698539066924007,0.11719251419987219,0.34195951607550407,0.38416333480675596,0.39057527753880106,0.17777941176470585,0.27274886882507754,0.11417165940559187,0.032941277866532254,0.433695848614732
v2-fixed-iterations,fb_h5_k4_mall_d0_s42,fb_h5_k4_mall_d0,5,4,all,0,42,0;2;4;7,446,sabah,0.21170095363718633,0.1298529835402768,0.2691169763807038,0.2709836327095339,0.45215620430901066,0.5783373708927906,0.0466927810504244,0.08932148771749235,0.02625855325732463,0.07743932459607518
v2-fixed-iterations,fb_h5_k4_mall_d0_s42,fb_h5_k4_mall_d0,5,4,all,0,42,0;2;4;7,446,sabah_o1,0.21441096968354068,0.13306995938820104,0.265327641893372,0.2732949939536398,0.44965060505229637,0.5883341502233834,0.044262359101932415,0.09420304204495694,0.026446730609743757,0.08356893106893107
v2-fixed-iterations,fb_h5_k4_mall_d0_s42,fb_h5_k4_mall_d0,5,4,all,0,42,0;2;4;7,446,sabah_o2,0.3306874979075813,0.16807771794270207,0.48906373243226187,0.29480994152046786,0.6389107283707387,0.5752594687916732,0.10664101895770911,0.0019387755102040815,,
v2-fixed-iterations,fb_h5_k4_m15_d1_s42,fb_h5_k4_m15_d1,5,4,15,1,42,0;2;3;7,60,heldout,0.1308185800218278,0.06539887540402368,0.23544625789261187,0.19237870301001944,0.42969721169398895,0.05810175327083003,0.15918446084331114,0.027789871076029805,0.012749201533263602,0.09738898171354311
v2-fixed-iterations,fb_h5_k4_m15_d1_s42,fb_h5_k4_m15_d1,5,4,15,1,42,0;2;3;7,60,sabah,0.10321028832452528,0.052051754077475865,0.190357625769309,0.1276446501505091,0.4324348844615072,0.1304002690442823,0.024347151438246964,0.0032191843798898916,0.02446893627539931,0.004391304347826087
v2-fixed-iterations,fb_h5_k4_m15_d1_s42,fb_h5_k4_m15_d1,5,4,15,1,42,0;2;3;7,60,sabah_o1,0.10418373024148837,0.0525758749743078,0.1916753193498303,0.1290694702387238,0.43718939007504654,0.12553833179836466,0.027932925250576064,0.004649538397525406,0.024776645688183087,0.00501555023923445
v2-fixed-iterations,fb_h5_k4_m15_d1_s42,fb_h5_k4_m15_d1,5,4,15,1,42,0;2;3;7,60,sabah_o2,0.1038617196312952,0.05597670311974449,0.10958323591302316,0.2517178362573099,0.18798171198171199,0.21251614329942506,0.014949023244043767,0.0,,
v2-fixed-iterations,fb_h5_k4_m50_d1_s42,fb_h5_k4_m50_d1,5,4,50,1,42,0;2;3;7,200,heldout,0.21299313444862109,0.11642856748787976,0.2867450459644501,0.2805171183237645,0.4904721931157694,0.3461252653927813,0.19749362595239495,0.07119104296459702,0.02084171315702417,0.15183496610915964
v2-fixed-iterations,fb_h5_k4_m50_d1_s42,fb_h5_k4_m50_d1,5,4,50,1,42,0;2;3;7,200,sabah,0.1301964737719292,0.07111565947509337,0.26314353179977307,0.1495246821727557,0.4673362179149619,0.24249894038970765,0.019871433415838267,0.01777623515174412,0.01686695593026333,0.016829059829059828
v2-fixed-iterations,fb_h5_k4_m50_d1_s42,fb_h5_k4_m50_d1,5,4,50,1,42,0;2;3;7,200,sabah_o1,0.1322907673992768,0.07237557622386823,0.2599421457010726,0.151889550909448,0.4754204685239358,0.24290209630154452,0.020778237876356437,0.01973966206592789,0.017459695183451737,0.017444444444444443
v2-fixed-iterations,fb_h5_k4_m50_d1_s42,fb_h5_k4_m50_d1,5,4,50,1,42,0;2;3;7,200,sabah_o2,0.09773109666618332,0.06119146179580961,0.1229029655340397,0.23103070175438598,0.09629896431501231,0.2780042016806723,0.012097411145239139,0.004523809523809524,,
v2-fixed-iterations,fb_h5_k4_mall_d1_s42,fb_h5_k4_mall_d1,5,4,all,1,42,0;2;3;7,407,heldout,0.18760495415929476,0.09064676448047564,0.30902026571173496,0.27410667889466167,0.5095563546364196,0.11096198116559917,0.27082149638481867,0.11421301844946022,0.02319659631673702,0.09688027800273376
v2-fixed-iterations,fb_h5_k4_mall_d1_s42,fb_h5_k4_mall_d1,5,4,all,1,42,0;2;3;7,407,sabah,0.2048413018194928,0.11838600061657208,0.3216471741904537,0.2294886747131009,0.5393500314374873,0.4845132503211296,0.04767309529188308,0.048196495105140964,0.028367896441933264,0.08094704231938274
v2-fixed-iterations,fb_h5_k4_mall_d1_s42,fb_h5_k4_mall_d1,5,4,all,1,42,0;2;3;7,407,sabah_o1,0.2083629339044791,0.1213952007293702,0.32628989813652926,0.23494756086889254,0.540023406344779,0.4930871759427089,0.04939583146461541,0.055751793526633384,0.028551808547059635,0.08336758760107817
v2-fixed-iterations,fb_h5_k4_mall_d1_s42,fb_h5_k4_mall_d1,5,4,all,1,42,0;2;3;7,407,sabah_o2,0.2590892650564858,0.14258425402669056,0.35876036005054207,0.253876529667168,0.5241793432061206,0.4717080200501253,0.0373030303030303,0.0031666666666666666,,
v2-fixed-iterations,fb_h5_k7_m15_d0_s42,fb_h5_k7_m15_d0,5,7,15,0,42,0;1;2;3;4;6;7,105,heldout,0.1853663135059848,0.09555125441687218,0.28857373432262173,0.2238408733890723,0.44856620085910026,0.06536303630363037,0.23955563901157556,0.0738833760103704,0.01645843057450728,0.26837119827672495
v2-fixed-iterations,fb_h5_k7_m15_d0_s42,fb_h5_k7_m15_d0,5,7,15,0,42,0;1;2;3;4;6;7,105,sabah,0.1895183570445648,0.11208516969131516,0.3244385499984082,0.2040086395732471,0.4832266405461002,0.45600129041958026,0.0764212175861456,0.07566259163715926,0.01165554493554655,0.03414285714285714
v2-fixed-iterations,fb_h5_k7_m15_d0_s42,fb_h5_k7_m15_d0,5,7,15,0,42,0;1;2;3;4;6;7,105,sabah_o1,0.19386365578246426,0.11642861533722576,0.3260712390342261,0.2081522245865253,0.4841130024832267,0.469898205771499,0.08324908453613344,0.07715624602162138,0.011945576062485617,0.03681981981981981
v2-fixed-iterations,fb_h5_k7_m15_d0_s42,fb_h5_k7_m15_d0,5,7,15,0,42,0;1;2;3;4;6;7,105,sabah_o2,0.22075206621883345,0.10912522761137775,0.42222965824191044,0.21489420764348352,0.47159583284583284,0.3799962835906232,0.03141614843887777,0.0,,
v2-fixed-iterations,fb_h5_k7_m50_d0_s42,fb_h5_k7_m50_d0,5,7,50,0,42,0;1;2;3;4;6;7,350,heldout,0.23006446222643998,0.11318021006726894,0.30381507947490044,0.2568716077945961,0.5075135923794205,0.010703592814371256,0.314501032557104,0.1305752238583825,0.019326903294326396,0.39776642845503524
v2-fixed-iterations,fb_h5_k7_m50_d0_s42,fb_h5_k7_m50_d0,5,7,50,0,42,0;1;2;3;4;6;7,350,sabah,0.20444954896386133,0.1253837330391954,0.33967746584406394,0.22330576261538895,0.4699205777422692,0.519045130423119,0.12391634188189687,0.0795353507378253,0.027921641364070496,0.006358251633986929
v2-fixed-iterations,fb_h5_k7_m50_d0_s42,fb_h5_k7_m50_d0,5,7,50,0,42,0;1;2;3;4;6;7,350,sabah_o1,0.20813562195595733,0.12865734364203857,0.3477487460749778,0.22782805379603432,0.47484029049645987,0.5259435165857895,0.12802617105224168,0.08276318805726102,0.02877792186583075,0.008462643678160919
v2-fixed-iterations,fb_h5_k7_m50_d0_s42,fb_h5_k7_m50_d0,5,7,50,0,42,0;1;2;3;4;6;7,350,sabah_o2,0.19365433411629157,0.11788806832134353,0.3310991502828429,0.16714181286549706,0.1927743010191378,0.5137742492492493,0.06806878619677911,0.0,,
v2-fixed-iterations,fb_h5_k7_mall_d0_s42,fb_h5_k7_mall_d0,5,7,all,0,42,0;1;2;3;4;6;7,692,heldout,0.22079978694033964,0.10212757070183219,0.26170733023076576,0.27612685066498116,0.4913280178212495,0.005119954635454322,0.30786749729413176,0.1637827716692436,0.03248327773896108,0.3242172024829975
v2-fixed-iterations,fb_h5_k7_mall_d0_s42,fb_h5_k7_mall_d0,5,7,all,0,42,0;1;2;3;4;6;7,692,sabah,0.2527260331629624,0.14758050198868347,0.4118089493161707,0.272355009148405,0.5350635345024612,0.5356111959811499,0.12765100227652912,0.09732081870008634,0.042525635451182736,0.178184012066365
v2-fixed-iterations,fb_h5_k7_mall_d0_s42,fb_h5_k7_mall_d0,5,7,all,0,42,0;1;2;3;4;6;7,692,sabah_o1,0.2638574859481366,0.15411047976108783,0.408454079331358,0.2992427255957101,0.5384944313376863,0.5413948105926132,0.13601129446651788,0.10504271104270312,0.04307797404227183,0.21912369420702754
v2-fixed-iterations,fb_h5_k7_mall_d0_s42,fb_h5_k7_mall_d0,5,7,all,0,42,0;1;2;3;4;6;7,692,sabah_o2,0.23553443101822402,0.14300039186879648,0.3178715427381882,0.22491951966360302,0.3381498401894434,0.565259707353059,0.03872817653039379,0.0,,
v2-fixed-iterations,fb_h6_k1_m15_d0_s42,fb_h6_k1_m15_d0,6,1,15,0,42,0,15,heldout,0.0,0.0,0.0,0.0,0.0,0.0,0.0,,,0.0
v2-fixed-iterations,fb_h6_k1_m15_d0_s42,fb_h6_k1_m15_d0,6,1,15,0,42,0,15,sabah,0.05588460553215611,0.025729999100800902,0.28897004806653975,0.07016147347639061,0.2706225503323909,0.06468508286054572,0.0,0.0,0.0,0.0
v2-fixed-iterations,fb_h6_k1_m15_d0_s42,fb_h6_k1_m15_d0,6,1,15,0,42,0,15,sabah_o1,0.05637335042938855,0.026404667753320902,0.2857730284609705,0.0701303680981595,0.2734936268552579,0.06474647572107337,0.0,0.0,0.0,0.0
v2-fixed-iterations,fb_h6_k1_m15_d0_s42,fb_h6_k1_m15_d0,6,1,15,0,42,0,15,sabah_o2,0.06492534973250433,0.03015521480986119,0.2403565778187725,0.08662280701754385,0.18312997035858877,0.07657142857142857,0.0,0.0,,
v2-fixed-iterations,fb_h6_k1_m50_d0_s42,fb_h6_k1_m50_d0,6,1,50,0,42,0,50,heldout,0.00125,0.0005,0.0019230769230769232,0.125,0.0,0.0,0.0,,,0.005
v2-fixed-iterations,fb_h6_k1_m50_d0_s42,fb_h6_k1_m50_d0,6,1,50,0,42,0,50,sabah,0.09273213598258452,0.04767094614114416,0.16312046561152602,0.10026384197146636,0.37873306303359255,0.17765975286191457,0.0,0.0,0.0,0.0
v2-fixed-iterations,fb_h6_k1_m50_d0_s42,fb_h6_k1_m50_d0,6,1,50,0,42,0,50,sabah_o1,0.09336771738321399,0.047973197220383575,0.1608371072642285,0.10051926419076733,0.3782499906334547,0.1819563136658292,0.0,0.0,0.0,0.0
v2-fixed-iterations,fb_h6_k1_m50_d0_s42,fb_h6_k1_m50_d0,6,1,50,0,42,0,50,sabah_o2,0.14664501115025563,0.07694964057363138,0.3138235764933212,0.15868175285101332,0.43241337793435586,0.15416666666666667,0.0,0.0,,
v2-fixed-iterations,fb_h6_k1_mall_d0_s42,fb_h6_k1_mall_d0,6,1,all,0,42,0,141,heldout,0.18657894736842107,0.14923026315789473,0.20928092469884224,0.125,0.0,0.0013157894736842105,0.0,,,0.7450000000000001
v2-fixed-iterations,fb_h6_k1_mall_d0_s42,fb_h6_k1_mall_d0,6,1,all,0,42,0,141,sabah,0.13370664406075713,0.07557364446300499,0.24253975032797812,0.1352717105052124,0.42708155069155684,0.34850858338080887,0.0,0.01386779828149438,0.010693324415745945,0.0020886075949367094
v2-fixed-iterations,fb_h6_k1_mall_d0_s42,fb_h6_k1_mall_d0,6,1,all,0,42,0,141,sabah_o1,0.13711869387783865,0.07798084433425474,0.2418758431786727,0.13858750573757342,0.42940921951619,0.365103997972534,0.0,0.014802473337713206,0.011181707339923616,0.002214765100671141
v2-fixed-iterations,fb_h6_k1_mall_d0_s42,fb_h6_k1_mall_d0,6,1,all,0,42,0,141,sabah_o2,0.1320638490942996,0.08012555226876697,0.39606374623967594,0.10807704585381814,0.34710155022335226,0.18115384615384617,0.0,0.0,,
v2-fixed-iterations,fb_h6_k1_m15_d1_s42,fb_h6_k1_m15_d1,6,1,15,1,42,2,15,heldout,0.054650064491537004,0.017690377403376825,0.3476087054297482,0.07692307692307693,0.0,0.0,0.21860025796614801,,,0.0
v2-fixed-iterations,fb_h6_k1_m15_d1_s42,fb_h6_k1_m15_d1,6,1,15,1,42,2,15,sabah,0.026337413800595028,0.008892620742175165,0.27326054369437847,0.03905107536503985,0.09168235206221186,0.0,0.03567414980884679,0.030496785280337616,0.00017119565217391306,0.0
v2-fixed-iterations,fb_h6_k1_m15_d1_s42,fb_h6_k1_m15_d1,6,1,15,1,42,2,15,sabah_o1,0.026581119511017114,0.008899450684116,0.2777893385508818,0.03803154610949191,0.09442892274948295,0.0,0.03196051833077928,0.03289651485184712,0.00020076113399330396,0.0
v2-fixed-iterations,fb_h6_k1_m15_d1_s42,fb_h6_k1_m15_d1,6,1,15,1,42,2,15,sabah_o2,0.033998450394163146,0.013047280164154542,0.3517958961127325,0.0375,0.004471153846153847,0.0,0.13145279478932226,6.985294117647058e-05,,
v2-fixed-iterations,fb_h6_k1_m50_d1_s42,fb_h6_k1_m50_d1,6,1,50,1,42,2,50,heldout,0.06723427975333916,0.023096415096500032,0.09825831004120222,0.08748772152020334,0.0,0.0,0.26893711901335665,,,0.0
v2-fixed-iterations,fb_h6_k1_m50_d1_s42,fb_h6_k1_m50_d1,6,1,50,1,42,2,50,sabah,0.07384520959030726,0.02717345925009442,0.3497927318144511,0.09787191188392286,0.31537863722010395,0.020854932038652806,0.06154785125830928,0.04323129085864624,0.0020585461661312933,0.0
v2-fixed-iterations,fb_h6_k1_m50_d1_s42,fb_h6_k1_m50_d1,6,1,50,1,42,2,50,sabah_o1,0.07201156102154065,0.026060379236338495,0.3201241235659554,0.09274272149211571,0.3139550148337966,0.006941529885220167,0.06212095959416339,0.046794988787965744,0.0022568730280980265,0.0
v2-fixed-iterations,fb_h6_k1_m50_d1_s42,fb_h6_k1_m50_d1,6,1,50,1,42,2,50,sabah_o2,0.2222291152921846,0.1014447252458579,0.4822628902413953,0.21498538011695903,0.4775748346869037,0.30996704875584186,0.0855412443926594,0.01583333333333333,,
v2-fixed-iterations,fb_h6_k1_mall_d1_s42,fb_h6_k1_mall_d1,6,1,all,1,42,2,147,heldout,0.06892102737932429,0.024338499910218542,0.11182008234604814,0.08021038790269559,0.0,0.0,0.27568410951729716,,,0.0
v2-fixed-iterations,fb_h6_k1_mall_d1_s42,fb_h6_k1_mall_d1,6,1,all,1,42,2,147,sabah,0.08126413304967664,0.030378860455463133,0.15351647105953617,0.1260267053100407,0.3198012429372562,0.04096401933677133,0.04780950117593793,0.03328814942739862,0.026912361611171966,0.01880952380952381
v2-fixed-iterations,fb_h6_k1_mall_d1_s42,fb_h6_k1_mall_d1,6,1,all,1,42,2,147,sabah_o1,0.07806330404541968,0.028483815121725955,0.14131126330572474,0.12163056867910786,0.32183726405518975,0.019278833449812204,0.042547784997032954,0.03775916256359159,0.028147255397367836,0.01880952380952381
v2-fixed-iterations,fb_h6_k1_mall_d1_s42,fb_h6_k1_mall_d1,6,1,all,1,42,2,147,sabah_o2,0.1776833432911176,0.08044631500356271,0.28407759191086907,0.21864583527357512,0.25144805194933867,0.2871408946545245,0.16849058040676118,0.0036538461538461542,,
v2-fixed-iterations,fb_h6_k2_m15_d0_s42,fb_h6_k2_m15_d0,6,2,15,0,42,3;7,30,heldout,0.0,0.0,0.0,0.0,0.0,0.0,0.0,,,0.0
v2-fixed-iterations,fb_h6_k2_m15_d0_s42,fb_h6_k2_m15_d0,6,2,15,0,42,3;7,30,sabah,0.08674453035697434,0.04493959987581735,0.12272967686697069,0.15665282626563606,0.34575327022759933,0.14987808847763395,0.0,0.000910669030532652,0.011782297263222954,0.012142857142857143
v2-fixed-iterations,fb_h6_k2_m15_d0_s42,fb_h6_k2_m15_d0,6,2,15,0,42,3;7,30,sabah_o1,0.08991532266696471,0.04657552466657609,0.1235683554729075,0.1603221836940009,0.3541512495509407,0.1602872139275056,0.0,0.0009782145382850208,0.011932400842199868,0.012142857142857143
v2-fixed-iterations,fb_h6_k2_m15_d0_s42,fb_h6_k2_m15_d0,6,2,15,0,42,3;7,30,sabah_o2,0.032483660130718954,0.018192075163398692,0.13194444444444445,0.07419590643274854,0.043823529411764706,0.08611111111111111,0.0,0.0,,
v2-fixed-iterations,fb_h6_k2_m50_d0_s42,fb_h6_k2_m50_d0,6,2,50,0,42,3;7,100,heldout,0.0,0.0,0.0,0.0,0.0,0.0,0.0,,,0.0
v2-fixed-iterations,fb_h6_k2_m50_d0_s42,fb_h6_k2_m50_d0,6,2,50,0,42,3;7,100,sabah,0.13248699542047923,0.06914262956291473,0.20518419126221898,0.14850235921195304,0.48794139672377257,0.2901371306681606,0.0,0.0026133917157377218,0.014230053415204405,0.0
v2-fixed-iterations,fb_h6_k2_m50_d0_s42,fb_h6_k2_m50_d0,6,2,50,0,42,3;7,100,sabah_o1,0.13650393806615363,0.07162763086441615,0.2068387941043992,0.15285020315076447,0.4911130051515918,0.30989882622511133,0.0,0.003673216884553023,0.014338580135665576,0.0
v2-fixed-iterations,fb_h6_k2_m50_d0_s42,fb_h6_k2_m50_d0,6,2,50,0,42,3;7,100,sabah_o2,0.1271437017789572,0.07145676845299523,0.41488555257200954,0.11648011888781579,0.35063725490196074,0.15002088554720133,0.0,0.007916666666666666,,
v2-fixed-iterations,fb_h6_k2_mall_d0_s42,fb_h6_k2_mall_d0,6,2,all,0,42,3;7,119,heldout,0.0,0.0,0.0,0.0,0.0,0.0,0.0,,,0.0
v2-fixed-iterations,fb_h6_k2_mall_d0_s42,fb_h6_k2_mall_d0,6,2,all,0,42,3;7,119,sabah,0.13629893678915245,0.07469447825246374,0.24839355954057032,0.15783193508227839,0.4729660930306019,0.31286742400686435,0.0,0.0048869970504809325,0.011515135632474839,0.015557971014492755
v2-fixed-iterations,fb_h6_k2_mall_d0_s42,fb_h6_k2_mall_d0,6,2,all,0,42,3;7,119,sabah_o1,0.14053190867016072,0.07762332869121386,0.25445394668230553,0.16093224372742335,0.47542538687020863,0.3320284271964342,0.0,0.00549260902295301,0.011803587489927023,0.018441441441441442
v2-fixed-iterations,fb_h6_k2_mall_d0_s42,fb_h6_k2_mall_d0,6,2,all,0,42,3;7,119,sabah_o2,0.13801152362859023,0.07171129052019533,0.31785953094034336,0.1794793312207808,0.37106220095693787,0.17306722689075632,0.0,0.007916666666666666,,
v2-fixed-iterations,fb_h6_k2_m15_d1_s42,fb_h6_k2_m15_d1,6,2,15,1,42,2;3,30,heldout,0.025873767206243445,0.008657557783309707,0.05705936683912135,0.05046022353714662,0.0,0.0,0.10349506882497378,,,0.0
v2-fixed-iterations,fb_h6_k2_m15_d1_s42,fb_h6_k2_m15_d1,6,2,15,1,42,2;3,30,sabah,0.08173528483159806,0.033792811888454524,0.5502406981940451,0.08379745909882443,0.4375743816773229,0.016766620365672554,0.024600525681891156,0.011192403486924036,0.0002777777777777778,0.0
v2-fixed-iterations,fb_h6_k2_m15_d1_s42,fb_h6_k2_m15_d1,6,2,15,1,42,2;3,30,sabah_o1,0.08252182520336586,0.03398457443440398,0.569663130566611,0.08486086325056848,0.4393763083967418,0.017992843674626134,0.025370510759894126,0.012113510611155329,0.0002777777777777778,0.0
v2-fixed-iterations,fb_h6_k2_m15_d1_s42,fb_h6_k2_m15_d1,6,2,15,1,42,2;3,30,sabah_o2,0.11177727757009549,0.052105894501792815,0.3863057516685154,0.08519736842105263,0.3577606902373512,0.055,0.03146963216424294,0.0028787878787878787,,
v2-fixed-iterations,fb_h6_k2_m50_d1_s42,fb_h6_k2_m50_d1,6,2,50,1,42,2;3,100,heldout,0.0440483011915435,0.015056006090783414,0.0779728671150674,0.0616370808678501,0.0,0.0,0.176193204766174,,,0.0
v2-fixed-iterations,fb_h6_k2_m50_d1_s42,fb_h6_k2_m50_d1,6,2,50,1,42,2;3,100,sabah,0.10959038238569836,0.05022964184878959,0.5410745842469858,0.10948207151307215,0.5130155504400065,0.08206182221263338,0.02404869287779146,0.03607198312965413,4.694835680751174e-05,0.0022972972972972973
v2-fixed-iterations,fb_h6_k2_m50_d1_s42,fb_h6_k2_m50_d1,6,2,50,1,42,2;3,100,sabah_o1,0.10912191296795391,0.04996951551455279,0.5463711931129552,0.10964638149785393,0.518048774654142,0.07414391799770745,0.020889815255986058,0.03909731700732586,5.1652892561983477e-05,0.0025
v2-fixed-iterations,fb_h6_k2_m50_d1_s42,fb_h6_k2_m50_d1,6,2,50,1,42,2;3,100,sabah_o2,0.13827780420936125,0.07305121599905427,0.5945636070715801,0.13033625730994153,0.2757200243296134,0.16339285714285712,0.08233166869830784,0.03166666666666666,,
v2-fixed-iterations,fb_h6_k2_mall_d1_s42,fb_h6_k2_mall_d1,6,2,all,1,42,2;3,209,heldout,0.07407174787813098,0.028345469858049054,0.1054501115188789,0.08793556870479947,0.0,0.0,0.2962869915125239,,,0.0
v2-fixed-iterations,fb_h6_k2_mall_d1_s42,fb_h6_k2_mall_d1,6,2,all,1,42,2;3,209,sabah,0.12177756701066499,0.056622731449549595,0.25360539383326636,0.13890454545314965,0.5293049779847432,0.10554140276635768,0.06669689870553022,0.018742667570942177,0.007723205036416566,0.0026562499999999998
v2-fixed-iterations,fb_h6_k2_mall_d1_s42,fb_h6_k2_mall_d1,6,2,all,1,42,2;3,209,sabah_o1,0.12268726155825982,0.05698926881049574,0.2583766490983231,0.14073284198354996,0.5363751247377123,0.10127331298091351,0.06848326425830129,0.01933695622463816,0.007723876665234973,0.0029310344827586207
v2-fixed-iterations,fb_h6_k2_mall_d1_s42,fb_h6_k2_mall_d1,6,2,all,1,42,2;3,209,sabah_o2,0.1277198044947025,0.06329168591313221,0.4225844862849067,0.19616228070175437,0.23001689961586522,0.15272452185495666,0.10438779650798803,0.02375,,
v2-fixed-iterations,fb_h6_k4_m15_d0_s42,fb_h6_k4_m15_d0,6,4,15,0,42,2;3;4;5,60,heldout,0.0595573934360644,0.021391440463571144,0.09303423423394554,0.07593688362919132,0.0,0.0001923076923076923,0.23803726605194991,,,0.0
v2-fixed-iterations,fb_h6_k4_m15_d0_s42,fb_h6_k4_m15_d0,6,4,15,0,42,2;3;4;5,60,sabah,0.1300430540879162,0.06926579663868959,0.2932788351305532,0.15058225190061256,0.33008886597239684,0.28119684225815567,0.07416173782755844,0.04763557923973684,0.007413394467744711,0.03976190476190476
v2-fixed-iterations,fb_h6_k4_m15_d0_s42,fb_h6_k4_m15_d0,6,4,15,0,42,2;3;4;5,60,sabah_o1,0.1348588729849705,0.07278775409921552,0.3011564643584654,0.1544509948338745,0.33546091412141904,0.2986013063714971,0.0772869003153943,0.049639975974086904,0.007830807794092367,0.04033333333333333
v2-fixed-iterations,fb_h6_k4_m15_d0_s42,fb_h6_k4_m15_d0,6,4,15,0,42,2;3;4;5,60,sabah_o2,0.07101649807217018,0.029824067582194226,0.27875473394274936,0.1678348622284392,0.10627618916056544,0.11985714285714286,0.0460576602709724,0.011875,,
v2-fixed-iterations,fb_h6_k4_m50_d0_s42,fb_h6_k4_m50_d0,6,4,50,0,42,2;3;4;5,200,heldout,0.040637168560679574,0.015280860871015958,0.07042558061951233,0.055884286653517426,0.0,0.0001524390243902439,0.16239623521832805,,,0.0
v2-fixed-iterations,fb_h6_k4_m50_d0_s42,fb_h6_k4_m50_d0,6,4,50,0,42,2;3;4;5,200,sabah,0.17494662290501836,0.09420789455735394,0.26258208276322004,0.21902923118593576,0.5296037073956856,0.30686648679645867,0.09080894483185348,0.07582659532117134,0.012890803643795216,0.03368319944114565
v2-fixed-iterations,fb_h6_k4_m50_d0_s42,fb_h6_k4_m50_d0,6,4,50,0,42,2;3;4;5,200,sabah_o1,0.1804382037954412,0.09828200534465822,0.26619157663439574,0.22342432964795897,0.5328565764992408,0.32509997921103495,0.09354506929010704,0.0810523423565102,0.013228093059432455,0.036847162356321836
v2-fixed-iterations,fb_h6_k4_m50_d0_s42,fb_h6_k4_m50_d0,6,4,50,0,42,2;3;4;5,200,sabah_o2,0.15732578947191833,0.07324477102761115,0.3248491884886328,0.17386236858659937,0.3868617042050771,0.1508279220779221,0.09161353160467417,0.0,,
v2-fixed-iterations,fb_h6_k4_mall_d0_s42,fb_h6_k4_mall_d0,6,4,all,0,42,2;3;4;5,445,heldout,0.07999511782177797,0.03414745808157432,0.10318382865447252,0.08906416228537528,0.0,0.00026881720430107527,0.3197116540828108,,,0.0
v2-fixed-iterations,fb_h6_k4_mall_d0_s42,fb_h6_k4_mall_d0,6,4,all,0,42,2;3;4;5,445,sabah,0.20853735352087033,0.11704577515601203,0.33825895761382574,0.22415253278798716,0.5381509335378748,0.441286275120071,0.1178826735078032,0.0954680080106764,0.019162764300329788,0.03927346664846665
v2-fixed-iterations,fb_h6_k4_mall_d0_s42,fb_h6_k4_mall_d0,6,4,all,0,42,2;3;4;5,445,sabah_o1,0.21023272769409107,0.12004706286218904,0.33773171237676186,0.22570228130721007,0.5355964173502765,0.4463852866970308,0.11217168509019151,0.10098347854212714,0.019352496933892554,0.046907001551028095
v2-fixed-iterations,fb_h6_k4_mall_d0_s42,fb_h6_k4_mall_d0,6,4,all,0,42,2;3;4;5,445,sabah_o2,0.3310315781178759,0.15903705722926834,0.563496510738941,0.29806128843394325,0.660044327416442,0.47438174386000476,0.1857419078617235,0.003958333333333333,,
v2-fixed-iterations,fb_h6_k4_m15_d1_s42,fb_h6_k4_m15_d1,6,4,15,1,42,1;2;3;7,60,heldout,0.025262073123658923,0.008810320538173117,0.055732038490012174,0.042735042735042736,0.0,5.924170616113744e-05,0.10098905078847456,,,0.0
v2-fixed-iterations,fb_h6_k4_m15_d1_s42,fb_h6_k4_m15_d1,6,4,15,1,42,1;2;3;7,60,sabah,0.12442752837455585,0.06497158442485748,0.20521213485657194,0.15269609969744088,0.4039571698281008,0.2716694841850343,0.014992392770074282,0.04045832552094469,0.013126686832070071,0.0023611111111111107
v2-fixed-iterations,fb_h6_k4_m15_d1_s42,fb_h6_k4_m15_d1,6,4,15,1,42,1;2;3;7,60,sabah_o1,0.1262348179774761,0.0669878479560178,0.2087273829467777,0.1519817286240931,0.4049409754859963,0.28015329231775926,0.01601720509162043,0.04054320729330517,0.013178470100417956,0.002575757575757576
v2-fixed-iterations,fb_h6_k4_m15_d1_s42,fb_h6_k4_m15_d1,6,4,15,1,42,1;2;3;7,60,sabah_o2,0.16568443467901303,0.0709579505535574,0.2743553450086348,0.16604463935190505,0.339060851808233,0.2746185064935065,0.0015583804143126177,0.0475,,
v2-fixed-iterations,fb_h6_k4_m50_d1_s42,fb_h6_k4_m50_d1,6,4,50,1,42,1;2;3;7,200,heldout,0.024972189774330713,0.009573165677779494,0.06393813661703938,0.04176488510447234,0.0,0.0008333333333333333,0.09905542576398951,,,0.0
v2-fixed-iterations,fb_h6_k4_m50_d1_s42,fb_h6_k4_m50_d1,6,4,50,1,42,1;2;3;7,200,sabah,0.1507732574924834,0.0809558906422714,0.29944431722899434,0.17183067875113858,0.4781947825257925,0.30754172592830914,0.007733853442399001,0.05938023879591638,0.017009532497777632,0.03477941176470588
v2-fixed-iterations,fb_h6_k4_m50_d1_s42,fb_h6_k4_m50_d1,6,4,50,1,42,1;2;3;7,200,sabah_o1,0.15338775250967787,0.08349898420194278,0.294376466054764,0.174995825684697,0.47821747928042074,0.31581993256837165,0.008878863909979681,0.06154669350109705,0.017069686149075114,0.038793859649122804
v2-fixed-iterations,fb_h6_k4_m50_d1_s42,fb_h6_k4_m50_d1,6,4,50,1,42,1;2;3;7,200,sabah_o2,0.18537713224487604,0.08477007467480208,0.42370905428699673,0.151845003912111,0.46771416900093365,0.2613619275461381,0.012432432432432434,0.0,,
v2-fixed-iterations,fb_h6_k4_mall_d1_s42,fb_h6_k4_mall_d1,6,4,all,1,42,1;2;3;7,368,heldout,0.03772339138720733,0.014427134017231114,0.0783509927993715,0.05362062666873698,0.0,0.0027777777777777775,0.14811578777105155,,,0.0
v2-fixed-iterations,fb_h6_k4_mall_d1_s42,fb_h6_k4_mall_d1,6,4,all,1,42,1;2;3;7,368,sabah,0.20296403486112258,0.11618764164362401,0.32247858734402735,0.2525536210633466,0.5070739348872286,0.3734765867576946,0.029793754933193764,0.07038924460087162,0.04371735465441352,0.19333333333333336
v2-fixed-iterations,fb_h6_k4_mall_d1_s42,fb_h6_k4_mall_d1,6,4,all,1,42,1;2;3;7,368,sabah_o1,0.2033595713266663,0.11735116103153523,0.32150356238865,0.2537066971770638,0.5127320881680995,0.3679070946657004,0.02770901823507494,0.0746774299479726,0.04379846360981693,0.19333333333333336
v2-fixed-iterations,fb_h6_k4_mall_d1_s42,fb_h6_k4_mall_d1,6,4,all,1,42,1;2;3;7,368,sabah_o2,0.21157777329493044,0.10386249107524818,0.36326312947104905,0.21290204678362573,0.24076270042218323,0.5067908005229709,0.09875759223456763,0.0,,
v2-fixed-iterations,fb_h6_k7_m15_d0_s42,fb_h6_k7_m15_d0,6,7,15,0,42,0;1;2;3;4;5;7,105,heldout,0.007812944668718146,0.0028188414495329767,0.03789592760180995,0.0220249835634451,0.0,0.0,0.03125177867487258,,,0.0
v2-fixed-iterations,fb_h6_k7_m15_d0_s42,fb_h6_k7_m15_d0,6,7,15,0,42,0;1;2;3;4;5;7,105,sabah,0.15453779237511325,0.08721214011226747,0.2776421361688976,0.16206675931322492,0.46189845267006324,0.37120331591464417,0.020744272983709032,0.06199569532406596,0.004002113376932497,0.007382903981264637
v2-fixed-iterations,fb_h6_k7_m15_d0_s42,fb_h6_k7_m15_d0,6,7,15,0,42,0;1;2;3;4;5;7,105,sabah_o1,0.16081797988730798,0.09169864514951846,0.27914725073820207,0.16725032918382388,0.4658332328983899,0.3968302168647018,0.02457205108284714,0.06506979277609327,0.004064706913936886,0.008537878787878789
v2-fixed-iterations,fb_h6_k7_m15_d0_s42,fb_h6_k7_m15_d0,6,7,15,0,42,0;1;2;3;4;5;7,105,sabah_o2,0.13552916135796572,0.061724369682250126,0.6238580475952781,0.13038938894059138,0.2558666454318629,0.19125000000000003,0.0,0.095,,
v2-fixed-iterations,fb_h6_k7_m50_d0_s42,fb_h6_k7_m50_d0,6,7,50,0,42,0;1;2;3;4;5;7,350,heldout,0.02856688561561493,0.01272169522700714,0.03274431511331235,0.22462155834576097,0.0,0.0005,0.10679571147654424,,,0.0069718309859154925
v2-fixed-iterations,fb_h6_k7_m50_d0_s42,fb_h6_k7_m50_d0,6,7,50,0,42,0;1;2;3;4;5;7,350,sabah,0.2234158863336582,0.11748926334741487,0.3332667961635121,0.258681775027873,0.5012783200357533,0.44156744141429594,0.035097786680487866,0.08354756425483782,0.02608068211707662,0.2529235234994975
v2-fixed-iterations,fb_h6_k7_m50_d0_s42,fb_h6_k7_m50_d0,6,7,50,0,42,0;1;2;3;4;5;7,350,sabah_o1,0.22839511773018262,0.1212191994640262,0.3419957275570644,0.2623686220484113,0.49870608479182615,0.4560734922688423,0.03282836075633126,0.08776623551860555,0.026142762912023637,0.26885377013346673
v2-fixed-iterations,fb_h6_k7_m50_d0_s42,fb_h6_k7_m50_d0,6,7,50,0,42,0;1;2;3;4;5;7,350,sabah_o2,0.2541111607613513,0.13341089064040426,0.41651093229957004,0.27437633026259756,0.5701539942900238,0.37186694884063304,0.07442369991474851,0.0,,
v2-fixed-iterations,fb_h6_k7_mall_d0_s42,fb_h6_k7_mall_d0,6,7,all,0,42,0;1;2;3;4;5;7,745,heldout,0.09878879738448743,0.051100471481995334,0.14806631481926064,0.29949006590657623,0.0,0.0022727272727272726,0.1977038908366511,,,0.19517857142857134
v2-fixed-iterations,fb_h6_k7_mall_d0_s42,fb_h6_k7_mall_d0,6,7,all,0,42,0;1;2;3;4;5;7,745,sabah,0.2846930327124388,0.16497993043572715,0.4188537070419854,0.29568436650899693,0.49564902055199983,0.5565064016196625,0.09413033709888266,0.10101825185373939,0.04605530478543035,0.4147988803649181
v2-fixed-iterations,fb_h6_k7_mall_d0_s42,fb_h6_k7_mall_d0,6,7,all,0,42,0;1;2;3;4;5;7,745,sabah_o1,0.28931369426322734,0.16925376635241504,0.4739765292399702,0.2788691874301666,0.48780968389142204,0.5588955096490699,0.09291396003646772,0.1066329037521177,0.04663423010868863,0.4429958781415983
v2-fixed-iterations,fb_h6_k7_mall_d0_s42,fb_h6_k7_mall_d0,6,7,all,0,42,0;1;2;3;4;5;7,745,sabah_o2,0.3802060432411487,0.2181861548466045,0.47170996239276086,0.352767361767666,0.8180543254423853,0.5542881053913962,0.1482171181753814,0.0002646239554317549,,
v2-fixed-iterations,fb_h7_k1_m15_d0_s42,fb_h7_k1_m15_d0,7,1,15,0,42,4,15,heldout,0.11430537198133031,0.09145742531938879,0.1990076991667853,0.08747001148681001,,0.4329762622435037,,0.0025492196299275946,0.0010710060518898954,0.020624999999999998
v2-fixed-iterations,fb_h7_k1_m15_d0_s42,fb_h7_k1_m15_d0,7,1,15,0,42,4,15,sabah,0.049326055752057014,0.027347776220835278,0.12990671544311283,0.06106861872402395,0.0027579048830937676,0.2329285403333592,0.0,0.051006679351926695,0.007398803164301433,0.001864406779661017
v2-fixed-iterations,fb_h7_k1_m15_d0_s42,fb_h7_k1_m15_d0,7,1,15,0,42,4,15,sabah_o1,0.05279826125283155,0.029281206620530503,0.1308962431400382,0.06386082910734185,0.0027717215534710203,0.2522020745522919,0.0,0.052074459445669026,0.007777026251271724,0.0019642857142857144
v2-fixed-iterations,fb_h7_k1_m15_d0_s42,fb_h7_k1_m15_d0,7,1,15,0,42,4,15,sabah_o2,0.021550675675675673,0.013040202702702702,0.4107104342406763,0.020833333333333332,0.0,0.0862027027027027,0.0,0.0,,
v2-fixed-iterations,fb_h7_k1_m50_d0_s42,fb_h7_k1_m50_d0,7,1,50,0,42,4,50,heldout,0.15186590027028005,0.1059003039584188,0.38309059751791197,0.15743950697357667,,0.4799778985507246,,0.014873802566822953,0.03585726707593475,0.07675463288763781
v2-fixed-iterations,fb_h7_k1_m50_d0_s42,fb_h7_k1_m50_d0,7,1,50,0,42,4,50,sabah,0.07783006496342094,0.04209228085530374,0.2511345127213614,0.10156632862746767,0.029101102057913417,0.2969376149577294,0.0,0.0667024753214947,0.010610785944498723,0.06362841149888943
v2-fixed-iterations,fb_h7_k1_m50_d0_s42,fb_h7_k1_m50_d0,7,1,50,0,42,4,50,sabah_o1,0.08311786921113404,0.04573212909483818,0.25359748209743943,0.10573919451173869,0.03068634502263751,0.32123931766503916,0.0,0.07080116465354612,0.011209790167175427,0.06477059775840599
v2-fixed-iterations,fb_h7_k1_m50_d0_s42,fb_h7_k1_m50_d0,7,1,50,0,42,4,50,sabah_o2,0.017914078531418114,0.006203749792024846,0.04878518594616807,0.06666666666666667,0.0,0.07133097165991903,0.0,0.0003253424657534247,,
v2-fixed-iterations,fb_h7_k1_mall_d0_s42,fb_h7_k1_mall_d0,7,1,all,0,42,4,101,heldout,0.1381249784855299,0.09587258224143738,0.35870232695220305,0.17374111900619832,,0.41416970503819267,,0.02525435939154947,0.018118982707684604,0.0949568668046929
v2-fixed-iterations,fb_h7_k1_mall_d0_s42,fb_h7_k1_mall_d0,7,1,all,0,42,4,101,sabah,0.08160532415301282,0.041145040129322116,0.18459510729715145,0.13040590455018083,0.025991981180795813,0.2719180586808799,0.0,0.07372332501281312,0.007998580043588121,0.11
v2-fixed-iterations,fb_h7_k1_mall_d0_s42,fb_h7_k1_mall_d0,7,1,all,0,42,4,101,sabah_o1,0.08523840052594255,0.04342801390548715,0.18714047070950765,0.13372066744271158,0.026057755581962452,0.2867302253811893,0.0,0.07595765217235126,0.00845400078938299,0.11423076923076923
v2-fixed-iterations,fb_h7_k1_mall_d0_s42,fb_h7_k1_mall_d0,7,1,all,0,42,4,101,sabah_o2,0.0393213790634616,0.024609627083835333,0.06781049563077673,0.04861111111111111,0.0,0.1571031746031746,0.0,0.00018234165067178504,,
v2-fixed-iterations,fb_h7_k1_m15_d1_s42,fb_h7_k1_m15_d1,7,1,15,1,42,6,15,heldout,0.0001483050847457627,0.0001483050847457627,0.002717391304347826,0.008620689655172414,,0.0005932203389830508,,0.0,0.0,0.0
v2-fixed-iterations,fb_h7_k1_m15_d1_s42,fb_h7_k1_m15_d1,7,1,15,1,42,6,15,sabah,0.052765346602509644,0.03239993313561367,0.08517546751003512,0.053763440860215055,0.0,0.023941516414816795,0.2926505632002411,0.0,0.0,0.0
v2-fixed-iterations,fb_h7_k1_m15_d1_s42,fb_h7_k1_m15_d1,7,1,15,1,42,6,15,sabah_o1,0.05518846178658019,0.034100945289943896,0.08597793596900988,0.055459770114942526,0.0,0.026605504086345835,0.30452526663313534,0.0,0.0,0.0
v2-fixed-iterations,fb_h7_k1_m15_d1_s42,fb_h7_k1_m15_d1,7,1,15,1,42,6,15,sabah_o2,0.033201191752757354,0.01449584401333981,0.32026571699733486,0.05625,0.0,0.0035714285714285713,0.12923333843960086,0.0,,
v2-fixed-iterations,fb_h7_k1_m50_d1_s42,fb_h7_k1_m50_d1,7,1,50,1,42,6,50,heldout,0.0,0.0,0.0,0.0,,0.0,,0.0,0.0,0.0
v2-fixed-iterations,fb_h7_k1_m50_d1_s42,fb_h7_k1_m50_d1,7,1,50,1,42,6,50,sabah,0.04715156632404993,0.02968680011612647,0.25095960506435816,0.05941736982488452,0.0,0.001075268817204301,0.28183412912709527,0.0,0.0,0.0
v2-fixed-iterations,fb_h7_k1_m50_d1_s42,fb_h7_k1_m50_d1,7,1,50,1,42,6,50,sabah_o1,0.0507309293077478,0.031943027939105785,0.25387253504542967,0.06212702421790351,0.0,0.0014846063359428873,0.3029009695105439,0.0,0.0,0.0
v2-fixed-iterations,fb_h7_k1_m50_d1_s42,fb_h7_k1_m50_d1,7,1,50,1,42,6,50,sabah_o2,0.01195714686511735,0.006402207291959711,0.5640081331170957,0.03125,0.0,0.0,0.0478285874604694,0.0,,
v2-fixed-iterations,fb_h7_k1_mall_d1_s42,fb_h7_k1_mall_d1,7,1,all,1,42,6,82,heldout,0.0,0.0,0.0,0.0,,0.0,,0.0,0.0,0.0
v2-fixed-iterations,fb_h7_k1_mall_d1_s42,fb_h7_k1_mall_d1,7,1,all,1,42,6,82,sabah,0.04992512448348355,0.03304459275401463,0.4346573200222596,0.053763440860215055,0.0,0.015450306014683616,0.2841004408862177,0.0,0.0,0.0
v2-fixed-iterations,fb_h7_k1_mall_d1_s42,fb_h7_k1_mall_d1,7,1,all,1,42,6,82,sabah_o1,0.05354002175302907,0.035535006178383184,0.4365900469628307,0.056609195402298855,0.0,0.01841610451867118,0.3028240259995032,0.0,0.0,0.0
v2-fixed-iterations,fb_h7_k1_mall_d1_s42,fb_h7_k1_mall_d1,7,1,all,1,42,6,82,sabah_o2,0.013846387253382917,0.008876234680946872,0.5745990094911092,0.01875,0.0,0.0,0.05538554901353167,0.0,,
v2-fixed-iterations,fb_h7_k2_m15_d0_s42,fb_h7_k2_m15_d0,7,2,15,0,42,0;2,30,heldout,0.11401814265832037,0.08494648516715528,0.37427672501429765,0.08620689655172414,,0.45599738266335665,,0.0,7.518796992481203e-05,0.0
v2-fixed-iterations,fb_h7_k2_m15_d0_s42,fb_h7_k2_m15_d0,7,2,15,0,42,0;2,30,sabah,0.0984309687514065,0.04626023774405492,0.37364348206841314,0.1079593240513369,0.35636062636264315,0.18468638880177984,0.013150601608047987,0.011838249544910662,0.0032999461910572796,0.021249999999999998
v2-fixed-iterations,fb_h7_k2_m15_d0_s42,fb_h7_k2_m15_d0,7,2,15,0,42,0;2,30,sabah_o1,0.10054372771253857,0.04790671526884201,0.3736585572390492,0.11012721964574479,0.36294778415092444,0.18961237468053385,0.01335499940523285,0.012325671080928458,0.0037715369576119496,0.021249999999999998
v2-fixed-iterations,fb_h7_k2_m15_d0_s42,fb_h7_k2_m15_d0,7,2,15,0,42,0;2,30,sabah_o2,0.056008695803540405,0.02661460767098517,0.06722733558033013,0.19009502923976607,0.05952830188679245,0.14965384615384614,0.014852635173523024,0.0,,
v2-fixed-iterations,fb_h7_k2_m50_d0_s42,fb_h7_k2_m50_d0,7,2,50,0,42,0;2,100,heldout,0.10012704676127994,0.06220434031254871,0.23895748347667012,0.0974936960955945,,0.3035389786448695,,2.3659305993690853e-05,0.008195549094256575,0.08875
v2-fixed-iterations,fb_h7_k2_m50_d0_s42,fb_h7_k2_m50_d0,7,2,50,0,42,0;2,100,sabah,0.14067092104200668,0.07385262595967482,0.27255263449133643,0.15575098934667184,0.4931621061778268,0.31115651745312367,0.015467058462147167,0.017803671221924316,0.006436172937018152,0.0
v2-fixed-iterations,fb_h7_k2_m50_d0_s42,fb_h7_k2_m50_d0,7,2,50,0,42,0;2,100,sabah_o1,0.1406527572499521,0.07496118705231139,0.276317724327589,0.1574110834045176,0.4989567442441222,0.30458647061644495,0.01504993574236833,0.018091661980731588,0.007231730916045515,0.0
v2-fixed-iterations,fb_h7_k2_m50_d0_s42,fb_h7_k2_m50_d0,7,2,50,0,42,0;2,100,sabah_o2,0.1798889561091448,0.08738383639880005,0.35304473373377665,0.17198894527454547,0.23256031574537517,0.4220334715598867,0.04912870379798392,0.01583333333333333,,
v2-fixed-iterations,fb_h7_k2_mall_d0_s42,fb_h7_k2_mall_d0,7,2,all,0,42,0;2,288,heldout,0.18892840914190986,0.1421564404928563,0.24319546259996005,0.1953875763562094,,0.5303354711752541,,0.0010250569476082006,0.018764873150659462,0.20558823529411765
v2-fixed-iterations,fb_h7_k2_mall_d0_s42,fb_h7_k2_mall_d0,7,2,all,0,42,0;2,288,sabah,0.19002812696981267,0.10137607860295121,0.3791725226015464,0.18963954762558285,0.49681304073632215,0.4224021765967033,0.05298742665241168,0.043661104287008944,0.037937492178908655,0.08636752136752138
v2-fixed-iterations,fb_h7_k2_mall_d0_s42,fb_h7_k2_mall_d0,7,2,all,0,42,0;2,288,sabah_o1,0.19264629139213577,0.10317063293083575,0.37053102379036357,0.1935389545849253,0.49996354902451967,0.4229407729275415,0.05271948448291196,0.05461376600334039,0.03910171437603968,0.08653846153846154
v2-fixed-iterations,fb_h7_k2_mall_d0_s42,fb_h7_k2_mall_d0,7,2,all,0,42,0;2,288,sabah_o2,0.28464017616289006,0.15676944668689524,0.4588841581433513,0.25651769044559214,0.5363444309927361,0.4891751327955932,0.10440477722686721,0.008636363636363636,,
v2-fixed-iterations,fb_h7_k2_m15_d1_s42,fb_h7_k2_m15_d1,7,2,15,1,42,1;4,30,heldout,0.10050388545238781,0.07174640160815302,0.12016461891121291,0.1675410718419858,,0.35957142857142854,,0.00878218141994085,0.003510416666666667,0.03015151515151515
v2-fixed-iterations,fb_h7_k2_m15_d1_s42,fb_h7_k2_m15_d1,7,2,15,1,42,1;4,30,sabah,0.07549350326942224,0.03529064778200002,0.274323112220475,0.08767794707966033,0.16064550124126628,0.20045619055809027,0.0,0.04813868114702858,0.0012206466701483263,0.042499999999999996
v2-fixed-iterations,fb_h7_k2_m15_d1_s42,fb_h7_k2_m15_d1,7,2,15,1,42,1;4,30,sabah_o1,0.07876314750043087,0.036958419211897506,0.296550985332601,0.09053567633532261,0.1641131806045768,0.21398343241966503,0.0,0.05066896917665713,0.0013133028016862867,0.042499999999999996
v2-fixed-iterations,fb_h7_k2_m15_d1_s42,fb_h7_k2_m15_d1,7,2,15,1,42,1;4,30,sabah_o2,0.05232738095238096,0.024482735413985414,0.09635939878234398,0.12551169590643274,0.046309523809523814,0.1155,0.0,0.0475,,
v2-fixed-iterations,fb_h7_k2_m50_d1_s42,fb_h7_k2_m50_d1,7,2,50,1,42,1;4,100,heldout,0.15060246001568528,0.11400472546811828,0.3655987757466401,0.16388075288812248,,0.41457498504126855,,0.013920787649824205,0.006431932020660623,0.1674821353509878
v2-fixed-iterations,fb_h7_k2_m50_d1_s42,fb_h7_k2_m50_d1,7,2,50,1,42,1;4,100,sabah,0.09444912783454185,0.05202086152319244,0.24847829171349775,0.11744868912117461,0.18021408679687884,0.275015849073735,0.0,0.07540519454651838,0.013487322540532094,0.022572314049586775
v2-fixed-iterations,fb_h7_k2_m50_d1_s42,fb_h7_k2_m50_d1,7,2,50,1,42,1;4,100,sabah_o1,0.09960941456150403,0.055768640841543246,0.25126806342090957,0.12101402501711778,0.1839884769071317,0.29865579865693853,0.0,0.07850255666007643,0.013856146372947785,0.022653508771929825
v2-fixed-iterations,fb_h7_k2_m50_d1_s42,fb_h7_k2_m50_d1,7,2,50,1,42,1;4,100,sabah_o2,0.022362132352941176,0.0108,0.0533625730994152,0.07346491228070175,0.025698529411764703,0.06375,0.0,0.0,,
v2-fixed-iterations,fb_h7_k2_mall_d1_s42,fb_h7_k2_mall_d1,7,2,all,1,42,1;4,203,heldout,0.13206634239287174,0.09068344065307624,0.28160337240133904,0.1432528571105861,,0.364582076728978,,0.04048882824424914,0.02748393828247025,0.09571052631578947
v2-fixed-iterations,fb_h7_k2_mall_d1_s42,fb_h7_k2_mall_d1,7,2,all,1,42,1;4,203,sabah,0.10722672166034568,0.06283178199030172,0.24219994104278328,0.14714727376694012,0.11973570051190802,0.36099711368035714,0.0,0.09457345620615427,0.03143397815252851,0.036620081411126194
v2-fixed-iterations,fb_h7_k2_mall_d1_s42,fb_h7_k2_mall_d1,7,2,all,1,42,1;4,203,sabah_o1,0.11146253866154453,0.06661386766097037,0.24856375486644366,0.14974839892875172,0.12373741932519132,0.3784167528339708,0.0,0.09756938991475492,0.03197776006534275,0.03707390983000739
v2-fixed-iterations,fb_h7_k2_mall_d1_s42,fb_h7_k2_mall_d1,7,2,all,1,42,1;4,203,sabah_o2,0.06747969380208453,0.033240316881676155,0.16918218365282287,0.06871345029239766,0.041595698285261176,0.22832307692307696,0.0,0.0,,
v2-fixed-iterations,fb_h7_k4_m15_d0_s42,fb_h7_k4_m15_d0,7,4,15,0,42,1;2;3;6,60,heldout,0.05919778441664665,0.042968938518863506,0.1105817900213889,0.13253266141305392,,0.1498239750445633,,0.0026179708302085706,0.004349191791814743,0.08
v2-fixed-iterations,fb_h7_k4_m15_d0_s42,fb_h7_k4_m15_d0,7,4,15,0,42,1;2;3;6,60,sabah,0.11891157614588638,0.060148125222762104,0.3490344212216277,0.13815840010592292,0.3463000982421805,0.09983264568249206,0.18118187213292647,0.035020830345043684,0.006011059653003387,0.04512295081967213
v2-fixed-iterations,fb_h7_k4_m15_d0_s42,fb_h7_k4_m15_d0,7,4,15,0,42,1;2;3;6,60,sabah_o1,0.12131974991616969,0.06182665511825657,0.3663811570155238,0.13964279233241292,0.34422257233492815,0.10360679397994131,0.1933030842710455,0.035391188560196095,0.006087842807047463,0.04530701754385965
v2-fixed-iterations,fb_h7_k4_m15_d0_s42,fb_h7_k4_m15_d0,7,4,15,0,42,1;2;3;6,60,sabah_o2,0.12291013680841617,0.058079434247646076,0.3802839136243422,0.1560458763198368,0.39020851547473334,0.0894047619047619,0.012027269854169489,0.0,,
v2-fixed-iterations,fb_h7_k4_m50_d0_s42,fb_h7_k4_m50_d0,7,4,50,0,42,1;2;3;6,200,heldout,0.1503943765340972,0.10728345832764233,0.13926373485852456,0.2934127022678126,,0.39149727767695097,,0.0032730379275927,0.010322228125830182,0.19648496240601504
v2-fixed-iterations,fb_h7_k4_m50_d0_s42,fb_h7_k4_m50_d0,7,4,50,0,42,1;2;3;6,200,sabah,0.16224923193911492,0.09414009035661855,0.26882285606665707,0.17874655497653189,0.4092160176802331,0.28528133577636045,0.18989711480124927,0.06212684419986457,0.006336148142499505,0.02063793103448276
v2-fixed-iterations,fb_h7_k4_m50_d0_s42,fb_h7_k4_m50_d0,7,4,50,0,42,1;2;3;6,200,sabah_o1,0.16595940770855083,0.09691078365915438,0.2700860008617411,0.18105067039050063,0.41410452999247294,0.2911551009960503,0.19643014483015925,0.06595354548426748,0.006381067532086972,0.02173205741626794
v2-fixed-iterations,fb_h7_k4_m50_d0_s42,fb_h7_k4_m50_d0,7,4,50,0,42,1;2;3;6,200,sabah_o2,0.12461635769891558,0.07384608246323746,0.30996957947745124,0.17196637426900585,0.17012626976377682,0.23852056612118533,0.08981859491070018,0.0,,
v2-fixed-iterations,fb_h7_k4_mall_d0_s42,fb_h7_k4_mall_d0,7,4,all,0,42,1;2;3;6,393,heldout,0.1361834106906322,0.10472877402826768,0.20250076730369684,0.17824745164565908,,0.24364636463739917,,0.0037503508611672577,0.011496426664841021,0.2858405005991213
v2-fixed-iterations,fb_h7_k4_mall_d0_s42,fb_h7_k4_mall_d0,7,4,all,0,42,1;2;3;6,393,sabah,0.1861445414342248,0.10525613483391728,0.34066820580770796,0.1848702972476648,0.48493316900810873,0.30389002628099704,0.13720255001866938,0.06926998394780975,0.013332082730045613,0.10823943661971831
v2-fixed-iterations,fb_h7_k4_mall_d0_s42,fb_h7_k4_mall_d0,7,4,all,0,42,1;2;3;6,393,sabah_o1,0.18673738906981904,0.10546659301914056,0.3570983241694587,0.17802035508776168,0.48665777947222155,0.28925563947610256,0.14138691160226372,0.07178579388467157,0.013338209983654968,0.118
v2-fixed-iterations,fb_h7_k4_mall_d0_s42,fb_h7_k4_mall_d0,7,4,all,0,42,1;2;3;6,393,sabah_o2,0.2376975782768715,0.14130680997600537,0.37159982071805725,0.25241228070175437,0.37464072090588557,0.48280195681511473,0.09334763538648574,0.0,,
v2-fixed-iterations,fb_h7_k4_m15_d1_s42,fb_h7_k4_m15_d1,7,4,15,1,42,0;1;2;6,60,heldout,0.12040046186118081,0.09642332159229909,0.169354740373038,0.12216458142610112,,0.47367824714708456,,7.451564828614009e-05,0.007849084649352545,0.0
v2-fixed-iterations,fb_h7_k4_m15_d1_s42,fb_h7_k4_m15_d1,7,4,15,1,42,0;1;2;6,60,sabah,0.13255332892560787,0.07228085204423307,0.265752252059174,0.15830030600508205,0.35424410209894264,0.18665805211805425,0.17361134353836571,0.05549438833957289,0.025312087458711698,0.0
v2-fixed-iterations,fb_h7_k4_m15_d1_s42,fb_h7_k4_m15_d1,7,4,15,1,42,0;1;2;6,60,sabah_o1,0.13493293752616467,0.0739493744081108,0.2725558099225623,0.1595132887900795,0.35980316075857877,0.18853027917823761,0.17732074523949715,0.05781418245133809,0.026129257529336432,0.0
v2-fixed-iterations,fb_h7_k4_m15_d1_s42,fb_h7_k4_m15_d1,7,4,15,1,42,0;1;2;6,60,sabah_o2,0.11666696295437742,0.06131608868194044,0.25297774438963017,0.14662978464619802,0.15666666666666668,0.18831895078605607,0.11736405254660513,0.004318181818181818,,
v2-fixed-iterations,fb_h7_k4_m50_d1_s42,fb_h7_k4_m50_d1,7,4,50,1,42,0;1;2;6,200,heldout,0.08984247479991253,0.07341874421709262,0.3738125207107442,0.12983599663582843,,0.3232099510269585,,0.01164835348013947,0.005136594692552189,0.019375000000000003
v2-fixed-iterations,fb_h7_k4_m50_d1_s42,fb_h7_k4_m50_d1,7,4,50,1,42,0;1;2;6,200,sabah,0.18496973872562883,0.10510308606138921,0.25768719741435525,0.2099573493417136,0.42708489419546186,0.4258473485130785,0.12188496324279385,0.08341067602956966,0.020932655636026934,0.030657894736842106
v2-fixed-iterations,fb_h7_k4_m50_d1_s42,fb_h7_k4_m50_d1,7,4,50,1,42,0;1;2;6,200,sabah_o1,0.1871543794025362,0.10697204650033652,0.2592729439414239,0.21190367692549614,0.4321890530374334,0.420260928884898,0.12632805617712084,0.08869587373881507,0.022023793148378483,0.03342857142857143
v2-fixed-iterations,fb_h7_k4_m50_d1_s42,fb_h7_k4_m50_d1,7,4,50,1,42,0;1;2;6,200,sabah_o2,0.19302406902371871,0.11422136742224179,0.268896020284401,0.16798245614035087,0.1796325938981585,0.5273867217062264,0.06507696049048989,0.0,,
v2-fixed-iterations,fb_h7_k4_mall_d1_s42,fb_h7_k4_mall_d1,7,4,all,1,42,0;1;2;6,472,heldout,0.15884310626845904,0.12272548454248593,0.27604259209322446,0.24769446064680517,,0.34817079799470574,,0.025627837778538963,0.007310493746973299,0.25426329555361815
v2-fixed-iterations,fb_h7_k4_mall_d1_s42,fb_h7_k4_mall_d1,7,4,all,1,42,0;1;2;6,472,sabah,0.21949644214561173,0.12846596345872416,0.3611313822838606,0.23475029734261407,0.5058561101515078,0.49728659216614557,0.16873117244183294,0.07989337582470896,0.05771140228947518,0.007500000000000001
v2-fixed-iterations,fb_h7_k4_mall_d1_s42,fb_h7_k4_mall_d1,7,4,all,1,42,0;1;2;6,472,sabah_o1,0.22051599333688943,0.13020129724366644,0.365422621148252,0.23622718606820428,0.504646081032384,0.4911586417602652,0.172060223759048,0.08760035965395901,0.057924771462739,0.009705882352941179
v2-fixed-iterations,fb_h7_k4_mall_d1_s42,fb_h7_k4_mall_d1,7,4,all,1,42,0;1;2;6,472,sabah_o2,0.33209478160018,0.18942013527648807,0.4544808010515884,0.28644005847953213,0.6035418455452131,0.5997981765310714,0.1250391043244356,0.0,,
v2-fixed-iterations,fb_h7_k7_m15_d0_s42,fb_h7_k7_m15_d0,7,7,15,0,42,0;1;2;3;4;5;6,105,heldout,0.07318581499195394,0.06264826161936236,0.07541921846410679,0.17793748691787226,,0.2724433044859735,,0.004340125477426945,0.004959830004415303,0.011
v2-fixed-iterations,fb_h7_k7_m15_d0_s42,fb_h7_k7_m15_d0,7,7,15,0,42,0;1;2;3;4;5;6,105,sabah,0.19446431003046208,0.11579562147250412,0.3137615170529703,0.21157733513552232,0.44844056306862634,0.3868152485837533,0.2034684253256096,0.06296141698718183,0.006100206217601477,0.059
v2-fixed-iterations,fb_h7_k7_m15_d0_s42,fb_h7_k7_m15_d0,7,7,15,0,42,0;1;2;3;4;5;6,105,sabah_o1,0.1995845452323399,0.12013598645283077,0.3173830456966074,0.21611806083350416,0.44730613025752225,0.40170042330130795,0.2144731333193834,0.06435697976662458,0.006261513840110029,0.06340909090909091
v2-fixed-iterations,fb_h7_k7_m15_d0_s42,fb_h7_k7_m15_d0,7,7,15,0,42,0;1;2;3;4;5;6,105,sabah_o2,0.18480415157526855,0.10192883811925921,0.3391909463022949,0.2020508555572906,0.4228663387249374,0.2706926406926407,0.04113381735968674,0.004523809523809524,,
v2-fixed-iterations,fb_h7_k7_m50_d0_s42,fb_h7_k7_m50_d0,7,7,50,0,42,0;1;2;3;4;5;6,350,heldout,0.2206243042269755,0.16500623236327167,0.301640483429418,0.281613292238314,,0.4695215388241104,,0.010979982856836391,0.06499694835978712,0.33699874686716796
v2-fixed-iterations,fb_h7_k7_m50_d0_s42,fb_h7_k7_m50_d0,7,7,50,0,42,0;1;2;3;4;5;6,350,sabah,0.24033119133220068,0.13873200464772323,0.4478014564274186,0.23434359923767098,0.4930074077347466,0.476732197734801,0.21533949581672668,0.08953986443791807,0.020879425863259398,0.14648875640575226
v2-fixed-iterations,fb_h7_k7_m50_d0_s42,fb_h7_k7_m50_d0,7,7,50,0,42,0;1;2;3;4;5;6,350,sabah_o1,0.24901645582139,0.1438478310767099,0.46702474917934894,0.23919389275816386,0.4931175275487645,0.4817828625444608,0.2271918087760177,0.0955288440367276,0.020984732530617736,0.17549295949175164
v2-fixed-iterations,fb_h7_k7_m50_d0_s42,fb_h7_k7_m50_d0,7,7,50,0,42,0;1;2;3;4;5;6,350,sabah_o2,0.26019188420100414,0.14633987974135154,0.4816832483839079,0.2088159773297393,0.5028397266984224,0.45586188204852013,0.07793549327446532,0.004130434782608695,,
v2-fixed-iterations,fb_h7_k7_mall_d0_s42,fb_h7_k7_mall_d0,7,7,all,0,42,0;1;2;3;4;5;6,770,heldout,0.23625611790128587,0.1792421428247884,0.26038256175663477,0.322553321648194,,0.5883749173753218,,0.05208035638666243,0.026161639655808318,0.27840755818735097
v2-fixed-iterations,fb_h7_k7_mall_d0_s42,fb_h7_k7_mall_d0,7,7,all,0,42,0;1;2;3;4;5;6,770,sabah,0.2558811119447052,0.153290925646948,0.3495639651316042,0.33334011878911474,0.5209516030811014,0.553266980337697,0.2165156261356675,0.09234714893403095,0.05745483101965719,0.09475048216007714
v2-fixed-iterations,fb_h7_k7_mall_d0_s42,fb_h7_k7_mall_d0,7,7,all,0,42,0;1;2;3;4;5;6,770,sabah_o1,0.26645136001400727,0.15823385261225512,0.36092648958921886,0.3379976636430506,0.5167426514177377,0.5574279312890168,0.22029959831299095,0.10055597985202469,0.05784398713126668,0.14583801208100688
v2-fixed-iterations,fb_h7_k7_mall_d0_s42,fb_h7_k7_mall_d0,7,7,all,0,42,0;1;2;3;4;5;6,770,sabah_o2,0.37155654193758836,0.22950031929960044,0.4735375301898623,0.3322800385835506,0.6572292844776364,0.6540194388520851,0.17497744442063212,0.0,,
v2-fixed-iterations,fb_h0_k1_m15_d0_s1,fb_h0_k1_m15_d0,0,1,15,0,1,7,15,heldout,0.023525346800970664,0.015461207396644104,0.08617308615808186,0.03130081300813008,0.0,0.0592878153274628,,0.0,5.585344057193923e-06,0.058333333333333334
v2-fixed-iterations,fb_h0_k1_m15_d0_s1,fb_h0_k1_m15_d0,0,1,15,0,1,7,15,sabah,0.014825222717906567,0.008284725123865237,0.04272987914240229,0.04756413872435972,0.0,0.07893511688814218,0.0,0.00019230769230769233,0.007800102203180005,0.0020238095238095236
v2-fixed-iterations,fb_h0_k1_m15_d0_s1,fb_h0_k1_m15_d0,0,1,15,0,1,7,15,sabah_o1,0.015248506986276738,0.00848359964531536,0.04228653452024658,0.04969386564478589,0.0,0.08045383973262066,0.0,0.0002,0.008408630756468331,0.0024285714285714284
v2-fixed-iterations,fb_h0_k1_m15_d0_s1,fb_h0_k1_m15_d0,0,1,15,0,1,7,15,sabah_o2,0.03822819472616633,0.02542211798512508,0.07758620689655173,0.0625,0.0,0.15291277890466531,0.0,0.0,,
v2-fixed-iterations,fb_h0_k1_m50_d0_s1,fb_h0_k1_m50_d0,0,1,50,0,1,7,50,heldout,0.07566633183486682,0.03198473948006184,0.23611895515603704,0.08407497812639456,0.0,0.24086049896392595,,0.03618399203666718,9.526002721285025e-05,0.10119190814652815
v2-fixed-iterations,fb_h0_k1_m50_d0_s1,fb_h0_k1_m50_d0,0,1,50,0,1,7,50,sabah,0.03229965152929677,0.01884911905354372,0.07919479371019349,0.058620581817803184,0.0,0.1802066185956378,0.0,0.001034650416002586,0.007777329819312654,0.004779310344827587
v2-fixed-iterations,fb_h0_k1_m50_d0_s1,fb_h0_k1_m50_d0,0,1,50,0,1,7,50,sabah_o1,0.033499779561144985,0.019715405673809715,0.07963869017644133,0.06198473867320211,0.0,0.18643043327520042,0.0,0.0011703364868772838,0.008247709976333707,0.0051501976284584975
v2-fixed-iterations,fb_h0_k1_m50_d0_s1,fb_h0_k1_m50_d0,0,1,50,0,1,7,50,sabah_o2,0.038914589961117005,0.02094847229991053,0.06948841289540945,0.05555555555555555,0.0,0.15565835984446802,0.0,0.0,,
v2-fixed-iterations,fb_h0_k1_mall_d0_s1,fb_h0_k1_mall_d0,0,1,all,0,1,7,57,heldout,0.05738975595954228,0.02927244494271866,0.215773151150101,0.0798051786195766,0.0,0.17017782068875567,,0.038502650774953955,0.0,0.07826830833400177
v2-fixed-iterations,fb_h0_k1_mall_d0_s1,fb_h0_k1_mall_d0,0,1,all,0,1,7,57,sabah,0.03538525843456336,0.022328616300939734,0.08034494345614464,0.056743450488838935,0.0,0.2008545800973694,0.0,0.00203139494303226,0.00537795651935946,0.004047619047619047
v2-fixed-iterations,fb_h0_k1_mall_d0_s1,fb_h0_k1_mall_d0,0,1,all,0,1,7,57,sabah_o1,0.03759486714266908,0.02371300100675001,0.08147283131371097,0.060579931011533854,0.0,0.21310605592785065,0.0,0.0023884056128880204,0.005601057104749493,0.0044736842105263155
v2-fixed-iterations,fb_h0_k1_mall_d0_s1,fb_h0_k1_mall_d0,0,1,all,0,1,7,57,sabah_o2,0.031826455833169384,0.01816530100334448,0.0625,0.0625,0.0,0.12730582333267754,0.0,0.0,,
v2-fixed-iterations,fb_h0_k1_m15_d1_s1,fb_h0_k1_m15_d1,0,1,15,1,1,5,15,heldout,0.030143931649053414,0.016712044844938535,0.2973203391575729,0.03084967320261438,0.15061190233675556,0.0,,0.00010028653295128939,7.469375560203166e-06,0.0
v2-fixed-iterations,fb_h0_k1_m15_d1_s1,fb_h0_k1_m15_d1,0,1,15,1,1,5,15,sabah,0.0317462733208628,0.014624918385592227,0.12169724132472466,0.057326229996189006,0.07237743569194144,0.0,0.09914915597551643,0.009794506028330822,0.009156542229388113,0.0
v2-fixed-iterations,fb_h0_k1_m15_d1_s1,fb_h0_k1_m15_d1,0,1,15,1,1,5,15,sabah_o1,0.033313268049800775,0.015545168359920706,0.12596797002423732,0.05926477615054018,0.07240428490383626,0.0,0.10716184772514613,0.010992980313078228,0.009320495356744042,0.0
v2-fixed-iterations,fb_h0_k1_m15_d1_s1,fb_h0_k1_m15_d1,0,1,15,1,1,5,15,sabah_o2,0.017108997584541062,0.007268945286627196,0.24932402507919318,0.019407894736842103,0.06055555555555556,0.0,0.007880434782608695,0.0,,
v2-fixed-iterations,fb_h0_k1_m50_d1_s1,fb_h0_k1_m50_d1,0,1,50,1,1,5,50,heldout,0.0748062182457104,0.031997062665017444,0.3113726765036119,0.09175362793669405,0.287001068027973,0.033425744727114584,,6.261180679785331e-05,0.0,0.05354166666666667
v2-fixed-iterations,fb_h0_k1_m50_d1_s1,fb_h0_k1_m50_d1,0,1,50,1,1,5,50,sabah,0.10783497110385466,0.05264637732111913,0.20665278010136312,0.14338379376631658,0.4215588598557436,0.03638815888984046,0.17307183123420056,0.0053177527076198675,0.0021732239357235535,0.0085
v2-fixed-iterations,fb_h0_k1_m50_d1_s1,fb_h0_k1_m50_d1,0,1,50,1,1,5,50,sabah_o1,0.11121644638755124,0.05412100442581071,0.2221197023851067,0.14683135592243743,0.42824710979409825,0.03810720666962,0.18332422487515954,0.006340068211915706,0.002780068774513943,0.0085
v2-fixed-iterations,fb_h0_k1_m50_d1_s1,fb_h0_k1_m50_d1,0,1,50,1,1,5,50,sabah_o2,0.05441423009328934,0.027547963842122998,0.3135549773041711,0.07832602339181287,0.1440077594256093,0.025,0.04864916094754805,0.0,,
v2-fixed-iterations,fb_h0_k1_mall_d1_s1,fb_h0_k1_mall_d1,0,1,all,1,1,5,135,heldout,0.06880959012858442,0.030996408831636454,0.33531848792827007,0.11103641456582633,0.2926033478449941,0.0024999999999999996,,0.010111269464594726,0.0,0.03883333333333333
v2-fixed-iterations,fb_h0_k1_mall_d1_s1,fb_h0_k1_mall_d1,0,1,all,1,1,5,135,sabah,0.12182695212674376,0.05861569746223204,0.2402118138370742,0.12009006624535797,0.4499670211802197,0.05013982728722306,0.19196178789135732,0.020793444761897695,0.013099631639764674,0.005
v2-fixed-iterations,fb_h0_k1_mall_d1_s1,fb_h0_k1_mall_d1,0,1,all,1,1,5,135,sabah_o1,0.12588874105482875,0.060687351983750665,0.2478100736309791,0.12152369751970347,0.45224024205535296,0.05527640368843604,0.2057003825083643,0.023808308365036945,0.013307109711782408,0.005
v2-fixed-iterations,fb_h0_k1_mall_d1_s1,fb_h0_k1_mall_d1,0,1,all,1,1,5,135,sabah_o2,0.10730568413757904,0.05468775314416037,0.40061513230760104,0.16842105263157894,0.3812053366591772,0.0,0.04070970758344665,0.0073076923076923084,,
v2-fixed-iterations,fb_h0_k2_m15_d0_s1,fb_h0_k2_m15_d0,0,2,15,0,1,4;7,30,heldout,0.03636400877269012,0.017942259048221013,0.05765800337314273,0.15767516637674459,0.008673386013008655,0.12775289054398223,,0.010181193511411734,6.300114547537228e-05,0.03514957264957265
v2-fixed-iterations,fb_h0_k2_m15_d0_s1,fb_h0_k2_m15_d0,0,2,15,0,1,4;7,30,sabah,0.05435308647021456,0.03148611064282485,0.15061989762566835,0.09558148724244563,0.014875154954657976,0.23599269896417696,0.0,0.05628760780093216,0.010463057101520259,0.0085
v2-fixed-iterations,fb_h0_k2_m15_d0_s1,fb_h0_k2_m15_d0,0,2,15,0,1,4;7,30,sabah_o1,0.0566580775660209,0.03310994774442732,0.15331196612756529,0.09834845575226449,0.014875154954657976,0.24722932383063465,0.0,0.05841782244650445,0.010926164164328291,0.0085
v2-fixed-iterations,fb_h0_k2_m15_d0_s1,fb_h0_k2_m15_d0,0,2,15,0,1,4;7,30,sabah_o2,0.046568048910154175,0.025850366278887947,0.05603725112395632,0.09444444444444444,0.0,0.18099441786283893,0.0,0.005277777777777777,,
v2-fixed-iterations,fb_h0_k2_m50_d0_s1,fb_h0_k2_m50_d0,0,2,50,0,1,4;7,100,heldout,0.08150289501377879,0.03616729580519606,0.23995275759473905,0.13963448794151806,0.004380365808137365,0.21512250349428141,,0.015386820103205679,0.00011663940806685944,0.1725081462552026
v2-fixed-iterations,fb_h0_k2_m50_d0_s1,fb_h0_k2_m50_d0,0,2,50,0,1,4;7,100,sabah,0.08709431159625329,0.05219819347053589,0.14089788723388444,0.17813985956948505,0.018779314435564437,0.34401538868149867,0.0,0.06351097867885803,0.015885793519144716,0.08037439426245396
v2-fixed-iterations,fb_h0_k2_m50_d0_s1,fb_h0_k2_m50_d0,0,2,50,0,1,4;7,100,sabah_o1,0.09029293430731662,0.05440704193166024,0.1420773066032778,0.1817956802092261,0.018901081676943748,0.35677482299140184,0.0,0.06562909036091191,0.016873077792686222,0.08357953302195606
v2-fixed-iterations,fb_h0_k2_m50_d0_s1,fb_h0_k2_m50_d0,0,2,50,0,1,4;7,100,sabah_o2,0.0845831036006986,0.0486283306587458,0.07900310490130849,0.14305555555555555,0.0,0.3380632925897632,0.0,0.0002691218130311615,,
v2-fixed-iterations,fb_h0_k2_mall_d0_s1,fb_h0_k2_mall_d0,0,2,all,0,1,4;7,158,heldout,0.06761076799549046,0.03522728465662455,0.18283467472572243,0.12843317689802625,0.008396758703481392,0.18725707482051313,,0.02599947052321642,0.0006930108379329053,0.1157075250923085
v2-fixed-iterations,fb_h0_k2_mall_d0_s1,fb_h0_k2_mall_d0,0,2,all,0,1,4;7,158,sabah,0.1123155322476553,0.059623712916179086,0.24534031538906556,0.14005632941086632,0.03790704529491171,0.3600267704382514,0.0,0.06973053166064389,0.01724081451585789,0.18898803157626684
v2-fixed-iterations,fb_h0_k2_mall_d0_s1,fb_h0_k2_mall_d0,0,2,all,0,1,4;7,158,sabah_o1,0.11605877169012417,0.06224438966681462,0.24800901733756464,0.1440753159088998,0.03808689191246946,0.3765150561438657,0.0,0.07194658935228926,0.0177555226188261,0.19204857011329451
v2-fixed-iterations,fb_h0_k2_mall_d0_s1,fb_h0_k2_mall_d0,0,2,all,0,1,4;7,158,sabah_o2,0.06615527653700848,0.041342518385327445,0.3886516446222362,0.08055555555555555,0.0,0.26235920138612917,0.0,0.002261904761904762,,
v2-fixed-iterations,fb_h0_k2_m15_d1_s1,fb_h0_k2_m15_d1,0,2,15,1,1,4;5,30,heldout,0.06210220359662636,0.025893381912972534,0.08248613637792379,0.2224846411360041,0.19275826767899915,0.10867195022114931,,0.0025763723070997314,0.00043299920445505173,0.006071428571428571
v2-fixed-iterations,fb_h0_k2_m15_d1_s1,fb_h0_k2_m15_d1,0,2,15,1,1,4;5,30,sabah,0.10724023705792927,0.05573016649963907,0.2696896645058455,0.11277051999086017,0.26322127149728125,0.20344941464780805,0.11598569534497408,0.05901750956814408,0.0010153188999876075,0.000752212389380531
v2-fixed-iterations,fb_h0_k2_m15_d1_s1,fb_h0_k2_m15_d1,0,2,15,1,1,4;5,30,sabah_o1,0.11018118247327423,0.057994736036739374,0.27032758152753317,0.1152543187265378,0.26522809179477275,0.2124637461517246,0.11976764640446202,0.06165333266104356,0.001140944494309134,0.0008333333333333334
v2-fixed-iterations,fb_h0_k2_m15_d1_s1,fb_h0_k2_m15_d1,0,2,15,1,1,4;5,30,sabah_o2,0.07720817213373393,0.03788875234396096,0.3951192971532001,0.10336257309941521,0.14702380952380956,0.09014285714285714,0.05809459329684049,0.013571428571428571,,
v2-fixed-iterations,fb_h0_k2_m50_d1_s1,fb_h0_k2_m50_d1,0,2,50,1,1,4;5,100,heldout,0.08443299855886671,0.03968452970724034,0.18997965744955306,0.15566049218599007,0.2388683437540761,0.12157812585504521,,0.019386051735093793,0.0,0.0423324714501185
v2-fixed-iterations,fb_h0_k2_m50_d1_s1,fb_h0_k2_m50_d1,0,2,50,1,1,4;5,100,sabah,0.16299817878230868,0.08622161426258206,0.2748603817451296,0.18725738102506162,0.3561667813345391,0.34055430506260587,0.1666245312087323,0.08865671020526164,0.014055253806144459,0.011931491076568795
v2-fixed-iterations,fb_h0_k2_m50_d1_s1,fb_h0_k2_m50_d1,0,2,50,1,1,4;5,100,sabah_o1,0.16721426935124786,0.08930205606067003,0.2765323000356361,0.19170750744748297,0.3608288625104611,0.3538750803195161,0.16999443411210421,0.09196265789499748,0.014498572580153846,0.0121260086902545
v2-fixed-iterations,fb_h0_k2_m50_d1_s1,fb_h0_k2_m50_d1,0,2,50,1,1,4;5,100,sabah_o2,0.12543236555588008,0.06995074013737393,0.3827235784927847,0.13044590643274853,0.11196202531645569,0.2678008241758242,0.11563327939790707,0.006333333333333333,,
v2-fixed-iterations,fb_h0_k2_mall_d1_s1,fb_h0_k2_mall_d1,0,2,all,1,1,4;5,236,heldout,0.15427466066993809,0.06881031443403725,0.3132319588672058,0.23648172965246136,0.32002119119357386,0.29664852453243096,,0.019304564996011023,0.009270817499469477,0.1261282051282051
v2-fixed-iterations,fb_h0_k2_mall_d1_s1,fb_h0_k2_mall_d1,0,2,all,1,1,4;5,236,sabah,0.1725510856814144,0.09847153594828766,0.2936698762984081,0.2229249661259377,0.3359520039484524,0.3942061027445919,0.18547566881003336,0.09388523779631291,0.012447622953144733,0.013339877835951135
v2-fixed-iterations,fb_h0_k2_mall_d1_s1,fb_h0_k2_mall_d1,0,2,all,1,1,4;5,236,sabah_o1,0.175996066842155,0.1022100219768691,0.29340230860993594,0.22686399458526443,0.328994300553193,0.41600785199320267,0.18786096411374903,0.09683841333147988,0.012650937060563808,0.013623934000741564
v2-fixed-iterations,fb_h0_k2_mall_d1_s1,fb_h0_k2_mall_d1,0,2,all,1,1,4;5,236,sabah_o2,0.26394378130868634,0.12891673199878706,0.49673185295184913,0.22225070745287245,0.6915348857491714,0.21895833333333337,0.14515739763323654,0.00012450851900393185,,
v2-fixed-iterations,fb_h0_k4_m15_d0_s1,fb_h0_k4_m15_d0,0,4,15,0,1,2;3;4;7,60,heldout,0.08954486069492526,0.0406936750338824,0.24008380871396043,0.16617037095577117,0.21488921876591152,0.12170469816882887,,0.006789809329383426,0.012721529591454898,0.09161904761904763
v2-fixed-iterations,fb_h0_k4_m15_d0_s1,fb_h0_k4_m15_d0,0,4,15,0,1,2;3;4;7,60,sabah,0.1336210658896423,0.0664123589314879,0.2399610812990236,0.17192972257394631,0.48283751125161706,0.21687686192925543,0.005910038710517962,0.05354347631712941,0.015418867489694201,0.02713963963963964
v2-fixed-iterations,fb_h0_k4_m15_d0_s1,fb_h0_k4_m15_d0,0,4,15,0,1,2;3;4;7,60,sabah_o1,0.1380014082326032,0.0687090594480923,0.24464653743849255,0.17696189681891628,0.4911696557043288,0.2273562957089041,0.006003423973574931,0.05875933958970032,0.016007613206989867,0.02871212121212121
v2-fixed-iterations,fb_h0_k4_m15_d0_s1,fb_h0_k4_m15_d0,0,4,15,0,1,2;3;4;7,60,sabah_o2,0.06921365960268329,0.03418785615512452,0.07149476004926526,0.26421783625730993,0.1271002443530604,0.14146825396825397,0.00672876304023845,0.0015573770491803278,,
v2-fixed-iterations,fb_h0_k4_m50_d0_s1,fb_h0_k4_m50_d0,0,4,50,0,1,2;3;4;7,200,heldout,0.07100401703179289,0.03269609229338962,0.21407713480788768,0.12555186422296222,0.1812882956097642,0.10121156371463735,,0.009284802808036037,0.0005955628866666211,0.06263986013986014
v2-fixed-iterations,fb_h0_k4_m50_d0_s1,fb_h0_k4_m50_d0,0,4,50,0,1,2;3;4;7,200,sabah,0.14096689474740276,0.07689224838424498,0.24761856823169556,0.16483530302239885,0.3852906527863329,0.30145214836733786,0.012548428775243039,0.04298995002080692,0.0185201885346958,0.08499999999999999
v2-fixed-iterations,fb_h0_k4_m50_d0_s1,fb_h0_k4_m50_d0,0,4,50,0,1,2;3;4;7,200,sabah_o1,0.14160774786362398,0.07812594973419838,0.2559376828458422,0.16475659691775285,0.38750986915787217,0.3007676817617325,0.012829683145054675,0.04492572627470454,0.01861352684238008,0.08499999999999999
v2-fixed-iterations,fb_h0_k4_m50_d0_s1,fb_h0_k4_m50_d0,0,4,50,0,1,2;3;4;7,200,sabah_o2,0.17432194988878524,0.09454522750811337,0.2770739779919074,0.1761106502716142,0.3148614464922102,0.36548693834900736,0.01328556856007731,0.0036538461538461542,,
v2-fixed-iterations,fb_h0_k4_mall_d0_s1,fb_h0_k4_mall_d0,0,4,all,0,1,2;3;4;7,367,heldout,0.13059622628868356,0.06261303752467036,0.29410485056300983,0.17993885359021658,0.22935923754213142,0.27695080333390515,,0.006981051274431674,1.4400921658986175e-05,0.13967563837129054
v2-fixed-iterations,fb_h0_k4_mall_d0_s1,fb_h0_k4_mall_d0,0,4,all,0,1,2;3;4;7,367,sabah,0.1931989972031353,0.10071305289153477,0.34538241313286894,0.23707863207994603,0.4266030375898491,0.4170371665512167,0.03958691783452363,0.07688611355884771,0.024380916598616183,0.17469983108575857
v2-fixed-iterations,fb_h0_k4_mall_d0_s1,fb_h0_k4_mall_d0,0,4,all,0,1,2;3;4;7,367,sabah_o1,0.19598550539957557,0.103384212287172,0.3464439943029877,0.2413257398536368,0.4311173346921899,0.4229905525524994,0.03996010932484551,0.0794830284171643,0.024412125112259743,0.17794988229849457
v2-fixed-iterations,fb_h0_k4_mall_d0_s1,fb_h0_k4_mall_d0,0,4,all,0,1,2;3;4;7,367,sabah_o2,0.19553415924731182,0.10987604897252364,0.38101190174740723,0.21171433427645836,0.27821733821733824,0.44466532050973406,0.03550397826217498,0.02375,,
v2-fixed-iterations,fb_h0_k4_m15_d1_s1,fb_h0_k4_m15_d1,0,4,15,1,1,3;5;6;7,60,heldout,0.05499055412269475,0.02327804837419058,0.12396356455606558,0.08519084056386783,0.22393438965539256,0.012409941604039522,,0.008770939354041626,0.0,0.029837500000000003
v2-fixed-iterations,fb_h0_k4_m15_d1_s1,fb_h0_k4_m15_d1,0,4,15,1,1,3;5;6;7,60,sabah,0.14583414197907682,0.07595325621858615,0.25853798813629153,0.16890705764180824,0.484717375454617,0.07417628238634168,0.27072368833075156,0.02776756000798892,0.013369945694761633,0.00425
v2-fixed-iterations,fb_h0_k4_m15_d1_s1,fb_h0_k4_m15_d1,0,4,15,1,1,3;5;6;7,60,sabah_o1,0.14965004674613028,0.07791905887499709,0.25502498731195317,0.17380621225222545,0.49060766722108345,0.06931493931339516,0.29011698851895396,0.0286798342992085,0.013514184457473809,0.005666666666666667
v2-fixed-iterations,fb_h0_k4_m15_d1_s1,fb_h0_k4_m15_d1,0,4,15,1,1,3;5;6;7,60,sabah_o2,0.10788261303629845,0.06541881832031607,0.12521653543307087,0.2441154970760234,0.20967751842751844,0.1876580086580087,0.0341949250596667,0.0,,
v2-fixed-iterations,fb_h0_k4_m50_d1_s1,fb_h0_k4_m50_d1,0,4,50,1,1,3;5;6;7,200,heldout,0.17401441249658967,0.09092803326296021,0.2639800146576131,0.19530827804551026,0.32452492553995516,0.20436153570290805,,0.014650297911177527,0.00029258777633289984,0.3262427155525747
v2-fixed-iterations,fb_h0_k4_m50_d1_s1,fb_h0_k4_m50_d1,0,4,50,1,1,3;5;6;7,200,sabah,0.20631638723815884,0.11153378139433202,0.32729999397047665,0.2374632781921692,0.5204288783871915,0.30660077584122003,0.2684717456531498,0.028668678524075765,0.02030719239173727,0.09342105263157895
v2-fixed-iterations,fb_h0_k4_m50_d1_s1,fb_h0_k4_m50_d1,0,4,50,1,1,3;5;6;7,200,sabah_o1,0.21212764501733739,0.1153966461405946,0.33017611980178474,0.2434766453194692,0.5238399720922742,0.3225341220021068,0.2800806790211576,0.031854925622055115,0.02056728247754186,0.09388888888888888
v2-fixed-iterations,fb_h0_k4_m50_d1_s1,fb_h0_k4_m50_d1,0,4,50,1,1,3;5;6;7,200,sabah_o2,0.15722266477511188,0.08811807307419595,0.3803091468031775,0.18859649122807018,0.31893110476589315,0.18517063492063493,0.12252701465201465,0.002261904761904762,,
v2-fixed-iterations,fb_h0_k4_mall_d1_s1,fb_h0_k4_mall_d1,0,4,all,1,1,3;5;6;7,336,heldout,0.14426955858503127,0.07437003142737383,0.2557105251240604,0.18404625264740043,0.38055040429675957,0.18044848551381742,,0.008952342050797087,6.097560975609756e-05,0.15133558545402626
v2-fixed-iterations,fb_h0_k4_mall_d1_s1,fb_h0_k4_mall_d1,0,4,all,1,1,3;5;6;7,336,sabah,0.2183347187531571,0.12991634503038713,0.3307543121855621,0.21619931543185134,0.5562718385841356,0.3559681414955941,0.3498806796392228,0.025273340735188277,0.01782088483475496,0.004793427230046949
v2-fixed-iterations,fb_h0_k4_mall_d1_s1,fb_h0_k4_mall_d1,0,4,all,1,1,3;5;6;7,336,sabah_o1,0.22355749632554764,0.13428774592452022,0.33415537267408285,0.2199892579196027,0.554715681152955,0.36905496143345073,0.3684456178461696,0.026048267982193847,0.017886271812383482,0.005194177726132959
v2-fixed-iterations,fb_h0_k4_mall_d1_s1,fb_h0_k4_mall_d1,0,4,all,1,1,3;5;6;7,336,sabah_o2,0.2357837856735062,0.13773830156556738,0.3780019239935981,0.2837831871226719,0.5623756317641766,0.2749326438267615,0.10202686710308662,0.0038000000000000004,,
v2-fixed-iterations,fb_h0_k7_m15_d0_s1,fb_h0_k7_m15_d0,0,7,15,0,1,1;2;3;4;5;6;7,105,heldout,0.08605673990333683,0.051511409371486065,0.1909518881588418,0.14285076632278929,0.22417863640719232,0.09256205173526172,,0.01797555105676983,0.00025,0.09531746031746031
v2-fixed-iterations,fb_h0_k7_m15_d0_s1,fb_h0_k7_m15_d0,0,7,15,0,1,1;2;3;4;5;6;7,105,sabah,0.14351545811881974,0.07698013185838981,0.300816103741715,0.17293762787119546,0.39254784150532784,0.24881496247624352,0.12340070731264635,0.043471310783425934,0.0245245933019416,0.02833333333333333
v2-fixed-iterations,fb_h0_k7_m15_d0_s1,fb_h0_k7_m15_d0,0,7,15,0,1,1;2;3;4;5;6;7,105,sabah_o1,0.14856916691763009,0.08049268126181566,0.3052421923577328,0.17677916139344804,0.39418843558214056,0.256836041822113,0.12800856858178172,0.04504413375914922,0.024837821760595985,0.042499999999999996
v2-fixed-iterations,fb_h0_k7_m15_d0_s1,fb_h0_k7_m15_d0,0,7,15,0,1,1;2;3;4;5;6;7,105,sabah_o2,0.18317963618857946,0.09679919208807518,0.48958816749938233,0.14349415204678362,0.40138472638472644,0.1796161399342346,0.056717678435356876,0.095,,
v2-fixed-iterations,fb_h0_k7_m50_d0_s1,fb_h0_k7_m50_d0,0,7,50,0,1,1;2;3;4;5;6;7,350,heldout,0.19914404198357957,0.10073696251236075,0.30948003784389944,0.27833768938229025,0.3463000304340679,0.2701952973047075,,0.03154618278524447,0.005633376346626442,0.34204532304725166
v2-fixed-iterations,fb_h0_k7_m50_d0_s1,fb_h0_k7_m50_d0,0,7,50,0,1,1;2;3;4;5;6;7,350,sabah,0.22695058270068183,0.12805847414237487,0.4012414481433519,0.22921418034479446,0.49908961435823584,0.43188469602445984,0.2047699639695178,0.09782196094701796,0.03626901213235561,0.0918682487725041
v2-fixed-iterations,fb_h0_k7_m50_d0_s1,fb_h0_k7_m50_d0,0,7,50,0,1,1;2;3;4;5;6;7,350,sabah_o1,0.24125417718199116,0.1337640675559453,0.4309270815957036,0.22953595751895076,0.4979767137677694,0.44146429902676454,0.2102145354636859,0.1019194364434102,0.03644078686883041,0.15950929152148663
v2-fixed-iterations,fb_h0_k7_m50_d0_s1,fb_h0_k7_m50_d0,0,7,50,0,1,1;2;3;4;5;6;7,350,sabah_o2,0.26959972531756715,0.1570712807052594,0.44646963866609757,0.30067407019588166,0.5381018546178741,0.40385854341736693,0.1343273921239165,0.0021111111111111113,,
v2-fixed-iterations,fb_h0_k7_mall_d0_s1,fb_h0_k7_mall_d0,0,7,all,0,1,1;2;3;4;5;6;7,686,heldout,0.20763123323482313,0.10287331414633112,0.39897442697645563,0.21032587678310213,0.39882852489553555,0.36216221061262327,,0.03952440476055807,0.0035907919051653085,0.23405023400023328
v2-fixed-iterations,fb_h0_k7_mall_d0_s1,fb_h0_k7_mall_d0,0,7,all,0,1,1;2;3;4;5;6;7,686,sabah,0.24827557180272608,0.14094260235960998,0.34829766423628855,0.30655650999161854,0.5141121383740695,0.5058292293681972,0.22249926908887752,0.10587196597046258,0.04578163358599019,0.09555919442875965
v2-fixed-iterations,fb_h0_k7_mall_d0_s1,fb_h0_k7_mall_d0,0,7,all,0,1,1;2;3;4;5;6;7,686,sabah_o1,0.25171154403143375,0.1436682383810554,0.35274879051763836,0.30858039504873974,0.5142924972678988,0.5047377709708205,0.22515844370710514,0.11081917058186216,0.045876766276300385,0.10938461538461539
v2-fixed-iterations,fb_h0_k7_mall_d0_s1,fb_h0_k7_mall_d0,0,7,all,0,1,1;2;3;4;5;6;7,686,sabah_o2,0.32410280201280617,0.18665932802075852,0.4132635597329885,0.316264619883041,0.4901380213926654,0.5938651537884472,0.2064705328701121,0.0059375,,
v2-fixed-iterations,fb_h1_k1_m15_d0_s1,fb_h1_k1_m15_d0,1,1,15,0,1,0,15,heldout,0.023107295430349704,0.013304900613756472,0.24416447613946782,0.04230769230769231,0.11553647715174852,0.0,,0.0,0.0,0.0
v2-fixed-iterations,fb_h1_k1_m15_d0_s1,fb_h1_k1_m15_d0,1,1,15,0,1,0,15,sabah,0.05446790640528604,0.02563585487778756,0.09350332260550591,0.057736696542980276,0.3268074384317162,0.0,0.0,0.0,0.0,0.0
v2-fixed-iterations,fb_h1_k1_m15_d0_s1,fb_h1_k1_m15_d0,1,1,15,0,1,0,15,sabah_o1,0.05581016953787591,0.026177542573162047,0.09387457523291805,0.05910794308587606,0.3348610172272555,0.0,0.0,0.0,0.0,0.0
v2-fixed-iterations,fb_h1_k1_m15_d0_s1,fb_h1_k1_m15_d0,1,1,15,0,1,0,15,sabah_o2,0.0011413043478260868,0.0007603073463268365,0.010869565217391304,0.02631578947368421,0.004565217391304347,0.0,0.0,0.0,,
v2-fixed-iterations,fb_h1_k1_m50_d0_s1,fb_h1_k1_m50_d0,1,1,50,0,1,0,50,heldout,0.096224627386949,0.06481698738342562,0.14005914213944853,0.1293040293040293,0.08815608333929623,0.39210473048224115,,0.000390625,0.0004716981132075472,0.0
v2-fixed-iterations,fb_h1_k1_m50_d0_s1,fb_h1_k1_m50_d0,1,1,50,0,1,0,50,sabah,0.10722409933646775,0.06156104930693064,0.2187889583895368,0.10855840214092415,0.3219229938248722,0.31552360844039395,0.0,0.004951732071297288,0.0009462616822429905,0.0
v2-fixed-iterations,fb_h1_k1_m50_d0_s1,fb_h1_k1_m50_d0,1,1,50,0,1,0,50,sabah_o1,0.11117683954396995,0.06389549076227903,0.22099836666447423,0.11211205097486354,0.3254469352142005,0.33537093835388176,0.0,0.005221296580514458,0.0010218671152228762,0.0
v2-fixed-iterations,fb_h1_k1_m50_d0_s1,fb_h1_k1_m50_d0,1,1,50,0,1,0,50,sabah_o2,0.07947029532967034,0.04656667811355312,0.3776074669250595,0.07419590643274854,0.17346153846153847,0.14441964285714287,0.0,0.0,,
v2-fixed-iterations,fb_h1_k1_mall_d0_s1,fb_h1_k1_mall_d0,1,1,all,0,1,0,141,heldout,0.25370114522836024,0.1932955655935069,0.31747359363839533,0.4160585952851631,0.12635188898331862,0.6395947275119103,,0.0028724429799056664,0.002186666666666666,0.4975
v2-fixed-iterations,fb_h1_k1_mall_d0_s1,fb_h1_k1_mall_d0,1,1,all,0,1,0,141,sabah,0.14643336069723303,0.0860497072513918,0.2513213285953753,0.1519344292078109,0.44748198135185796,0.4039749121891989,0.0,0.017269201272753876,0.009385563622460992,0.0004885057471264368
v2-fixed-iterations,fb_h1_k1_mall_d0_s1,fb_h1_k1_mall_d0,1,1,all,0,1,0,141,sabah_o1,0.1503969440176813,0.08924148859145595,0.2560798500660549,0.15690604872716993,0.45088225808868343,0.4236400638893605,0.0,0.017573811373574996,0.009779578373516618,0.0005059523809523809
v2-fixed-iterations,fb_h1_k1_mall_d0_s1,fb_h1_k1_mall_d0,1,1,all,0,1,0,141,sabah_o2,0.1341753869049929,0.07772649495035733,0.3709970750410805,0.1002325278801321,0.3053955007256894,0.2313060468942822,0.0,0.0,,
v2-fixed-iterations,fb_h1_k1_m15_d1_s1,fb_h1_k1_m15_d1,1,1,15,1,1,7,15,heldout,0.0038227069794171753,0.0012369059347735023,0.01654561263813145,0.07356774168510108,0.0,0.010604651162790697,,0.008374758666112007,0.00013412506818316833,0.0
v2-fixed-iterations,fb_h1_k1_m15_d1_s1,fb_h1_k1_m15_d1,1,1,15,1,1,7,15,sabah,0.02810417214412526,0.013774457649596568,0.04928303473614113,0.0749611210721222,0.0,0.1608313589719629,0.0,0.0007202600969985451,0.007073413795790089,0.0
v2-fixed-iterations,fb_h1_k1_m15_d1_s1,fb_h1_k1_m15_d1,1,1,15,1,1,7,15,sabah_o1,0.02876784796286196,0.014440907124713909,0.05744123593286171,0.05637430343140377,0.0,0.16462620270177308,0.0,0.0008106395682051993,0.007170245507193465,0.0
v2-fixed-iterations,fb_h1_k1_m15_d1_s1,fb_h1_k1_m15_d1,1,1,15,1,1,7,15,sabah_o2,0.042182971014492754,0.01336231884057971,0.07758620689655173,0.0625,0.0,0.16873188405797102,0.0,0.0,,
v2-fixed-iterations,fb_h1_k1_m50_d1_s1,fb_h1_k1_m50_d1,1,1,50,1,1,7,50,heldout,0.006489996745420665,0.003378378262162983,0.017121533155095323,0.10687293825435636,0.0,0.025658584146276694,,0.00620982666852426,0.0005815729123023661,0.0
v2-fixed-iterations,fb_h1_k1_m50_d1_s1,fb_h1_k1_m50_d1,1,1,50,1,1,7,50,sabah,0.03445026080039174,0.02088891133273912,0.07926281251818047,0.0587714435540504,0.0,0.19318473323904273,0.0,0.0019883895570943395,0.011528442006213393,0.0
v2-fixed-iterations,fb_h1_k1_m50_d1_s1,fb_h1_k1_m50_d1,1,1,50,1,1,7,50,sabah_o1,0.03662442315312781,0.022261077042898664,0.0799774751563873,0.06235996388736464,0.0,0.20521856123437682,0.0,0.0023670266908744587,0.012160950993515579,0.0
v2-fixed-iterations,fb_h1_k1_m50_d1_s1,fb_h1_k1_m50_d1,1,1,50,1,1,7,50,sabah_o2,0.03229166666666666,0.015893775879917183,0.04891304347826087,0.0625,0.0,0.12916666666666665,0.0,0.0,,
v2-fixed-iterations,fb_h1_k1_mall_d1_s1,fb_h1_k1_mall_d1,1,1,all,1,1,7,57,heldout,0.008856807061317177,0.005628972496296642,0.04076463682228266,0.02167307020607754,0.0,0.04083153284286266,,0.0030741442083243873,0.00037835825539883795,0.0
v2-fixed-iterations,fb_h1_k1_mall_d1_s1,fb_h1_k1_mall_d1,1,1,all,1,1,7,57,sabah,0.03538525843456336,0.022328616300939734,0.08034494345614464,0.056743450488838935,0.0,0.2008545800973694,0.0,0.00203139494303226,0.00537795651935946,0.004047619047619047
v2-fixed-iterations,fb_h1_k1_mall_d1_s1,fb_h1_k1_mall_d1,1,1,all,1,1,7,57,sabah_o1,0.03759486714266908,0.02371300100675001,0.08147283131371097,0.060579931011533854,0.0,0.21310605592785065,0.0,0.0023884056128880204,0.005601057104749493,0.0044736842105263155
v2-fixed-iterations,fb_h1_k1_mall_d1_s1,fb_h1_k1_mall_d1,1,1,all,1,1,7,57,sabah_o2,0.031826455833169384,0.01816530100334448,0.0625,0.0625,0.0,0.12730582333267754,0.0,0.0,,
v2-fixed-iterations,fb_h1_k2_m15_d0_s1,fb_h1_k2_m15_d0,1,2,15,0,1,0;4,30,heldout,0.11325713115281781,0.068130147600017,0.1773622474681279,0.1802762311550879,0.08721171467829694,0.36977045470517955,,0.10318896495066746,0.0061145214299451215,0.0
v2-fixed-iterations,fb_h1_k2_m15_d0_s1,fb_h1_k2_m15_d0,1,2,15,0,1,0;4,30,sabah,0.10664522329372739,0.05608714714303346,0.2692564014758875,0.13138476846295302,0.19777117577932163,0.2931063401521151,0.0,0.042283257609876126,0.004385146606475307,0.10232541961457625
v2-fixed-iterations,fb_h1_k2_m15_d0_s1,fb_h1_k2_m15_d0,1,2,15,0,1,0;4,30,sabah_o1,0.11056974714705653,0.05811536744457335,0.2690683896931119,0.13469686103291306,0.20222116179128988,0.30738465351055444,0.0,0.045450699187735664,0.00447757736222614,0.10388439103053307
v2-fixed-iterations,fb_h1_k2_m15_d0_s1,fb_h1_k2_m15_d0,1,2,15,0,1,0;4,30,sabah_o2,0.055777112255560535,0.03961149985072399,0.4037675445824534,0.07288011695906432,0.058448275862068966,0.15602380952380954,0.0,0.008636363636363636,,
v2-fixed-iterations,fb_h1_k2_m50_d0_s1,fb_h1_k2_m50_d0,1,2,50,0,1,0;4,100,heldout,0.12545790413132107,0.06754499472121546,0.1969494075586495,0.2981174191198641,0.14661217966459317,0.2252803674641131,,0.12985930373164062,0.0857506122741346,0.03978705752212391
v2-fixed-iterations,fb_h1_k2_m50_d0_s1,fb_h1_k2_m50_d0,1,2,50,0,1,0;4,100,sabah,0.16659249578813684,0.0898034951701459,0.2805858381543053,0.18905368455618632,0.262800312746409,0.39857984795063844,0.0,0.08934569079564315,0.006867283912663106,0.2419618393234672
v2-fixed-iterations,fb_h1_k2_m50_d0_s1,fb_h1_k2_m50_d0,1,2,50,0,1,0;4,100,sabah_o1,0.17341268510438543,0.09416602045466357,0.2888485709628602,0.19364093458292464,0.2678761907114431,0.42040565603836955,0.0,0.09456650779282916,0.007019719599016337,0.25060803648465424
v2-fixed-iterations,fb_h1_k2_m50_d0_s1,fb_h1_k2_m50_d0,1,2,50,0,1,0;4,100,sabah_o2,0.07020856762609586,0.04844595433869655,0.08665260178418073,0.1532894736842105,0.08287735849056604,0.196559853190288,0.0,0.0013970588235294118,,
v2-fixed-iterations,fb_h1_k2_mall_d0_s1,fb_h1_k2_mall_d0,1,2,all,0,1,0;4,242,heldout,0.2638213481133424,0.18674878574145068,0.23404545824967285,0.458180394720737,0.11144701022482235,0.3997220335179996,,0.12417376735516811,0.1503023910071835,0.5334615384615385
v2-fixed-iterations,fb_h1_k2_mall_d0_s1,fb_h1_k2_mall_d0,1,2,all,0,1,0;4,242,sabah,0.22244128825593676,0.12727373378086929,0.31519416578451137,0.27863298777915363,0.4517657916733625,0.5546719540199705,0.0,0.08952268919501688,0.028703778163754357,0.2099835164835165
v2-fixed-iterations,fb_h1_k2_mall_d0_s1,fb_h1_k2_mall_d0,1,2,all,0,1,0;4,242,sabah_o1,0.23138243278024873,0.13369900478206614,0.3223299957743319,0.28548876480728064,0.4537836255015312,0.5830714790560119,0.0,0.09367249888042144,0.02918770849319045,0.2285792847503374
v2-fixed-iterations,fb_h1_k2_mall_d0_s1,fb_h1_k2_mall_d0,1,2,all,0,1,0;4,242,sabah_o2,0.1854962240576479,0.10054676667017444,0.37309646133661,0.12999688517450322,0.4349113756613757,0.30650465829376683,0.0,0.0005688622754491017,,
v2-fixed-iterations,fb_h1_k2_m15_d1_s1,fb_h1_k2_m15_d1,1,2,15,1,1,2;4,30,heldout,0.043252589134193,0.019822818667290954,0.11360741734575378,0.1323067220744482,0.0192271588074139,0.11720154376151781,,0.05244687389244433,0.02738736920958896,0.0
v2-fixed-iterations,fb_h1_k2_m15_d1_s1,fb_h1_k2_m15_d1,1,2,15,1,1,2;4,30,sabah,0.10147708891244028,0.05343831759751618,0.21887185030738868,0.12986804917448655,0.1345309881224266,0.298116051201685,0.017830791363878214,0.035252878525901636,0.008603522373957763,0.11452830188679244
v2-fixed-iterations,fb_h1_k2_m15_d1_s1,fb_h1_k2_m15_d1,1,2,15,1,1,2;4,30,sabah_o1,0.10590234828883578,0.05618359357574511,0.21074381450735444,0.13935293367803755,0.1399250286003528,0.3174441321659329,0.018728558199405006,0.03550480551614806,0.00891360606750232,0.11489795918367346
v2-fixed-iterations,fb_h1_k2_m15_d1_s1,fb_h1_k2_m15_d1,1,2,15,1,1,2;4,30,sabah_o2,0.052281184748136686,0.029396980768358172,0.06099543494213812,0.18446637426900583,0.031937499999999994,0.1511072261072261,0.0023300128853206464,0.02375,,
v2-fixed-iterations,fb_h1_k2_m50_d1_s1,fb_h1_k2_m50_d1,1,2,50,1,1,2;4,100,heldout,0.07873673271234134,0.03500301323669858,0.20005690613307586,0.13157895758140256,0.08634015283649966,0.15955860908449676,,0.10157183488642751,0.046213066754282744,0.0
v2-fixed-iterations,fb_h1_k2_m50_d1_s1,fb_h1_k2_m50_d1,1,2,50,1,1,2;4,100,sabah,0.13522574612273125,0.05955503932326906,0.2805441865566501,0.15651779730011053,0.30587271917200204,0.26837841048507943,0.010778822054115653,0.06687479062557444,0.015209474659356226,0.14424025974025975
v2-fixed-iterations,fb_h1_k2_m50_d1_s1,fb_h1_k2_m50_d1,1,2,50,1,1,2;4,100,sabah_o1,0.13969480117516386,0.062135003005946765,0.30086535203486453,0.15588081157620978,0.31157315612942,0.2812634116436801,0.011754210031528274,0.07147097397682936,0.016352560721927558,0.14575449454759798
v2-fixed-iterations,fb_h1_k2_m50_d1_s1,fb_h1_k2_m50_d1,1,2,50,1,1,2;4,100,sabah_o2,0.06243158533811149,0.03149768680673237,0.2551592727130809,0.07114384554135221,0.05583333333333333,0.1844736842105263,0.008995216665729177,0.00042410714285714285,,
v2-fixed-iterations,fb_h1_k2_mall_d1_s1,fb_h1_k2_mall_d1,1,2,all,1,1,2;4,248,heldout,0.22335283987066884,0.1481262475131329,0.2236778722493268,0.3337471303485973,0.05162741068988674,0.062215027522112124,,0.1511830294443477,0.23173873169699769,0.6199999999999999
v2-fixed-iterations,fb_h1_k2_mall_d1_s1,fb_h1_k2_mall_d1,1,2,all,1,1,2;4,248,sabah,0.13395025437972927,0.06923938923845618,0.25612625974505604,0.19899833236502987,0.23062266725219274,0.33769018741827084,0.06175274898601485,0.08316122679865065,0.04673756815821872,0.04373712766502778
v2-fixed-iterations,fb_h1_k2_mall_d1_s1,fb_h1_k2_mall_d1,1,2,all,1,1,2;4,248,sabah_o1,0.133458671033066,0.06922004740407689,0.2563821927571426,0.1969227606197056,0.23199784641444213,0.3297297758261345,0.060715527641654374,0.08695219333420126,0.04698335441351316,0.044373328568450526
v2-fixed-iterations,fb_h1_k2_mall_d1_s1,fb_h1_k2_mall_d1,1,2,all,1,1,2;4,248,sabah_o2,0.20282083941303786,0.1097066669766,0.48462051393772065,0.20891638930184817,0.2926929824561403,0.4169434446274909,0.09109137501296469,0.010555555555555554,,
v2-fixed-iterations,fb_h1_k4_m15_d0_s1,fb_h1_k4_m15_d0,1,4,15,0,1,2;4;6;7,60,heldout,0.07822262048357277,0.029795984996654912,0.47675277850942255,0.09957937606481673,0.00678037063204116,0.1099705657863695,,0.0991173797359674,0.17524478626348577,0.0
v2-fixed-iterations,fb_h1_k4_m15_d0_s1,fb_h1_k4_m15_d0,1,4,15,0,1,2;4;6;7,60,sabah,0.09942985534981019,0.05512765152626025,0.1933328141594763,0.1432888855103653,0.09144232807984579,0.19723540158370637,0.2385509060167826,0.055028276884870095,0.01043897777541453,0.003883241758241759
v2-fixed-iterations,fb_h1_k4_m15_d0_s1,fb_h1_k4_m15_d0,1,4,15,0,1,2;4;6;7,60,sabah_o1,0.10461574276673839,0.05821908127833001,0.19764722153477762,0.14626823532954145,0.09205846132124167,0.2030763292355769,0.25725983711647826,0.05999714496285533,0.011013862009793464,0.004288821954484606
v2-fixed-iterations,fb_h1_k4_m15_d0_s1,fb_h1_k4_m15_d0,1,4,15,0,1,2;4;6;7,60,sabah_o2,0.06852812979509101,0.03575516076090108,0.24164874346641785,0.12562170219387409,0.08843971631205674,0.16965384615384616,0.014039790047794517,0.0019791666666666664,,
v2-fixed-iterations,fb_h1_k4_m50_d0_s1,fb_h1_k4_m50_d0,1,4,50,0,1,2;4;6;7,200,heldout,0.07836842959966857,0.035548934628923376,0.1337653601499392,0.12886654367094466,0.009148599798903152,0.10086644944203084,,0.12976885538443153,0.13867986499459886,0.01337837837837838
v2-fixed-iterations,fb_h1_k4_m50_d0_s1,fb_h1_k4_m50_d0,1,4,50,0,1,2;4;6;7,200,sabah,0.15277721084214074,0.09059590923049689,0.28565484200043034,0.18496681405869916,0.1717533909789452,0.3898911784856973,0.2508520360769997,0.07600260392028019,0.02489482482169129,0.0032692307692307695
v2-fixed-iterations,fb_h1_k4_m50_d0_s1,fb_h1_k4_m50_d0,1,4,50,0,1,2;4;6;7,200,sabah_o1,0.15799494814369364,0.09458938874606056,0.28990396042739547,0.19156147256319567,0.1732289296537183,0.39827363512063174,0.26735636947087527,0.0795409273584841,0.025522208210833425,0.004047619047619047
v2-fixed-iterations,fb_h1_k4_m50_d0_s1,fb_h1_k4_m50_d0,1,4,50,0,1,2;4;6;7,200,sabah_o2,0.15388486211896274,0.0896488642555775,0.12231906088628514,0.31783625730994153,0.09651888341543514,0.42310652969321705,0.06424736870053213,0.03166666666666666,,
v2-fixed-iterations,fb_h1_k4_mall_d0_s1,fb_h1_k4_mall_d0,1,4,all,0,1,2;4;6;7,387,heldout,0.23800332567906937,0.1596590614713075,0.23955722557293066,0.3749726923672059,0.03783455154004749,0.16942920937034853,,0.1516029317774019,0.2885308880885012,0.5426190476190477
v2-fixed-iterations,fb_h1_k4_mall_d0_s1,fb_h1_k4_mall_d0,1,4,all,0,1,2;4;6;7,387,sabah,0.21426582882882803,0.11832101010323952,0.3574281430692062,0.27403434132998333,0.2738086939748192,0.458360150655081,0.23823443134165567,0.0884627995852291,0.030220960908246552,0.19650793650793652
v2-fixed-iterations,fb_h1_k4_mall_d0_s1,fb_h1_k4_mall_d0,1,4,all,0,1,2;4;6;7,387,sabah_o1,0.21724117431173817,0.12053551598596395,0.3525047117572158,0.2758585122234631,0.27959635430236945,0.44995217885998606,0.24456718411763528,0.09207486449798682,0.03099977960047281,0.2062566844919786
v2-fixed-iterations,fb_h1_k4_mall_d0_s1,fb_h1_k4_mall_d0,1,4,all,0,1,2;4;6;7,387,sabah_o2,0.20868197153966847,0.1283582993900098,0.2795161989770233,0.20646211301779976,0.028201970089157317,0.6519760502655239,0.14399431024843712,0.010555555555555554,,
v2-fixed-iterations,fb_h1_k4_m15_d1_s1,fb_h1_k4_m15_d1,1,4,15,1,1,0;2;3;5,60,heldout,0.028463765160767474,0.01230270517025,0.5237261272299405,0.047619047619047616,0.07031145625715748,0.0649,,0.000879708904109589,4.0160642570281125e-05,0.0061875
v2-fixed-iterations,fb_h1_k4_m15_d1_s1,fb_h1_k4_m15_d1,1,4,15,1,1,0;2;3;5,60,sabah,0.11505112619174597,0.052955858974162634,0.37407738254214123,0.13124701892395477,0.5098500603829579,0.1258540691271699,0.04816407028875463,0.005120627261761158,0.0013179300898323277,0.0
v2-fixed-iterations,fb_h1_k4_m15_d1_s1,fb_h1_k4_m15_d1,1,4,15,1,1,0;2;3;5,60,sabah_o1,0.11470632306565749,0.05298328290048844,0.37030954955187595,0.1314532557463665,0.5092078900167323,0.12101731821951728,0.05147239027611382,0.005123915737298637,0.0014164241442828885,0.0
v2-fixed-iterations,fb_h1_k4_m15_d1_s1,fb_h1_k4_m15_d1,1,4,15,1,1,0;2;3;5,60,sabah_o2,0.17371717440044038,0.08297014288276297,0.6247323912371068,0.2245404452622899,0.5611744475568006,0.13166666666666668,0.0020275833782942786,0.0,,
v2-fixed-iterations,fb_h1_k4_m50_d1_s1,fb_h1_k4_m50_d1,1,4,50,1,1,0;2;3;5,200,heldout,0.11165181718441024,0.07733819555715316,0.1570746893694856,0.25403826002848007,0.10549256561875894,0.3529024361980219,,0.019146468646435946,0.002369741958289148,0.07834787350054527
v2-fixed-iterations,fb_h1_k4_m50_d1_s1,fb_h1_k4_m50_d1,1,4,50,1,1,0;2;3;5,200,sabah,0.18066092142627788,0.09908001172882856,0.26534681059352405,0.18842234229611862,0.5430716870549928,0.3930699395947783,0.04904674174994879,0.033569397853610655,0.010596704494452781,0.05461105780988393
v2-fixed-iterations,fb_h1_k4_m50_d1_s1,fb_h1_k4_m50_d1,1,4,50,1,1,0;2;3;5,200,sabah_o1,0.18445912189946578,0.10202563615705643,0.2636614570676083,0.19111997350390283,0.5462502434323683,0.4004552345205137,0.04968188829466484,0.03428436320689525,0.011449134900933852,0.06463386704141873
v2-fixed-iterations,fb_h1_k4_m50_d1_s1,fb_h1_k4_m50_d1,1,4,50,1,1,0;2;3;5,200,sabah_o2,0.20257737363747394,0.09735300227181891,0.36584740714441055,0.20592105263157892,0.39198256131720977,0.36087046287046287,0.05524716803664173,0.002209302325581395,,
v2-fixed-iterations,fb_h1_k4_mall_d1_s1,fb_h1_k4_mall_d1,1,4,all,1,1,0;2;3;5,485,heldout,0.2765612023159377,0.19667094942982502,0.3451462273062042,0.4305821250197778,0.16121760276421115,0.5788915989405601,,0.031623325439214076,0.03274015110237028,0.5783333333333333
v2-fixed-iterations,fb_h1_k4_mall_d1_s1,fb_h1_k4_mall_d1,1,4,all,1,1,0;2;3;5,485,sabah,0.23093236051118707,0.1345326423508816,0.35363671984919903,0.23403871434519607,0.5767353093388135,0.5148741641146497,0.15815709568415592,0.05335083913822111,0.04639482691523671,0.03608192787604552
v2-fixed-iterations,fb_h1_k4_mall_d1_s1,fb_h1_k4_mall_d1,1,4,all,1,1,0;2;3;5,485,sabah_o1,0.2321187643721158,0.136693003126355,0.34933132245458537,0.24228059210981281,0.5743188208576776,0.5143933202431472,0.1596077603371343,0.06102216319042117,0.04667052160431443,0.036699999999999997
v2-fixed-iterations,fb_h1_k4_mall_d1_s1,fb_h1_k4_mall_d1,1,4,all,1,1,0;2;3;5,485,sabah_o2,0.3684936376005249,0.2064973565558062,0.6347967111696742,0.31406584874179905,0.7776945740343797,0.5429588596836377,0.14144611668408208,0.011875,,
v2-fixed-iterations,fb_h1_k7_m15_d0_s1,fb_h1_k7_m15_d0,1,7,15,0,1,0;2;3;4;5;6;7,105,heldout,0.20016833371977025,0.1599455447958054,0.2397589202961219,0.3235020262529111,0.06899819891291968,0.24416337285902504,,0.09981349964431793,0.009533263849255305,0.5783333333333333
v2-fixed-iterations,fb_h1_k7_m15_d0_s1,fb_h1_k7_m15_d0,1,7,15,0,1,0;2;3;4;5;6;7,105,sabah,0.17647925509017356,0.09818495240564369,0.2952139348646987,0.18514748436995354,0.4400729516523628,0.32996804235674654,0.16763576220000098,0.06722725815956318,0.009787305646052225,0.044184210526315784
v2-fixed-iterations,fb_h1_k7_m15_d0_s1,fb_h1_k7_m15_d0,1,7,15,0,1,0;2;3;4;5;6;7,105,sabah_o1,0.1801564081277589,0.10086570236355684,0.2964302293785072,0.18783183222531127,0.44552388649988706,0.3339815045047785,0.17985698982543297,0.0672514836403065,0.01000640247796644,0.04431818181818182
v2-fixed-iterations,fb_h1_k7_m15_d0_s1,fb_h1_k7_m15_d0,1,7,15,0,1,0;2;3;4;5;6;7,105,sabah_o2,0.15143826839197805,0.07416167720923457,0.2715505992012332,0.19002475365141103,0.17278691085790476,0.3167414141414141,0.021224748568593323,0.095,,
v2-fixed-iterations,fb_h1_k7_m50_d0_s1,fb_h1_k7_m50_d0,1,7,50,0,1,0;2;3;4;5;6;7,350,heldout,0.2526620946966644,0.15020895293386374,0.3100608491181719,0.4192548459418875,0.12719630987513147,0.5364205994760072,,0.1344294814299797,0.13359741603553715,0.33166666666666667
v2-fixed-iterations,fb_h1_k7_m50_d0_s1,fb_h1_k7_m50_d0,1,7,50,0,1,0;2;3;4;5;6;7,350,sabah,0.24741259641702282,0.14774947817342182,0.3643295399453382,0.27880654422116724,0.5483586468024642,0.5491037094179891,0.24858068803545627,0.07459988451557892,0.03624493043240273,0.027587719298245612
v2-fixed-iterations,fb_h1_k7_m50_d0_s1,fb_h1_k7_m50_d0,1,7,50,0,1,0;2;3;4;5;6;7,350,sabah_o1,0.2543846690063569,0.15334948225410658,0.3807700872494731,0.28162041565907664,0.5507028548912609,0.5676020154250809,0.264288338800096,0.07720341194300435,0.036344726312032755,0.030166666666666665
v2-fixed-iterations,fb_h1_k7_m50_d0_s1,fb_h1_k7_m50_d0,1,7,50,0,1,0;2;3;4;5;6;7,350,sabah_o2,0.22962385705503063,0.12624784138123693,0.3175573586217404,0.2579312865497076,0.44943118274968574,0.4118828332117613,0.05586196781423118,0.0013194444444444443,,
v2-fixed-iterations,fb_h1_k7_mall_d0_s1,fb_h1_k7_mall_d0,1,7,all,0,1,0;2;3;4;5;6;7,725,heldout,0.4256724789617257,0.3101303489688564,0.34640935339418444,0.46447521586205964,0.1655148562920921,0.5693382377862709,,0.15064458309467943,0.24786471763558607,0.995
v2-fixed-iterations,fb_h1_k7_mall_d0_s1,fb_h1_k7_mall_d0,1,7,all,0,1,0;2;3;4;5;6;7,725,sabah,0.29794192507087397,0.16347657883644615,0.39872174953041334,0.3095061112053893,0.49029250240622735,0.5813515099550117,0.225280666311838,0.0957864506157664,0.0388466765132438,0.3560937446231564
v2-fixed-iterations,fb_h1_k7_mall_d0_s1,fb_h1_k7_mall_d0,1,7,all,0,1,0;2;3;4;5;6;7,725,sabah_o1,0.30150939496691115,0.1667346974696541,0.40819684173417864,0.31292461840389446,0.4854888861288113,0.5903960695381832,0.2339511335737025,0.09882993699075204,0.03925505941683079,0.3611352841531869
v2-fixed-iterations,fb_h1_k7_mall_d0_s1,fb_h1_k7_mall_d0,1,7,all,0,1,0;2;3;4;5;6;7,725,sabah_o2,0.3553048666339797,0.21019865383530462,0.4512376233074459,0.36330409356725146,0.722484931576962,0.5506582042296329,0.11640966406265717,0.03166666666666666,,
v2-fixed-iterations,fb_h2_k1_m15_d0_s1,fb_h2_k1_m15_d0,2,1,15,0,1,4,15,heldout,0.0011295761365179354,0.00030423793405746116,0.17577756342172576,0.015550631211388666,0.0,0.0,0.0,0.003072176505778685,0.003705280313328927,0.0
v2-fixed-iterations,fb_h2_k1_m15_d0_s1,fb_h2_k1_m15_d0,2,1,15,0,1,4,15,sabah,0.01869929762183989,0.008561073802250298,0.0751127655648265,0.10812347520285685,0.007607957573819423,0.055842175542901315,0.0,0.03609530828734865,0.005575180928277137,0.00707516339869281
v2-fixed-iterations,fb_h2_k1_m15_d0_s1,fb_h2_k1_m15_d0,2,1,15,0,1,4,15,sabah_o1,0.019719884964293007,0.008972778476204403,0.07508313045257888,0.10973466185117997,0.007634375807702249,0.061333561100560804,0.0,0.03637877045863967,0.0058974390201624975,0.00707516339869281
v2-fixed-iterations,fb_h2_k1_m15_d0_s1,fb_h2_k1_m15_d0,2,1,15,0,1,4,15,sabah_o2,0.007647058823529412,0.003889705882352941,0.5074243822548616,0.025,0.0,0.025,0.0,0.005588235294117647,,
v2-fixed-iterations,fb_h2_k1_m50_d0_s1,fb_h2_k1_m50_d0,2,1,50,0,1,4,50,heldout,0.012784680744175983,0.006382130162094663,0.2059814507390755,0.017150147730325006,0.0011052631578947368,0.001781110410175043,0.0,0.06017047523453733,0.008973816307610084,0.004677419354838709
v2-fixed-iterations,fb_h2_k1_m50_d0_s1,fb_h2_k1_m50_d0,2,1,50,0,1,4,50,sabah,0.06968018678388933,0.03873142455671783,0.14560270987214471,0.093434924368752,0.06076321964082783,0.2845200196162119,0.0,0.06146992612758121,0.004467490202435961,0.006860465116279069
v2-fixed-iterations,fb_h2_k1_m50_d0_s1,fb_h2_k1_m50_d0,2,1,50,0,1,4,50,sabah_o1,0.07352942540379682,0.04131967396331945,0.1456991243323355,0.09747388124556576,0.06260447122711771,0.30217248136287367,0.0,0.06462032280930319,0.004803968381511032,0.006975308641975309
v2-fixed-iterations,fb_h2_k1_m50_d0_s1,fb_h2_k1_m50_d0,2,1,50,0,1,4,50,sabah_o2,0.04349120506686297,0.018428802064163908,0.054372842347525895,0.08260233918128655,0.011,0.16296482026745188,0.0,0.0,,
v2-fixed-iterations,fb_h2_k1_mall_d0_s1,fb_h2_k1_mall_d0,2,1,all,0,1,4,101,heldout,0.038591542334178906,0.02297323975712645,0.31302668191152283,0.03845320942822957,0.0,0.005688147295742232,0.0,0.048482084150780515,0.0057758479553760705,0.1716031746031746
v2-fixed-iterations,fb_h2_k1_mall_d0_s1,fb_h2_k1_mall_d0,2,1,all,0,1,4,101,sabah,0.07951744573916716,0.045516436637972224,0.19868192218686898,0.14210657363517876,0.02280309871158779,0.2920313200306377,0.0,0.07028299963372239,0.00775687603375667,0.08423038002529835
v2-fixed-iterations,fb_h2_k1_mall_d0_s1,fb_h2_k1_mall_d0,2,1,all,0,1,4,101,sabah_o1,0.08632383391226028,0.05028185693733447,0.2031206180176216,0.14519457243328746,0.022842034473610932,0.3073130889552447,0.0,0.07349499812583563,0.008118889244877713,0.10617399267399269
v2-fixed-iterations,fb_h2_k1_mall_d0_s1,fb_h2_k1_mall_d0,2,1,all,0,1,4,101,sabah_o2,0.03658739437645688,0.01980698208041958,0.4463838567551056,0.034722222222222224,0.0,0.14612121212121215,0.0,0.00022836538461538464,,
v2-fixed-iterations,fb_h2_k1_m15_d1_s1,fb_h2_k1_m15_d1,2,1,15,1,1,7,15,heldout,0.00021462747778537255,8.654749390043507e-05,0.0030854224763456803,0.005063121138866505,0.0,0.0,0.0,0.0011449077238550923,0.00014285714285714287,0.0
v2-fixed-iterations,fb_h2_k1_m15_d1_s1,fb_h2_k1_m15_d1,2,1,15,1,1,7,15,sabah,0.009838363125043577,0.006256880056876437,0.03233572947234096,0.06175997789500407,0.0,0.05081475000321403,0.0,0.001713019560606846,0.0011899091864405846,0.0053124999999999995
v2-fixed-iterations,fb_h2_k1_m15_d1_s1,fb_h2_k1_m15_d1,2,1,15,1,1,7,15,sabah_o1,0.010518506051742932,0.00658146955670025,0.0326505709254749,0.06462017919544537,0.0,0.054686129091948796,0.0,0.0018219333697556922,0.0012904738487530963,0.0053124999999999995
v2-fixed-iterations,fb_h2_k1_m15_d1_s1,fb_h2_k1_m15_d1,2,1,15,1,1,7,15,sabah_o2,0.01125,0.009625,0.05555555555555555,0.013888888888888888,0.0,0.045,0.0,0.0,,
v2-fixed-iterations,fb_h2_k1_m50_d1_s1,fb_h2_k1_m50_d1,2,1,50,1,1,7,50,heldout,0.002028117793334647,0.0006515611943948399,0.007070355978882212,0.04939406148511708,0.0,0.003495323995716901,0.0,0.0027989921838739423,0.005874390580417039,0.0
v2-fixed-iterations,fb_h2_k1_m50_d1_s1,fb_h2_k1_m50_d1,2,1,50,1,1,7,50,sabah,0.023660896527060826,0.013861012026875136,0.06668053761378638,0.05522610990784547,0.0,0.1312660448145063,0.0,0.0030758610284967493,0.007623473319361928,0.0
v2-fixed-iterations,fb_h2_k1_m50_d1_s1,fb_h2_k1_m50_d1,2,1,50,1,1,7,50,sabah_o1,0.024771652606321026,0.014574123995199783,0.06694844860596279,0.057593285203340894,0.0,0.13725401696791462,0.0,0.003345655813670862,0.008030242856340675,0.0
v2-fixed-iterations,fb_h2_k1_m50_d1_s1,fb_h2_k1_m50_d1,2,1,50,1,1,7,50,sabah_o2,0.026077586206896552,0.014437068965517242,0.051470588235294115,0.04861111111111111,0.0,0.10431034482758621,0.0,0.0,,
v2-fixed-iterations,fb_h2_k1_mall_d1_s1,fb_h2_k1_mall_d1,2,1,all,1,1,7,57,heldout,0.001991525040220453,0.0006555224320786099,0.015954958468292504,0.015422208734054019,0.0,0.005015223789708718,0.0,0.0020380493286468885,0.004895877122967111,0.0
v2-fixed-iterations,fb_h2_k1_mall_d1_s1,fb_h2_k1_mall_d1,2,1,all,1,1,7,57,sabah,0.03538525843456336,0.022328616300939734,0.08034494345614464,0.056743450488838935,0.0,0.2008545800973694,0.0,0.00203139494303226,0.00537795651935946,0.004047619047619047
v2-fixed-iterations,fb_h2_k1_mall_d1_s1,fb_h2_k1_mall_d1,2,1,all,1,1,7,57,sabah_o1,0.03759486714266908,0.02371300100675001,0.08147283131371097,0.060579931011533854,0.0,0.21310605592785065,0.0,0.0023884056128880204,0.005601057104749493,0.0044736842105263155
v2-fixed-iterations,fb_h2_k1_mall_d1_s1,fb_h2_k1_mall_d1,2,1,all,1,1,7,57,sabah_o2,0.031826455833169384,0.01816530100334448,0.0625,0.0625,0.0,0.12730582333267754,0.0,0.0,,
v2-fixed-iterations,fb_h2_k2_m15_d0_s1,fb_h2_k2_m15_d0,2,2,15,0,1,4;7,30,heldout,0.014176181866431305,0.0064370846059180805,0.2232046254384821,0.03331443469531212,0.0009090909090909091,0.003948488994610579,0.0,0.06591824074899075,0.011129096632852104,0.0031521739130434784
v2-fixed-iterations,fb_h2_k2_m15_d0_s1,fb_h2_k2_m15_d0,2,2,15,0,1,4;7,30,sabah,0.06661291846755722,0.033219644456967796,0.20926460264297322,0.1031953035897805,0.05926258351275915,0.19485231034540323,0.0,0.052808475189321705,0.0077541417578592346,0.08499999999999999
v2-fixed-iterations,fb_h2_k2_m15_d0_s1,fb_h2_k2_m15_d0,2,2,15,0,1,4;7,30,sabah_o1,0.0695342382720317,0.034875823845988925,0.22064445578801906,0.10430993566586642,0.05940185918277458,0.20639011781007774,0.0,0.05800343725244917,0.008410015386888691,0.08499999999999999
v2-fixed-iterations,fb_h2_k2_m15_d0_s1,fb_h2_k2_m15_d0,2,2,15,0,1,4;7,30,sabah_o2,0.0368452380952381,0.020468253968253965,0.07575757575757576,0.06944444444444445,0.0,0.1473809523809524,0.0,0.0,,
v2-fixed-iterations,fb_h2_k2_m50_d0_s1,fb_h2_k2_m50_d0,2,2,50,0,1,4;7,100,heldout,0.013603451213646813,0.007623765790563745,0.025772506030257672,0.030194316830094426,0.00011363636363636364,0.0028434065934065935,0.0,0.060375041443853666,0.006655969819759766,0.011632653061224489
v2-fixed-iterations,fb_h2_k2_m50_d0_s1,fb_h2_k2_m50_d0,2,2,50,0,1,4;7,100,sabah,0.09292594606852649,0.047382761212943145,0.3557844748321786,0.1363659784282636,0.004087736789631107,0.30094540707937645,0.0,0.05589185810409428,0.00750666316095472,0.18912401127710238
v2-fixed-iterations,fb_h2_k2_m50_d0_s1,fb_h2_k2_m50_d0,2,2,50,0,1,4;7,100,sabah_o1,0.0951376873583879,0.049515535101426124,0.35709558633195077,0.13909316760208723,0.004087736789631107,0.3110467597287887,0.0,0.058173282929925026,0.007795094268205918,0.18972325043377675
v2-fixed-iterations,fb_h2_k2_m50_d0_s1,fb_h2_k2_m50_d0,2,2,50,0,1,4;7,100,sabah_o2,0.09156948076713523,0.04128815017616505,0.10646189016975534,0.12222222222222223,0.0,0.3187779230685409,0.0,0.0475,,
v2-fixed-iterations,fb_h2_k2_mall_d0_s1,fb_h2_k2_mall_d0,2,2,all,0,1,4;7,158,heldout,0.03556327785521938,0.01856330948472073,0.24858287460070563,0.11784754997889567,0.00125,0.0016269442788740024,0.0,0.06088746956468731,0.012653530799716699,0.13696172248803826
v2-fixed-iterations,fb_h2_k2_mall_d0_s1,fb_h2_k2_mall_d0,2,2,all,0,1,4;7,158,sabah,0.1123155322476553,0.059623712916179086,0.24534031538906556,0.14005632941086632,0.03790704529491171,0.3600267704382514,0.0,0.06973053166064389,0.01724081451585789,0.18898803157626684
v2-fixed-iterations,fb_h2_k2_mall_d0_s1,fb_h2_k2_mall_d0,2,2,all,0,1,4;7,158,sabah_o1,0.11605877169012417,0.06224438966681462,0.24800901733756464,0.1440753159088998,0.03808689191246946,0.3765150561438657,0.0,0.07194658935228926,0.0177555226188261,0.19204857011329451
v2-fixed-iterations,fb_h2_k2_mall_d0_s1,fb_h2_k2_mall_d0,2,2,all,0,1,4;7,158,sabah_o2,0.06615527653700848,0.041342518385327445,0.3886516446222362,0.08055555555555555,0.0,0.26235920138612917,0.0,0.002261904761904762,,
v2-fixed-iterations,fb_h2_k2_m15_d1_s1,fb_h2_k2_m15_d1,2,2,15,1,1,3;4,30,heldout,0.01710154640069236,0.006260148470234298,0.03541484253430541,0.08863212963490517,0.06754380231016124,0.0009375,0.0,0.01372731478279839,0.004289550200083425,0.01611111111111111
v2-fixed-iterations,fb_h2_k2_m15_d1_s1,fb_h2_k2_m15_d1,2,2,15,1,1,3;4,30,sabah,0.11940634606462897,0.06497761058646985,0.23991507409067347,0.1275832308755602,0.3896309775940029,0.28681363493527223,0.0,0.03787073329016284,0.002122730568335793,0.0
v2-fixed-iterations,fb_h2_k2_m15_d1_s1,fb_h2_k2_m15_d1,2,2,15,1,1,3;4,30,sabah_o1,0.12346828696868271,0.06813406970178636,0.24006518157655532,0.1324042187893781,0.3946275182636993,0.3057887179222382,0.0,0.03810905172598076,0.002284433900177935,0.0
v2-fixed-iterations,fb_h2_k2_m15_d1_s1,fb_h2_k2_m15_d1,2,2,15,1,1,3;4,30,sabah_o2,0.07831349206349206,0.0343921626984127,0.11578947368421053,0.13998538011695905,0.2075,0.10575396825396824,0.0,0.0,,
v2-fixed-iterations,fb_h2_k2_m50_d1_s1,fb_h2_k2_m50_d1,2,2,50,1,1,3;4,100,heldout,0.018843946798271,0.008492361175282943,0.10731554015221094,0.032104523008319986,0.03872832200592734,0.009375,0.0,0.05657851144903131,0.0025818473346673624,0.0058
v2-fixed-iterations,fb_h2_k2_m50_d1_s1,fb_h2_k2_m50_d1,2,2,50,1,1,3;4,100,sabah,0.12829446965918978,0.0722595864746743,0.23197727666247936,0.1341120098692601,0.40149572793597743,0.3011612902644591,0.0,0.06034003101638323,0.001543698512248699,0.005226070226070227
v2-fixed-iterations,fb_h2_k2_m50_d1_s1,fb_h2_k2_m50_d1,2,2,50,1,1,3;4,100,sabah_o1,0.13284305482687195,0.07512398020501727,0.23362189878336848,0.13816167631959264,0.4014994597845285,0.3261376915380856,0.0,0.062384401946092176,0.0015757641013769486,0.005461011591148578
v2-fixed-iterations,fb_h2_k2_m50_d1_s1,fb_h2_k2_m50_d1,2,2,50,1,1,3;4,100,sabah_o2,0.13327335164835166,0.07555256304997685,0.3272202062648371,0.11925994810382215,0.42801785714285717,0.09776785714285714,0.0,0.0073076923076923084,,
v2-fixed-iterations,fb_h2_k2_mall_d1_s1,fb_h2_k2_mall_d1,2,2,all,1,1,3;4,163,heldout,0.046312527465757335,0.023707772016944344,0.3173704247162672,0.03674862537607635,0.03668598292918039,0.0033125000000000003,0.0,0.07016621159046252,0.004007176467259396,0.16370329380764165
v2-fixed-iterations,fb_h2_k2_mall_d1_s1,fb_h2_k2_mall_d1,2,2,all,1,1,3;4,163,sabah,0.15098925799405633,0.08328133976336582,0.3095584040355733,0.17436784878566872,0.39010125574824384,0.3563768075226673,0.0,0.07434658477135636,0.006618651860055,0.07849224806201552
v2-fixed-iterations,fb_h2_k2_mall_d1_s1,fb_h2_k2_mall_d1,2,2,all,1,1,3;4,163,sabah_o1,0.1560122010642305,0.0868784056426592,0.31096199495411403,0.17963544561006226,0.39089026774376834,0.38237895160397384,0.0,0.07719821846448882,0.0066708971970799846,0.07893487137607186
v2-fixed-iterations,fb_h2_k2_mall_d1_s1,fb_h2_k2_mall_d1,2,2,all,1,1,3;4,163,sabah_o2,0.1271789103379946,0.07057844050463354,0.2762499651767793,0.13736321957400063,0.36536948750582454,0.14334615384615385,0.0,0.0,,
v2-fixed-iterations,fb_h2_k4_m15_d0_s1,fb_h2_k4_m15_d0,2,4,15,0,1,0;3;6;7,60,heldout,0.014594157857957908,0.005056812407880586,0.04525403165084161,0.05258699102526481,0.019550829805926553,0.0,0.06623421710868121,0.0004573529411764706,0.0013225472919632117,0.0
v2-fixed-iterations,fb_h2_k4_m15_d0_s1,fb_h2_k4_m15_d0,2,4,15,0,1,0;3;6;7,60,sabah,0.12253661889941454,0.06297777172193483,0.23573724254732945,0.13514955224306968,0.4777363227350675,0.09137281675626435,0.15722210699049471,0.004041923649942254,0.004846543264718442,0.0
v2-fixed-iterations,fb_h2_k4_m15_d0_s1,fb_h2_k4_m15_d0,2,4,15,0,1,0;3;6;7,60,sabah_o1,0.12662662730113733,0.06516787882876841,0.24156366474761556,0.13824650607746794,0.4843933106497339,0.08972893518891355,0.1763957771114445,0.004183372087877545,0.005058368768854434,0.0
v2-fixed-iterations,fb_h2_k4_m15_d0_s1,fb_h2_k4_m15_d0,2,4,15,0,1,0;3;6;7,60,sabah_o2,0.1084453510625258,0.05923767048161208,0.34726059748333515,0.09894224408878294,0.26093942480098087,0.16,0.012841979449122305,0.0,,
v2-fixed-iterations,fb_h2_k4_m50_d0_s1,fb_h2_k4_m50_d0,2,4,50,0,1,0;3;6;7,200,heldout,0.026395780599065593,0.008969848526224733,0.0773052203412482,0.0655343237545545,0.0954482158598032,0.000347682119205298,0.05502325535693403,0.0010212192005670268,0.006534311057884003,0.0
v2-fixed-iterations,fb_h2_k4_m50_d0_s1,fb_h2_k4_m50_d0,2,4,50,0,1,0;3;6;7,200,sabah,0.19183902945070705,0.1126767696519607,0.3429509697907765,0.20947111450237,0.49654855450784463,0.3809593829713,0.2090571784434899,0.010275679434907446,0.04030307522425154,0.01389030612244898
v2-fixed-iterations,fb_h2_k4_m50_d0_s1,fb_h2_k4_m50_d0,2,4,50,0,1,0;3;6;7,200,sabah_o1,0.19775096647983115,0.11686989440561633,0.34429505601874616,0.21513131503185004,0.4991978433447194,0.3919005915035154,0.22876541274339734,0.01039668694958381,0.0403814769623559,0.01586378737541528
v2-fixed-iterations,fb_h2_k4_m50_d0_s1,fb_h2_k4_m50_d0,2,4,50,0,1,0;3;6;7,200,sabah_o2,0.1599210698674589,0.09902978961771994,0.3871579232004037,0.15364877309070904,0.334617920022831,0.2882,0.016866359447004604,0.0,,
v2-fixed-iterations,fb_h2_k4_mall_d0_s1,fb_h2_k4_mall_d0,2,4,all,0,1,0;3;6;7,342,heldout,0.04261294566838953,0.015456903774626003,0.12583936631312334,0.06202046154126666,0.10090134368836472,0.006965873063818827,0.10353050663638477,0.010458662284171333,0.016981010559819754,0.016840277777777777
v2-fixed-iterations,fb_h2_k4_mall_d0_s1,fb_h2_k4_mall_d0,2,4,all,0,1,0;3;6;7,342,sabah,0.24177554736190954,0.14865008978357047,0.323413825974455,0.2593144453599525,0.5524909947243932,0.526686353321178,0.2524587187996643,0.018661386511575978,0.042556496003115965,0.057799334811529934
v2-fixed-iterations,fb_h2_k4_mall_d0_s1,fb_h2_k4_mall_d0,2,4,all,0,1,0;3;6;7,342,sabah_o1,0.25033935952433656,0.15426574721030975,0.33029982976259953,0.267120067009596,0.5550097703756607,0.5463040641502774,0.2743055354755065,0.021136102714230214,0.04303803737152093,0.06224264705882353
v2-fixed-iterations,fb_h2_k4_mall_d0_s1,fb_h2_k4_mall_d0,2,4,all,0,1,0;3;6;7,342,sabah_o2,0.2115875378909392,0.1349265068358151,0.3831187937288179,0.19909540846308083,0.43961082052958483,0.3979358974358974,0.008359508364629568,0.0004439252336448598,,
v2-fixed-iterations,fb_h2_k4_m15_d1_s1,fb_h2_k4_m15_d1,2,4,15,1,1,1;3;6;7,60,heldout,0.015644547342182114,0.00519274767141056,0.055439582256522756,0.059374374597136376,0.032913364220775856,0.0007894736842105263,0.059583529017980016,0.0002443370435461824,0.0003365800865800866,0.0
v2-fixed-iterations,fb_h2_k4_m15_d1_s1,fb_h2_k4_m15_d1,2,4,15,1,1,1;3;6;7,60,sabah,0.1361113250898326,0.07953539014494924,0.28359593714040815,0.14874800111190126,0.3184677200510009,0.3223749888263269,0.14738610387769324,0.0016542475694679537,0.022737271166887438,0.004047619047619047
v2-fixed-iterations,fb_h2_k4_m15_d1_s1,fb_h2_k4_m15_d1,2,4,15,1,1,1;3;6;7,60,sabah_o1,0.1404469494127146,0.0827693916624269,0.28493682778091106,0.1530557961736662,0.3151001468885669,0.3378787874347281,0.16024530995624847,0.0016650010485606964,0.022792451148183568,0.005
v2-fixed-iterations,fb_h2_k4_m15_d1_s1,fb_h2_k4_m15_d1,2,4,15,1,1,1;3;6;7,60,sabah_o2,0.15668870046209948,0.08588177756508857,0.5506922232359527,0.15244883040935672,0.4146877260670364,0.2050670757813615,0.007000000000000001,0.0,,
v2-fixed-iterations,fb_h2_k4_m50_d1_s1,fb_h2_k4_m50_d1,2,4,50,1,1,1;3;6;7,200,heldout,0.02828003953325997,0.009503973629335815,0.1176397715294299,0.04985668367452708,0.06435903337744783,0.0018103448275862068,0.07396059388074318,0.016354014721637743,0.013196250392144861,0.0
v2-fixed-iterations,fb_h2_k4_m50_d1_s1,fb_h2_k4_m50_d1,2,4,50,1,1,1;3;6;7,200,sabah,0.18697137182476944,0.10872991552435926,0.34223645394883007,0.20007417858920862,0.49170462859530106,0.330630497231253,0.20443504086031478,0.05049927644192684,0.041122815190300116,0.0034359726295210167
v2-fixed-iterations,fb_h2_k4_m50_d1_s1,fb_h2_k4_m50_d1,2,4,50,1,1,1;3;6;7,200,sabah_o1,0.1915944295578732,0.11256270068134608,0.34182269762918804,0.20413352917901537,0.4949176863375403,0.33853433337963956,0.2188654766442449,0.05125937815061385,0.041274942381032874,0.004714760454167821
v2-fixed-iterations,fb_h2_k4_m50_d1_s1,fb_h2_k4_m50_d1,2,4,50,1,1,1;3;6;7,200,sabah_o2,0.17284523427914822,0.09944335739139328,0.33665476780441894,0.19919088735507565,0.3859462329318887,0.2706847041847042,0.011,0.02375,,
v2-fixed-iterations,fb_h2_k4_mall_d1_s1,fb_h2_k4_mall_d1,2,4,all,1,1,1;3;6;7,303,heldout,0.03070145111373669,0.010985167977273743,0.11130435010628642,0.041740404793023246,0.0567409230499436,7.281553398058252e-05,0.07393934830508915,0.05122413546016477,0.00044136087645195356,0.0017901234567901238
v2-fixed-iterations,fb_h2_k4_mall_d1_s1,fb_h2_k4_mall_d1,2,4,all,1,1,1;3;6;7,303,sabah,0.16603473628409113,0.09707317799722205,0.3439375157739357,0.18318700864933035,0.4455112236982336,0.32307748813225734,0.12103497734271873,0.06656111645099907,0.026639991390682842,0.013383620689655172
v2-fixed-iterations,fb_h2_k4_mall_d1_s1,fb_h2_k4_mall_d1,2,4,all,1,1,1;3;6;7,303,sabah_o1,0.1755485392293014,0.1037086681624104,0.3700127076703668,0.18270870530487757,0.45471697823713997,0.33630358609847744,0.13925024679856313,0.07130150678515423,0.026659393646949848,0.02505952380952381
v2-fixed-iterations,fb_h2_k4_mall_d1_s1,fb_h2_k4_mall_d1,2,4,all,1,1,1;3;6;7,303,sabah_o2,0.11859643024020003,0.06852519371922151,0.34937820178391865,0.14526618470382333,0.22954503468629028,0.23921568627450981,0.005625,0.0,,
v2-fixed-iterations,fb_h2_k7_m15_d0_s1,fb_h2_k7_m15_d0,2,7,15,0,1,0;1;3;4;5;6;7,105,heldout,0.034076804804589175,0.013466694052359762,0.1576852430009511,0.05228161359149732,0.05675609210748783,0.0028174603174603175,0.08305747722432402,0.057767981024326565,0.004061818153936319,0.0
v2-fixed-iterations,fb_h2_k7_m15_d0_s1,fb_h2_k7_m15_d0,2,7,15,0,1,0;1;3;4;5;6;7,105,sabah,0.1953495951151325,0.12003960628251752,0.3456505929981532,0.20512938061616545,0.3434124139793522,0.4713726780688384,0.18407083741669905,0.07182686535836708,0.016414775867538256,0.08499999999999999
v2-fixed-iterations,fb_h2_k7_m15_d0_s1,fb_h2_k7_m15_d0,2,7,15,0,1,0;1;3;4;5;6;7,105,sabah_o1,0.20368925554809783,0.1263294555739819,0.35348953053592536,0.21200410238118697,0.34683663339354953,0.49639456571244,0.20221501404237624,0.07501022352384291,0.016679096616378244,0.08499999999999999
v2-fixed-iterations,fb_h2_k7_m15_d0_s1,fb_h2_k7_m15_d0,2,7,15,0,1,0;1;3;4;5;6;7,105,sabah_o2,0.1100723914598067,0.05968026471638495,0.09077690296147346,0.24550438596491225,0.16213821892393318,0.2723245073891626,0.005048151001540832,0.0007786885245901639,,
v2-fixed-iterations,fb_h2_k7_m50_d0_s1,fb_h2_k7_m50_d0,2,7,50,0,1,0;1;3;4;5;6;7,350,heldout,0.11397054848216583,0.046456665813907304,0.21461524395718745,0.14588747395138166,0.12072985761244692,0.004003236555880564,0.1403900742632927,0.055721022844647444,0.008491920129547872,0.3544871794871795
v2-fixed-iterations,fb_h2_k7_m50_d0_s1,fb_h2_k7_m50_d0,2,7,50,0,1,0;1;3;4;5;6;7,350,sabah,0.2273923654209792,0.13600040412295708,0.3872658151837791,0.24135817028185144,0.5331940891778557,0.5021470791853868,0.15422464656690868,0.09024242697027438,0.04082048313239529,0.043725467493054615
v2-fixed-iterations,fb_h2_k7_m50_d0_s1,fb_h2_k7_m50_d0,2,7,50,0,1,0;1;3;4;5;6;7,350,sabah_o1,0.23368017623227952,0.1402809290293154,0.37179789208375275,0.2554988351670921,0.534705763391507,0.5196059466131918,0.1587876578386764,0.09621264804523752,0.04142220791277644,0.051346833592287894
v2-fixed-iterations,fb_h2_k7_m50_d0_s1,fb_h2_k7_m50_d0,2,7,50,0,1,0;1;3;4;5;6;7,350,sabah_o2,0.2169577085266756,0.14017635301940973,0.5243506159307102,0.2066154970760234,0.3980165078433605,0.36652772143340095,0.10279691410829137,0.0004896907216494845,,
v2-fixed-iterations,fb_h2_k7_mall_d0_s1,fb_h2_k7_mall_d0,2,7,all,0,1,0;1;3;4;5;6;7,680,heldout,0.11852180976209,0.04862573881193102,0.20456936222082325,0.18048856488683027,0.1441940153270101,9.09090909090909e-05,0.16227540417625877,0.0938216189898432,0.014595064834672766,0.29615384615384616
v2-fixed-iterations,fb_h2_k7_mall_d0_s1,fb_h2_k7_mall_d0,2,7,all,0,1,0;1;3;4;5;6;7,680,sabah,0.2611519091695912,0.15564165768106472,0.40302700766647637,0.28667166663874505,0.4821215280028779,0.5578022775770128,0.1819007195959375,0.10372145050938522,0.05552731159017293,0.18583816774216086
v2-fixed-iterations,fb_h2_k7_mall_d0_s1,fb_h2_k7_mall_d0,2,7,all,0,1,0;1;3;4;5;6;7,680,sabah_o1,0.27067269109679515,0.16205190336895473,0.409873486959705,0.2930090887893418,0.4789219495254553,0.589637369406641,0.19006203290625895,0.10805712791072036,0.05603303914807452,0.20132462768362075
v2-fixed-iterations,fb_h2_k7_mall_d0_s1,fb_h2_k7_mall_d0,2,7,all,0,1,0;1;3;4;5;6;7,680,sabah_o2,0.2677553658677684,0.1638152230850694,0.48820372743371027,0.27790390318003383,0.6458035714285715,0.31629335798301317,0.10892453405948879,0.0,,
v2-fixed-iterations,fb_h3_k1_m15_d0_s1,fb_h3_k1_m15_d0,3,1,15,0,1,6,15,heldout,0.0,0.0,0.0,0.0,0.0,0.0,,0.0,,0.0
v2-fixed-iterations,fb_h3_k1_m15_d0_s1,fb_h3_k1_m15_d0,3,1,15,0,1,6,15,sabah,0.041457282187753554,0.025416590203300997,0.24313190579811114,0.0551472247012344,0.0,0.0020833333333333333,0.246660359793188,0.0,0.0,0.0
v2-fixed-iterations,fb_h3_k1_m15_d0_s1,fb_h3_k1_m15_d0,3,1,15,0,1,6,15,sabah_o1,0.04340240533992923,0.026990296225086797,0.2447366056805871,0.05722634364614712,0.0,0.0030701754385964912,0.25734425660097887,0.0,0.0,0.0
v2-fixed-iterations,fb_h3_k1_m15_d0_s1,fb_h3_k1_m15_d0,3,1,15,0,1,6,15,sabah_o2,0.02984423377803962,0.013325060605830987,0.5530928420324788,0.075,0.0,0.0,0.11937693511215848,0.0,,
v2-fixed-iterations,fb_h3_k1_m50_d0_s1,fb_h3_k1_m50_d0,3,1,50,0,1,6,50,heldout,0.001130952380952381,0.00011309523809523809,0.008620689655172414,0.025,0.0,0.004523809523809524,,0.0,,0.0
v2-fixed-iterations,fb_h3_k1_m50_d0_s1,fb_h3_k1_m50_d0,3,1,50,0,1,6,50,sabah,0.044618637543643,0.028115680033202382,0.42205527615507554,0.05630156969148142,0.0,0.0018634613206478649,0.26584836394121014,0.0,0.0,0.0
v2-fixed-iterations,fb_h3_k1_m50_d0_s1,fb_h3_k1_m50_d0,3,1,50,0,1,6,50,sabah_o1,0.04839751346470358,0.030399965990218512,0.4249331170534257,0.05960972392307785,0.0,0.0019257703081232492,0.2884593104800982,0.0,0.0,0.0
v2-fixed-iterations,fb_h3_k1_m50_d0_s1,fb_h3_k1_m50_d0,3,1,50,0,1,6,50,sabah_o2,0.008379735301871912,0.004673115465483475,0.5180776506864088,0.04375,0.0,0.0,0.03351894120748765,0.0,,
v2-fixed-iterations,fb_h3_k1_mall_d0_s1,fb_h3_k1_mall_d0,3,1,all,0,1,6,82,heldout,0.0,0.0,0.0,0.0,0.0,0.0,,0.0,,0.0
v2-fixed-iterations,fb_h3_k1_mall_d0_s1,fb_h3_k1_mall_d0,3,1,all,0,1,6,82,sabah,0.04643256810959895,0.028861703013035027,0.42155944252115446,0.057526881720430106,0.0,0.002283364829185263,0.27572176605063065,0.0,0.0,0.0005902777777777777
v2-fixed-iterations,fb_h3_k1_mall_d0_s1,fb_h3_k1_mall_d0,3,1,all,0,1,6,82,sabah_o1,0.049243315268700405,0.030654846947666944,0.42307271972883465,0.059770114942528735,0.0,0.003209059233449478,0.29162583237875295,0.0,0.0,0.000625
v2-fixed-iterations,fb_h3_k1_mall_d0_s1,fb_h3_k1_mall_d0,3,1,all,0,1,6,82,sabah_o2,0.014341784315636541,0.008662852032791058,0.5596440613796124,0.0375,0.0,0.0,0.057367137262546164,0.0,,
v2-fixed-iterations,fb_h3_k1_m15_d1_s1,fb_h3_k1_m15_d1,3,1,15,1,1,2,15,heldout,0.032693526560547075,0.011378738240015906,0.5640021606413189,0.041237113402061855,0.12434553481361686,0.0,,0.006428571428571429,,0.0
v2-fixed-iterations,fb_h3_k1_m15_d1_s1,fb_h3_k1_m15_d1,3,1,15,1,1,2,15,sabah,0.036480366820428045,0.013275061514258026,0.09925297465400375,0.06848572274579356,0.16015075417895108,0.00232679033649698,0.046308396803874205,0.008285708044493006,0.00014388489208633093,0.0016666666666666668
v2-fixed-iterations,fb_h3_k1_m15_d1_s1,fb_h3_k1_m15_d1,3,1,15,1,1,2,15,sabah_o1,0.037596973344973326,0.013610280603275219,0.10198656606627737,0.07001457995697928,0.16608353008469923,0.002391314825525352,0.046682448012614106,0.00861189507887471,0.000145985401459854,0.0016666666666666668
v2-fixed-iterations,fb_h3_k1_m15_d1_s1,fb_h3_k1_m15_d1,3,1,15,1,1,2,15,sabah_o2,0.021160963391172426,0.009238240392598315,0.30549763229034954,0.03190789473684211,0.015498117164783831,0.0,0.06766136139990588,0.001484375,,
v2-fixed-iterations,fb_h3_k1_m50_d1_s1,fb_h3_k1_m50_d1,3,1,50,1,1,2,50,heldout,0.03814869976922837,0.015259545874296709,0.36156119948232474,0.041237113402061855,0.15045194193405634,0.0,,0.002142857142857143,,0.0
v2-fixed-iterations,fb_h3_k1_m50_d1_s1,fb_h3_k1_m50_d1,3,1,50,1,1,2,50,sabah,0.05788735827171493,0.02004670472602409,0.14864913022326834,0.09560140091167152,0.22913909403637714,0.009663890432507854,0.05400370083600604,0.02923003413950732,0.025287430185891274,0.0
v2-fixed-iterations,fb_h3_k1_m50_d1_s1,fb_h3_k1_m50_d1,3,1,50,1,1,2,50,sabah_o1,0.05825617040307362,0.020044891037140675,0.151188906554208,0.09377117578698774,0.2360636813660538,0.0036818801371022317,0.05329069623523114,0.030490167643732333,0.02601059703632217,0.0
v2-fixed-iterations,fb_h3_k1_m50_d1_s1,fb_h3_k1_m50_d1,3,1,50,1,1,2,50,sabah_o2,0.053458089004641045,0.022826394440226543,0.056827350513888646,0.2352704678362573,0.012484567901234568,0.13144480177599588,0.0671088686942749,0.0027941176470588237,,
v2-fixed-iterations,fb_h3_k1_mall_d1_s1,fb_h3_k1_mall_d1,3,1,all,1,1,2,147,heldout,0.07293029709978296,0.031408390524624165,0.3629101332275847,0.07005272840241564,0.2883073952956836,0.0,,0.003413793103448276,,0.0
v2-fixed-iterations,fb_h3_k1_mall_d1_s1,fb_h3_k1_mall_d1,3,1,all,1,1,2,147,sabah,0.08945109532377132,0.036671789896957616,0.253471406751784,0.10916885676224049,0.3015011529351491,0.0614250528684034,0.07989997706348914,0.04370939062322327,0.04167099845236307,0.0085
v2-fixed-iterations,fb_h3_k1_mall_d1_s1,fb_h3_k1_mall_d1,3,1,all,1,1,2,147,sabah_o1,0.08881411921402906,0.03595916224639743,0.25124958810054754,0.10973218020835179,0.3074569952744742,0.042144964564104916,0.08058063200962831,0.05216228721338973,0.04203983622257731,0.0085
v2-fixed-iterations,fb_h3_k1_mall_d1_s1,fb_h3_k1_mall_d1,3,1,all,1,1,2,147,sabah_o2,0.09565425574416314,0.04483446533848802,0.08387113838341091,0.29828216374269,0.044503395631058304,0.27526715339072316,0.06284647395487108,0.0,,
v2-fixed-iterations,fb_h3_k2_m15_d0_s1,fb_h3_k2_m15_d0,3,2,15,0,1,5;7,30,heldout,0.09718105446956027,0.05544729303203015,0.17801846646790692,0.08891752577319588,0.3887242178782411,0.0,,0.0,,0.0
v2-fixed-iterations,fb_h3_k2_m15_d0_s1,fb_h3_k2_m15_d0,3,2,15,0,1,5;7,30,sabah,0.07816033732445594,0.0399885597988905,0.1733095811386314,0.0936489446789669,0.35110002370341375,0.10104486032372956,0.012031476880624318,0.0012132172834542574,0.0028699664166707333,0.0007024793388429752
v2-fixed-iterations,fb_h3_k2_m15_d0_s1,fb_h3_k2_m15_d0,3,2,15,0,1,5;7,30,sabah_o1,0.08016712579547626,0.041007224044331686,0.17321867511198444,0.09669467659413149,0.35800050957026786,0.1053340722420068,0.01244921792039624,0.0013757383726504745,0.0030774509017705,0.0007657657657657658
v2-fixed-iterations,fb_h3_k2_m15_d0_s1,fb_h3_k2_m15_d0,3,2,15,0,1,5;7,30,sabah_o2,0.04280953054298642,0.028905582897494665,0.058817552339357614,0.11867690058479533,0.06088235294117647,0.10024999999999999,0.009375,0.0007307692307692308,,
v2-fixed-iterations,fb_h3_k2_m50_d0_s1,fb_h3_k2_m50_d0,3,2,50,0,1,5;7,100,heldout,0.15342704060425294,0.07254066244877476,0.23145140343008871,0.16304553423575896,0.4899963887167059,0.0,,0.0003784403669724771,,0.12333333333333332
v2-fixed-iterations,fb_h3_k2_m50_d0_s1,fb_h3_k2_m50_d0,3,2,50,0,1,5;7,100,sabah,0.12494678199598301,0.061508956033915325,0.2109981827549753,0.16639644019227512,0.378998061476135,0.17583770035096657,0.17141232172642076,0.009748898051402607,0.009238009013507166,0.0044457013574660635
v2-fixed-iterations,fb_h3_k2_m50_d0_s1,fb_h3_k2_m50_d0,3,2,50,0,1,5;7,100,sabah_o1,0.12855780705031322,0.06403857220332865,0.21092944393928037,0.17123010918442902,0.3833486693094855,0.18875029150557332,0.1741540772957347,0.010903400748686978,0.009530560922713753,0.00465984251968504
v2-fixed-iterations,fb_h3_k2_m50_d0_s1,fb_h3_k2_m50_d0,3,2,50,0,1,5;7,100,sabah_o2,0.12284299358056128,0.05272218896450133,0.3430100150733677,0.15196297088115532,0.22677432216905902,0.07,0.19306539408866996,0.0015322580645161289,,
v2-fixed-iterations,fb_h3_k2_mall_d0_s1,fb_h3_k2_mall_d0,3,2,all,0,1,5;7,192,heldout,0.16966299539431284,0.08547220834298833,0.27333738201463753,0.14772727272727273,0.5601426648070651,0.013571428571428571,,0.0,,0.10493788819875777
v2-fixed-iterations,fb_h3_k2_mall_d0_s1,fb_h3_k2_mall_d0,3,2,all,0,1,5;7,192,sabah,0.1406954880015002,0.07395685736834866,0.244871796541865,0.17520029819410343,0.45448302517860495,0.19824587328880103,0.14110201179225645,0.016590103822863675,0.02112736814624072,0.012624545780234402
v2-fixed-iterations,fb_h3_k2_mall_d0_s1,fb_h3_k2_mall_d0,3,2,all,0,1,5;7,192,sabah_o1,0.14361342968005147,0.07588142881466262,0.2467976616626394,0.1794824697647365,0.45484487686388453,0.21156266418431477,0.14106934610421648,0.018666014856642366,0.021403469471779995,0.014134206599470692
v2-fixed-iterations,fb_h3_k2_mall_d0_s1,fb_h3_k2_mall_d0,3,2,all,0,1,5;7,192,sabah_o2,0.1557714451863938,0.08058592178177262,0.6049158768448404,0.11089181286549707,0.4153065738216114,0.057999999999999996,0.1493679515127084,0.00041125541125541126,,
v2-fixed-iterations,fb_h3_k2_m15_d1_s1,fb_h3_k2_m15_d1,3,2,15,1,1,2;5,30,heldout,0.06773621847924668,0.03752006144822872,0.6547873062418444,0.06572164948453608,0.2706531826971871,0.0,,0.00029169121979964643,,0.0
v2-fixed-iterations,fb_h3_k2_m15_d1_s1,fb_h3_k2_m15_d1,3,2,15,1,1,2;5,30,sabah,0.07522616062351141,0.03313342421349204,0.3020729793194508,0.09014460192352386,0.3298211525000777,0.0012934295669487306,0.08977056657161103,0.007547309823120063,0.004855722210527798,0.018068783068783068
v2-fixed-iterations,fb_h3_k2_m15_d1_s1,fb_h3_k2_m15_d1,3,2,15,1,1,2;5,30,sabah_o1,0.0775481191481686,0.034097062260635816,0.3056330520298981,0.09206133321140512,0.3375541592722776,0.0004898040783686525,0.09368759084915688,0.007749222851598382,0.005241271170943395,0.020566666666666667
v2-fixed-iterations,fb_h3_k2_m15_d1_s1,fb_h3_k2_m15_d1,3,2,15,1,1,2;5,30,sabah_o2,0.02166984871329778,0.007878548247849036,0.29879761283626044,0.03125,0.016452094456397587,0.02761904761904762,0.04260825277774592,0.0,,
v2-fixed-iterations,fb_h3_k2_m50_d1_s1,fb_h3_k2_m50_d1,3,2,50,1,1,2;5,100,heldout,0.12933211945512346,0.0655178299524741,0.2603752659560219,0.12278377858550783,0.4694546107510074,0.0,,0.00037386706948640486,,0.0475
v2-fixed-iterations,fb_h3_k2_m50_d1_s1,fb_h3_k2_m50_d1,3,2,50,1,1,2;5,100,sabah,0.11452348559291654,0.05145149058507821,0.2038918333102141,0.13728392657079155,0.4395410189235075,0.02924944817074857,0.13195567469187502,0.056049216388522685,0.012618282655572906,0.017727272727272727
v2-fixed-iterations,fb_h3_k2_m50_d1_s1,fb_h3_k2_m50_d1,3,2,50,1,1,2;5,100,sabah_o1,0.11673423955906233,0.052266777469787015,0.2183681855427216,0.1390957200319117,0.44521205107821143,0.024857074297570596,0.13815163531378122,0.05880587946281264,0.013025261848462666,0.020353535353535353
v2-fixed-iterations,fb_h3_k2_m50_d1_s1,fb_h3_k2_m50_d1,3,2,50,1,1,2;5,100,sabah_o2,0.12417582878050507,0.06114463684347935,0.25577862638494303,0.12230326744206374,0.218695951122838,0.12209934640522876,0.060908017593953465,0.095,,
v2-fixed-iterations,fb_h3_k2_mall_d1_s1,fb_h3_k2_mall_d1,3,2,all,1,1,2;5,282,heldout,0.16545551626372537,0.0872228838270995,0.28038944025776785,0.14772727272727273,0.5943220650549015,0.0,,0.0,,0.0675
v2-fixed-iterations,fb_h3_k2_mall_d1_s1,fb_h3_k2_mall_d1,3,2,all,1,1,2;5,282,sabah,0.14964387649570893,0.0721179742291836,0.32220733415217157,0.1580807681493844,0.5395437782248664,0.04016415339876504,0.19135646988476462,0.03110989495305559,0.0459951640631895,0.0496937984496124
v2-fixed-iterations,fb_h3_k2_mall_d1_s1,fb_h3_k2_mall_d1,3,2,all,1,1,2;5,282,sabah_o1,0.14690392022575835,0.07076844860526994,0.27429657310401834,0.15684191357826652,0.5369183594957789,0.018893203738998304,0.19292887869007969,0.03598456393064116,0.046148695767816425,0.050549819731235665
v2-fixed-iterations,fb_h3_k2_mall_d1_s1,fb_h3_k2_mall_d1,3,2,all,1,1,2;5,282,sabah_o2,0.28383343739065664,0.1444207785567188,0.46343293275011016,0.2660236672278426,0.6274989824989825,0.3083127025775583,0.17577206448608576,0.02375,,
v2-fixed-iterations,fb_h3_k4_m15_d0_s1,fb_h3_k4_m15_d0,3,4,15,0,1,2;5;6;7,60,heldout,0.0318463345922768,0.01392064377125134,0.1569229924684002,0.04592314901593252,0.09336152884529769,0.0,,0.002357142857142857,,0.03166666666666666
v2-fixed-iterations,fb_h3_k4_m15_d0_s1,fb_h3_k4_m15_d0,3,4,15,0,1,2;5;6;7,60,sabah,0.11102409602766274,0.05579865944262285,0.22317212082012064,0.13555067698661016,0.234201921257921,0.0789875470623566,0.31247087677487834,0.0185092572335374,0.021974973837283186,0.0
v2-fixed-iterations,fb_h3_k4_m15_d0_s1,fb_h3_k4_m15_d0,3,4,15,0,1,2;5;6;7,60,sabah_o1,0.11546080569358842,0.05871857452035953,0.2317861160187895,0.13833202955073307,0.24109632895564082,0.08570335193384425,0.3250138232799077,0.018667587405696125,0.022283742586441696,0.0
v2-fixed-iterations,fb_h3_k4_m15_d0_s1,fb_h3_k4_m15_d0,3,4,15,0,1,2;5;6;7,60,sabah_o2,0.04652052591506976,0.018632546713461685,0.054243066945860875,0.16728801169590643,0.01125,0.027527777777777776,0.13999663357480896,0.0073076923076923084,,
v2-fixed-iterations,fb_h3_k4_m50_d0_s1,fb_h3_k4_m50_d0,3,4,50,0,1,2;5;6;7,200,heldout,0.14494976279431324,0.07794596685261544,0.1969216459605073,0.18127928772258667,0.4332541587742061,0.025666666666666667,,0.0007311669128508124,,0.12014705882352941
v2-fixed-iterations,fb_h3_k4_m50_d0_s1,fb_h3_k4_m50_d0,3,4,50,0,1,2;5;6;7,200,sabah,0.18204180786592994,0.09897068665463543,0.2786930703095619,0.21445681458008917,0.42078614961792776,0.30503313965155465,0.29564286246170646,0.03523764991549204,0.01845114369994534,0.0170999018489535
v2-fixed-iterations,fb_h3_k4_m50_d0_s1,fb_h3_k4_m50_d0,3,4,50,0,1,2;5;6;7,200,sabah_o1,0.18534923215588858,0.10138326360009094,0.28061387880332533,0.21679949198117202,0.42877656785256657,0.2942570717893267,0.31100204968763073,0.0384893318201423,0.018717628514443772,0.02085274327122153
v2-fixed-iterations,fb_h3_k4_m50_d0_s1,fb_h3_k4_m50_d0,3,4,50,0,1,2;5;6;7,200,sabah_o2,0.14687671127609037,0.07767771117851341,0.2849150225240321,0.18538011695906434,0.05859358079714365,0.43797945532728144,0.08899503346973234,0.0019387755102040815,,
v2-fixed-iterations,fb_h3_k4_mall_d0_s1,fb_h3_k4_mall_d0,3,4,all,0,1,2;5;6;7,421,heldout,0.2033374055519196,0.10256929708273829,0.2019367742174429,0.20477975632614806,0.5594933727297211,0.00799053356282272,,0.0014389534883720932,,0.2444267624267624
v2-fixed-iterations,fb_h3_k4_mall_d0_s1,fb_h3_k4_mall_d0,3,4,all,0,1,2;5;6;7,421,sabah,0.21704578508846126,0.10802186201453977,0.2939872876590946,0.25782147711238546,0.5569174759052844,0.22188863802176775,0.2937649461482288,0.04025702209290087,0.03880028150548598,0.1506463468570997
v2-fixed-iterations,fb_h3_k4_mall_d0_s1,fb_h3_k4_mall_d0,3,4,all,0,1,2;5;6;7,421,sabah_o1,0.21935927818947001,0.11007670801629003,0.29670808276030974,0.2614636700952663,0.5563234459307959,0.2169143401253194,0.3055099014068138,0.04290658957347754,0.03956856119686342,0.15493283090354998
v2-fixed-iterations,fb_h3_k4_mall_d0_s1,fb_h3_k4_mall_d0,3,4,all,0,1,2;5;6;7,421,sabah_o2,0.2957771715018376,0.15470837311088909,0.39276898273402033,0.26842619072375484,0.6445513214393164,0.3027221371776784,0.1408352273903555,0.095,,
v2-fixed-iterations,fb_h3_k4_m15_d1_s1,fb_h3_k4_m15_d1,3,4,15,1,1,0;1;6;7,60,heldout,0.11376655761406075,0.06743336926758067,0.24916388784816917,0.10973029144682586,0.3681125267525393,0.027453703703703702,,0.0,,0.0595
v2-fixed-iterations,fb_h3_k4_m15_d1_s1,fb_h3_k4_m15_d1,3,4,15,1,1,0;1;6;7,60,sabah,0.15104930286117263,0.09035660820998419,0.2825865162777366,0.1864909917100576,0.29222401997427716,0.3667397158115727,0.19477893671766447,0.00922914993175043,0.04263851086080332,0.0006854838709677419
v2-fixed-iterations,fb_h3_k4_m15_d1_s1,fb_h3_k4_m15_d1,3,4,15,1,1,0;1;6;7,60,sabah_o1,0.15847519388791423,0.09474902689619401,0.2883195837697686,0.1923088803078592,0.2973396378500073,0.37922764899716827,0.21856593601901408,0.011801023628916928,0.04316470444299847,0.000752212389380531
v2-fixed-iterations,fb_h3_k4_m15_d1_s1,fb_h3_k4_m15_d1,3,4,15,1,1,0;1;6;7,60,sabah_o2,0.0864329775802429,0.05660833514741824,0.27857199570625957,0.10690789473684212,0.0546996996996997,0.28379699248120305,0.005817307692307693,0.001417910447761194,,
v2-fixed-iterations,fb_h3_k4_m50_d1_s1,fb_h3_k4_m50_d1,3,4,50,1,1,0;1;6;7,200,heldout,0.10934758129964041,0.06709208028824216,0.27230848296573673,0.12096833528588335,0.292713005561904,0.01815891472868217,,0.0015184049079754601,,0.12499999999999999
v2-fixed-iterations,fb_h3_k4_m50_d1_s1,fb_h3_k4_m50_d1,3,4,50,1,1,0;1;6;7,200,sabah,0.1529900700269087,0.09366419161609602,0.2584941481676495,0.18453937240457377,0.2875159827857185,0.4214268536056342,0.11226630038602038,0.05825188518513639,0.02856273153227603,0.009916666666666667
v2-fixed-iterations,fb_h3_k4_m50_d1_s1,fb_h3_k4_m50_d1,3,4,50,1,1,0;1;6;7,200,sabah_o1,0.1607239988757482,0.09893409137506828,0.2677074426272453,0.19057383608480452,0.2939475357245995,0.4375811976857802,0.12867414167191923,0.06376535995999244,0.02893038006093726,0.011445378151260503
v2-fixed-iterations,fb_h3_k4_m50_d1_s1,fb_h3_k4_m50_d1,3,4,50,1,1,0;1;6;7,200,sabah_o2,0.0834816747778982,0.05244285434356133,0.09832514825796887,0.1817982456140351,0.01622641509433962,0.31408855092276144,0.003611733094491715,0.0,,
v2-fixed-iterations,fb_h3_k4_mall_d1_s1,fb_h3_k4_mall_d1,3,4,all,1,1,0;1;6;7,382,heldout,0.19939652169628777,0.12403358190028713,0.5041805854587449,0.24064624769036083,0.44241137182457185,0.13177935943060498,,0.12578665987780038,,0.09760869565217392
v2-fixed-iterations,fb_h3_k4_mall_d1_s1,fb_h3_k4_mall_d1,3,4,all,1,1,0;1;6;7,382,sabah,0.19400754588398705,0.11672649399104608,0.36661488165869915,0.20627982468330255,0.42022218236808206,0.49324886433122567,0.08416018993190028,0.0938822183485242,0.04444490723727727,0.028086913086913086
v2-fixed-iterations,fb_h3_k4_mall_d1_s1,fb_h3_k4_mall_d1,3,4,all,1,1,0;1;6;7,382,sabah_o1,0.2018563812077145,0.12214765221529947,0.38813227627134966,0.21120300122498636,0.4183006481483471,0.510154936404937,0.09922294839348914,0.10124534589101036,0.04528609299631693,0.036928315412186385
v2-fixed-iterations,fb_h3_k4_mall_d1_s1,fb_h3_k4_mall_d1,3,4,all,1,1,0;1;6;7,382,sabah_o2,0.22120734372019332,0.13558353916757232,0.3133716113366744,0.16228070175438597,0.5210144679881522,0.35564079287104944,0.00817411402157165,0.0,,
v2-fixed-iterations,fb_h3_k7_m15_d0_s1,fb_h3_k7_m15_d0,3,7,15,0,1,0;1;2;4;5;6;7,105,heldout,0.3486846683795224,0.14695867940487609,0.6069158144160101,0.2354404544938298,0.3417328255648732,0.050111111111111106,,0.495,,0.5078947368421053
v2-fixed-iterations,fb_h3_k7_m15_d0_s1,fb_h3_k7_m15_d0,3,7,15,0,1,0;1;2;4;5;6;7,105,sabah,0.22683700068421664,0.11948689604936065,0.39663971190612246,0.25274663773234163,0.3677607544319763,0.47343494805783437,0.21274265633611375,0.07269162789511285,0.0205031284953739,0.21388888888888888
v2-fixed-iterations,fb_h3_k7_m15_d0_s1,fb_h3_k7_m15_d0,3,7,15,0,1,0;1;2;4;5;6;7,105,sabah_o1,0.2354653895079162,0.12486515227109447,0.40711034627921233,0.26195152935766847,0.3776419730632835,0.48840175873265546,0.22654999245048357,0.07588022495465611,0.02098505451308528,0.22333333333333333
v2-fixed-iterations,fb_h3_k7_m15_d0_s1,fb_h3_k7_m15_d0,3,7,15,0,1,0;1;2;4;5;6;7,105,sabah_o2,0.11122253250598771,0.07212410070910502,0.12112109592814292,0.2061769005847953,0.0016604174478190227,0.37825000000000003,0.03331304590946511,0.03166666666666666,,
v2-fixed-iterations,fb_h3_k7_m50_d0_s1,fb_h3_k7_m50_d0,3,7,50,0,1,0;1;2;4;5;6;7,350,heldout,0.24353718681418624,0.13765668529131844,0.3310400290495323,0.4542545021591122,0.5339008269239982,0.11371220604703247,,0.017678571428571425,,0.3088571428571429
v2-fixed-iterations,fb_h3_k7_m50_d0_s1,fb_h3_k7_m50_d0,3,7,50,0,1,0;1;2;4;5;6;7,350,sabah,0.2405837628472498,0.1434590458858033,0.4441018200938089,0.26156607461661024,0.4596212609286315,0.5516237178920804,0.17546574379965713,0.0982221753878566,0.04769605807261995,0.11087362100265327
v2-fixed-iterations,fb_h3_k7_m50_d0_s1,fb_h3_k7_m50_d0,3,7,50,0,1,0;1;2;4;5;6;7,350,sabah_o1,0.24891752032607942,0.14916215493327709,0.47889633712829466,0.26528832302007216,0.4610022463319163,0.5614689817589905,0.1758147429921394,0.10262362938301384,0.048022982630312835,0.14457253886010363
v2-fixed-iterations,fb_h3_k7_m50_d0_s1,fb_h3_k7_m50_d0,3,7,50,0,1,0;1;2;4;5;6;7,350,sabah_o2,0.29303201230062825,0.15973559036089974,0.38620281565318515,0.3116164842809619,0.49311142208244196,0.5045846275218948,0.17418778365987286,0.00024421593830334186,,
v2-fixed-iterations,fb_h3_k7_mall_d0_s1,fb_h3_k7_mall_d0,3,7,all,0,1,0;1;2;4;5;6;7,765,heldout,0.31103790782384827,0.18081698987390998,0.4901384092158897,0.3911199625117151,0.6015968352584196,0.1875,,0.0707142857142857,,0.3843405103226878
v2-fixed-iterations,fb_h3_k7_mall_d0_s1,fb_h3_k7_mall_d0,3,7,all,0,1,0;1;2;4;5;6;7,765,sabah,0.2563512740062192,0.15234708151753218,0.3694603849137094,0.2909435174560478,0.4714632753806557,0.5725525628014294,0.18725337691190969,0.10489508642523762,0.07227232998631088,0.12967101253177202
v2-fixed-iterations,fb_h3_k7_mall_d0_s1,fb_h3_k7_mall_d0,3,7,all,0,1,0;1;2;4;5;6;7,765,sabah_o1,0.2622800058482755,0.15731431101163765,0.38589140758923235,0.29179145818604757,0.4632221058748903,0.5858394260466974,0.1877572238574482,0.10872312607633867,0.07300539922221416,0.15513275401206436
v2-fixed-iterations,fb_h3_k7_mall_d0_s1,fb_h3_k7_mall_d0,3,7,all,0,1,0;1;2;4;5;6;7,765,sabah_o2,0.3799331908659628,0.2143918609498466,0.4586341726294748,0.38969298245614037,0.8288339861197004,0.49137468706646936,0.19452409027768158,0.004999999999999999,,
v2-fixed-iterations,fb_h4_k1_m15_d0_s1,fb_h4_k1_m15_d0,4,1,15,0,1,5,15,heldout,0.04492371611195234,0.01936459204640585,0.3616968607661845,0.11146423038728899,0.037849558587356016,0.0,,0.0014347826086956524,0.0031045595607543564,0.18222967980295568
v2-fixed-iterations,fb_h4_k1_m15_d0_s1,fb_h4_k1_m15_d0,4,1,15,0,1,5,15,sabah,0.09044630319611073,0.041494103902545175,0.30301101437009675,0.10938379889992794,0.4443802184117237,0.0,0.09724962096696087,6.944444444444444e-05,0.0009785353535353535,0.0
v2-fixed-iterations,fb_h4_k1_m15_d0_s1,fb_h4_k1_m15_d0,4,1,15,0,1,5,15,sabah_o1,0.09188991501063244,0.04244705414990088,0.30382316612681176,0.11089680197438817,0.4488131296450279,0.0,0.10147068814985923,7.352941176470589e-05,0.0009821428571428572,0.0
v2-fixed-iterations,fb_h4_k1_m15_d0_s1,fb_h4_k1_m15_d0,4,1,15,0,1,5,15,sabah_o2,0.08285124515207185,0.02988775374871877,0.38992057927022183,0.13026315789473683,0.2976268115942029,0.0,0.03377816901408451,0.0,,
v2-fixed-iterations,fb_h4_k1_m50_d0_s1,fb_h4_k1_m50_d0,4,1,50,0,1,5,50,heldout,0.08887841226851807,0.03534101698737409,0.28339110090358827,0.16311808086457988,0.04176365600507299,0.030299800206821076,,0.08394453266882031,0.001231211317418214,0.28715286114445776
v2-fixed-iterations,fb_h4_k1_m50_d0_s1,fb_h4_k1_m50_d0,4,1,50,0,1,5,50,sabah,0.127462495017234,0.05965515721942371,0.27551214006866226,0.13403096254154073,0.4884611918780016,0.04324266884293215,0.19995982053807354,0.023793515146439417,0.005776107031290724,0.003541666666666666
v2-fixed-iterations,fb_h4_k1_m50_d0_s1,fb_h4_k1_m50_d0,4,1,50,0,1,5,50,sabah_o1,0.13076591723166595,0.06138613149256254,0.30189261517246807,0.13063023859068265,0.49095655435743735,0.04535069626048811,0.2126413924554043,0.0257416588224162,0.006041565130613301,0.003863636363636364
v2-fixed-iterations,fb_h4_k1_m50_d0_s1,fb_h4_k1_m50_d0,4,1,50,0,1,5,50,sabah_o2,0.11864258734618852,0.045341218035821494,0.24800518605351654,0.14891836490171198,0.38671467223017125,0.0275,0.041355677154582764,0.019,,
v2-fixed-iterations,fb_h4_k1_mall_d0_s1,fb_h4_k1_mall_d0,4,1,all,0,1,5,135,heldout,0.113991049654011,0.04732778917622659,0.2587253929248006,0.19923098054932484,0.02750408484566813,0.05533333333333333,,0.08715640015139552,0.002120227772887932,0.39784120216677005
v2-fixed-iterations,fb_h4_k1_mall_d0_s1,fb_h4_k1_mall_d0,4,1,all,0,1,5,135,sabah,0.12182695212674376,0.05861569746223204,0.2402118138370742,0.12009006624535797,0.4499670211802197,0.05013982728722306,0.19196178789135732,0.020793444761897695,0.013099631639764674,0.005
v2-fixed-iterations,fb_h4_k1_mall_d0_s1,fb_h4_k1_mall_d0,4,1,all,0,1,5,135,sabah_o1,0.12588874105482875,0.060687351983750665,0.2478100736309791,0.12152369751970347,0.45224024205535296,0.05527640368843604,0.2057003825083643,0.023808308365036945,0.013307109711782408,0.005
v2-fixed-iterations,fb_h4_k1_mall_d0_s1,fb_h4_k1_mall_d0,4,1,all,0,1,5,135,sabah_o2,0.10730568413757904,0.05468775314416037,0.40061513230760104,0.16842105263157894,0.3812053366591772,0.0,0.04070970758344665,0.0073076923076923084,,
v2-fixed-iterations,fb_h4_k1_m15_d1_s1,fb_h4_k1_m15_d1,4,1,15,1,1,1,15,heldout,0.0991544242698075,0.05235070087350504,0.19892624248940685,0.11212587372639064,0.0,0.24964150251760148,,0.13652582158190196,0.00447321830216567,0.10513157894736841
v2-fixed-iterations,fb_h4_k1_m15_d1_s1,fb_h4_k1_m15_d1,4,1,15,1,1,1,15,sabah,0.05888703284464186,0.028228918656399135,0.11032970340216576,0.12467693267898423,0.04771308917341341,0.24644551566778147,0.0,0.05419059051626564,0.004973001710390692,0.0
v2-fixed-iterations,fb_h4_k1_m15_d1_s1,fb_h4_k1_m15_d1,4,1,15,1,1,1,15,sabah_o1,0.06097436561958224,0.02964210341464527,0.11195650556740105,0.1281085577666519,0.0478350539854671,0.25708851780681863,0.0,0.05571203328496835,0.005210588640239308,0.0
v2-fixed-iterations,fb_h4_k1_m15_d1_s1,fb_h4_k1_m15_d1,4,1,15,1,1,1,15,sabah_o2,0.04653571428571429,0.01956921768707483,0.46589650719738407,0.041666666666666664,0.0,0.18614285714285717,0.0,0.0,,
v2-fixed-iterations,fb_h4_k1_m50_d1_s1,fb_h4_k1_m50_d1,4,1,50,1,1,1,50,heldout,0.059981304019855186,0.025109115589623577,0.09752473712970863,0.17381566347011596,0.0,0.0661758194432613,,0.18014845151029646,0.01953463009809915,0.03404761904761905
v2-fixed-iterations,fb_h4_k1_m50_d1_s1,fb_h4_k1_m50_d1,4,1,50,1,1,1,50,sabah,0.0854589406577884,0.038516923496067154,0.11203685666958102,0.16472978480105013,0.299438547101059,0.1494731932172248,0.0,0.05998531977902659,0.003856583849420029,0.0
v2-fixed-iterations,fb_h4_k1_m50_d1_s1,fb_h4_k1_m50_d1,4,1,50,1,1,1,50,sabah_o1,0.0881515691458733,0.04032728485408965,0.11437608230319429,0.16689225231137142,0.29978237337946667,0.1593426180421046,0.0,0.06577653346557077,0.004007889988097783,0.0
v2-fixed-iterations,fb_h4_k1_m50_d1_s1,fb_h4_k1_m50_d1,4,1,50,1,1,1,50,sabah_o2,0.10186111111111112,0.04965337301587302,0.11184210526315788,0.14619883040935672,0.33777777777777784,0.06966666666666665,0.0,0.0,,
v2-fixed-iterations,fb_h4_k1_mall_d1_s1,fb_h4_k1_mall_d1,4,1,all,1,1,1,102,heldout,0.07611290744939944,0.035686252724742636,0.10233819496442902,0.20571424174843891,0.0,0.133153074315865,,0.18291645690765765,0.02249500602347452,0.041999999999999996
v2-fixed-iterations,fb_h4_k1_mall_d1_s1,fb_h4_k1_mall_d1,4,1,all,1,1,1,102,sabah,0.09038740291933457,0.04929456825744138,0.23618604833254306,0.09830510089481835,0.23853897556207768,0.2322188285860839,0.0,0.05255545844164139,0.019011154926204563,0.0
v2-fixed-iterations,fb_h4_k1_mall_d1_s1,fb_h4_k1_mall_d1,4,1,all,1,1,1,102,sabah_o1,0.09322843051252806,0.051474157486301284,0.23805419376108317,0.1007104196001695,0.23904935860115967,0.2458072103084772,0.0,0.055369781427934986,0.019144232737596537,0.0
v2-fixed-iterations,fb_h4_k1_mall_d1_s1,fb_h4_k1_mall_d1,4,1,all,1,1,1,102,sabah_o2,0.09336249119097957,0.03833110716802578,0.14707207207207207,0.16703216374269006,0.22644996476391827,0.14700000000000002,0.0,0.0,,
v2-fixed-iterations,fb_h4_k2_m15_d0_s1,fb_h4_k2_m15_d0,4,2,15,0,1,0;6,30,heldout,0.04166062443757736,0.024743651971904538,0.07305848742138063,0.11604334459034352,0.029951584877764195,0.1693119340780825,,0.005804309114393027,0.0,0.0032352941176470584
v2-fixed-iterations,fb_h4_k2_m15_d0_s1,fb_h4_k2_m15_d0,4,2,15,0,1,0;6,30,sabah,0.15734245951905929,0.08964770900602032,0.3006310438595737,0.16405132366054623,0.41687765599970783,0.27366228187910124,0.24542834551688653,0.00795826859045505,0.0001282051282051282,0.0
v2-fixed-iterations,fb_h4_k2_m15_d0_s1,fb_h4_k2_m15_d0,4,2,15,0,1,0;6,30,sabah_o1,0.1645849008306847,0.0943630007593932,0.3063996308272079,0.1709982716879491,0.42342149054152145,0.29261076716802586,0.26319161815569864,0.008157323990657325,0.0001282051282051282,0.0
v2-fixed-iterations,fb_h4_k2_m15_d0_s1,fb_h4_k2_m15_d0,4,2,15,0,1,0;6,30,sabah_o2,0.08484336578454224,0.052818747272903276,0.2429240668927825,0.10014164996069394,0.17064080704745666,0.12130957916763543,0.04742307692307693,0.0,,
v2-fixed-iterations,fb_h4_k2_m50_d0_s1,fb_h4_k2_m50_d0,4,2,50,0,1,0;6,100,heldout,0.04920855587211277,0.0313794846149174,0.17740640640434266,0.1015683988563109,0.035939022310318286,0.1275698366327635,,0.0035,0.0008196347031963471,0.07821428571428571
v2-fixed-iterations,fb_h4_k2_m50_d0_s1,fb_h4_k2_m50_d0,4,2,50,0,1,0;6,100,sabah,0.1521012500574653,0.08736473886757525,0.2951404030913141,0.15962768739220823,0.4157740646771234,0.19541174737361905,0.2926087122719777,0.006830690916777654,0.0019822851052939978,0.0
v2-fixed-iterations,fb_h4_k2_m50_d0_s1,fb_h4_k2_m50_d0,4,2,50,0,1,0;6,100,sabah_o1,0.15762479438579374,0.0914957892796742,0.30274145839745087,0.1650625223943419,0.4200681289775464,0.20270693997925582,0.3139578819195397,0.0067739548649648545,0.002241860573455491,0.0
v2-fixed-iterations,fb_h4_k2_m50_d0_s1,fb_h4_k2_m50_d0,4,2,50,0,1,0;6,100,sabah_o2,0.10382761118686742,0.05204462694979799,0.33947134133655754,0.1296783625730994,0.18995475113122173,0.16551421551421552,0.05909929060203246,0.0007421875,,
v2-fixed-iterations,fb_h4_k2_mall_d0_s1,fb_h4_k2_mall_d0,4,2,all,0,1,0;6,223,heldout,0.08364528532669009,0.04929607636545011,0.2071351718775932,0.14673531307805993,0.04165336714518026,0.2210386017656848,,0.0077723635003739714,0.0065550017651189955,0.14120709245709245
v2-fixed-iterations,fb_h4_k2_mall_d0_s1,fb_h4_k2_mall_d0,4,2,all,0,1,0;6,223,sabah,0.19755268258278913,0.1182719358812211,0.31199768996583227,0.19703835938906508,0.44464991387122,0.4372991214696276,0.28053175651625617,0.011635238108511829,0.010066732197785658,0.0011333333333333334
v2-fixed-iterations,fb_h4_k2_mall_d0_s1,fb_h4_k2_mall_d0,4,2,all,0,1,0;6,223,sabah_o1,0.20403131322032578,0.12281151561541896,0.3145902018903525,0.20389510110604356,0.44990253457613805,0.44861443477400054,0.3020021942358776,0.0117427529363826,0.010554995057620444,0.0013709677419354838
v2-fixed-iterations,fb_h4_k2_mall_d0_s1,fb_h4_k2_mall_d0,4,2,all,0,1,0;6,223,sabah_o2,0.17573340045242408,0.09748237399357466,0.3864461607207158,0.1187480608131091,0.3045603089720737,0.35609693580768903,0.04227635702993356,0.0,,
v2-fixed-iterations,fb_h4_k2_m15_d1_s1,fb_h4_k2_m15_d1,4,2,15,1,1,0;5,30,heldout,0.025959485971220116,0.011590560091057175,0.06949662264500694,0.16905709278693215,0.04038940635227882,0.07112310566344615,,0.005,0.0008333333333333333,0.012451584507042254
v2-fixed-iterations,fb_h4_k2_m15_d1_s1,fb_h4_k2_m15_d1,4,2,15,1,1,0;5,30,sabah,0.0987600451370294,0.05022241445827948,0.2550048835935788,0.10653403505229579,0.3681085967314691,0.14317371083849598,0.07721615704456689,0.000625,0.002204922149673531,0.0012318840579710146
v2-fixed-iterations,fb_h4_k2_m15_d1_s1,fb_h4_k2_m15_d1,4,2,15,1,1,0;5,30,sabah_o1,0.1006434998909816,0.05182613370689822,0.2530444102318305,0.10932429788787133,0.37068456386193316,0.15033036898718075,0.07866259606547288,0.000625,0.0022507781236104935,0.0013076923076923079
v2-fixed-iterations,fb_h4_k2_m15_d1_s1,fb_h4_k2_m15_d1,4,2,15,1,1,0;5,30,sabah_o2,0.10642045454545455,0.046588952020202024,0.7401913748538302,0.07854358445115404,0.2325,0.135,0.05818181818181818,0.0,,
v2-fixed-iterations,fb_h4_k2_m50_d1_s1,fb_h4_k2_m50_d1,4,2,50,1,1,0;5,100,heldout,0.12567722300518158,0.05698302492653222,0.2246023293403304,0.2186219997469343,0.05813063860971438,0.24639422566915706,,0.08505895696261082,0.0020519524557395773,0.23675034132868605
v2-fixed-iterations,fb_h4_k2_m50_d1_s1,fb_h4_k2_m50_d1,4,2,50,1,1,0;5,100,sabah,0.16461552598228982,0.09277573685997717,0.27210099435784,0.17582787297334165,0.4656662724164674,0.3906607996999508,0.08344773990543665,0.024528677749322304,0.017500052708495473,0.005889613414066139
v2-fixed-iterations,fb_h4_k2_m50_d1_s1,fb_h4_k2_m50_d1,4,2,50,1,1,0;5,100,sabah_o1,0.17100820795527027,0.09699846254476514,0.2773689446847963,0.17885356253537796,0.46849701729263016,0.41673229083855073,0.08618740353907696,0.03035287667412403,0.018075955683536257,0.006203703703703704
v2-fixed-iterations,fb_h4_k2_m50_d1_s1,fb_h4_k2_m50_d1,4,2,50,1,1,0;5,100,sabah_o2,0.144038809804341,0.07267726829063559,0.3540902121096567,0.19727287425213574,0.30603997029001023,0.19,0.0751152689273537,0.004999999999999999,,
v2-fixed-iterations,fb_h4_k2_mall_d1_s1,fb_h4_k2_mall_d1,4,2,all,1,1,0;5,276,heldout,0.1960926138951673,0.10480938643005715,0.3170476040892224,0.26159517460404286,0.06956435311197291,0.2633928506258538,,0.0984263439955157,0.005980493786323317,0.5430990279561708
v2-fixed-iterations,fb_h4_k2_mall_d1_s1,fb_h4_k2_mall_d1,4,2,all,1,1,0;5,276,sabah,0.19591251223973308,0.11133016785456956,0.33504677988945164,0.19653939617884772,0.5234152271946193,0.4026062634719333,0.15315698244747963,0.05062965024903924,0.03464190574272622,0.011025044332600674
v2-fixed-iterations,fb_h4_k2_mall_d1_s1,fb_h4_k2_mall_d1,4,2,all,1,1,0;5,276,sabah_o1,0.1995386004405253,0.11443207138406078,0.3384390328879702,0.19868724441034033,0.5218499044083191,0.4142881065705078,0.15817286928065902,0.05593558406421524,0.03570825578169866,0.011276882537752102
v2-fixed-iterations,fb_h4_k2_mall_d1_s1,fb_h4_k2_mall_d1,4,2,all,1,1,0;5,276,sabah_o2,0.2543084930544353,0.13391180504284633,0.505635583918038,0.22998516757457776,0.5618700739401428,0.3118333333333333,0.12453056494426522,0.019,,
v2-fixed-iterations,fb_h4_k4_m15_d0_s1,fb_h4_k4_m15_d0,4,4,15,0,1,1;2;6;7,60,heldout,0.05051119837852127,0.022880780785890197,0.23029127432324015,0.052089491525423734,0.0,0.07661336784008735,,0.14998534491993237,0.014490612465919959,0.011466666666666667
v2-fixed-iterations,fb_h4_k4_m15_d0_s1,fb_h4_k4_m15_d0,4,4,15,0,1,1;2;6;7,60,sabah,0.09027968159727662,0.04668083061172737,0.22864250465626135,0.10685402296970574,0.10000333334075429,0.15850934669003475,0.21950111214968576,0.06256801478112214,0.0010962826220627386,0.0
v2-fixed-iterations,fb_h4_k4_m15_d0_s1,fb_h4_k4_m15_d0,4,4,15,0,1,1;2;6;7,60,sabah_o1,0.09243612916948897,0.0481072484953291,0.22902771690994006,0.10983540799649964,0.10037636298289754,0.15114637855042654,0.23651247619130522,0.06544973851943832,0.0011318187728661527,0.0
v2-fixed-iterations,fb_h4_k4_m15_d0_s1,fb_h4_k4_m15_d0,4,4,15,0,1,1;2;6;7,60,sabah_o2,0.09838871597585179,0.047211431788992196,0.11268923542281545,0.2512061403508772,0.09562068965517243,0.28509605920629505,0.01283811504193971,0.0,,
v2-fixed-iterations,fb_h4_k4_m50_d0_s1,fb_h4_k4_m50_d0,4,4,50,0,1,1;2;6;7,200,heldout,0.07159850232289292,0.03086624537649421,0.2116653858954321,0.12480074510608566,0.0,0.05788937988482107,,0.1818893908173446,0.02471374091229883,0.0935
v2-fixed-iterations,fb_h4_k4_m50_d0_s1,fb_h4_k4_m50_d0,4,4,50,0,1,1;2;6;7,200,sabah,0.13220115699750945,0.06797089299301957,0.2719965213979834,0.16583530880949807,0.26886130636508765,0.24330766407307258,0.17084628567810195,0.07620609668138104,0.021842732044556473,0.012142857142857143
v2-fixed-iterations,fb_h4_k4_m50_d0_s1,fb_h4_k4_m50_d0,4,4,50,0,1,1;2;6;7,200,sabah_o1,0.13320862415693524,0.06868857701259401,0.27384445050141554,0.16598664312565578,0.27407710407662456,0.22870390321569373,0.18240663246778918,0.07991248726071076,0.0220087607779361,0.012142857142857143
v2-fixed-iterations,fb_h4_k4_m50_d0_s1,fb_h4_k4_m50_d0,4,4,50,0,1,1;2;6;7,200,sabah_o2,0.17102761197713695,0.0947302726242408,0.25097583719441,0.12916666666666668,0.09255480428417322,0.5248648865483848,0.06669075707598981,0.0,,
v2-fixed-iterations,fb_h4_k4_mall_d0_s1,fb_h4_k4_mall_d0,4,4,all,0,1,1;2;6;7,388,heldout,0.12695967472757447,0.054309905162475115,0.2948482134853185,0.1553164983744393,0.0,0.13654098577314533,,0.22192864981966562,0.04035396799200967,0.23597477005305165
v2-fixed-iterations,fb_h4_k4_mall_d0_s1,fb_h4_k4_mall_d0,4,4,all,0,1,1;2;6;7,388,sabah,0.18553354878836983,0.10875296878543393,0.3381987705304041,0.21798979657050585,0.35227083584244867,0.379270153255575,0.15743602331197548,0.07293124469743809,0.03452880361418892,0.11676423200859293
v2-fixed-iterations,fb_h4_k4_mall_d0_s1,fb_h4_k4_mall_d0,4,4,all,0,1,1;2;6;7,388,sabah_o1,0.18465820070290043,0.10952313306158007,0.3455575617638498,0.21277622935015214,0.35480030136501106,0.3619729735629921,0.15577275603735843,0.0796001278465926,0.034678985255072514,0.12112406015037595
v2-fixed-iterations,fb_h4_k4_mall_d0_s1,fb_h4_k4_mall_d0,4,4,all,0,1,1;2;6;7,388,sabah_o2,0.29975518610853624,0.15452658784560294,0.5126585572238167,0.2393955298669695,0.3659913429473719,0.6532832938862145,0.1797461076005583,0.0,,
v2-fixed-iterations,fb_h4_k4_m15_d1_s1,fb_h4_k4_m15_d1,4,4,15,1,1,3;5;6;7,60,heldout,0.135564130634856,0.061809808169710365,0.25738326857892246,0.1590810188005992,0.015304970509537132,0.12246403401295315,,0.07206966723283673,0.005712323011322964,0.4622696584076301
v2-fixed-iterations,fb_h4_k4_m15_d1_s1,fb_h4_k4_m15_d1,4,4,15,1,1,3;5;6;7,60,sabah,0.13184434624111402,0.07342685198143169,0.28287631480093434,0.1582712024448301,0.4043648126754703,0.13959599422431526,0.20792602821731326,0.02326034718880204,0.007056870640460898,0.008862024500322373
v2-fixed-iterations,fb_h4_k4_m15_d1_s1,fb_h4_k4_m15_d1,4,4,15,1,1,3;5;6;7,60,sabah_o1,0.1345302926727727,0.07515308785554571,0.2949935079268794,0.1603466175343084,0.4000162257146357,0.1432685580659607,0.2194111894021409,0.02382299884083361,0.007197612820621412,0.01346517119244392
v2-fixed-iterations,fb_h4_k4_m15_d1_s1,fb_h4_k4_m15_d1,4,4,15,1,1,3;5;6;7,60,sabah_o2,0.2280771870534551,0.11988820897503887,0.39220795656548957,0.22712026405124533,0.7041342820944803,0.13260302197802198,0.0699832088472005,0.005588235294117647,,
v2-fixed-iterations,fb_h4_k4_m50_d1_s1,fb_h4_k4_m50_d1,4,4,50,1,1,3;5;6;7,200,heldout,0.14301853786653665,0.08524833662457555,0.2599675457454428,0.1873430585606267,0.011653678308254712,0.3757724850352951,,0.08750964370849765,0.0032206138830737307,0.23693626839756216
v2-fixed-iterations,fb_h4_k4_m50_d1_s1,fb_h4_k4_m50_d1,4,4,50,1,1,3;5;6;7,200,sabah,0.21344395830332577,0.12398153949883632,0.29747719216603524,0.23459305773008876,0.5409257674442982,0.3969379355936763,0.27264894059055794,0.0277093550669615,0.020249873457319854,0.022191877667140824
v2-fixed-iterations,fb_h4_k4_m50_d1_s1,fb_h4_k4_m50_d1,4,4,50,1,1,3;5;6;7,200,sabah_o1,0.21902945442402996,0.12802076941946514,0.29929471052344186,0.2407410616742853,0.5424868362431636,0.411129076715875,0.28855613754237375,0.02834775841554161,0.020322483080591248,0.023334434546634416
v2-fixed-iterations,fb_h4_k4_m50_d1_s1,fb_h4_k4_m50_d1,4,4,50,1,1,3;5;6;7,200,sabah_o2,0.2045632477887615,0.11484027431492128,0.3836544792599312,0.23138383064605836,0.44928656898656905,0.3131547619047619,0.05581166026371506,0.0,,
v2-fixed-iterations,fb_h4_k4_mall_d1_s1,fb_h4_k4_mall_d1,4,4,all,1,1,3;5;6;7,336,heldout,0.1411965804626308,0.08511076254830698,0.2246814208074916,0.23157313612761649,0.03690289764810546,0.19928886962307885,,0.08849755027562986,0.00835059887292297,0.37294298589341696
v2-fixed-iterations,fb_h4_k4_mall_d1_s1,fb_h4_k4_mall_d1,4,4,all,1,1,3;5;6;7,336,sabah,0.2183347187531571,0.12991634503038713,0.3307543121855621,0.21619931543185134,0.5562718385841356,0.3559681414955941,0.3498806796392228,0.025273340735188277,0.01782088483475496,0.004793427230046949
v2-fixed-iterations,fb_h4_k4_mall_d1_s1,fb_h4_k4_mall_d1,4,4,all,1,1,3;5;6;7,336,sabah_o1,0.22355749632554764,0.13428774592452022,0.33415537267408285,0.2199892579196027,0.554715681152955,0.36905496143345073,0.3684456178461696,0.026048267982193847,0.017886271812383482,0.005194177726132959
v2-fixed-iterations,fb_h4_k4_mall_d1_s1,fb_h4_k4_mall_d1,4,4,all,1,1,3;5;6;7,336,sabah_o2,0.2357837856735062,0.13773830156556738,0.3780019239935981,0.2837831871226719,0.5623756317641766,0.2749326438267615,0.10202686710308662,0.0038000000000000004,,
v2-fixed-iterations,fb_h4_k7_m15_d0_s1,fb_h4_k7_m15_d0,4,7,15,0,1,0;1;2;3;5;6;7,105,heldout,0.14085677568345517,0.07241484346239815,0.27886519583442243,0.16094683552000402,0.03305352896855674,0.40700659451088206,,0.008825725215001556,0.002501832920148974,0.2528961968026864
v2-fixed-iterations,fb_h4_k7_m15_d0_s1,fb_h4_k7_m15_d0,4,7,15,0,1,0;1;2;3;5;6;7,105,sabah,0.1937692261853242,0.11201173968171618,0.3523019512302598,0.20934349961034981,0.544807968634523,0.38361269174812496,0.17146514653108044,0.007736433793780415,0.03866428757560757,0.01632882882882883
v2-fixed-iterations,fb_h4_k7_m15_d0_s1,fb_h4_k7_m15_d0,4,7,15,0,1,0;1;2;3;5;6;7,105,sabah_o1,0.20069532683720467,0.11709569996722781,0.36302632982340355,0.21590992770567563,0.553803689089152,0.4031727526715075,0.181006851160959,0.0077605734084119134,0.038805143873525454,0.019622950819672132
v2-fixed-iterations,fb_h4_k7_m15_d0_s1,fb_h4_k7_m15_d0,4,7,15,0,1,0;1;2;3;5;6;7,105,sabah_o2,0.11827548678497245,0.06543219932809277,0.3179779859513208,0.14349846822589418,0.14953448512272044,0.23070879120879123,0.08230311525282256,0.010555555555555554,,
v2-fixed-iterations,fb_h4_k7_m50_d0_s1,fb_h4_k7_m50_d0,4,7,50,0,1,0;1;2;3;5;6;7,350,heldout,0.21149931477651598,0.10690766361245237,0.3697609134002219,0.22319438323741608,0.0033882432600307938,0.4196974085867571,,0.17960097179517925,0.021749115438942843,0.4330608348016699
v2-fixed-iterations,fb_h4_k7_m50_d0_s1,fb_h4_k7_m50_d0,4,7,50,0,1,0;1;2;3;5;6;7,350,sabah,0.25422067202440285,0.14127562769611282,0.4665113114804282,0.2563637207807602,0.5458697183042811,0.4725736733146293,0.17780424611266604,0.06058579043442793,0.07282785439120748,0.19566274958920482
v2-fixed-iterations,fb_h4_k7_m50_d0_s1,fb_h4_k7_m50_d0,4,7,50,0,1,0;1;2;3;5;6;7,350,sabah_o1,0.2574001854937788,0.14483174193007892,0.47509396309623336,0.25949859432218886,0.5499807255856033,0.4834434427722168,0.17725390653196138,0.06273433410150775,0.07388551559433178,0.1971031883770516
v2-fixed-iterations,fb_h4_k7_m50_d0_s1,fb_h4_k7_m50_d0,4,7,50,0,1,0;1;2;3;5;6;7,350,sabah_o2,0.24940218924553287,0.1401563890492203,0.45292540712802143,0.22063983742429988,0.36618433578972565,0.4230992242098599,0.20832519698254598,0.0,,
v2-fixed-iterations,fb_h4_k7_mall_d0_s1,fb_h4_k7_mall_d0,4,7,all,0,1,0;1;2;3;5;6;7,726,heldout,0.18250198180646343,0.10272225854616006,0.32195468981995445,0.1945442776493515,0.015455642221783032,0.3703216809961136,,0.22354419329909483,0.04216101692215224,0.26102737559317346
v2-fixed-iterations,fb_h4_k7_mall_d0_s1,fb_h4_k7_mall_d0,4,7,all,0,1,0;1;2;3;5;6;7,726,sabah,0.2755633044077194,0.1642105510834755,0.4857182835276503,0.2609735962097875,0.5642597374615759,0.5251800260116213,0.26225126205048344,0.10014082041014426,0.0580815939578697,0.14346638655462185
v2-fixed-iterations,fb_h4_k7_mall_d0_s1,fb_h4_k7_mall_d0,4,7,all,0,1,0;1;2;3;5;6;7,726,sabah_o1,0.2766137850001568,0.1660353943507662,0.45814333990314676,0.2737502389370358,0.561196793028692,0.5237461239772556,0.26554034832796924,0.105859192452112,0.058256700286417176,0.1450835519284951
v2-fixed-iterations,fb_h4_k7_mall_d0_s1,fb_h4_k7_mall_d0,4,7,all,0,1,0;1;2;3;5;6;7,726,sabah_o2,0.3889000635542864,0.21858231849682,0.4654390088223514,0.3831689013469609,0.7140741645495409,0.6154154614542545,0.22611062821335018,0.0,,
v2-fixed-iterations,fb_h5_k1_m15_d0_s1,fb_h5_k1_m15_d0,5,1,15,0,1,4,15,heldout,0.0201446182058611,0.00967554016121727,0.24034804574638727,0.05870506912442396,0.0,0.06736111111111111,0.0,0.052370349881593364,0.0007984104046242774,0.00033783783783783786
v2-fixed-iterations,fb_h5_k1_m15_d0_s1,fb_h5_k1_m15_d0,5,1,15,0,1,4,15,sabah,0.05957595999730301,0.03627411657766162,0.133385864915067,0.0808352700212977,0.010199303405572756,0.28506931491625,0.0,0.052400319200531106,0.005739203413845231,0.004047619047619047
v2-fixed-iterations,fb_h5_k1_m15_d0_s1,fb_h5_k1_m15_d0,5,1,15,0,1,4,15,sabah_o1,0.06351318289050324,0.038765272117585486,0.14001899590671843,0.08339728892860186,0.01024592897172341,0.3037332605798052,0.0,0.05537300287807312,0.006060238246751098,0.005666666666666667
v2-fixed-iterations,fb_h5_k1_m15_d0_s1,fb_h5_k1_m15_d0,5,1,15,0,1,4,15,sabah_o2,0.03307998472687963,0.0206693835360303,0.31875393023644405,0.059722222222222225,0.0,0.11648660557418519,0.0,0.01583333333333333,,
v2-fixed-iterations,fb_h5_k1_m50_d0_s1,fb_h5_k1_m50_d0,5,1,50,0,1,4,50,heldout,0.02846037854287896,0.01184540597697075,0.21357949064522674,0.08047022418130413,0.006025641025641026,0.09423953628425172,0.0,0.05838405721143362,0.008541608164518814,0.0035714285714285713
v2-fixed-iterations,fb_h5_k1_m50_d0_s1,fb_h5_k1_m50_d0,5,1,50,0,1,4,50,sabah,0.0761646848685995,0.041786340964669696,0.28980630914172506,0.09971309080037745,0.022740174883354718,0.32179452544150133,0.0,0.05455530854751555,0.012591082795365725,0.04530701754385965
v2-fixed-iterations,fb_h5_k1_m50_d0_s1,fb_h5_k1_m50_d0,5,1,50,0,1,4,50,sabah_o1,0.08050973026269563,0.04473776028147067,0.2937003507760909,0.10207969252129045,0.022784592682351487,0.3455039495330349,0.0,0.056361617643010745,0.013051078860633749,0.04535714285714286
v2-fixed-iterations,fb_h5_k1_m50_d0_s1,fb_h5_k1_m50_d0,5,1,50,0,1,4,50,sabah_o2,0.02990658171615618,0.01867947743745616,0.03686884236453202,0.07361111111111111,0.0,0.11908346972176759,0.0,0.0005428571428571429,,
v2-fixed-iterations,fb_h5_k1_mall_d0_s1,fb_h5_k1_mall_d0,5,1,all,0,1,4,101,heldout,0.05311774272619626,0.020973108038353325,0.27141914810570494,0.0914292333245913,0.007875,0.0042314569536423844,0.0,0.08931711321583846,0.011712631301397741,0.20557025488629893
v2-fixed-iterations,fb_h5_k1_mall_d0_s1,fb_h5_k1_mall_d0,5,1,all,0,1,4,101,sabah,0.07951744573916716,0.045516436637972224,0.19868192218686898,0.14210657363517876,0.02280309871158779,0.2920313200306377,0.0,0.07028299963372239,0.00775687603375667,0.08423038002529835
v2-fixed-iterations,fb_h5_k1_mall_d0_s1,fb_h5_k1_mall_d0,5,1,all,0,1,4,101,sabah_o1,0.08632383391226028,0.05028185693733447,0.2031206180176216,0.14519457243328746,0.022842034473610932,0.3073130889552447,0.0,0.07349499812583563,0.008118889244877713,0.10617399267399269
v2-fixed-iterations,fb_h5_k1_mall_d0_s1,fb_h5_k1_mall_d0,5,1,all,0,1,4,101,sabah_o2,0.03658739437645688,0.01980698208041958,0.4463838567551056,0.034722222222222224,0.0,0.14612121212121215,0.0,0.00022836538461538464,,
v2-fixed-iterations,fb_h5_k1_m15_d1_s1,fb_h5_k1_m15_d1,5,1,15,1,1,1,15,heldout,0.02515301937051569,0.01143924843451785,0.05667100992491106,0.041666666666666664,0.15091811622309415,0.0,0.0,0.0,0.0,0.0
v2-fixed-iterations,fb_h5_k1_m15_d1_s1,fb_h5_k1_m15_d1,5,1,15,1,1,1,15,sabah,0.09194095392705319,0.04466048755095904,0.22676353298591365,0.08295331637873074,0.3351200839646684,0.21652563959765064,0.0,0.0,0.0,0.0
v2-fixed-iterations,fb_h5_k1_m15_d1_s1,fb_h5_k1_m15_d1,5,1,15,1,1,1,15,sabah_o1,0.0957796693138993,0.04646255408187161,0.2267830896977673,0.08561733128834355,0.34518316266655447,0.2294948532168412,0.0,0.0,0.0,0.0
v2-fixed-iterations,fb_h5_k1_m15_d1_s1,fb_h5_k1_m15_d1,5,1,15,1,1,1,15,sabah_o2,0.03291666666666667,0.017720833333333335,0.15370864336362855,0.034722222222222224,0.015,0.11666666666666668,0.0,0.0,,
v2-fixed-iterations,fb_h5_k1_m50_d1_s1,fb_h5_k1_m50_d1,5,1,50,1,1,1,50,heldout,0.016039713786973813,0.007295371021340664,0.06797929143503659,0.05243053051047441,0.03085101343204844,0.029000000000000005,0.0,0.030691371204945368,0.005695898084849063,0.0
v2-fixed-iterations,fb_h5_k1_m50_d1_s1,fb_h5_k1_m50_d1,5,1,50,1,1,1,50,sabah,0.06544280743127319,0.03272420222991616,0.10411217056799928,0.14196235020195286,0.17123545122238631,0.18499154232004666,0.0,0.025897027745343165,0.010532823299863029,0.0
v2-fixed-iterations,fb_h5_k1_m50_d1_s1,fb_h5_k1_m50_d1,5,1,50,1,1,1,50,sabah_o1,0.06952696231360543,0.034876995021044264,0.11047158114416493,0.1440905108850778,0.1882213120400147,0.19169634686645337,0.0,0.026506615719669238,0.010737499255495334,0.0
v2-fixed-iterations,fb_h5_k1_m50_d1_s1,fb_h5_k1_m50_d1,5,1,50,1,1,1,50,sabah_o2,0.04267916893980724,0.0203276903817961,0.05451388888888889,0.10124269005847952,0.01829787234042553,0.15241880341880343,0.0,0.0,,
v2-fixed-iterations,fb_h5_k1_mall_d1_s1,fb_h5_k1_mall_d1,5,1,all,1,1,1,102,heldout,0.059745833398997215,0.027735318192807775,0.20134838813470535,0.11442748956767435,0.08798299143610942,0.05238475177304965,0.0,0.1317565322910647,0.0011285026715372767,0.08522222222222223
v2-fixed-iterations,fb_h5_k1_mall_d1_s1,fb_h5_k1_mall_d1,5,1,all,1,1,1,102,sabah,0.09038740291933457,0.04929456825744138,0.23618604833254306,0.09830510089481835,0.23853897556207768,0.2322188285860839,0.0,0.05255545844164139,0.019011154926204563,0.0
v2-fixed-iterations,fb_h5_k1_mall_d1_s1,fb_h5_k1_mall_d1,5,1,all,1,1,1,102,sabah_o1,0.09322843051252806,0.051474157486301284,0.23805419376108317,0.1007104196001695,0.23904935860115967,0.2458072103084772,0.0,0.055369781427934986,0.019144232737596537,0.0
v2-fixed-iterations,fb_h5_k1_mall_d1_s1,fb_h5_k1_mall_d1,5,1,all,1,1,1,102,sabah_o2,0.09336249119097957,0.03833110716802578,0.14707207207207207,0.16703216374269006,0.22644996476391827,0.14700000000000002,0.0,0.0,,
v2-fixed-iterations,fb_h5_k2_m15_d0_s1,fb_h5_k2_m15_d0,5,2,15,0,1,2;4,30,heldout,0.03375355463106159,0.008734328042059907,0.2959045241457355,0.07041387372749468,0.0024979672475135273,0.025444444444444447,0.12488653528436386,0.046966476234102134,0.002725904575945573,0.0
v2-fixed-iterations,fb_h5_k2_m15_d0_s1,fb_h5_k2_m15_d0,5,2,15,0,1,2;4,30,sabah,0.03421873299255305,0.017314273315414574,0.10141008593281743,0.06616194594052768,0.015497138439407619,0.14117262817436174,0.007321623466191181,0.03394448000449895,0.0017098612041921495,0.005666666666666667
v2-fixed-iterations,fb_h5_k2_m15_d0_s1,fb_h5_k2_m15_d0,5,2,15,0,1,2;4,30,sabah_o1,0.0365482510001901,0.01853710374411667,0.10512731628535883,0.06492700941135669,0.015680583063049265,0.1526935876267244,0.0074203119646684655,0.03600106163244329,0.0018272950475885646,0.005666666666666667
v2-fixed-iterations,fb_h5_k2_m15_d0_s1,fb_h5_k2_m15_d0,5,2,15,0,1,2;4,30,sabah_o2,0.01418113906861052,0.007493467081911809,0.04416793796084414,0.07905701754385965,0.010496277915632755,0.043181818181818175,0.0030464601769911504,0.0,,
v2-fixed-iterations,fb_h5_k2_m50_d0_s1,fb_h5_k2_m50_d0,5,2,50,0,1,2;4,100,heldout,0.07567291015801493,0.024169772387134518,0.17454437126570568,0.17897985716446718,0.013866032834506185,0.05325342465753424,0.2089694737727491,0.1036527040435937,0.005992191365483871,0.06830363427422251
v2-fixed-iterations,fb_h5_k2_m50_d0_s1,fb_h5_k2_m50_d0,5,2,50,0,1,2;4,100,sabah,0.12224138470737282,0.05754190073818203,0.31310908590910363,0.1781737853027642,0.1613490302321591,0.25013747848059453,0.0339926057350143,0.07846824277330312,0.02055213704064393,0.1889488139825219
v2-fixed-iterations,fb_h5_k2_m50_d0_s1,fb_h5_k2_m50_d0,5,2,50,0,1,2;4,100,sabah_o1,0.1277016849427562,0.06108105522293607,0.31832605564103134,0.18287189542176666,0.16701500704976685,0.26474368726193154,0.0345144009279376,0.08192047079901531,0.02108249126421767,0.19693405235366815
v2-fixed-iterations,fb_h5_k2_m50_d0_s1,fb_h5_k2_m50_d0,5,2,50,0,1,2;4,100,sabah_o2,0.06038128000687166,0.022726645176339377,0.07399642952403603,0.19777046783625732,0.015235404896421844,0.17413898601398603,0.05195763968618446,0.00019308943089430897,,
v2-fixed-iterations,fb_h5_k2_mall_d0_s1,fb_h5_k2_mall_d0,5,2,all,0,1,2;4,248,heldout,0.13256058558238082,0.05114782537930736,0.20261619597894284,0.21758029378714683,0.11284718834141977,0.01705311542390194,0.28413047598261587,0.14713871652304883,0.015641916741620614,0.21855210048167795
v2-fixed-iterations,fb_h5_k2_mall_d0_s1,fb_h5_k2_mall_d0,5,2,all,0,1,2;4,248,sabah,0.13395025437972927,0.06923938923845618,0.25612625974505604,0.19899833236502987,0.23062266725219274,0.33769018741827084,0.06175274898601485,0.08316122679865065,0.04673756815821872,0.04373712766502778
v2-fixed-iterations,fb_h5_k2_mall_d0_s1,fb_h5_k2_mall_d0,5,2,all,0,1,2;4,248,sabah_o1,0.133458671033066,0.06922004740407689,0.2563821927571426,0.1969227606197056,0.23199784641444213,0.3297297758261345,0.060715527641654374,0.08695219333420126,0.04698335441351316,0.044373328568450526
v2-fixed-iterations,fb_h5_k2_mall_d0_s1,fb_h5_k2_mall_d0,5,2,all,0,1,2;4,248,sabah_o2,0.20282083941303786,0.1097066669766,0.48462051393772065,0.20891638930184817,0.2926929824561403,0.4169434446274909,0.09109137501296469,0.010555555555555554,,
v2-fixed-iterations,fb_h5_k2_m15_d1_s1,fb_h5_k2_m15_d1,5,2,15,1,1,1;2,30,heldout,0.04346482848803771,0.013604073454106913,0.13003289057426268,0.07391023748142932,0.08233108239599615,0.0,0.12903533003984183,0.04940894378850812,1.3614703880190606e-05,0.0
v2-fixed-iterations,fb_h5_k2_m15_d1_s1,fb_h5_k2_m15_d1,5,2,15,1,1,1;2,30,sabah,0.04510849183073173,0.01929958853204843,0.15675247878642015,0.07517903529874256,0.1102805684986218,0.08717596442101658,0.016445357088924084,0.04768270401693142,0.009066356958896453,0.0
v2-fixed-iterations,fb_h5_k2_m15_d1_s1,fb_h5_k2_m15_d1,5,2,15,1,1,1;2,30,sabah_o1,0.046269290621170724,0.019906070629220576,0.1589665619872447,0.07459800694550106,0.11262466059002124,0.08897457834891906,0.01788551010196625,0.048845460918160756,0.009285533767957037,0.0
v2-fixed-iterations,fb_h5_k2_m15_d1_s1,fb_h5_k2_m15_d1,5,2,15,1,1,1;2,30,sabah_o2,0.042243986501755176,0.017912836478880027,0.1612988510059856,0.11516812865497075,0.05526969655319863,0.06807142857142857,0.03507926532683793,0.010555555555555554,,
v2-fixed-iterations,fb_h5_k2_m50_d1_s1,fb_h5_k2_m50_d1,5,2,50,1,1,1;2,100,heldout,0.09589645392541914,0.03592348904753825,0.2539013535805878,0.1271173236161894,0.1593307161167411,0.004677419354838709,0.20668234477433522,0.14265483951961894,0.000700070453647478,0.06133333333333334
v2-fixed-iterations,fb_h5_k2_m50_d1_s1,fb_h5_k2_m50_d1,5,2,50,1,1,1;2,100,sabah,0.10130596639356836,0.047169486821389925,0.4076484460693681,0.12893917416688247,0.3068545877538972,0.1952256515984921,0.011887285736162233,0.06370578204338333,0.030162491229475178,0.0
v2-fixed-iterations,fb_h5_k2_m50_d1_s1,fb_h5_k2_m50_d1,5,2,50,1,1,1;2,100,sabah_o1,0.0995234680600308,0.04619049103761561,0.40285542581224715,0.12741739984279413,0.3119060900777477,0.1775054802628337,0.010891740207590643,0.066083468122911,0.030754029689101833,0.0
v2-fixed-iterations,fb_h5_k2_m50_d1_s1,fb_h5_k2_m50_d1,5,2,50,1,1,1;2,100,sabah_o2,0.14046153668490885,0.06916656728571242,0.3539563813168379,0.14523602520219459,0.14846369483007416,0.38428853785103784,0.029093914058523317,0.0,,
v2-fixed-iterations,fb_h5_k2_mall_d1_s1,fb_h5_k2_mall_d1,5,2,all,1,1,1;2,249,heldout,0.13356026500910165,0.05228903938908183,0.26225957436054514,0.18365982826971525,0.18737702670284634,0.011691018254283616,0.246660778352406,0.10960904102554025,0.0015782280163498855,0.24444549770318377
v2-fixed-iterations,fb_h5_k2_mall_d1_s1,fb_h5_k2_mall_d1,5,2,all,1,1,1;2,249,sabah,0.10411176577852964,0.04988459837584721,0.24455868860968363,0.13372285327710215,0.2627656369018119,0.18497129933646672,0.04357974379465286,0.07482626146115637,0.04315728280671961,0.015370370370370371
v2-fixed-iterations,fb_h5_k2_mall_d1_s1,fb_h5_k2_mall_d1,5,2,all,1,1,1;2,249,sabah_o1,0.1010295193903465,0.04932335418094479,0.23762777574233349,0.1288481430356371,0.26298235397579856,0.17202410104059918,0.03314108635715725,0.07915993525545924,0.043271349114774225,0.015598290598290598
v2-fixed-iterations,fb_h5_k2_mall_d1_s1,fb_h5_k2_mall_d1,5,2,all,1,1,1;2,249,sabah_o2,0.21769484154402305,0.09313855196693531,0.4457630543200532,0.1572003858276815,0.32482002801120446,0.34670401337792645,0.19925532478696129,0.0,,
v2-fixed-iterations,fb_h5_k4_m15_d0_s1,fb_h5_k4_m15_d0,5,4,15,0,1,0;2;4;7,60,heldout,0.1175188933185522,0.0603407914029529,0.27673196281581597,0.14216700419604317,0.2677866715374193,0.18968181818181817,0.1616483541240627,0.025019696996641964,0.0006497514021981785,0.06032706766917294
v2-fixed-iterations,fb_h5_k4_m15_d0_s1,fb_h5_k4_m15_d0,5,4,15,0,1,0;2;4;7,60,sabah,0.11785806040390029,0.06477805046502037,0.23663363204010013,0.14011723780890878,0.28567448603327755,0.33500293548469945,0.01654161289300797,0.06583377963235962,0.0035575736965128423,0.0005379746835443037
v2-fixed-iterations,fb_h5_k4_m15_d0_s1,fb_h5_k4_m15_d0,5,4,15,0,1,0;2;4;7,60,sabah_o1,0.12352903140055183,0.06837653759438872,0.24099795182071868,0.1443187897763464,0.2977829415032123,0.35317132842662236,0.016041440106990087,0.06967902053242087,0.003892314976922575,0.0006071428571428571
v2-fixed-iterations,fb_h5_k4_m15_d0_s1,fb_h5_k4_m15_d0,5,4,15,0,1,0;2;4;7,60,sabah_o2,0.05636910222901373,0.02872638518119506,0.11973288252360462,0.1111111111111111,0.0,0.18452569169960475,0.0399400789185778,0.0010106382978723404,,
v2-fixed-iterations,fb_h5_k4_m50_d0_s1,fb_h5_k4_m50_d0,5,4,50,0,1,0;2;4;7,200,heldout,0.1555179878526772,0.06982540677329926,0.24636608889555578,0.20553898109479465,0.3276488845983788,0.035123786407766984,0.27389657849202886,0.09516597779516761,0.017158225587278884,0.18411447423544197
v2-fixed-iterations,fb_h5_k4_m50_d0_s1,fb_h5_k4_m50_d0,5,4,50,0,1,0;2;4;7,200,sabah,0.1727259551051149,0.10454752384885245,0.27368488713435013,0.192962145872277,0.30796959115710854,0.5063163917390564,0.009018702608180313,0.08105189519237288,0.03179914993397134,0.1002
v2-fixed-iterations,fb_h5_k4_m50_d0_s1,fb_h5_k4_m50_d0,5,4,50,0,1,0;2;4;7,200,sabah_o1,0.17582524871121177,0.10743619865703562,0.27939674470774084,0.1946323510620276,0.3115502310877638,0.513769226233811,0.009262085456188163,0.08616910992541521,0.03252255023085406,0.10167828933323847
v2-fixed-iterations,fb_h5_k4_m50_d0_s1,fb_h5_k4_m50_d0,5,4,50,0,1,0;2;4;7,200,sabah_o2,0.154404817463752,0.09859785688914187,0.26401268406938055,0.14232456140350877,0.13394419306184013,0.4615404038258377,0.0063013396339968355,0.01583333333333333,,
v2-fixed-iterations,fb_h5_k4_mall_d0_s1,fb_h5_k4_mall_d0,5,4,all,0,1,0;2;4;7,446,heldout,0.21374798345226373,0.08920633416530642,0.3539157851772324,0.2785443189200582,0.45911362905714054,0.09482844920344949,0.2624539866462436,0.13178806907838791,0.023478101231891202,0.31082566549646956
v2-fixed-iterations,fb_h5_k4_mall_d0_s1,fb_h5_k4_mall_d0,5,4,all,0,1,0;2;4;7,446,sabah,0.20339695082991308,0.11830359760712778,0.35129682945767765,0.22925392215117676,0.3884883320337771,0.5545993805368812,0.03730502844150268,0.08135193122393569,0.027525316363093424,0.1311117163802883
v2-fixed-iterations,fb_h5_k4_mall_d0_s1,fb_h5_k4_mall_d0,5,4,all,0,1,0;2;4;7,446,sabah_o1,0.2057728010924641,0.12149451220157752,0.34255346521997,0.2314646289709218,0.39108394960140497,0.5606445324970097,0.03010783694575317,0.08711247074652974,0.028140155481950934,0.13754786128213614
v2-fixed-iterations,fb_h5_k4_mall_d0_s1,fb_h5_k4_mall_d0,5,4,all,0,1,0;2;4;7,446,sabah_o2,0.2815810145621753,0.14834419053988107,0.4683238320789263,0.24679976330587586,0.38897069597069595,0.602712376675612,0.13303081611086803,0.001610169491525424,,
v2-fixed-iterations,fb_h5_k4_m15_d1_s1,fb_h5_k4_m15_d1,5,4,15,1,1,0;2;3;7,60,heldout,0.11843825607864843,0.061831816259711105,0.24817631547025432,0.19020307960691749,0.3749252754598189,0.0767231182795699,0.15033704203793652,0.016635248533417128,0.016934040499379806,0.07507481166176819
v2-fixed-iterations,fb_h5_k4_m15_d1_s1,fb_h5_k4_m15_d1,5,4,15,1,1,0;2;3;7,60,sabah,0.09521257138911639,0.04907926019786104,0.18167033206774516,0.11840516885613563,0.39883921525308,0.11996167972905052,0.020088767397919746,0.0034983462272662807,0.023887419727381745,0.005
v2-fixed-iterations,fb_h5_k4_m15_d1_s1,fb_h5_k4_m15_d1,5,4,15,1,1,0;2;3;7,60,sabah_o1,0.09778248046756584,0.050075160896066444,0.18244845057934456,0.12007892638410124,0.4061006026304048,0.12325714609902994,0.02065415254818147,0.006792293511199413,0.024224021349912757,0.005666666666666667
v2-fixed-iterations,fb_h5_k4_m15_d1_s1,fb_h5_k4_m15_d1,5,4,15,1,1,0;2;3;7,60,sabah_o2,0.06623760314185972,0.0387530982042333,0.25534720474022554,0.05343567251461988,0.10679347826086957,0.1275,0.03065693430656934,0.0,,
v2-fixed-iterations,fb_h5_k4_m50_d1_s1,fb_h5_k4_m50_d1,5,4,50,1,1,0;2;3;7,200,heldout,0.1635375254333502,0.07810483224912398,0.23618063087995186,0.3135543405089662,0.46418481424754165,0.03595448798988621,0.17155076607234396,0.059785250440940914,0.021626466705976403,0.22812336714341194
v2-fixed-iterations,fb_h5_k4_m50_d1_s1,fb_h5_k4_m50_d1,5,4,50,1,1,0;2;3;7,200,sabah,0.1569757685044728,0.08729551626764813,0.2990685180866695,0.1936641586104242,0.4511491532143229,0.3639245240002317,0.01608609574497469,0.019530322843568742,0.0224409379879665,0.06872357723577235
v2-fixed-iterations,fb_h5_k4_m50_d1_s1,fb_h5_k4_m50_d1,5,4,50,1,1,0;2;3;7,200,sabah_o1,0.16058548054000862,0.08964557761420329,0.3047411582484821,0.198640193106846,0.45707837403575413,0.3718723489974002,0.016726240897767006,0.0189954560979237,0.023733903104646542,0.07510656010656011
v2-fixed-iterations,fb_h5_k4_m50_d1_s1,fb_h5_k4_m50_d1,5,4,50,1,1,0;2;3;7,200,sabah_o2,0.16851959115445955,0.09037712029381437,0.6076763274711903,0.12920446192325116,0.26345394736842104,0.31354108391608393,0.0020833333333333333,0.095,,
v2-fixed-iterations,fb_h5_k4_mall_d1_s1,fb_h5_k4_mall_d1,5,4,all,1,1,0;2;3;7,407,heldout,0.19936730783907206,0.08125128943306013,0.32901973268001855,0.24979243286910244,0.5072651640687267,0.026530138736021093,0.27909049000691855,0.09004485018884581,0.01104906491549528,0.2822241391184249
v2-fixed-iterations,fb_h5_k4_mall_d1_s1,fb_h5_k4_mall_d1,5,4,all,1,1,0;2;3;7,407,sabah,0.19822164803407125,0.11834925177397898,0.2535164434016019,0.21874020942958486,0.5484912128369797,0.5032462624339163,0.04104526820657638,0.04865094763821605,0.027118419310961293,0.020777777777777777
v2-fixed-iterations,fb_h5_k4_mall_d1_s1,fb_h5_k4_mall_d1,5,4,all,1,1,0;2;3;7,407,sabah_o1,0.20094788568390679,0.1213296745265867,0.2502947270428813,0.2228222089606466,0.5494375608389708,0.5078741887154392,0.04170274965341962,0.0514972691564757,0.028516031340490584,0.026659514398644835
v2-fixed-iterations,fb_h5_k4_mall_d1_s1,fb_h5_k4_mall_d1,5,4,all,1,1,0;2;3;7,407,sabah_o2,0.31909815431634636,0.16399921375589852,0.5760127309949302,0.23300438596491227,0.6578511917436816,0.4872852371142293,0.036256188407474625,0.095,,
v2-fixed-iterations,fb_h5_k7_m15_d0_s1,fb_h5_k7_m15_d0,5,7,15,0,1,0;1;2;3;4;6;7,105,heldout,0.1620611986127895,0.07152702218153488,0.24686581468357924,0.24339249345088576,0.4899865876382462,0.05388655462184873,0.2109825779896823,0.07261404641422568,0.01123694599899413,0.1336604790137399
v2-fixed-iterations,fb_h5_k7_m15_d0_s1,fb_h5_k7_m15_d0,5,7,15,0,1,0;1;2;3;4;6;7,105,sabah,0.17957934190067656,0.10506818559021362,0.35809164433462715,0.19326867561825142,0.44851862724016844,0.4437469696428331,0.05403132859206595,0.07107629425363626,0.017602831675355625,0.042499999999999996
v2-fixed-iterations,fb_h5_k7_m15_d0_s1,fb_h5_k7_m15_d0,5,7,15,0,1,0;1;2;3;4;6;7,105,sabah_o1,0.1824578051825386,0.1082292481956094,0.3649561874801568,0.19779487688136954,0.4518142706455726,0.4477268683850506,0.06252124723305821,0.07239161461551719,0.017792830216033048,0.042499999999999996
v2-fixed-iterations,fb_h5_k7_m15_d0_s1,fb_h5_k7_m15_d0,5,7,15,0,1,0;1;2;3;4;6;7,105,sabah_o2,0.1774831789116044,0.09296050338264349,0.33598658793643643,0.16158625730994153,0.2574732905982906,0.44814073021620643,0.004318694831920564,0.0,,
v2-fixed-iterations,fb_h5_k7_m50_d0_s1,fb_h5_k7_m50_d0,5,7,50,0,1,0;1;2;3;4;6;7,350,heldout,0.22516609906504748,0.10829088866563934,0.34480784970547496,0.2696973438087234,0.46256292727762605,0.07262387816390797,0.28853423222150665,0.156748245631112,0.030802134616558743,0.33972517647957334
v2-fixed-iterations,fb_h5_k7_m50_d0_s1,fb_h5_k7_m50_d0,5,7,50,0,1,0;1;2;3;4;6;7,350,sabah,0.2327938447671204,0.13744586630409383,0.36601800850978466,0.2383956744174853,0.5017616823750402,0.5278492522195092,0.11711025417870144,0.10882460124963683,0.0416718240343804,0.09954545454545455
v2-fixed-iterations,fb_h5_k7_m50_d0_s1,fb_h5_k7_m50_d0,5,7,50,0,1,0;1;2;3;4;6;7,350,sabah_o1,0.23726555433957328,0.14145955805659477,0.37436868590046224,0.24396767432828562,0.5077223931493304,0.5354543371732394,0.12088876681337898,0.11411708120185983,0.041949209238092436,0.10346153846153847
v2-fixed-iterations,fb_h5_k7_m50_d0_s1,fb_h5_k7_m50_d0,5,7,50,0,1,0;1;2;3;4;6;7,350,sabah_o2,0.1878269592031694,0.11314784474996911,0.3242732775972905,0.1804595240526029,0.20247395295562254,0.48357664034981157,0.06525724350724352,0.0,,
v2-fixed-iterations,fb_h5_k7_mall_d0_s1,fb_h5_k7_mall_d0,5,7,all,0,1,0;1;2;3;4;6;7,692,heldout,0.258800893286499,0.11149231933609775,0.3361305033913067,0.2809189053609293,0.5184245055263351,0.018127761925665793,0.34326221586751016,0.15200484382146484,0.028036202003630883,0.49294983057438735
v2-fixed-iterations,fb_h5_k7_mall_d0_s1,fb_h5_k7_mall_d0,5,7,all,0,1,0;1;2;3;4;6;7,692,sabah,0.23682342338330606,0.13995685095068314,0.3554222265761738,0.2832582178985921,0.5420190730827629,0.5326292717387169,0.112538643751796,0.10247673189172213,0.040274308370753256,0.09100251146408533
v2-fixed-iterations,fb_h5_k7_mall_d0_s1,fb_h5_k7_mall_d0,5,7,all,0,1,0;1;2;3;4;6;7,692,sabah_o1,0.24912069621682453,0.14542615105525108,0.3648163035761043,0.289037110285227,0.5448457336958159,0.5472826873994132,0.11315617865153486,0.10701236872442349,0.04084271519469651,0.14158449363506326
v2-fixed-iterations,fb_h5_k7_mall_d0_s1,fb_h5_k7_mall_d0,5,7,all,0,1,0;1;2;3;4;6;7,692,sabah_o2,0.24106376364936835,0.14066311724575464,0.3415719425450824,0.27309941520467834,0.3972228951167983,0.4621864968364969,0.10484566264417816,0.0,,
v2-fixed-iterations,fb_h6_k1_m15_d0_s1,fb_h6_k1_m15_d0,6,1,15,0,1,0,15,heldout,4.496402877697842e-05,4.496402877697842e-06,0.0007204610951008645,0.006097560975609756,0.0,0.00017985611510791367,0.0,,,0.0
v2-fixed-iterations,fb_h6_k1_m15_d0_s1,fb_h6_k1_m15_d0,6,1,15,0,1,0,15,sabah,0.06431193341136582,0.030797827589616324,0.13751630598676864,0.0799469100574073,0.2847081457744045,0.1011634546937904,0.0,0.0,0.0,0.0
v2-fixed-iterations,fb_h6_k1_m15_d0_s1,fb_h6_k1_m15_d0,6,1,15,0,1,0,15,sabah_o1,0.06570354242711769,0.03155131102120781,0.13839162923083426,0.0814340490797546,0.2871090122086763,0.10711224235402986,0.0,0.0,0.0,0.0
v2-fixed-iterations,fb_h6_k1_m15_d0_s1,fb_h6_k1_m15_d0,6,1,15,0,1,0,15,sabah_o2,0.05964809512319051,0.03262847135473572,0.18085560864933078,0.07346491228070175,0.15198810241789573,0.08660427807486631,0.0,0.0,,
v2-fixed-iterations,fb_h6_k1_m50_d0_s1,fb_h6_k1_m50_d0,6,1,50,0,1,0,50,heldout,0.0031730769230769226,0.0009519230769230768,0.005952380952380952,0.125,0.0,0.0,0.0,,,0.01269230769230769
v2-fixed-iterations,fb_h6_k1_m50_d0_s1,fb_h6_k1_m50_d0,6,1,50,0,1,0,50,sabah,0.09012303720801125,0.044612443882210646,0.147121076728327,0.0990124056422399,0.41639495969608165,0.12434326355198583,0.0,0.0,0.0,0.0
v2-fixed-iterations,fb_h6_k1_m50_d0_s1,fb_h6_k1_m50_d0,6,1,50,0,1,0,50,sabah_o1,0.09111277944034542,0.04516539242268865,0.14498084029643998,0.0998791913726803,0.4161032616695523,0.13057341497252029,0.0,0.0,0.0,0.0
v2-fixed-iterations,fb_h6_k1_m50_d0_s1,fb_h6_k1_m50_d0,6,1,50,0,1,0,50,sabah_o2,0.1486717135876236,0.07555324432737691,0.29670958739671227,0.15862573099415206,0.5011024387660789,0.09358441558441558,0.0,0.0,,
v2-fixed-iterations,fb_h6_k1_mall_d0_s1,fb_h6_k1_mall_d0,6,1,all,0,1,0,141,heldout,0.249140625,0.22414843750000002,0.22247736344772265,0.25,0.0,0.0015625,0.0,,,0.995
v2-fixed-iterations,fb_h6_k1_mall_d0_s1,fb_h6_k1_mall_d0,6,1,all,0,1,0,141,sabah,0.14643336069723303,0.0860497072513918,0.2513213285953753,0.1519344292078109,0.44748198135185796,0.4039749121891989,0.0,0.017269201272753876,0.009385563622460992,0.0004885057471264368
v2-fixed-iterations,fb_h6_k1_mall_d0_s1,fb_h6_k1_mall_d0,6,1,all,0,1,0,141,sabah_o1,0.1503969440176813,0.08924148859145595,0.2560798500660549,0.15690604872716993,0.45088225808868343,0.4236400638893605,0.0,0.017573811373574996,0.009779578373516618,0.0005059523809523809
v2-fixed-iterations,fb_h6_k1_mall_d0_s1,fb_h6_k1_mall_d0,6,1,all,0,1,0,141,sabah_o2,0.1341753869049929,0.07772649495035733,0.3709970750410805,0.1002325278801321,0.3053955007256894,0.2313060468942822,0.0,0.0,,
v2-fixed-iterations,fb_h6_k1_m15_d1_s1,fb_h6_k1_m15_d1,6,1,15,1,1,2,15,heldout,0.05316687775112622,0.016662618758108923,0.3371502284890494,0.07905982905982906,0.0,0.0,0.21266751100450487,,,0.0
v2-fixed-iterations,fb_h6_k1_m15_d1_s1,fb_h6_k1_m15_d1,6,1,15,1,1,2,15,sabah,0.02420736341301152,0.007306745021576827,0.08074167677057752,0.04584918280673245,0.08866872995346387,0.0,0.03090705052893398,0.02566839999567128,0.0,0.0
v2-fixed-iterations,fb_h6_k1_m15_d1_s1,fb_h6_k1_m15_d1,6,1,15,1,1,2,15,sabah_o1,0.024424056982641024,0.007358844391409758,0.08152671449363813,0.046315554146636885,0.09133397706394845,0.0,0.02720317780640908,0.028007187025488614,0.0,0.0
v2-fixed-iterations,fb_h6_k1_m15_d1_s1,fb_h6_k1_m15_d1,6,1,15,1,1,2,15,sabah_o2,0.030603501703616216,0.011284622167697668,0.3607750001197681,0.03493178578101365,0.005808597070669063,0.0,0.1166054097437958,0.0,,
v2-fixed-iterations,fb_h6_k1_m50_d1_s1,fb_h6_k1_m50_d1,6,1,50,1,1,2,50,heldout,0.06128389299030508,0.021814303591469398,0.344850542033171,0.07478632478632478,0.0,0.0,0.24513557196122032,,,0.0
v2-fixed-iterations,fb_h6_k1_m50_d1_s1,fb_h6_k1_m50_d1,6,1,50,1,1,2,50,sabah,0.07550476819927086,0.027345551729989235,0.35771345291556583,0.1013062252988538,0.3229741156581337,0.027432021152919574,0.050059319144610426,0.05121330948485606,0.0013498437551054355,0.0
v2-fixed-iterations,fb_h6_k1_m50_d1_s1,fb_h6_k1_m50_d1,6,1,50,1,1,2,50,sabah_o1,0.07437928160960014,0.026476754614897506,0.3347530464565318,0.10004419279918886,0.32849133180001766,0.012882096425517778,0.050016760619324224,0.05345790075962076,0.001427600053120451,0.0
v2-fixed-iterations,fb_h6_k1_m50_d1_s1,fb_h6_k1_m50_d1,6,1,50,1,1,2,50,sabah_o2,0.10472569849915418,0.04664975758672841,0.1736945421486283,0.13673245614035087,0.07901550047026776,0.24539328888166095,0.07074400464468797,0.02375,,
v2-fixed-iterations,fb_h6_k1_mall_d1_s1,fb_h6_k1_mall_d1,6,1,all,1,1,2,147,heldout,0.07459659566225209,0.027854513478702082,0.10058186940349245,0.08908612754766601,0.0,0.0,0.29838638264900835,,,0.0
v2-fixed-iterations,fb_h6_k1_mall_d1_s1,fb_h6_k1_mall_d1,6,1,all,1,1,2,147,sabah,0.08945109532377132,0.036671789896957616,0.253471406751784,0.10916885676224049,0.3015011529351491,0.0614250528684034,0.07989997706348914,0.04370939062322327,0.04167099845236307,0.0085
v2-fixed-iterations,fb_h6_k1_mall_d1_s1,fb_h6_k1_mall_d1,6,1,all,1,1,2,147,sabah_o1,0.08881411921402906,0.03595916224639743,0.25124958810054754,0.10973218020835179,0.3074569952744742,0.042144964564104916,0.08058063200962831,0.05216228721338973,0.04203983622257731,0.0085
v2-fixed-iterations,fb_h6_k1_mall_d1_s1,fb_h6_k1_mall_d1,6,1,all,1,1,2,147,sabah_o2,0.09565425574416314,0.04483446533848802,0.08387113838341091,0.29828216374269,0.044503395631058304,0.27526715339072316,0.06284647395487108,0.0,,
v2-fixed-iterations,fb_h6_k2_m15_d0_s1,fb_h6_k2_m15_d0,6,2,15,0,1,3;7,30,heldout,0.0,0.0,0.0,0.0,0.0,0.0,0.0,,,0.0
v2-fixed-iterations,fb_h6_k2_m15_d0_s1,fb_h6_k2_m15_d0,6,2,15,0,1,3;7,30,sabah,0.08834223270656082,0.04579988651036728,0.12177855914697294,0.14255137617474978,0.32154699598665515,0.2013115531586172,0.0,0.00169122854424572,0.0055036185498466604,0.0
v2-fixed-iterations,fb_h6_k2_m15_d0_s1,fb_h6_k2_m15_d0,6,2,15,0,1,3;7,30,sabah_o1,0.08980877868310398,0.04726496122009762,0.12147942005921787,0.14638791599728732,0.3250752720436454,0.20646137019738703,0.0,0.0017676481989413715,0.005548381658650087,0.0
v2-fixed-iterations,fb_h6_k2_m15_d0_s1,fb_h6_k2_m15_d0,6,2,15,0,1,3;7,30,sabah_o2,0.06145833333333334,0.03026984126984127,0.175,0.08808479532163743,0.0575,0.18833333333333335,0.0,0.0,,
v2-fixed-iterations,fb_h6_k2_m50_d0_s1,fb_h6_k2_m50_d0,6,2,50,0,1,3;7,100,heldout,3.3068783068783064e-05,2.6455026455026453e-05,0.001201923076923077,0.006097560975609756,0.0,0.00013227513227513226,0.0,,,0.0
v2-fixed-iterations,fb_h6_k2_m50_d0_s1,fb_h6_k2_m50_d0,6,2,50,0,1,3;7,100,sabah,0.12498562497349514,0.06601308055163797,0.19541382012593153,0.1387875414860856,0.4771982690720271,0.24207471176730005,0.0,0.004326723125184896,0.02024261730503003,0.006071428571428571
v2-fixed-iterations,fb_h6_k2_m50_d0_s1,fb_h6_k2_m50_d0,6,2,50,0,1,3;7,100,sabah_o1,0.12864790833408093,0.06837683142436082,0.19791121356268337,0.1423186302535287,0.48217342061991253,0.2567963219887285,0.0,0.005350550994461312,0.020483823068049977,0.007083333333333332
v2-fixed-iterations,fb_h6_k2_m50_d0_s1,fb_h6_k2_m50_d0,6,2,50,0,1,3;7,100,sabah_o2,0.12137945867026056,0.05764857514716622,0.34706227450924687,0.11850856761905337,0.3424249775381851,0.14214285714285715,0.0,0.0009500000000000001,,
v2-fixed-iterations,fb_h6_k2_mall_d0_s1,fb_h6_k2_mall_d0,6,2,all,0,1,3;7,119,heldout,5.733944954128441e-05,4.587155963302752e-05,0.001928641349104449,0.006097560975609756,0.0,0.00022935779816513763,0.0,,,0.0
v2-fixed-iterations,fb_h6_k2_mall_d0_s1,fb_h6_k2_mall_d0,6,2,all,0,1,3;7,119,sabah,0.13046301015549636,0.0702144807669217,0.21882888733021832,0.1447363372602514,0.49828312600613195,0.2568035641568463,0.0,0.006119538318864404,0.012639083913123808,0.008932748538011695
v2-fixed-iterations,fb_h6_k2_mall_d0_s1,fb_h6_k2_mall_d0,6,2,all,0,1,3;7,119,sabah_o1,0.13432815960922637,0.0728439806414096,0.2212067325133531,0.1488017242104556,0.5033510890152332,0.27263947254301896,0.0,0.006712103110577364,0.013105308138044029,0.01016098484848485
v2-fixed-iterations,fb_h6_k2_mall_d0_s1,fb_h6_k2_mall_d0,6,2,all,0,1,3;7,119,sabah_o2,0.10276356976356976,0.050588905538905535,0.3504690984210982,0.12609649122807018,0.2833095238095238,0.12409090909090909,0.0,0.0036538461538461542,,
v2-fixed-iterations,fb_h6_k2_m15_d1_s1,fb_h6_k2_m15_d1,6,2,15,1,1,2;3,30,heldout,0.02876669421178204,0.008328538579891204,0.062231347491350536,0.050131492439184744,0.0,0.0,0.11506677684712815,,,0.0
v2-fixed-iterations,fb_h6_k2_m15_d1_s1,fb_h6_k2_m15_d1,6,2,15,1,1,2;3,30,sabah,0.07101157949200272,0.027381119070838893,0.3024991646617976,0.09441162396925767,0.39574754562446457,0.00636054189435337,0.01862248929333947,0.005050173250725082,0.00028872688913377225,0.0
v2-fixed-iterations,fb_h6_k2_m15_d1_s1,fb_h6_k2_m15_d1,6,2,15,1,1,2;3,30,sabah_o1,0.07199687685176351,0.027640886604122946,0.45763714664235705,0.09081387929692462,0.3992632404280977,0.00670490861651036,0.019708627165759274,0.005995115647806512,0.00030936925240722716,0.0
v2-fixed-iterations,fb_h6_k2_m15_d1_s1,fb_h6_k2_m15_d1,6,2,15,1,1,2;3,30,sabah_o2,0.08305305903542361,0.03935524987133228,0.430913862847063,0.10291810885818611,0.3060421052631579,0.015714285714285715,0.008696585904991564,0.001759259259259259,,
v2-fixed-iterations,fb_h6_k2_m50_d1_s1,fb_h6_k2_m50_d1,6,2,50,1,1,2;3,100,heldout,0.04824886522472204,0.016486583799630396,0.08955982815736696,0.06404225101612664,0.0,0.0,0.19299546089888817,,,0.0
v2-fixed-iterations,fb_h6_k2_m50_d1_s1,fb_h6_k2_m50_d1,6,2,50,1,1,2;3,100,sabah,0.1151487195325052,0.05332521516075186,0.3086528124322359,0.12368206849243109,0.5293499317363637,0.08710107756202279,0.040273565638295844,0.030873222057057743,0.0016907466163853205,0.0016037735849056603
v2-fixed-iterations,fb_h6_k2_m50_d1_s1,fb_h6_k2_m50_d1,6,2,50,1,1,2;3,100,sabah_o1,0.11345967609676193,0.05241726441847006,0.30027446457875095,0.12378530487357366,0.5318606586854175,0.07408333205544299,0.039576087203848635,0.03165295669579532,0.0017371958531104904,0.0018478260869565215
v2-fixed-iterations,fb_h6_k2_m50_d1_s1,fb_h6_k2_m50_d1,6,2,50,1,1,2;3,100,sabah_o2,0.17673221308597664,0.09078969410308904,0.37680696744352277,0.2024488304093567,0.41218800291555713,0.21277777777777776,0.07668529387279388,0.005277777777777777,,
v2-fixed-iterations,fb_h6_k2_mall_d1_s1,fb_h6_k2_mall_d1,6,2,all,1,1,2;3,209,heldout,0.07250324948481841,0.02764253667585037,0.10290284861396834,0.08251150558842867,0.0,0.0,0.29001299793927365,,,0.0
v2-fixed-iterations,fb_h6_k2_mall_d1_s1,fb_h6_k2_mall_d1,6,2,all,1,1,2;3,209,sabah,0.13085203796747846,0.06379573622650572,0.2599009870914946,0.14843042847127713,0.5043617602462933,0.1879702870319671,0.04341376834216994,0.03719607313119298,0.00866637079927922,0.003503968253968254
v2-fixed-iterations,fb_h6_k2_mall_d1_s1,fb_h6_k2_mall_d1,6,2,all,1,1,2;3,209,sabah_o1,0.13038032045106385,0.06362046407269402,0.29630848609834,0.13773549594947165,0.5074638548603827,0.1784528303884394,0.04529507781550246,0.0380389426049913,0.008684027341516886,0.004347189695550351
v2-fixed-iterations,fb_h6_k2_mall_d1_s1,fb_h6_k2_mall_d1,6,2,all,1,1,2;3,209,sabah_o2,0.18802766770396034,0.09641173374655043,0.35693234359852033,0.2115320835276449,0.3744783980995628,0.3048638602776534,0.025268412438625206,0.0475,,
v2-fixed-iterations,fb_h6_k4_m15_d0_s1,fb_h6_k4_m15_d0,6,4,15,0,1,2;3;4;5,60,heldout,0.052697667884750124,0.02040149289120243,0.08928475594835726,0.0650887573964497,0.0,0.0,0.2107906715390005,,,0.0
v2-fixed-iterations,fb_h6_k4_m15_d0_s1,fb_h6_k4_m15_d0,6,4,15,0,1,2;3;4;5,60,sabah,0.11714721748236061,0.06205871537063465,0.2753894235834142,0.1317173521914414,0.3159177152932473,0.26893953048392283,0.07461521548582754,0.040697636689371375,0.0027132069417945765,0.0
v2-fixed-iterations,fb_h6_k4_m15_d0_s1,fb_h6_k4_m15_d0,6,4,15,0,1,2;3;4;5,60,sabah_o1,0.12238395083222453,0.06525914198982548,0.28102604528552116,0.1359232280167947,0.3183778328388305,0.292883352427377,0.07780913656836147,0.04244880257441727,0.002784580584360829,0.0
v2-fixed-iterations,fb_h6_k4_m15_d0_s1,fb_h6_k4_m15_d0,6,4,15,0,1,2;3;4;5,60,sabah_o2,0.07882333350895655,0.04261604558242469,0.2102869572181476,0.08489160519298193,0.2133976990442508,0.06433333333333333,0.033431866875633376,0.004130434782608695,,
v2-fixed-iterations,fb_h6_k4_m50_d0_s1,fb_h6_k4_m50_d0,6,4,50,0,1,2;3;4;5,200,heldout,0.04565910051724268,0.0168308540725235,0.07617366143053306,0.06032215647600263,0.0,0.0001923076923076923,0.18244409437666304,,,0.0
v2-fixed-iterations,fb_h6_k4_m50_d0_s1,fb_h6_k4_m50_d0,6,4,50,0,1,2;3;4;5,200,sabah,0.16944920625152404,0.0899744815270169,0.3439858270368457,0.20579981475350115,0.45684725647335034,0.34702312760405,0.07871907487136001,0.0701987180274317,0.020073727199618786,0.043833333333333335
v2-fixed-iterations,fb_h6_k4_m50_d0_s1,fb_h6_k4_m50_d0,6,4,50,0,1,2;3;4;5,200,sabah_o1,0.175183905951909,0.09359369946859784,0.3615107845346371,0.20784145116622774,0.4636503758119524,0.36504212280591547,0.07151240131845701,0.07817048836701214,0.02026650894657831,0.05246153846153846
v2-fixed-iterations,fb_h6_k4_m50_d0_s1,fb_h6_k4_m50_d0,6,4,50,0,1,2;3;4;5,200,sabah_o2,0.1627592755162158,0.07737106397554225,0.2666431246802258,0.17040797606936314,0.24546259531113981,0.19365584415584414,0.2119186625978793,0.0,,
v2-fixed-iterations,fb_h6_k4_mall_d0_s1,fb_h6_k4_mall_d0,6,4,all,0,1,2;3;4;5,445,heldout,0.07862841719698127,0.03281333982378718,0.12579318101954426,0.08441370835025853,0.0,0.000625,0.3138886687879251,,,0.0
v2-fixed-iterations,fb_h6_k4_mall_d0_s1,fb_h6_k4_mall_d0,6,4,all,0,1,2;3;4;5,445,sabah,0.24290931495471324,0.12097971940035084,0.4019789411878474,0.26602915499093,0.5436934559987945,0.4213959332120434,0.13993203375343044,0.0811926337965498,0.011508499634127933,0.25973333333333337
v2-fixed-iterations,fb_h6_k4_mall_d0_s1,fb_h6_k4_mall_d0,6,4,all,0,1,2;3;4;5,445,sabah_o1,0.2459118444029883,0.12249970066263853,0.4084456013876429,0.26826633321890087,0.5412475869700332,0.4192631953081753,0.13794555924991708,0.08579801168240622,0.011657301074815375,0.27955941213258284
v2-fixed-iterations,fb_h6_k4_mall_d0_s1,fb_h6_k4_mall_d0,6,4,all,0,1,2;3;4;5,445,sabah_o2,0.34646239944670637,0.18919472110148994,0.4769953476568678,0.3428689007953924,0.6916383829938177,0.49449212162039896,0.18388575983927544,0.01583333333333333,,
v2-fixed-iterations,fb_h6_k4_m15_d1_s1,fb_h6_k4_m15_d1,6,4,15,1,1,1;2;3;7,60,heldout,0.024265126959740993,0.009016814799436893,0.06789200558587236,0.03977646285338593,0.0,0.0,0.09706050783896397,,,0.0
v2-fixed-iterations,fb_h6_k4_m15_d1_s1,fb_h6_k4_m15_d1,6,4,15,1,1,1;2;3;7,60,sabah,0.11519206449511447,0.05732069849663792,0.2161028765559531,0.1399643660082526,0.4023560131564121,0.2113922150670563,0.02200054632639882,0.042838253486818204,0.009346910715553127,0.0032184482184482183
v2-fixed-iterations,fb_h6_k4_m15_d1_s1,fb_h6_k4_m15_d1,6,4,15,1,1,1;2;3;7,60,sabah_o1,0.11703250365961369,0.05857233386778788,0.21457007657316385,0.1426816052483459,0.40920934189317926,0.21431529172023792,0.02210302192825033,0.043235438417403384,0.009613313279996552,0.0037186147186147184
v2-fixed-iterations,fb_h6_k4_m15_d1_s1,fb_h6_k4_m15_d1,6,4,15,1,1,1;2;3;7,60,sabah_o2,0.10048261468123271,0.05037548646126733,0.2971218171703382,0.09850146198830409,0.1295064100540791,0.19971014492753625,0.02521390374331551,0.0475,,
v2-fixed-iterations,fb_h6_k4_m50_d1_s1,fb_h6_k4_m50_d1,6,4,50,1,1,1;2;3;7,200,heldout,0.020821000394797652,0.008405186846438924,0.05683583488028103,0.03749138083096807,0.0,0.0008064516129032258,0.08247754996628738,,,0.0
v2-fixed-iterations,fb_h6_k4_m50_d1_s1,fb_h6_k4_m50_d1,6,4,50,1,1,1;2;3;7,200,sabah,0.15188147969609614,0.08146944588158357,0.23226497247942013,0.172315947462068,0.48918994423668555,0.29763456712010095,0.013783529783328917,0.066690254439386,0.022248720803814452,0.021741861793260993
v2-fixed-iterations,fb_h6_k4_m50_d1_s1,fb_h6_k4_m50_d1,6,4,50,1,1,1;2;3;7,200,sabah_o1,0.1546787645915298,0.08395904740570288,0.23142791172088115,0.17663432945642174,0.4889094911602996,0.30480473341309544,0.01362241408983602,0.07017419771575442,0.022539773148215266,0.028021978021978023
v2-fixed-iterations,fb_h6_k4_m50_d1_s1,fb_h6_k4_m50_d1,6,4,50,1,1,1;2;3;7,200,sabah_o2,0.21358090386354434,0.1157633265157226,0.43708043277651365,0.15242914092155735,0.5489569088319088,0.27724426072193104,0.028122445900337502,0.0,,
v2-fixed-iterations,fb_h6_k4_mall_d1_s1,fb_h6_k4_mall_d1,6,4,all,1,1,1;2;3;7,368,heldout,0.025073425943019936,0.009711518470997646,0.0670390884548921,0.04094305735956768,0.0,0.000641025641025641,0.0996526781310541,,,0.0
v2-fixed-iterations,fb_h6_k4_mall_d1_s1,fb_h6_k4_mall_d1,6,4,all,1,1,1;2;3;7,368,sabah,0.17550027459170195,0.0906131680435222,0.34010236570965785,0.20100741965975147,0.4895042787387889,0.28693006686199474,0.02716462697050504,0.074524873717105,0.042404682982248185,0.1324731182795699
v2-fixed-iterations,fb_h6_k4_mall_d1_s1,fb_h6_k4_mall_d1,6,4,all,1,1,1;2;3;7,368,sabah_o1,0.17586372545585335,0.09166082406604836,0.3397231273585053,0.20111203240441444,0.4918427131279227,0.2819672468184776,0.02461058831334749,0.07911396636995426,0.042481171438751325,0.13516666666666666
v2-fixed-iterations,fb_h6_k4_mall_d1_s1,fb_h6_k4_mall_d1,6,4,all,1,1,1;2;3;7,368,sabah_o2,0.22224516239215464,0.11425417329727834,0.4277760444761548,0.2135720473371275,0.4127640795867232,0.3881765116603826,0.0880400583215128,0.0,,
v2-fixed-iterations,fb_h6_k7_m15_d0_s1,fb_h6_k7_m15_d0,6,7,15,0,1,0;1;2;3;4;5;7,105,heldout,0.011735915519864509,0.005695257879719122,0.03302234264703999,0.03979249851670114,0.0,0.0125,0.03444366207945804,,,0.0
v2-fixed-iterations,fb_h6_k7_m15_d0_s1,fb_h6_k7_m15_d0,6,7,15,0,1,0;1;2;3;4;5;7,105,sabah,0.16504855120268783,0.09370796487147001,0.28423441665798904,0.17443356270773833,0.531204400805205,0.3813278170754081,0.014420790882557951,0.04750324085828318,0.01266198067159579,0.0031730769230769234
v2-fixed-iterations,fb_h6_k7_m15_d0_s1,fb_h6_k7_m15_d0,6,7,15,0,1,0;1;2;3;4;5;7,105,sabah_o1,0.17011247534006377,0.09753144669459009,0.29231519549752766,0.1778258261581429,0.5362168019212221,0.4014912446831065,0.014197749211658721,0.05186960899789286,0.013461947226502237,0.0034375
v2-fixed-iterations,fb_h6_k7_m15_d0_s1,fb_h6_k7_m15_d0,6,7,15,0,1,0;1;2;3;4;5;7,105,sabah_o2,0.15714337937319048,0.07889976391415286,0.3517027997412203,0.19901315789473684,0.2897273636466081,0.20884615384615385,0.035,0.095,,
v2-fixed-iterations,fb_h6_k7_m50_d0_s1,fb_h6_k7_m50_d0,6,7,50,0,1,0;1;2;3;4;5;7,350,heldout,0.01614450036205038,0.006378478456222964,0.032349132485471235,0.0708575872740976,0.0,0.0006097560975609756,0.06396824535064054,,,0.0
v2-fixed-iterations,fb_h6_k7_m50_d0_s1,fb_h6_k7_m50_d0,6,7,50,0,1,0;1;2;3;4;5;7,350,sabah,0.2048086845687761,0.11510242416338153,0.3497430881841057,0.21729762189171964,0.48781195387975634,0.48925515570935507,0.02929702666221278,0.08946444580048239,0.030623838283906607,0.10239968707694357
v2-fixed-iterations,fb_h6_k7_m50_d0_s1,fb_h6_k7_m50_d0,6,7,50,0,1,0;1;2;3;4;5;7,350,sabah_o1,0.2080671073921739,0.11807954612922686,0.35311558514482577,0.21819858687813767,0.48603963585324744,0.5052571624279667,0.027634588094093217,0.09483619159520826,0.03065930490676618,0.10397576147576149
v2-fixed-iterations,fb_h6_k7_m50_d0_s1,fb_h6_k7_m50_d0,6,7,50,0,1,0;1;2;3;4;5;7,350,sabah_o2,0.252017923434514,0.143098693879773,0.4736285945271518,0.2589144637322735,0.538211079943899,0.3720785625121058,0.09778205128205128,0.0,,
v2-fixed-iterations,fb_h6_k7_mall_d0_s1,fb_h6_k7_mall_d0,6,7,all,0,1,0;1;2;3;4;5;7,745,heldout,0.0535068595965839,0.02627398444083019,0.10037462382984375,0.29107179180787257,0.0,0.0125,0.13045600981490701,,,0.07107142857142855
v2-fixed-iterations,fb_h6_k7_mall_d0_s1,fb_h6_k7_mall_d0,6,7,all,0,1,0;1;2;3;4;5;7,745,sabah,0.2580567664355089,0.14361352891919932,0.45436038512377414,0.2981883226138802,0.5212299227225049,0.5393202803228418,0.07040363533777294,0.10514800378230924,0.05932787126027673,0.25291088518734783
v2-fixed-iterations,fb_h6_k7_mall_d0_s1,fb_h6_k7_mall_d0,6,7,all,0,1,0;1;2;3;4;5;7,745,sabah_o1,0.2660290782079273,0.14807661518739765,0.4692784861631368,0.29816143749259255,0.5148960723812244,0.5488615274393449,0.059753896677121984,0.11266157996883011,0.06038728567853409,0.29961410710250813
v2-fixed-iterations,fb_h6_k7_mall_d0_s1,fb_h6_k7_mall_d0,6,7,all,0,1,0;1;2;3;4;5;7,745,sabah_o2,0.36632394920708494,0.19685206972129216,0.5272982664912097,0.3306652046783626,0.7725548482063459,0.4644976279253926,0.22824332069660128,0.0,,
v2-fixed-iterations,fb_h7_k1_m15_d0_s1,fb_h7_k1_m15_d0,7,1,15,0,1,4,15,heldout,0.09336786266335977,0.07529797700050408,0.47901854346617734,0.08673254835996635,,0.3643563202204765,,0.005566846480617605,0.0012566172856782697,0.0022916666666666667
v2-fixed-iterations,fb_h7_k1_m15_d0_s1,fb_h7_k1_m15_d0,7,1,15,0,1,4,15,sabah,0.05049083654426819,0.03028383797196724,0.12475306405000304,0.06336316340455488,0.0016184293099841618,0.241746831673229,0.0,0.05334139410245567,0.004579927965948522,0.0016584362139917695
v2-fixed-iterations,fb_h7_k1_m15_d0_s1,fb_h7_k1_m15_d0,7,1,15,0,1,4,15,sabah_o1,0.05415936719134721,0.032805725167668914,0.1269669517923613,0.06736138197553887,0.0016728315460838876,0.26205638811759063,0.0,0.05457815268524505,0.004828493602114117,0.0018203371970495256
v2-fixed-iterations,fb_h7_k1_m15_d0_s1,fb_h7_k1_m15_d0,7,1,15,0,1,4,15,sabah_o2,0.018944679617147974,0.009496136094506686,0.03384146341463415,0.061769005847953216,0.003928571428571429,0.07185014704002046,0.0,0.0,,
v2-fixed-iterations,fb_h7_k1_m50_d0_s1,fb_h7_k1_m50_d0,7,1,50,0,1,4,50,heldout,0.19673940257134498,0.13591972310122105,0.39298696399443556,0.16144351086637604,,0.6143893443814047,,0.014189455376359244,0.023378810527615868,0.135
v2-fixed-iterations,fb_h7_k1_m50_d0_s1,fb_h7_k1_m50_d0,7,1,50,0,1,4,50,sabah,0.06034525568028796,0.036995613014314296,0.15013413747588994,0.10432476116912932,0.0075951557093425605,0.28263697295958456,0.0,0.057622345180327904,0.00789845723888758,0.0063186029935851755
v2-fixed-iterations,fb_h7_k1_m50_d0_s1,fb_h7_k1_m50_d0,7,1,50,0,1,4,50,sabah_o1,0.06454315466017908,0.04015922131987844,0.15228795453477031,0.10821281710349372,0.007604166666666666,0.3041838819903123,0.0,0.060733927519674574,0.008374632943841142,0.0063623188405797105
v2-fixed-iterations,fb_h7_k1_m50_d0_s1,fb_h7_k1_m50_d0,7,1,50,0,1,4,50,sabah_o2,0.025339724587007194,0.011448355402049897,0.02968409586056645,0.08055555555555555,0.0,0.10089996114996114,0.0,0.0004589371980676328,,
v2-fixed-iterations,fb_h7_k1_mall_d0_s1,fb_h7_k1_mall_d0,7,1,all,0,1,4,101,heldout,0.16558668836274812,0.1162057401760515,0.3888775821455189,0.17911161400453285,,0.5198744588744588,,0.019547667688062455,0.026601097476706505,0.0963235294117647
v2-fixed-iterations,fb_h7_k1_mall_d0_s1,fb_h7_k1_mall_d0,7,1,all,0,1,4,101,sabah,0.07951744573916716,0.045516436637972224,0.19868192218686898,0.14210657363517876,0.02280309871158779,0.2920313200306377,0.0,0.07028299963372239,0.00775687603375667,0.08423038002529835
v2-fixed-iterations,fb_h7_k1_mall_d0_s1,fb_h7_k1_mall_d0,7,1,all,0,1,4,101,sabah_o1,0.08632383391226028,0.05028185693733447,0.2031206180176216,0.14519457243328746,0.022842034473610932,0.3073130889552447,0.0,0.07349499812583563,0.008118889244877713,0.10617399267399269
v2-fixed-iterations,fb_h7_k1_mall_d0_s1,fb_h7_k1_mall_d0,7,1,all,0,1,4,101,sabah_o2,0.03658739437645688,0.01980698208041958,0.4463838567551056,0.034722222222222224,0.0,0.14612121212121215,0.0,0.00022836538461538464,,
v2-fixed-iterations,fb_h7_k1_m15_d1_s1,fb_h7_k1_m15_d1,7,1,15,1,1,6,15,heldout,0.0,0.0,0.0,0.0,,0.0,,0.0,0.0,0.0
v2-fixed-iterations,fb_h7_k1_m15_d1_s1,fb_h7_k1_m15_d1,7,1,15,1,1,6,15,sabah,0.04570490405934574,0.027543612657383736,0.06994263514066919,0.059408602150537636,0.0,0.008466388467012297,0.26576303588906214,0.0,0.0,0.0
v2-fixed-iterations,fb_h7_k1_m15_d1_s1,fb_h7_k1_m15_d1,7,1,15,1,1,6,15,sabah_o1,0.04798374518285047,0.029097997030250875,0.0724115997861346,0.06120689655172414,0.0,0.008818763739816372,0.27908370735728644,0.0,0.0,0.0
v2-fixed-iterations,fb_h7_k1_m15_d1_s1,fb_h7_k1_m15_d1,7,1,15,1,1,6,15,sabah_o2,0.023168730863565568,0.012846885861819276,0.3202275709545596,0.04375,0.0,0.0,0.09267492345426227,0.0,,
v2-fixed-iterations,fb_h7_k1_m50_d1_s1,fb_h7_k1_m50_d1,7,1,50,1,1,6,50,heldout,0.005125,0.003684375,0.025,0.02586206896551724,,0.0205,,0.0,0.0,0.0
v2-fixed-iterations,fb_h7_k1_m50_d1_s1,fb_h7_k1_m50_d1,7,1,50,1,1,6,50,sabah,0.044284870196056786,0.02770701291035669,0.4167893127363918,0.05833333333333333,0.0,0.016163810615026905,0.24954541056131382,0.0,0.0,0.0
v2-fixed-iterations,fb_h7_k1_m50_d1_s1,fb_h7_k1_m50_d1,7,1,50,1,1,6,50,sabah_o1,0.04742405704949793,0.02976463062792844,0.41902999204243035,0.06063218390804598,0.0,0.01851039209964611,0.2660339501973415,0.0,0.0,0.0
v2-fixed-iterations,fb_h7_k1_m50_d1_s1,fb_h7_k1_m50_d1,7,1,50,1,1,6,50,sabah_o2,0.012850819149533536,0.008020048935544543,0.559817518428882,0.0375,0.0,0.0,0.051403276598134144,0.0,,
v2-fixed-iterations,fb_h7_k1_mall_d1_s1,fb_h7_k1_mall_d1,7,1,all,1,1,6,82,heldout,0.000859375,0.0006015625,0.006578947368421052,0.013157894736842105,,0.0,,0.0,0.0,0.0034375
v2-fixed-iterations,fb_h7_k1_mall_d1_s1,fb_h7_k1_mall_d1,7,1,all,1,1,6,82,sabah,0.04643256810959895,0.028861703013035027,0.42155944252115446,0.057526881720430106,0.0,0.002283364829185263,0.27572176605063065,0.0,0.0,0.0005902777777777777
v2-fixed-iterations,fb_h7_k1_mall_d1_s1,fb_h7_k1_mall_d1,7,1,all,1,1,6,82,sabah_o1,0.049243315268700405,0.030654846947666944,0.42307271972883465,0.059770114942528735,0.0,0.003209059233449478,0.29162583237875295,0.0,0.0,0.000625
v2-fixed-iterations,fb_h7_k1_mall_d1_s1,fb_h7_k1_mall_d1,7,1,all,1,1,6,82,sabah_o2,0.014341784315636541,0.008662852032791058,0.5596440613796124,0.0375,0.0,0.0,0.057367137262546164,0.0,,
v2-fixed-iterations,fb_h7_k2_m15_d0_s1,fb_h7_k2_m15_d0,7,2,15,0,1,0;2,30,heldout,0.09316546408926105,0.07392777815076197,0.9369130368383437,0.07758620689655173,,0.3591025678194948,,5.928853754940712e-05,0.0025,0.011
v2-fixed-iterations,fb_h7_k2_m15_d0_s1,fb_h7_k2_m15_d0,7,2,15,0,1,0;2,30,sabah,0.08736184397515367,0.045496466756028794,0.20330128526931193,0.0991435704274811,0.33062666326458623,0.16876589257052702,0.004652211739553693,0.017483563921258567,0.0007109141731783241,0.001931818181818182
v2-fixed-iterations,fb_h7_k2_m15_d0_s1,fb_h7_k2_m15_d0,7,2,15,0,1,0;2,30,sabah_o1,0.08781376973843528,0.04638831000647471,0.20528235775401604,0.10060548561493488,0.3348360006919755,0.16542864208315322,0.005198855172080525,0.01851160120425516,0.0007825192791472297,0.002125
v2-fixed-iterations,fb_h7_k2_m15_d0_s1,fb_h7_k2_m15_d0,7,2,15,0,1,0;2,30,sabah_o2,0.07125296033038585,0.03178737397706662,0.07002316835047395,0.20394736842105263,0.09293650793650793,0.18728181818181822,0.003782876905344886,0.0010106382978723404,,
v2-fixed-iterations,fb_h7_k2_m50_d0_s1,fb_h7_k2_m50_d0,7,2,50,0,1,0;2,100,heldout,0.05292253399946859,0.044708759025843654,0.9139518911866349,0.05172413793103448,,0.2023661639099718,,0.0,0.009323972087902572,0.0
v2-fixed-iterations,fb_h7_k2_m50_d0_s1,fb_h7_k2_m50_d0,7,2,50,0,1,0;2,100,sabah,0.15174187508475093,0.06715905408128231,0.32236203251591283,0.17565585376156398,0.47345986021404757,0.22858633283762458,0.04281828196137495,0.028437722233234573,0.012149053262223847,0.125
v2-fixed-iterations,fb_h7_k2_m50_d0_s1,fb_h7_k2_m50_d0,7,2,50,0,1,0;2,100,sabah_o1,0.15003090101682373,0.067735627657219,0.31929063727902046,0.17513408857958648,0.47649710909042575,0.22013885623415247,0.03737859673719418,0.028829896677656182,0.012340947361513796,0.125
v2-fixed-iterations,fb_h7_k2_m50_d0_s1,fb_h7_k2_m50_d0,7,2,50,0,1,0;2,100,sabah_o2,0.21063900756808202,0.09317285063781883,0.7088728335552399,0.16860104558451988,0.35164214046822745,0.3544112794215909,0.12462761038250979,0.011875,,
v2-fixed-iterations,fb_h7_k2_mall_d0_s1,fb_h7_k2_mall_d0,7,2,all,0,1,0;2,288,heldout,0.16649204007130256,0.10630412665050444,0.2503275761517466,0.2107578604735825,,0.4653211582143341,,0.0008420568722657565,0.030603556309721426,0.1692013888888889
v2-fixed-iterations,fb_h7_k2_mall_d0_s1,fb_h7_k2_mall_d0,7,2,all,0,1,0;2,288,sabah,0.19883020764057469,0.11402857235038528,0.34312932124230083,0.23388227819140903,0.4958533060915478,0.4519302761428241,0.0686172317903936,0.042144551274938095,0.015478107547509933,0.11895777299623454
v2-fixed-iterations,fb_h7_k2_mall_d0_s1,fb_h7_k2_mall_d0,7,2,all,0,1,0;2,288,sabah_o1,0.20290903771291668,0.11735246291183209,0.3594913773908736,0.23810081524138713,0.501692802803877,0.45852357921165704,0.07069853256759728,0.046643856731177546,0.016219496775037916,0.1236759581881533
v2-fixed-iterations,fb_h7_k2_mall_d0_s1,fb_h7_k2_mall_d0,7,2,all,0,1,0;2,288,sabah_o2,0.20640125363391426,0.11163391765852956,0.3427927737035427,0.1921783625730994,0.33228529287885383,0.43686082664978654,0.05382000611812779,0.0026388888888888885,,
v2-fixed-iterations,fb_h7_k2_m15_d1_s1,fb_h7_k2_m15_d1,7,2,15,1,1,1;4,30,heldout,0.1462911466774745,0.09109276471186052,0.35559801398695934,0.1461810734609595,,0.42230769230769233,,0.0019319301388266907,0.0025023452157598497,0.15842261904761906
v2-fixed-iterations,fb_h7_k2_m15_d1_s1,fb_h7_k2_m15_d1,7,2,15,1,1,1;4,30,sabah,0.08427794400771416,0.04221643276373402,0.12166162150141413,0.183883021740923,0.21643537426401604,0.23566735235965167,0.0,0.04785011843093083,0.0028200821495811476,0.0028947368421052633
v2-fixed-iterations,fb_h7_k2_m15_d1_s1,fb_h7_k2_m15_d1,7,2,15,1,1,1;4,30,sabah_o1,0.08761119569997615,0.04446235069063923,0.12228683707683047,0.18708640955104594,0.2158548419520483,0.25267812865165884,0.0,0.05107602744155943,0.0029153190117331665,0.0031428571428571434
v2-fixed-iterations,fb_h7_k2_m15_d1_s1,fb_h7_k2_m15_d1,7,2,15,1,1,1;4,30,sabah_o2,0.09565373270520329,0.038480374119344705,0.17151162790697674,0.1469298245614035,0.28469429590017825,0.09792063492063492,0.0,0.0,,
v2-fixed-iterations,fb_h7_k2_m50_d1_s1,fb_h7_k2_m50_d1,7,2,50,1,1,1;4,100,heldout,0.12591316371032096,0.09319581089848863,0.2505262196790612,0.15438272008758022,,0.3464281978051868,,0.02532226033654937,0.0008649006622516556,0.13103729603729602
v2-fixed-iterations,fb_h7_k2_m50_d1_s1,fb_h7_k2_m50_d1,7,2,50,1,1,1;4,100,sabah,0.09768106214294829,0.053605860858904945,0.2175191004879378,0.11234869161612793,0.21713979983003895,0.2879167347546625,0.0,0.06918876150754347,0.005612263206122714,0.006228813559322034
v2-fixed-iterations,fb_h7_k2_m50_d1_s1,fb_h7_k2_m50_d1,7,2,50,1,1,1;4,100,sabah_o1,0.10129622720764654,0.05697845526366064,0.2193479768351729,0.115981092019236,0.2201313808305745,0.30279705058841083,0.0,0.07275668102800689,0.0057560439023353095,0.006336206896551724
v2-fixed-iterations,fb_h7_k2_m50_d1_s1,fb_h7_k2_m50_d1,7,2,50,1,1,1;4,100,sabah_o2,0.06424053996598639,0.024423505161252117,0.09731343283582089,0.1732456140350877,0.09910501700680271,0.15785714285714286,0.0,0.0,,
v2-fixed-iterations,fb_h7_k2_mall_d1_s1,fb_h7_k2_mall_d1,7,2,all,1,1,1;4,203,heldout,0.1624391748661744,0.11568006303199074,0.2897067794535099,0.22086961889566536,,0.4725843619919363,,0.03168132201757071,0.024453596239805298,0.12103741921538531
v2-fixed-iterations,fb_h7_k2_mall_d1_s1,fb_h7_k2_mall_d1,7,2,all,1,1,1;4,203,sabah,0.12447369978994398,0.06870980981354334,0.26169589663168114,0.14461517432705367,0.16426160628926606,0.35389247902770715,0.0,0.07324395371955864,0.019815397161325986,0.135628762541806
v2-fixed-iterations,fb_h7_k2_mall_d1_s1,fb_h7_k2_mall_d1,7,2,all,1,1,1;4,203,sabah_o1,0.13354899032269477,0.07483190418857705,0.2772004244854642,0.14809239686302764,0.17738382717948128,0.38261369758597163,0.0,0.07587613799273332,0.020019276671716733,0.14540100250626567
v2-fixed-iterations,fb_h7_k2_mall_d1_s1,fb_h7_k2_mall_d1,7,2,all,1,1,1;4,203,sabah_o2,0.055983549832422826,0.024825760059296507,0.1815960987254336,0.06103801169590643,0.10710562790111985,0.11682857142857145,0.0,0.0,,
v2-fixed-iterations,fb_h7_k4_m15_d0_s1,fb_h7_k4_m15_d0,7,4,15,0,1,1;2;3;6,60,heldout,0.07531515505522515,0.05035407213147454,0.28251950367138046,0.075970519233323,,0.042499999999999996,,0.0016772868875672613,0.00041666666666666664,0.2566666666666667
v2-fixed-iterations,fb_h7_k4_m15_d0_s1,fb_h7_k4_m15_d0,7,4,15,0,1,1;2;3;6,60,sabah,0.11201237774476486,0.05677992665897906,0.3126052538926365,0.12292143761220463,0.41137848535987825,0.08892539417815168,0.1406936336367129,0.024240128883846607,0.004180374409999734,0.0026562499999999998
v2-fixed-iterations,fb_h7_k4_m15_d0_s1,fb_h7_k4_m15_d0,7,4,15,0,1,1;2;3;6,60,sabah_o1,0.11345323153230687,0.05822232081998554,0.31859614193735214,0.12497282999053357,0.41133120867461404,0.08457339076518458,0.15303843426079317,0.02444516957542347,0.004400151435067496,0.0029310344827586207
v2-fixed-iterations,fb_h7_k4_m15_d0_s1,fb_h7_k4_m15_d0,7,4,15,0,1,1;2;3;6,60,sabah_o2,0.14566648282813713,0.06942334797065748,0.2795631196980995,0.14303497388413414,0.4156969679763798,0.16578431372549018,0.0011846496106785317,0.0,,
v2-fixed-iterations,fb_h7_k4_m50_d0_s1,fb_h7_k4_m50_d0,7,4,50,0,1,1;2;3;6,200,heldout,0.12213562776365888,0.09043228513962617,0.11094094764323759,0.2672912105468163,,0.31508079733886185,,0.0034130747262970562,0.004722824453135793,0.16532581453634085
v2-fixed-iterations,fb_h7_k4_m50_d0_s1,fb_h7_k4_m50_d0,7,4,50,0,1,1;2;3;6,200,sabah,0.15865295656833345,0.08994819194511741,0.3479398623376397,0.1721331130311805,0.4367249467853449,0.2981332818269382,0.11474519660470908,0.059527353796256954,0.008580438657621169,0.034206521739130434
v2-fixed-iterations,fb_h7_k4_m50_d0_s1,fb_h7_k4_m50_d0,7,4,50,0,1,1;2;3;6,200,sabah_o1,0.1652153130385707,0.09457488862946797,0.37289415017341354,0.17540041764558642,0.44120873437012803,0.30034909083510986,0.12013801380866565,0.06269293323212008,0.008661170501529451,0.058241935483870966
v2-fixed-iterations,fb_h7_k4_m50_d0_s1,fb_h7_k4_m50_d0,7,4,50,0,1,1;2;3;6,200,sabah_o2,0.18310833323039663,0.09557787777707906,0.3326545000270873,0.19667424751267853,0.33166511657058617,0.32046929824561404,0.08029891810538627,0.0,,
v2-fixed-iterations,fb_h7_k4_mall_d0_s1,fb_h7_k4_mall_d0,7,4,all,0,1,1;2;3;6,393,heldout,0.13244796909490045,0.10008672711157232,0.23931737031594263,0.1856954655597449,,0.4062577226694874,,0.005487993539361708,0.007208510645533768,0.11083764952521889
v2-fixed-iterations,fb_h7_k4_mall_d0_s1,fb_h7_k4_mall_d0,7,4,all,0,1,1;2;3;6,393,sabah,0.18543078424232107,0.10460280811858326,0.3592938997960524,0.17661543518963582,0.46064411905774916,0.3143743247188249,0.21008103004233714,0.07865768556632435,0.0240061174972623,0.02482142857142857
v2-fixed-iterations,fb_h7_k4_mall_d0_s1,fb_h7_k4_mall_d0,7,4,all,0,1,1;2;3;6,393,sabah_o1,0.1835107731076797,0.10489817363264738,0.3581983814690793,0.17545150973078957,0.4604800451375112,0.28932681100323693,0.21359063246732773,0.08294646296728811,0.024076747676774743,0.030643939393939394
v2-fixed-iterations,fb_h7_k4_mall_d0_s1,fb_h7_k4_mall_d0,7,4,all,0,1,1;2;3;6,393,sabah_o2,0.29333194128496326,0.14201080128330573,0.3956498956429661,0.279345121211868,0.42346168226674985,0.5773155202285637,0.17255056264453933,0.0,,
v2-fixed-iterations,fb_h7_k4_m15_d1_s1,fb_h7_k4_m15_d1,7,4,15,1,1,0;1;2;6,60,heldout,0.1424629611180256,0.11406168232654106,0.16917670513861172,0.13521004984233548,,0.5628627100960656,,0.00027443609022556386,0.006714698285811182,0.0
v2-fixed-iterations,fb_h7_k4_m15_d1_s1,fb_h7_k4_m15_d1,7,4,15,1,1,0;1;2;6,60,sabah,0.13109398853759593,0.06684510132387536,0.25502178514333257,0.1608638666782657,0.42520515101807455,0.1873977134736051,0.11803042098280125,0.03331912240264848,0.02261152334844628,0.0
v2-fixed-iterations,fb_h7_k4_m15_d1_s1,fb_h7_k4_m15_d1,7,4,15,1,1,0;1;2;6,60,sabah_o1,0.13200839129886605,0.06694626385236889,0.25267893951519155,0.16271784930258484,0.4321070996869467,0.1779601423608458,0.12477039852754361,0.03416772006802742,0.023044987149832802,0.0
v2-fixed-iterations,fb_h7_k4_m15_d1_s1,fb_h7_k4_m15_d1,7,4,15,1,1,0;1;2;6,60,sabah_o2,0.13982900491808387,0.07749567844591183,0.38999700683641775,0.14900837785882282,0.14911764705882352,0.35933831677840633,0.050860055835105555,0.0,,
v2-fixed-iterations,fb_h7_k4_m50_d1_s1,fb_h7_k4_m50_d1,7,4,50,1,1,0;1;2;6,200,heldout,0.09186138596549334,0.06729001743334354,0.16216206169689457,0.11958657799481325,,0.28751134895559793,,0.002174250848367091,0.009459477857542167,0.0683004662004662
v2-fixed-iterations,fb_h7_k4_m50_d1_s1,fb_h7_k4_m50_d1,7,4,50,1,1,0;1;2;6,200,sabah,0.2015959090600555,0.11617034264848218,0.36120676294134507,0.20925107830977144,0.41934684786370313,0.4646870789964861,0.15339680603415728,0.09396187422514862,0.04631379962179015,0.031869047619047616
v2-fixed-iterations,fb_h7_k4_m50_d1_s1,fb_h7_k4_m50_d1,7,4,50,1,1,0;1;2;6,200,sabah_o1,0.20420938640773603,0.11857524798708706,0.34492601078191215,0.22079385320691478,0.422342234580818,0.46219671887958835,0.1575826758317987,0.10158391512668181,0.04755567598831382,0.03399509803921569
v2-fixed-iterations,fb_h7_k4_m50_d1_s1,fb_h7_k4_m50_d1,7,4,50,1,1,0;1;2;6,200,sabah_o2,0.2255900910877017,0.1339173926791483,0.4186741583901985,0.17225158182241995,0.30660704911364817,0.5025634444837555,0.09318987075340328,0.0,,
v2-fixed-iterations,fb_h7_k4_mall_d1_s1,fb_h7_k4_mall_d1,7,4,all,1,1,0;1;2;6,472,heldout,0.1017771691573233,0.07981227484641944,0.12749710659286712,0.17934850220978096,,0.29970948990622803,,0.0062149814780685635,0.013448911127349516,0.08773529411764706
v2-fixed-iterations,fb_h7_k4_mall_d1_s1,fb_h7_k4_mall_d1,7,4,all,1,1,0;1;2;6,472,sabah,0.22855825272191202,0.13229110087845478,0.34088423307685267,0.25346445538033197,0.49266275192801456,0.5188660962742326,0.12216894018514582,0.09274446518710791,0.06565726275697122,0.07925
v2-fixed-iterations,fb_h7_k4_mall_d1_s1,fb_h7_k4_mall_d1,7,4,all,1,1,0;1;2;6,472,sabah_o1,0.23235129579749533,0.13462971093430853,0.35370537038824684,0.2525779810362888,0.4908631882248735,0.5084126361238295,0.12870281859133897,0.10043805629999272,0.06685774221160394,0.09883333333333334
v2-fixed-iterations,fb_h7_k4_mall_d1_s1,fb_h7_k4_mall_d1,7,4,all,1,1,0;1;2;6,472,sabah_o2,0.3533926158360667,0.19854003023394468,0.3773516345426585,0.28296783625731,0.6850397307310021,0.6758459205034495,0.05268481210981518,0.0,,
v2-fixed-iterations,fb_h7_k7_m15_d0_s1,fb_h7_k7_m15_d0,7,7,15,0,1,0;1;2;3;4;5;6,105,heldout,0.08788990015967264,0.06846105563084157,0.17072649093705194,0.10286729228453809,,0.22831620210453163,,0.0028789524727688845,0.002398496240601504,0.11796594982078853
v2-fixed-iterations,fb_h7_k7_m15_d0_s1,fb_h7_k7_m15_d0,7,7,15,0,1,0;1;2;3;4;5;6,105,sabah,0.20760497592395563,0.12009208450134383,0.3761561046185347,0.1992243011934972,0.4721813643829919,0.41585749275981726,0.20010483272730817,0.04562427615892825,0.0027766543614916846,0.10908523515319632
v2-fixed-iterations,fb_h7_k7_m15_d0_s1,fb_h7_k7_m15_d0,7,7,15,0,1,0;1;2;3;4;5;6,105,sabah_o1,0.21636273020472918,0.12648825408709188,0.38283650965259114,0.20665633374851913,0.476482133916291,0.4366561596103323,0.2187464632304108,0.04721889310614805,0.0028142643420198355,0.11625846702317291
v2-fixed-iterations,fb_h7_k7_m15_d0_s1,fb_h7_k7_m15_d0,7,7,15,0,1,0;1;2;3;4;5;6,105,sabah_o2,0.11093763241248343,0.06649714318241717,0.37905360394442317,0.10610380116959064,0.21978967087624585,0.19429824561403508,0.02966261315965282,0.0,,
v2-fixed-iterations,fb_h7_k7_m50_d0_s1,fb_h7_k7_m50_d0,7,7,50,0,1,0;1;2;3;4;5;6,350,heldout,0.21106797592165946,0.16349842595405098,0.31549771748185296,0.2232524431832501,,0.42970177587444564,,0.015325701966334728,0.04416650376793539,0.3550779220779221
v2-fixed-iterations,fb_h7_k7_m50_d0_s1,fb_h7_k7_m50_d0,7,7,50,0,1,0;1;2;3;4;5;6,350,sabah,0.21077960874149193,0.1269963968885687,0.36906478416691885,0.24431051025164088,0.42181500072109773,0.4431637246953982,0.19741513996332039,0.08709776028203742,0.02076123849035848,0.09442478829673953
v2-fixed-iterations,fb_h7_k7_m50_d0_s1,fb_h7_k7_m50_d0,7,7,50,0,1,0;1;2;3;4;5;6,350,sabah_o1,0.21732102971099057,0.13155659707860562,0.39808070865054385,0.24241939921961242,0.42917320005651394,0.44791243439784945,0.20782755921433813,0.09099201617637011,0.02079586019576373,0.10722510822510822
v2-fixed-iterations,fb_h7_k7_m50_d0_s1,fb_h7_k7_m50_d0,7,7,50,0,1,0;1;2;3;4;5;6,350,sabah_o2,0.16521024304195972,0.09678192591419371,0.2923528132458725,0.18428925914328445,0.10971269069036255,0.4675530113161692,0.06457527016130714,0.019,,
v2-fixed-iterations,fb_h7_k7_mall_d0_s1,fb_h7_k7_mall_d0,7,7,all,0,1,0;1;2;3;4;5;6,770,heldout,0.21591546005946716,0.16571550911746655,0.24401720534560875,0.3025921509374578,,0.5613121371395292,,0.06388892510704113,0.03668348659065932,0.20177729140063888
v2-fixed-iterations,fb_h7_k7_mall_d0_s1,fb_h7_k7_mall_d0,7,7,all,0,1,0;1;2;3;4;5;6,770,sabah,0.2670478759216025,0.15970835258786079,0.3497178861530157,0.29423985478216125,0.5251212005291073,0.5686551448791229,0.2444891259108249,0.08980058868833782,0.04960050511933478,0.12462069040288769
v2-fixed-iterations,fb_h7_k7_mall_d0_s1,fb_h7_k7_mall_d0,7,7,all,0,1,0;1;2;3;4;5;6,770,sabah_o1,0.2777207358558741,0.1659274102540224,0.36655945214653546,0.2959729658312354,0.5233772481029964,0.5728714431075184,0.24905591521305995,0.096519558582643,0.04983291172030903,0.1746673384087177
v2-fixed-iterations,fb_h7_k7_mall_d0_s1,fb_h7_k7_mall_d0,7,7,all,0,1,0;1;2;3;4;5;6,770,sabah_o2,0.34597347411895435,0.1944065710362682,0.39557959466845166,0.35852074119976424,0.6495948976731147,0.5656592973058754,0.1686397014968272,0.0,,
