mAP50,mAP50_95,precision,recall,AP50::Algal,AP50::Leaf_rot,AP50::Phomopsis,AP50::Psyllid,AP50::Psyllid_damage,AP50::leaf_hopper_damage,group,n_images,config,seed,model,unit
0.3059377174061894,0.18751122710345905,0.4427202463606252,0.34483932087841684,0.5905629772382635,0.6438871247730623,0.11353300827135165,0.13210446519596225,0.15518158610135366,0.20035714285714284,o1t1,78,byfarm_fold0,42,yolo11s,tree
0.329897322911813,0.19976188773724793,0.4383129360095543,0.34513751836616374,0.5593530739032979,0.8042200921894908,0.2043367572867359,0.1131019731902131,0.0496220409011402,0.24875,o1t1,78,byfarm_fold0,1,yolo11s,tree
0.37039975717742973,0.22001591953110874,0.5829192351040301,0.3506591705559389,0.6097725862769443,0.7234153586235336,0.2311374855019504,0.14500943494851792,0.09634010047785949,0.41672357723577247,o1t1,78,byfarm_fold0,2,yolo11s,tree
0.2981495489930525,0.18402690332271696,0.4407796486837167,0.30053649525485693,0.6019375521004544,0.6716267755662727,0.20334962507722165,0.1209552666060085,0.07157589543160225,0.11945217917675545,o1t1,78,byfarm_fold0,3,yolo11s,tree
0.3675019704911749,0.224170789449931,0.5878497248307071,0.38755671087554044,0.6606209756353629,0.7134727051630405,0.18131046256265854,0.13989255456860164,0.1263817916840526,0.3833333333333333,o1t1,78,byfarm_fold0,4,yolo11s,tree
0.2944629775826328,0.1767780581568413,0.3814428536552266,0.3428177765967029,0.5991813869422611,0.6813268292673991,0.1911596392036313,0.13732324744686258,0.0992806650746671,0.05850609756097561,o1t1,78,byfarm_fold1,42,yolo11s,tree
0.33008269495113635,0.20414851354024938,0.46343602029104325,0.3450796787561041,0.5822453127242584,0.6828945791050129,0.22824567343677987,0.12180064728954121,0.07873852857979671,0.28657142857142864,o1t1,78,byfarm_fold1,1,yolo11s,tree
0.37942503626832963,0.23382888351296335,0.5403293767583816,0.33548638608507436,0.6446603583350525,0.7677720773336849,0.18902794780191445,0.09943822949805634,0.04731827130793623,0.5283333333333334,o1t1,78,byfarm_fold1,2,yolo11s,tree
0.3319072728517159,0.20998090420472112,0.46905390817532916,0.3507782448011698,0.5887886644067183,0.6783462096375761,0.17718952482902478,0.15313555556997965,0.0831942089827864,0.3107894736842105,o1t1,78,byfarm_fold1,3,yolo11s,tree
0.331891620248096,0.2138028838112372,0.5035639432259454,0.3743188817568514,0.6004967436146249,0.83624833893248,0.14278574272271483,0.13672046817828665,0.08551948067204843,0.18957894736842107,o1t1,78,byfarm_fold1,4,yolo11s,tree
0.34108846851540114,0.2259265078606852,0.5570451333444569,0.3359197843659212,0.48904203250824874,0.8312718031092143,0.16557655859773596,0.11966097831011387,0.06264610523376055,0.37833333333333335,o1t1,78,byfarm_fold2,42,yolo11s,tree
0.33239392713582855,0.21415456073284272,0.47110751401132656,0.33554180344817736,0.6099911239775669,0.7540544729145954,0.22305536367771875,0.1398330162143822,0.10242958603070779,0.16499999999999998,o1t1,78,byfarm_fold2,1,yolo11s,tree
0.31144929389073056,0.1888171235077368,0.35805426019680175,0.2976872963161988,0.6345098914031717,0.7440917935594268,0.21802741844798768,0.15454663427215595,0.0858988135404295,0.03162121212121212,o1t1,78,byfarm_fold2,2,yolo11s,tree
0.31739112258861807,0.20130135012450884,0.4593384618685446,0.35288110670634,0.6560477318547007,0.7333611514948769,0.23546828801555308,0.1410617280965126,0.08888727188848385,0.04952056418158113,o1t1,78,byfarm_fold2,3,yolo11s,tree
0.32488094516036625,0.18652725759361133,0.4252786687739984,0.32007636330183065,0.5851083371072909,0.6427287127877188,0.28089731621053005,0.1512861975757247,0.09214824904338507,0.19711685823754793,o1t1,78,byfarm_fold2,4,yolo11s,tree
0.3062266501351106,0.18467958279984167,0.40590247828470827,0.3821191181363806,0.5271803708026248,0.6979676478066833,0.1627510928507169,0.13410076108283434,0.1404195520773277,0.17494047619047617,o1t1,78,byfarm_fold3,42,yolo11s,tree
0.2666496539802376,0.16085226147388934,0.32649466757736606,0.33159427004039405,0.5735689326520842,0.4960328669943035,0.2267401691128108,0.15205715775907122,0.11971558057993885,0.031783216783216786,o1t1,78,byfarm_fold3,1,yolo11s,tree
0.3401704846019924,0.2050751097259567,0.41608346945856306,0.3654281817590567,0.6097563067012002,0.681747448309725,0.17170537550988776,0.15466569238003153,0.13335641804444281,0.28979166666666667,o1t1,78,byfarm_fold3,2,yolo11s,tree
0.36244420024731894,0.21525877766778656,0.5162870164122687,0.35849683014567807,0.5735548862357507,0.8231755542947088,0.16718333191685053,0.16531628873749663,0.1307146697679405,0.31472047053116653,o1t1,78,byfarm_fold3,3,yolo11s,tree
0.35094639687678003,0.20873981097699107,0.521543079138339,0.36860469421622105,0.5135955255822396,0.7592400472169912,0.22827821181068886,0.15214043666706223,0.14837120782729774,0.3040529521564003,o1t1,78,byfarm_fold3,4,yolo11s,tree
0.3443303952353671,0.2123330216072601,0.44084801428082354,0.3123125938064913,0.593898955046036,0.7496022720039356,0.1317876687994672,0.10622129440524583,0.14535453409869425,0.3391176470588236,o1t1,78,byfarm_fold4,42,yolo11s,tree
0.3152855235447289,0.19309275773091356,0.5976688672456991,0.2997438802448093,0.5806486363169248,0.7582526756788023,0.2029867901266747,0.13587238876973534,0.12318794449388341,0.09076470588235294,o1t1,78,byfarm_fold4,1,yolo11s,tree
0.3733502083439295,0.22707877829383477,0.6272106936872889,0.30996410542733255,0.6294029130455899,0.7485581688043481,0.15962028592774996,0.14089457585352033,0.1367487632224925,0.42487654320987656,o1t1,78,byfarm_fold4,2,yolo11s,tree
0.3164147271997933,0.19175055756938839,0.48027022344575804,0.32655127241602583,0.6387418636446153,0.6973627601891592,0.205691695717898,0.11684028625398865,0.13231782074151477,0.10753393665158373,o1t1,78,byfarm_fold4,3,yolo11s,tree
0.2984765707081248,0.18624702234387852,0.46426032315246085,0.29719475857270805,0.6104352245464286,0.7605537510545688,0.13491853694263828,0.12965764969922527,0.12886569057731653,0.02642857142857143,o1t1,78,byfarm_fold4,4,yolo11s,tree
0.3316150335873593,0.21316295059320503,0.45531200186884585,0.3681055544919066,0.6319350217010662,0.8270903037923131,0.15113249652439853,0.0975480345119024,0.07865101166114194,0.2033333333333333,o1t1,78,byfarm_fold5,42,yolo11s,tree
0.3321580722107669,0.2032106085390441,0.46293321786770525,0.35945816790169466,0.5502145308488762,0.6990729370401882,0.15912887524474864,0.12953488969367666,0.10610109654100754,0.34889610389610387,o1t1,78,byfarm_fold5,1,yolo11s,tree
0.31610762835257045,0.19657177391647834,0.4320543455741587,0.39267694907294276,0.5886328542010624,0.782450415541518,0.21089561548079683,0.1419897281878277,0.11866616769322876,0.054010989010989,o1t1,78,byfarm_fold5,2,yolo11s,tree
0.33756448063382316,0.20447120745968583,0.5111404086903436,0.33441084193096965,0.6450872116080757,0.792597332287893,0.13176036328089366,0.12777822627792906,0.12415968530749706,0.20400406504065038,o1t1,78,byfarm_fold5,3,yolo11s,tree
0.3082125461379592,0.19981105831626073,0.5153171329098806,0.3141735295054329,0.5943271116622297,0.7949382368816711,0.14908686774263025,0.11469236538978768,0.08103461672006365,0.11519607843137256,o1t1,78,byfarm_fold5,4,yolo11s,tree
0.3265167548068582,0.19057254359235742,0.5153144975840189,0.29128430154300794,0.5556818018187935,0.73697357383954,0.16055070396096233,0.16391610571991228,0.13638954041313808,0.2055888030888031,o1t1,78,byfarm_fold6,42,yolo11s,tree
0.28716376177428843,0.1746918204921933,0.36503066036243587,0.31708187600121496,0.6216485412024108,0.7558277033934455,0.06444270672926684,0.16012361593768007,0.10870728015665063,0.012232723226276809,o1t1,78,byfarm_fold6,1,yolo11s,tree
0.3383235194761058,0.20616766333368922,0.40317304371793705,0.3651351309388635,0.5674312334167106,0.8299181526712629,0.09968429799426011,0.12569727279605142,0.10052184829003814,0.3066883116883117,o1t1,78,byfarm_fold6,2,yolo11s,tree
0.3240718183223681,0.20247644580214014,0.44159556699825586,0.3205076657082751,0.5679109438519436,0.7560861249901036,0.1309479411320731,0.15994354859585183,0.13933196577459378,0.19021038558964254,o1t1,78,byfarm_fold6,3,yolo11s,tree
0.34848973710989156,0.2151740217805959,0.4285294703631443,0.4230260731651538,0.5835392861419348,0.8025641711972737,0.10866520653485492,0.13487728336747734,0.0971258087511416,0.36416666666666664,o1t1,78,byfarm_fold6,4,yolo11s,tree
0.22539202424017082,0.13451152162642507,0.360481689605584,0.2605546019410366,0.4736199877508503,0.449735113088385,0.2044149597064951,0.1236000579560392,0.02519713367160343,0.07578489326765189,o1t1,78,byfarm_fold7,42,yolo11s,tree
0.3654161326794448,0.2325318226005697,0.5467148152835547,0.338965148455318,0.5818162887044281,0.6637012388127455,0.18027078652910272,0.1573853107402127,0.08543428240129136,0.5238888888888888,o1t1,78,byfarm_fold7,1,yolo11s,tree
0.340691926712369,0.2030162130911545,0.43491781302916027,0.33902263716804076,0.6374847555034568,0.7756151630617443,0.18908961146477357,0.1452766149889022,0.17999297302022693,0.11669244223511002,o1t1,78,byfarm_fold7,2,yolo11s,tree
0.2991359394064152,0.1669981593892081,0.46754204280248474,0.27861238971474017,0.5929992673146502,0.4984858078874637,0.21879234642516318,0.12365027442353213,0.13767613232293288,0.22321180806474925,o1t1,78,byfarm_fold7,3,yolo11s,tree
0.34327094915707884,0.21218303226352464,0.5009016428750657,0.34754362142827255,0.6301907394853086,0.7383506516296842,0.22202484306982778,0.14956874273688436,0.1177890373484991,0.20170168067226896,o1t1,78,byfarm_fold7,4,yolo11s,tree
0.3335728739851245,0.2068352913630015,0.4488186967551693,0.37750550483326356,0.6499353653175662,0.7766633296645691,0.15514456441200497,0.13031964835411408,0.10915211394027047,0.1802222222222222,o1t1,78,random,42,yolo11s,tree
0.33029236757590735,0.20208444675105083,0.392701519366553,0.3274745654435863,0.6055587820980799,0.7720380201267596,0.19708116174539958,0.11427282464851349,0.10217918183057195,0.1906242350061199,o1t1,78,random,1,yolo11s,tree
0.30529149132915806,0.19277328193409327,0.4598159304560568,0.3138987948651654,0.5291471868017831,0.7717866732108627,0.17621668455262346,0.10529150438557827,0.1615291212463234,0.08777777777777779,o1t1,78,random,2,yolo11s,tree
0.39260328898798963,0.215932495835324,0.5890279751581162,0.36109104965395483,0.6059084270124611,0.6076828644020922,0.1855247506866827,0.11505247527674237,0.10798967808842118,0.7334615384615384,o1t1,78,random,3,yolo11s,tree
0.3080471847106436,0.18428247354394164,0.4030957407139663,0.2984164805819069,0.5938410859372809,0.7636237111283082,0.12680871496876955,0.13225307111741716,0.05027300862856927,0.1814835164835165,o1t1,78,random,4,yolo11s,tree
0.3371096232900023,0.19189226067994553,0.4289664730335724,0.3272242017336119,0.6975174226024212,0.47582354303042407,0.4634984420931949,0.016680217875577358,0.03202849084839415,,o1t10,20,byfarm_fold0,42,yolo11s,tree
0.2762133927007887,0.17343834775184216,0.4293834406239271,0.2687057387057387,0.41573678517231877,0.6020328236168869,0.3170904312961935,0.006610316528591172,0.03959660688995317,,o1t10,20,byfarm_fold0,1,yolo11s,tree
0.34096246793282425,0.18539058626807922,0.4221662108288867,0.3104822954822955,0.7292447237218401,0.48949018253705623,0.44191153959813523,0.014682443795778613,0.029483450011311033,,o1t10,20,byfarm_fold0,2,yolo11s,tree
0.3269629826010453,0.20295876534824422,0.4358370305971532,0.31854984456718227,0.6790176510750235,0.5300151896705811,0.40077253441791016,0.012032271639638999,0.012977266202072403,,o1t10,20,byfarm_fold0,3,yolo11s,tree
0.3212340869177442,0.1836280262079719,0.4288818078045593,0.2890106507313658,0.6963412179420039,0.42657212028903074,0.4397419825293629,0.03220336452785354,0.011311749300469874,,o1t10,20,byfarm_fold0,4,yolo11s,tree
0.33112595876391065,0.181032218304276,0.42385555019547017,0.3544823685266403,0.6348732409255904,0.5072844723477685,0.45644467203615136,0.017905429369675055,0.03912197914036814,,o1t10,20,byfarm_fold1,42,yolo11s,tree
0.3139982244887102,0.18729093425994783,0.3984876717743239,0.28084444132224917,0.5944172330363279,0.56472825960757,0.38531423757847694,0.004242601423958523,0.021288790797217762,,o1t10,20,byfarm_fold1,1,yolo11s,tree
0.34130672608286544,0.19550191238624337,0.5660966014213678,0.3226082241204622,0.6444291325502827,0.5112611199716464,0.4865783892699024,0.0036984861594417354,0.060566502463054187,,o1t10,20,byfarm_fold1,2,yolo11s,tree
0.29884823559263773,0.1738387046295742,0.43800847171275875,0.2838034188034188,0.6250915586870992,0.4081892199136239,0.4191237152128101,0.007679155583173415,0.034157528566482145,,o1t10,20,byfarm_fold1,3,yolo11s,tree
0.3556319518735883,0.20120561785508517,0.3942699976831625,0.33672161172161175,0.4845758358709601,0.7563648848950139,0.42867779060538086,0.006619460080038506,0.10192178791654813,,o1t10,20,byfarm_fold1,4,yolo11s,tree
0.3268496646872635,0.1932009832135379,0.511079895819402,0.2793956043956044,0.5368442204820568,0.6558675223125687,0.4207777965225432,0.009772593314217093,0.010986190804931531,,o1t10,20,byfarm_fold2,42,yolo11s,tree
0.3188385558236625,0.18034688193264065,0.4205436921563179,0.3078549953081656,0.6678471303827417,0.43367010499535275,0.4065888083934765,0.01954989089857511,0.06653684444816643,,o1t10,20,byfarm_fold2,1,yolo11s,tree
0.3506139577085555,0.2056972725790191,0.4874765501588952,0.28769208519234696,0.7243865684958518,0.5526650804478053,0.4114806658049813,0.056705225950449786,0.007832247843689492,,o1t10,20,byfarm_fold2,2,yolo11s,tree
0.3480048521875403,0.2046497789873187,0.44600604955346873,0.3284666870677412,0.7057168233820534,0.6066507528153621,0.4101587605389767,0.008397511042264135,0.00910041315904508,,o1t10,20,byfarm_fold2,3,yolo11s,tree
0.325180594180505,0.18281166525649029,0.40782857924132176,0.27626644350698065,0.638130463599957,0.5406320130872561,0.43846012241757265,0.0038726794900469695,0.004807692307692308,,o1t10,20,byfarm_fold2,4,yolo11s,tree
0.37133945761113835,0.20676215052092609,0.42977681222189157,0.3291099294312173,0.6168790382092922,0.7098013640238705,0.40483099400985456,0.00916184748245817,0.11602404433021622,,o1t10,20,byfarm_fold3,42,yolo11s,tree
0.30985217911459373,0.18342583721466077,0.3401685746934867,0.3305056523517651,0.5318499586382494,0.6254520323542744,0.36165059345076545,0.02551866462877286,0.004789646500906653,,o1t10,20,byfarm_fold3,1,yolo11s,tree
0.34126534595879326,0.1911008944706007,0.5182825523116565,0.26424431934830245,0.7002061579328935,0.5886639040243804,0.38637207719317745,0.008367061938156874,0.022717528705358134,,o1t10,20,byfarm_fold3,2,yolo11s,tree
0.3632052999817517,0.21662904384130108,0.446625552631152,0.3695691311546154,0.6033086797059455,0.7129068369195304,0.4769787824310807,0.010081919746409582,0.012750281105792488,,o1t10,20,byfarm_fold3,3,yolo11s,tree
0.3687747619645814,0.21480461467376347,0.44849123076061687,0.36360195360195363,0.5313029544266388,0.7315965221966251,0.5276741408258118,0.02253781012505643,0.030762382248775123,,o1t10,20,byfarm_fold3,4,yolo11s,tree
0.35305674163211365,0.21066725677519338,0.5120700526671932,0.30691683180503226,0.67349965705304,0.609275641025641,0.4416919188139779,0.0026022055536237642,0.038214285714285715,,o1t10,20,byfarm_fold4,42,yolo11s,tree
0.3647088846063759,0.2082640932643091,0.44043866177614294,0.33811399432605793,0.6641111709986869,0.6002809543339225,0.5039733461011717,0.03138479680905084,0.023794154789047707,,o1t10,20,byfarm_fold4,1,yolo11s,tree
0.3217757911641281,0.1979090767193833,0.4856187428292472,0.2672751824215825,0.7073400397888883,0.5565651240775428,0.2879304889610175,0.01005914968565571,0.0469841533075364,,o1t10,20,byfarm_fold4,2,yolo11s,tree
0.33908817566719024,0.2020283538775281,0.486434512424801,0.2861050061050061,0.7050181387035523,0.5807248831557588,0.37822303962682313,0.00886904761904762,0.02260576923076923,,o1t10,20,byfarm_fold4,3,yolo11s,tree
0.30860212693964717,0.19206055155302032,0.45212287829160075,0.3017370707552921,0.6871738989472055,0.6746607167004732,0.16481546899021798,0.008455318861592849,0.007905231198746593,,o1t10,20,byfarm_fold4,4,yolo11s,tree
0.318889449668653,0.18729238475523247,0.37857131729446836,0.32412950965450593,0.6577180192049278,0.5717642271597905,0.3556661802822121,0.008269089017665867,0.001029732678668849,,o1t10,20,byfarm_fold5,42,yolo11s,tree
0.3315534105707446,0.1865392166503771,0.4069618090865824,0.3248840048840048,0.6579432289205527,0.6111145903294499,0.3638049446321253,0.011680974364853595,0.013223314606741574,,o1t10,20,byfarm_fold5,1,yolo11s,tree
0.3243266966854959,0.1896489986323913,0.4101197286467446,0.3289113098842268,0.6406919196291576,0.5563053433022931,0.282471040619522,0.007418150677864675,0.1347470291986421,,o1t10,20,byfarm_fold5,2,yolo11s,tree
0.34588270631289997,0.21424843409115382,0.44845936426132116,0.3335243851598796,0.7258276968024931,0.6809638416272543,0.2855330099289949,0.024191056127852127,0.012897927077904995,,o1t10,20,byfarm_fold5,3,yolo11s,tree
0.30977886303596425,0.17384475263990246,0.41192837092518975,0.287545297424079,0.6280089271369388,0.5282210755940241,0.38826862520776273,0.0033294600354705998,0.0010662272056252919,,o1t10,20,byfarm_fold5,4,yolo11s,tree
0.3068118323892912,0.17386989741558692,0.3958507413666739,0.3186935286935287,0.6207963095953656,0.47291384986549767,0.3864332447607669,0.007209009652429647,0.0467067480723962,,o1t10,20,byfarm_fold6,42,yolo11s,tree
0.35341519239597163,0.18245276223400936,0.39649422622816255,0.3764966956240846,0.7224442097095669,0.5832736319275582,0.4367574716914586,0.01044968485467935,0.014150963796595072,,o1t10,20,byfarm_fold6,1,yolo11s,tree
0.30613747752383785,0.17496103346094735,0.4121963600215245,0.277092043514623,0.6144914846573564,0.555253036437247,0.2759031881407174,0.008073961433952635,0.0769657169499158,,o1t10,20,byfarm_fold6,2,yolo11s,tree
0.3636321248673772,0.21723543639593512,0.46145077334976925,0.3639753811389554,0.6454636196353754,0.7516411509410061,0.3851953997417502,0.013352669667102657,0.022507784351651686,,o1t10,20,byfarm_fold6,3,yolo11s,tree
0.33623308232918026,0.18777817522606832,0.48443986987415916,0.30295325213296637,0.666645229502307,0.574246042472296,0.38792994661634883,0.009959868040039399,0.042384325014909845,,o1t10,20,byfarm_fold6,4,yolo11s,tree
0.2647546443974632,0.14213057827902273,0.37429843044459765,0.239893212402935,0.542880637780086,0.4685267151223781,0.28217428717448634,0.029555187459599223,0.0006363944507662881,,o1t10,20,byfarm_fold7,42,yolo11s,tree
0.3104624270838507,0.18399194473160185,0.4305462198381858,0.32727391702920827,0.515566250839697,0.5395560964504379,0.4449964106418822,0.009491770964593608,0.04270160652264285,,o1t10,20,byfarm_fold7,1,yolo11s,tree
0.3829182878868195,0.2026641898493554,0.49439910579083024,0.33004524899401316,0.7289248454477507,0.6161429775411469,0.39269200676031696,0.006251451525285197,0.17058015815959743,,o1t10,20,byfarm_fold7,2,yolo11s,tree
0.3526145219869994,0.19836415713681954,0.46921895140158415,0.31656861032373207,0.6939373826123603,0.5919168570150419,0.37358076884106994,0.054381346741595185,0.04925625472492956,,o1t10,20,byfarm_fold7,3,yolo11s,tree
0.33517501392311827,0.19377114877815987,0.44578110772599144,0.3161843711843712,0.6882968632970647,0.5009394176580646,0.4301470805833869,0.023871073156440284,0.032620634920634925,,o1t10,20,byfarm_fold7,4,yolo11s,tree
0.33464621142152773,0.2005942389203751,0.46220486092479673,0.3006957991251158,0.6813763259415424,0.6229971551324492,0.26713716553907974,0.011219121897206964,0.09050128859736033,,o1t10,20,random,42,yolo11s,tree
0.30719263485243076,0.1882754897226571,0.3873853827299322,0.2974419926398556,0.6059772454326104,0.5291137777322621,0.3691990526821093,0.006505200182664962,0.02516789823250715,,o1t10,20,random,1,yolo11s,tree
0.3355093900361695,0.20338039217742143,0.414009955565696,0.32184371184371185,0.5788638607073125,0.5906591360324309,0.39681710469911746,0.011023665558803509,0.10018318318318317,,o1t10,20,random,2,yolo11s,tree
0.26741905466059307,0.1603820939123886,0.5096423766781317,0.23027168144981047,0.6856560938715499,0.4217698726394379,0.19599491768320565,0.01230184008916398,0.02137254901960784,,o1t10,20,random,3,yolo11s,tree
0.3075387507359587,0.1834758908993832,0.400150842189768,0.3049611018176611,0.5437229020461174,0.5756880036746798,0.33785562298801725,0.012305071761869357,0.06812215320910973,,o1t10,20,random,4,yolo11s,tree
0.24662139516222717,0.12900370615291684,0.27831932495999323,0.31463065983345406,0.6014726227059716,0.4996384867084412,0.04569275047076268,0.0359667455177302,0.13710928072197254,0.15984848484848485,o1t2,41,byfarm_fold0,42,yolo11s,tree
0.23772935182399582,0.1394415060660016,0.39467727953056947,0.2784408132350141,0.36857045614779843,0.5122147633022246,0.24669476305750368,0.03464468723362419,0.08976516010810394,0.17448628109472034,o1t2,41,byfarm_fold0,1,yolo11s,tree
0.2837167050944384,0.14760819848313403,0.29929095119928745,0.30641387768422035,0.6750554861801383,0.3546997914788098,0.3116517323103911,0.06369005789226857,0.056839914841774905,0.2403632478632478,o1t2,41,byfarm_fold0,2,yolo11s,tree
0.23477232826314798,0.1423337644401772,0.2702465047352398,0.2741558783468783,0.7009343600117712,0.41654127885162373,0.1555860917381156,0.046897273692808356,0.03445437704927498,0.05422058823529412,o1t2,41,byfarm_fold0,3,yolo11s,tree
0.28218706346556344,0.13307959657017443,0.3790760801300875,0.27497601112492787,0.6761632465176532,0.2215731939862673,0.3505797438587086,0.0512064606946811,0.08576640240273681,0.3078333333333333,o1t2,41,byfarm_fold0,4,yolo11s,tree
0.31845856003625306,0.1661708648686419,0.38010818926728485,0.3268246559230431,0.5817183099238612,0.3113135392542174,0.5718566750842716,0.09715660966557466,0.08040252258588984,0.2683037037037037,o1t2,41,byfarm_fold1,42,yolo11s,tree
0.22808755922276083,0.11944019204494065,0.2784083036124314,0.26084623119525746,0.5441226324244353,0.24274245063879213,0.18124134156151245,0.07727749986404969,0.07094446115080588,0.2521969696969697,o1t2,41,byfarm_fold1,1,yolo11s,tree
0.23164292827877456,0.1206697268449109,0.3289969022921641,0.22590288337371225,0.6313406896633361,0.1688967836477056,0.25188990808959555,0.03507729999701418,0.03475467537678306,0.2678982128982129,o1t2,41,byfarm_fold1,2,yolo11s,tree
0.3294537389302172,0.17156138028307713,0.456046087986157,0.2993903121545351,0.6803979241505467,0.3130724145030438,0.4335811582500283,0.10507002867824028,0.05190165987914333,0.39269924812030066,o1t2,41,byfarm_fold1,3,yolo11s,tree
0.20694454129889692,0.11524976073014577,0.26003043050534586,0.23547005400613094,0.6806913211714783,0.29088068205954026,0.10067185146040128,0.03696630726816909,0.06870708583379241,0.06375,o1t2,41,byfarm_fold1,4,yolo11s,tree
0.26390972451321265,0.1379253213325547,0.4319208840613124,0.27133196486346084,0.6003823209017035,0.39850144699463524,0.15161462502585443,0.10691234360649121,0.08104761055059155,0.24500000000000002,o1t2,41,byfarm_fold2,42,yolo11s,tree
0.35317425027617055,0.1615771021753793,0.47699960084851395,0.32332637696700917,0.6496129447230474,0.3625390313390314,0.25559798069429784,0.09338247435463888,0.09641307054600776,0.6615,o1t2,41,byfarm_fold2,1,yolo11s,tree
0.2628753672238226,0.1445845903390313,0.5239272176423602,0.2669859967491562,0.6556158937444849,0.34287295389944483,0.35158596917780666,0.0737039528554591,0.09339010033240702,0.06008333333333333,o1t2,41,byfarm_fold2,2,yolo11s,tree
0.2464144035006017,0.13237912874181593,0.33023619726065384,0.2658001209177941,0.6862978310758407,0.21712186921707868,0.2986009091900427,0.07901277278406697,0.10568507143319181,0.09176796730338924,o1t2,41,byfarm_fold2,3,yolo11s,tree
0.23424279909451415,0.12707693207866927,0.32502782773964095,0.25181588970812685,0.6552365784040204,0.3635053238402548,0.16249490318151188,0.07607377843998891,0.09088307749305363,0.057263133208255164,o1t2,41,byfarm_fold2,4,yolo11s,tree
0.2794801877151301,0.1567247113262376,0.2753450067657633,0.337157528978201,0.5456389131985286,0.4414480129388164,0.21498651997454116,0.08453533638232541,0.1546401598885232,0.23563218390804602,o1t2,41,byfarm_fold3,42,yolo11s,tree
0.22744425875456487,0.11670899843395953,0.3114101382077347,0.34631180910303017,0.49697116416435394,0.2619554193183735,0.20915818797165753,0.07958256885479494,0.08478710110709828,0.23221111111111115,o1t2,41,byfarm_fold3,1,yolo11s,tree
0.2754289666464026,0.1388936557538519,0.4876917797125504,0.26677963939788724,0.604152306824406,0.470086891100049,0.10182692083265499,0.10055103962971187,0.1330079235428759,0.24294871794871792,o1t2,41,byfarm_fold3,2,yolo11s,tree
0.3570402380041309,0.17215191675791208,0.44758199472824156,0.34160063594377205,0.6077653386586425,0.5390850508665594,0.2270934075980282,0.11494562174004588,0.09763772344722368,0.5557142857142858,o1t2,41,byfarm_fold3,3,yolo11s,tree
0.3061863524563099,0.1670506840232875,0.5139172710615515,0.2949229727134149,0.45914999647593924,0.46778062572991586,0.2185980555447986,0.10940869412438253,0.13136256104464125,0.4508181818181818,o1t2,41,byfarm_fold3,4,yolo11s,tree
0.23539910220811597,0.1372619623959194,0.2686937066704505,0.3146200966358272,0.6489916903480089,0.5327955698264228,0.044174685792274404,0.04095657451676036,0.14547609276522921,0.0,o1t2,41,byfarm_fold4,42,yolo11s,tree
0.26991669194143125,0.15413308273589546,0.35851603787815844,0.2727028172999042,0.6674046869162611,0.26553493883791934,0.5235569600021337,0.07578818896360007,0.06362957785387188,0.02358579907480143,o1t2,41,byfarm_fold4,1,yolo11s,tree
0.25689204861776804,0.139956520714674,0.3220576582211966,0.27678125742058607,0.5307885845213457,0.325359177702187,0.3438085206117042,0.07507401901403957,0.13400075917544554,0.13232123068188642,o1t2,41,byfarm_fold4,2,yolo11s,tree
0.20379820916864413,0.11152019308871847,0.27884188836909884,0.2472746809454156,0.6043675695263548,0.23064438050659924,0.20796685846618618,0.04426479948441424,0.12624564702831012,0.009300000000000001,o1t2,41,byfarm_fold4,3,yolo11s,tree
0.19844517341854728,0.10915505508588667,0.4372672789963364,0.2120682195349113,0.6405094875078854,0.3168253366524518,0.007002313208420078,0.07776733524545221,0.14527111335161985,0.003295454545454546,o1t2,41,byfarm_fold4,4,yolo11s,tree
0.2665379162967105,0.1266596818097759,0.3827117935146958,0.2775661638029932,0.5900463840420431,0.35328725990391163,0.11601894293659783,0.09063701026313385,0.06923790063457647,0.38000000000000006,o1t2,41,byfarm_fold5,42,yolo11s,tree
0.3099285440193198,0.14657295185525623,0.49393454825187083,0.25550043008710205,0.587441526465287,0.4491349296604539,0.20945077009769422,0.06093025889288549,0.09161377899959838,0.46099999999999997,o1t2,41,byfarm_fold5,1,yolo11s,tree
0.26239628445134067,0.1540888295788329,0.289329770929587,0.371663962191313,0.6028556667168166,0.33911507583683687,0.37083751685477395,0.059993551513369076,0.07852034023069193,0.12305555555555554,o1t2,41,byfarm_fold5,2,yolo11s,tree
0.20440551840458165,0.09934746773842855,0.16683284836680623,0.3210873333355582,0.5829502702595639,0.21258834345400884,0.076497767494605,0.08336255117445973,0.10926602816194834,0.161768149882904,o1t2,41,byfarm_fold5,3,yolo11s,tree
0.2535941209129658,0.13481655180516436,0.35688256167708987,0.27688005722821335,0.6160434249018896,0.46964996859719454,0.16265904623484356,0.0648119604050565,0.07773706003268835,0.1306632653061225,o1t2,41,byfarm_fold5,4,yolo11s,tree
0.22729202979031948,0.12039553378518628,0.24771648926181558,0.3138728855323669,0.6146481279017881,0.33146453282754634,0.15248218447711115,0.078483088454006,0.14146028156703466,0.045213963514430563,o1t2,41,byfarm_fold6,42,yolo11s,tree
0.224680693145636,0.13508771764973052,0.4259316029642362,0.26666586751328,0.5871381308222827,0.4654803075222529,0.023380728601027325,0.0667754065636974,0.11078996120534343,0.09451962415921225,o1t2,41,byfarm_fold6,1,yolo11s,tree
0.2102892433605921,0.11129312068208691,0.3599066542334725,0.290196187674387,0.621418288945105,0.31713861498881707,0.03226079796304516,0.11715933986214695,0.07875841840443842,0.095,o1t2,41,byfarm_fold6,2,yolo11s,tree
0.2570697152184749,0.12648760913563822,0.4540508887500508,0.2571949976839463,0.46062410872325454,0.40424179991232945,0.09070511632237069,0.08508874214397621,0.09842519087558504,0.4033333333333332,o1t2,41,byfarm_fold6,3,yolo11s,tree
0.2266998835742576,0.12324204078058823,0.4064523882713298,0.2290362331579945,0.681201369214594,0.40395356462436727,0.057160245509655955,0.06555747900480549,0.04990240066788047,0.10242424242424242,o1t2,41,byfarm_fold6,4,yolo11s,tree
0.18383229240548535,0.10759192955922353,0.32356639464886855,0.20347336646078448,0.4691523919109284,0.2725251723399979,0.2646624706743578,0.06681853461551229,0.013397741147741149,0.01643744374437444,o1t2,41,byfarm_fold7,42,yolo11s,tree
0.2817269238856508,0.13057454398294885,0.4441842745984726,0.2935261680484149,0.6295394687751721,0.27422104077141496,0.19400232411371376,0.0956361009332263,0.1219626087203778,0.375,o1t2,41,byfarm_fold7,1,yolo11s,tree
0.26598615818849836,0.1246186841804636,0.2520806050750978,0.40018783575878975,0.6218137846003163,0.28370292171754163,0.15078250966755022,0.09811648680488223,0.1435568018962554,0.2979444444444444,o1t2,41,byfarm_fold7,2,yolo11s,tree
0.27157759998947123,0.14979400022469597,0.36198581890195985,0.2701488590864256,0.6835353485038227,0.41751689197893493,0.25552872890588574,0.11530385546693973,0.12472363222410146,0.032857142857142856,o1t2,41,byfarm_fold7,3,yolo11s,tree
0.27698602444742954,0.1462194634822967,0.2931105268650532,0.3108188545011077,0.6331365159841943,0.30207236938641546,0.2932719046172716,0.09181517273231111,0.08986603615141361,0.2517541478129713,o1t2,41,byfarm_fold7,4,yolo11s,tree
0.18660306763537868,0.09763739193971226,0.3659433395018045,0.2095030386008341,0.6692184791833713,0.19204598823501262,0.09893108346659664,0.0722477438282467,0.06646082538475917,0.020714285714285713,o1t2,41,random,42,yolo11s,tree
0.2108540210955907,0.12262407648581511,0.29620038902877555,0.23112683493388145,0.6583109539608784,0.3000740770616547,0.1273618377433623,0.07241652526729167,0.07150960472080842,0.03545112781954887,o1t2,41,random,1,yolo11s,tree
0.20351203327609438,0.10964114474546126,0.3172437698925261,0.27244960185496975,0.6320329421982134,0.20428858722976367,0.09962347027120877,0.060590948922918414,0.12307073379308281,0.10146551724137931,o1t2,41,random,2,yolo11s,tree
0.2513610059374119,0.12597155836098128,0.4695315150904529,0.2529232011796374,0.6480266811650908,0.3361295165839615,0.1356438479548635,0.061690294490457716,0.090009028763431,0.23666666666666666,o1t2,41,random,3,yolo11s,tree
0.19246614828147823,0.09074934746266002,0.2301149474645968,0.21677222644036506,0.5995767854415609,0.17538593215063802,0.014978065035959776,0.08404191398310903,0.0877487168871255,0.1930654761904762,o1t2,41,random,4,yolo11s,tree
0.41469387073360836,0.2761108044415222,0.7560833369266801,0.3199685534591195,,0.7822007004530203,0.10976233570351218,,0.35211857604429253,,o1t3,21,byfarm_fold0,42,yolo11s,tree
0.46457941850928525,0.306936103109358,0.6671965759687802,0.4131625840766226,,0.7897609489421555,0.3198819776714514,,0.2840953289142488,,o1t3,21,byfarm_fold0,1,yolo11s,tree
0.41910508735465796,0.2780832980726066,0.5633910776709427,0.42825679731095834,,0.8378792561908104,0.1718750667180745,,0.24756093915508873,,o1t3,21,byfarm_fold0,2,yolo11s,tree
0.37266962919731067,0.2624186458770745,0.6391699973731987,0.37481934330512856,,0.7692361718519654,0.11040208924695274,,0.2383706264930141,,o1t3,21,byfarm_fold0,3,yolo11s,tree
0.44280078280374346,0.3017461574085561,0.6929322945672894,0.4228172401035886,,0.7888378082024015,0.2435247443031202,,0.2960397959057086,,o1t3,21,byfarm_fold0,4,yolo11s,tree
0.4535574442578009,0.29039974531421586,0.5301430787729585,0.5046707362190159,,0.7369035849449908,0.34215708665531197,,0.2816116611731002,,o1t3,21,byfarm_fold1,42,yolo11s,tree
0.3817511223226004,0.29709733059339527,0.6216045235682816,0.35547223571436287,,0.7885225611439256,0.21541563358542593,,0.14131517223844955,,o1t3,21,byfarm_fold1,1,yolo11s,tree
0.3592635353585815,0.2739450698302545,0.43518602642000803,0.28385127635960045,,0.7454407905146583,0.2309546862980325,,0.1013951292630538,,o1t3,21,byfarm_fold1,2,yolo11s,tree
0.3764920835478422,0.27932212112282545,0.5125361703398404,0.3500277469478357,,0.759764491297005,0.24815566542711048,,0.12155609391941115,,o1t3,21,byfarm_fold1,3,yolo11s,tree
0.4160413029805101,0.31553249042811965,0.6727106822585488,0.42140910439074236,,0.8525118609631863,0.21713481764945278,,0.17847723032889135,,o1t3,21,byfarm_fold1,4,yolo11s,tree
0.3757932214169038,0.2832471970298603,0.6798626695017229,0.347449593044765,,0.7969399046911745,0.13504740132675333,,0.19539235823278375,,o1t3,21,byfarm_fold2,42,yolo11s,tree
0.4249293066010276,0.3013409166990649,0.6617721696903662,0.3280675219111869,,0.7511107987619616,0.2330359025032938,,0.29064121853782754,,o1t3,21,byfarm_fold2,1,yolo11s,tree
0.4812915040124948,0.3051992036345853,0.6501022826560204,0.44616378466849343,,0.7209172145261478,0.34582308113446925,,0.37713421637686745,,o1t3,21,byfarm_fold2,2,yolo11s,tree
0.4019318379351229,0.28713170134435567,0.6116313124324388,0.38669306822411986,,0.7402278528623799,0.30486642328730706,,0.16070123765568184,,o1t3,21,byfarm_fold2,3,yolo11s,tree
0.4173649468392473,0.30066134097871006,0.6057060085615852,0.42407170314020765,,0.820813686662741,0.21304090076871168,,0.2182402530862892,,o1t3,21,byfarm_fold2,4,yolo11s,tree
0.38909210019695023,0.2860396367911476,0.5686139067365303,0.39062275999707713,,0.7643486591561611,0.178050279488554,,0.2248773619461354,,o1t3,21,byfarm_fold3,42,yolo11s,tree
0.39403073603253363,0.27248141287571037,0.5995330642090482,0.35702269860393,,0.7703090965834356,0.2633695728583711,,0.14841353865579401,,o1t3,21,byfarm_fold3,1,yolo11s,tree
0.40541761956559275,0.3033172826209647,0.5759972639817971,0.4611856901967008,,0.853430718219044,0.0541939670533587,,0.30862817342437554,,o1t3,21,byfarm_fold3,2,yolo11s,tree
0.4471888229324846,0.31339163656234936,0.6597520287206357,0.45030615563325793,,0.8182971725255151,0.2985794503720753,,0.2246898458998634,,o1t3,21,byfarm_fold3,3,yolo11s,tree
0.480429568394052,0.3134616122118242,0.6671093905327519,0.42637569998008296,,0.8150738084279409,0.24507965930330325,,0.3811352374509118,,o1t3,21,byfarm_fold3,4,yolo11s,tree
0.38862810491353145,0.2816442195510613,0.6764612896479015,0.3957732523878972,,0.7855008323603452,0.14073259771549174,,0.23965088466475754,,o1t3,21,byfarm_fold4,42,yolo11s,tree
0.47206179183080144,0.30855576347414976,0.6579663837348342,0.47367508324084345,,0.825678503686909,0.3100642443135012,,0.2804426274919941,,o1t3,21,byfarm_fold4,1,yolo11s,tree
0.45343603466963917,0.3114657647354709,0.7299614188699057,0.3864055811127973,,0.8265708609081537,0.30342837374184123,,0.23030886935892259,,o1t3,21,byfarm_fold4,2,yolo11s,tree
0.44217635421467044,0.3177223309054923,0.5828508911508589,0.47096975582685907,,0.8437905864280418,0.22623683080255932,,0.25650164541341014,,o1t3,21,byfarm_fold4,3,yolo11s,tree
0.37006410244553894,0.26941089023397574,0.6243453045584328,0.3378829407133792,,0.7922355137695694,0.14240705931495404,,0.1755497342520935,,o1t3,21,byfarm_fold4,4,yolo11s,tree
0.4201744174794737,0.3117552519157378,0.6920166984447723,0.3985712811506694,,0.8485762359062156,0.24030273389654364,,0.17164428263566195,,o1t3,21,byfarm_fold5,42,yolo11s,tree
0.4236264165014827,0.28139356765585927,0.7264671240021374,0.3489556545579542,,0.7204777801748768,0.2891843083075157,,0.26121716102205544,,o1t3,21,byfarm_fold5,1,yolo11s,tree
0.40649141505358566,0.29012504886200524,0.7214458943230951,0.3485122966615763,,0.7644717950072825,0.20246997166264052,,0.25253247849083393,,o1t3,21,byfarm_fold5,2,yolo11s,tree
0.4220240204876358,0.29384018802328626,0.6919721525925476,0.42357807086419447,,0.798371258843898,0.220489962695292,,0.2472108399237175,,o1t3,21,byfarm_fold5,3,yolo11s,tree
0.4497561127540117,0.30135190973052634,0.6338331774552786,0.4540696287208717,,0.8071844748174531,0.3000033282140628,,0.2420805352305192,,o1t3,21,byfarm_fold5,4,yolo11s,tree
0.44021379054878285,0.2786834010689551,0.7380491215301537,0.35750705414920136,,0.6981763133058049,0.25726557075243334,,0.3651994875881105,,o1t3,21,byfarm_fold6,42,yolo11s,tree
0.39134988019347555,0.2605576550697837,0.7470281861532362,0.34644683844705915,,0.7694620077863947,0.12566945230279636,,0.2789181804912355,,o1t3,21,byfarm_fold6,1,yolo11s,tree
0.2821683907776516,0.22749951712371663,0.6652145534758808,0.2910770440251572,,0.7658161223539246,0.021820421592705263,,0.05886862838632499,,o1t3,21,byfarm_fold6,2,yolo11s,tree
0.3343117932323693,0.24950885103500248,0.43052323454484154,0.3580281169071402,,0.7581960416759738,0.08937049062049063,,0.1553688474006436,,o1t3,21,byfarm_fold6,3,yolo11s,tree
0.36693979482024924,0.2786439321038834,0.6708400301826272,0.3181455736289447,,0.7905582884648057,0.08374466160566271,,0.22651643439027935,,o1t3,21,byfarm_fold6,4,yolo11s,tree
0.3637163524275134,0.23930163004740235,0.5235287493324291,0.3117457281048475,,0.7040334501638543,0.2643077362261374,,0.12280787089254831,,o1t3,21,byfarm_fold7,42,yolo11s,tree
0.3986905007775774,0.29246170072035077,0.6950314915358452,0.3891713929200027,,0.7361713456122859,0.19186258084767097,,0.2680375758727754,,o1t3,21,byfarm_fold7,1,yolo11s,tree
0.43504857279127807,0.30858468940851597,0.6577646534646607,0.40584495316393016,,0.7665536865496134,0.2313839472900644,,0.30720808453415643,,o1t3,21,byfarm_fold7,2,yolo11s,tree
0.4492054334734254,0.29155804687808473,0.5892964403532227,0.41036579726230116,,0.7917860660392703,0.2926646336755305,,0.26316560070547546,,o1t3,21,byfarm_fold7,3,yolo11s,tree
0.45630883138957795,0.3303628974977479,0.6975444201838467,0.43389123210634145,,0.8039052493633015,0.25742163537681056,,0.3075996094286218,,o1t3,21,byfarm_fold7,4,yolo11s,tree
0.3557409630880281,0.26336142671045465,0.6944989110738186,0.34732202216699676,,0.768363591391944,0.09366666666666668,,0.20519263120547349,,o1t3,21,random,42,yolo11s,tree
0.33946527345856853,0.26473822199960484,0.5871187429133519,0.33487097669256377,,0.7232602613947428,0.11176497113997114,,0.1833705878409916,,o1t3,21,random,1,yolo11s,tree
0.38238223626963447,0.2821238320371925,0.7531950677210525,0.33687106918238996,,0.811713571656561,0.0813,,0.2541331371523422,,o1t3,21,random,2,yolo11s,tree
0.354109015932939,0.27102005540235924,0.671854341431792,0.34717927675767585,,0.7063107404468086,0.17265660919540232,,0.18335969815660585,,o1t3,21,random,3,yolo11s,tree
0.35826150906798593,0.2678934032162355,0.6448171062469358,0.35080234924158343,,0.7540986154221448,0.05659547027255696,,0.26409044150925604,,o1t3,21,random,4,yolo11s,tree
0.235104829875734,0.1652877796673326,0.34375521233282536,0.19360018267930987,,0.6543886499151677,0.27790734855665933,0.007218082623409967,0.0009052384076990376,,o1t4,23,byfarm_fold0,42,yolo11s,tree
0.24896289833800617,0.16115015298384555,0.5858178910074369,0.24101039194988022,,0.6003219655708238,0.34507848464106095,0.04976565926917215,0.0006854838709677419,,o1t4,23,byfarm_fold0,1,yolo11s,tree
0.24865614422246157,0.16223898200549938,0.23121500860140795,0.2959335006029486,,0.7506798332753635,0.2289530436474082,0.013494449667917352,0.0014972502991572674,,o1t4,23,byfarm_fold0,2,yolo11s,tree
0.24239468266107314,0.17565870887812096,0.43308168841476263,0.20107991119388358,,0.6487606551644383,0.2609237630859664,0.059750000000000004,0.00014431239388794565,,o1t4,23,byfarm_fold0,3,yolo11s,tree
0.25961874656173367,0.16520017961679684,0.3907499736935391,0.24685688722915938,,0.6295226115600736,0.3628850331239889,0.04518024478867852,0.0008870967741935485,,o1t4,23,byfarm_fold0,4,yolo11s,tree
0.285621275657106,0.18512475458250263,0.6149263187096468,0.28026652808554325,,0.6227148555779306,0.40316360614596386,0.11608010652941529,0.0005265343751140968,,o1t4,23,byfarm_fold1,42,yolo11s,tree
0.2785970927824137,0.19311999029516472,0.4182485056269364,0.26673649612815103,,0.6546073264354415,0.3907731081862769,0.06293650793650793,0.006071428571428571,,o1t4,23,byfarm_fold1,1,yolo11s,tree
0.2864084433502627,0.19941554648411294,0.5051663067325727,0.24922170532656635,,0.6395245891539569,0.35656697645488616,0.13236363636363635,0.01717857142857143,,o1t4,23,byfarm_fold1,2,yolo11s,tree
0.3102629924400851,0.1982238153393559,0.4568381565712337,0.32398422608627997,,0.6420600809020967,0.40132486973538195,0.0956473377732836,0.10201968134957826,,o1t4,23,byfarm_fold1,3,yolo11s,tree
0.29807619552395936,0.21447715546008767,0.5108387861545296,0.2789284047146691,,0.6583570729180548,0.3483043814566662,0.12078571428571427,0.06485761343540217,,o1t4,23,byfarm_fold1,4,yolo11s,tree
0.2542406482298928,0.198433924445308,0.3436790329559176,0.2385456149757603,,0.6631252615320649,0.2751515169498294,0.07773237484655762,0.000953439591119252,,o1t4,23,byfarm_fold2,42,yolo11s,tree
0.26076330301418293,0.18457775330241494,0.2920888317299858,0.26316761971447467,,0.6404223856360947,0.2905689575041768,0.11140884747396515,0.0006530214424951267,,o1t4,23,byfarm_fold2,1,yolo11s,tree
0.27259807322162594,0.17484907542979575,0.6087660124649007,0.2525732290815731,,0.6297189417635894,0.3625873058940119,0.09135135135135135,0.00673469387755102,,o1t4,23,byfarm_fold2,2,yolo11s,tree
0.26980339740843473,0.18168817796120568,0.3349415385175852,0.29378379429727314,,0.6377559716311183,0.3488061028511054,0.09265151515151515,0.0,,o1t4,23,byfarm_fold2,3,yolo11s,tree
0.24748494173152574,0.1601439658680661,0.3990555198621769,0.25867662504376243,,0.5778863740822171,0.3244090371995303,0.08609890109890109,0.0015454545454545454,,o1t4,23,byfarm_fold2,4,yolo11s,tree
0.25392080930813143,0.18564843662001979,0.42335693564640037,0.2178678464255807,,0.6833937039314615,0.22602725573601623,0.09933491807081088,0.006927359494237146,,o1t4,23,byfarm_fold3,42,yolo11s,tree
0.24402132189819942,0.14148413168891166,0.31096180431009635,0.2517446609872797,,0.5312264209360289,0.31670140924089835,0.127816091954023,0.00034136546184738954,,o1t4,23,byfarm_fold3,1,yolo11s,tree
0.28696379108015946,0.21480402145603375,0.3940228407265183,0.30486538001834107,,0.7455223780172563,0.29556079167282295,0.09734924769722803,0.009422746933330589,,o1t4,23,byfarm_fold3,2,yolo11s,tree
0.2752596650617932,0.19239594512338962,0.33072556876734005,0.27397331652386825,,0.7115800377889141,0.3403569181659779,0.042221362411938954,0.006880341880341881,,o1t4,23,byfarm_fold3,3,yolo11s,tree
0.27525438236718586,0.1831897003835991,0.36193243351124266,0.2530635605318964,,0.6522028625961789,0.3938727246951218,0.053610580592635314,0.0013313615848075462,,o1t4,23,byfarm_fold3,4,yolo11s,tree
0.2798068650791484,0.18381571370487962,0.37972140457049947,0.28284173571400784,,0.7034383005707289,0.3034614333786646,0.10578926482873852,0.006538461538461539,,o1t4,23,byfarm_fold4,42,yolo11s,tree
0.2789362690526527,0.1885489214303023,0.4556532670149299,0.22433189403664372,,0.705283886348335,0.32684257666114447,0.08354736424891003,7.124895222129086e-05,,o1t4,23,byfarm_fold4,1,yolo11s,tree
0.2507628259431985,0.17633704735131767,0.27319171949041626,0.2732102200890894,,0.6620623559349791,0.2773140711896096,0.0633237768174101,0.00035109983079526224,,o1t4,23,byfarm_fold4,2,yolo11s,tree
0.2746822449211513,0.17038744095791739,0.3714475549277047,0.2858832224685883,,0.6612052550732683,0.3609836042000507,0.07601864801864802,0.0005214723926380368,,o1t4,23,byfarm_fold4,3,yolo11s,tree
0.20904367724522516,0.14802262387626047,0.25219082179097985,0.1962346251730287,,0.5988873015873015,0.19781545695760505,0.03827292922881625,0.0011990212071778137,,o1t4,23,byfarm_fold4,4,yolo11s,tree
0.2804350189179445,0.192944143649253,0.3307229879259256,0.2633837032251688,,0.7488695168247687,0.27318978810121086,0.09934873949579831,0.00033203124999999997,,o1t4,23,byfarm_fold5,42,yolo11s,tree
0.28346671415116814,0.19603465359065778,0.43142591402876074,0.22307243663205523,,0.7276079813857907,0.3397229993300648,0.06653587588881707,0.0,,o1t4,23,byfarm_fold5,1,yolo11s,tree
0.25005042802815,0.15509383353965484,0.3491364049609916,0.28380450849963046,,0.5978645670572986,0.3117842642738021,0.08966746411483253,0.0008854166666666665,,o1t4,23,byfarm_fold5,2,yolo11s,tree
0.2512736620404187,0.17568836564645332,0.25790205790796544,0.29861566879456597,,0.6809295088278096,0.2685947571807682,0.05047101449275362,0.00509936766034327,,o1t4,23,byfarm_fold5,3,yolo11s,tree
0.25327031123018723,0.16533636598634432,0.36594994745391773,0.25058155366242657,,0.7158684654611885,0.23804544549421097,0.05466386554621849,0.00450346841913107,,o1t4,23,byfarm_fold5,4,yolo11s,tree
0.2673830068743184,0.16524725249470723,0.2934056089993601,0.2830381802621854,,0.6972333265545141,0.2913399582440167,0.07803207603207603,0.002926666666666667,,o1t4,23,byfarm_fold6,42,yolo11s,tree
0.2235630873138512,0.14395685267662053,0.26787254593341275,0.23239438674291052,,0.6824243638155698,0.10688056151310477,0.10060499180656843,0.004342432120161756,,o1t4,23,byfarm_fold6,1,yolo11s,tree
0.19987698190215525,0.13779058405661235,0.1682624510689393,0.4218933558952815,,0.6455750551077921,0.09435104877846444,0.044836832239925024,0.01474499148243938,,o1t4,23,byfarm_fold6,2,yolo11s,tree
0.2291254777149599,0.1499470098143465,0.28667247589005757,0.2591575251876921,,0.6156776228007845,0.19478369166012022,0.09730703436348598,0.008733562035448828,,o1t4,23,byfarm_fold6,3,yolo11s,tree
0.25284579781169303,0.18247819205481836,0.29602355461646285,0.2782846111953942,,0.7324849426317741,0.20376404792171038,0.06949999999999999,0.005634200693287714,,o1t4,23,byfarm_fold6,4,yolo11s,tree
0.2799375441942837,0.15955950165117277,0.6431265630781463,0.22568561092309491,,0.5924501286875297,0.38294164100995903,0.14435840707964603,0.0,,o1t4,23,byfarm_fold7,42,yolo11s,tree
0.2677529524700369,0.18596483981465925,0.3101025640666286,0.2931774419418835,,0.5916038804534042,0.3755438972404116,0.09925235280392004,0.00461167938241182,,o1t4,23,byfarm_fold7,1,yolo11s,tree
0.2721343750201002,0.18318405053168055,0.337107265807183,0.31081281814572687,,0.6514211649069419,0.35203050526550306,0.07656290625451394,0.008522923653441889,,o1t4,23,byfarm_fold7,2,yolo11s,tree
0.2910371962169267,0.16926696328787189,0.6755385827189655,0.2493036916015093,,0.6487929563510392,0.3648949052549514,0.14998606292652072,0.00047486033519553075,,o1t4,23,byfarm_fold7,3,yolo11s,tree
0.28456449254844296,0.1960736899096704,0.502553346088846,0.2688813735956396,,0.653719482238444,0.4035702836076713,0.07488672286617493,0.006081481481481481,,o1t4,23,byfarm_fold7,4,yolo11s,tree
0.24454073250141037,0.17574977637575678,0.3464683229575493,0.23990385674853615,,0.6243535383546823,0.2851932591056745,0.06074801474758934,0.007868117797695263,,o1t4,23,random,42,yolo11s,tree
0.2457997045839237,0.17697157736349095,0.40191239651347965,0.23537363364064262,,0.6336924669533366,0.2522424621555615,0.0962222543910442,0.001041634835752483,,o1t4,23,random,1,yolo11s,tree
0.2412507596886233,0.1706271202823622,0.3641793876203181,0.2621466647930653,,0.6680740872339113,0.22420465647783955,0.06192307692307693,0.010801218119665532,,o1t4,23,random,2,yolo11s,tree
0.2705549422500522,0.19587391379259966,0.4724628029519302,0.2467637344988474,,0.6332098770707009,0.3506473270966567,0.09770864661654136,0.0006539182163098975,,o1t4,23,random,3,yolo11s,tree
0.26347432826263684,0.18467769378257287,0.38933139018468427,0.26801503481541994,,0.6491844173777921,0.31486516374525475,0.07875461331294055,0.011093118614559949,,o1t4,23,random,4,yolo11s,tree
0.29590916823370905,0.17356368268740696,0.4279002763915508,0.341922562404705,,0.36214240388204555,0.36832136957454953,0.05794117647058824,0.39523172300765286,,o1t5,16,byfarm_fold0,42,yolo11s,tree
0.3927357765092573,0.24193221648169144,0.8168636749904242,0.2793062200956938,,0.6450825929286773,0.6781088294649101,0.055,0.19275168364344183,,o1t5,16,byfarm_fold0,1,yolo11s,tree
0.35629627654516033,0.23594354705846107,0.359467741406087,0.3665976193254755,,0.5102061731205224,0.6030783586798463,0.0562987012987013,0.2556018730815712,,o1t5,16,byfarm_fold0,2,yolo11s,tree
0.28317773035815336,0.19019274324687646,0.47090534045503524,0.2295460617318204,,0.4384584776547692,0.49416737227795504,0.06,0.14008507149988914,,o1t5,16,byfarm_fold0,3,yolo11s,tree
0.3770096549976982,0.2267839821933236,0.545826136638004,0.333892519547205,,0.5211068853531542,0.6510350769369858,0.055,0.28089665770065286,,o1t5,16,byfarm_fold0,4,yolo11s,tree
0.3756167673380713,0.23311998410428664,0.37277758113997067,0.4367052063379632,,0.408734560986465,0.7723052522223095,0.055,0.26642725614351076,,o1t5,16,byfarm_fold1,42,yolo11s,tree
0.41682640054125136,0.28198050128872704,0.47712783492907884,0.3861156494340063,,0.710476621417798,0.7688902197282546,0.05763157894736842,0.13030718207158448,,o1t5,16,byfarm_fold1,1,yolo11s,tree
0.33464932094720856,0.2551988972927234,0.6376486480633512,0.2972488038277512,,0.6328687456622155,0.6789322159471962,0.0,0.026796322179422565,,o1t5,16,byfarm_fold1,2,yolo11s,tree
0.3820876621870031,0.25334491152035005,0.5812357186771411,0.31074716248497725,,0.624803111470887,0.7064198926211331,0.05617647058823529,0.14095117406775687,,o1t5,16,byfarm_fold1,3,yolo11s,tree
0.31577223574368796,0.22318066910149037,0.3625171737047369,0.34238242502042243,,0.6522181254418096,0.38340386418458805,0.07694805194805195,0.15051890140030244,,o1t5,16,byfarm_fold1,4,yolo11s,tree
0.3986200419860796,0.25533224951936484,0.5034828476153217,0.3604417084840705,,0.6927962382445141,0.564147149753017,0.06269230769230769,0.2748444722544797,,o1t5,16,byfarm_fold2,42,yolo11s,tree
0.4214384769196616,0.2831841424984264,0.5747277770908542,0.38274594468432716,,0.7044540711408183,0.6221697538647585,0.06611111111111112,0.2930189715619582,,o1t5,16,byfarm_fold2,1,yolo11s,tree
0.4024390358406111,0.25754647284894394,0.5021943372183161,0.35434408449831345,,0.7078245293142134,0.6617419300781788,0.0275,0.21268968397005208,,o1t5,16,byfarm_fold2,2,yolo11s,tree
0.37601745273129156,0.22407827800003263,0.4281141594526271,0.40068852841638464,,0.571412165932204,0.6056060514599957,0.055,0.2720515935329666,,o1t5,16,byfarm_fold2,3,yolo11s,tree
0.4018865481563494,0.27083735873822806,0.5462663291859584,0.31986222776672896,,0.7287128091094979,0.6173645830801185,0.055,0.20646880043578117,,o1t5,16,byfarm_fold2,4,yolo11s,tree
0.4415431984342144,0.28668595413351505,0.4704513200104121,0.4101935898199671,,0.6636286073081847,0.6887827492676823,0.061964809384164224,0.3517966277768263,,o1t5,16,byfarm_fold3,42,yolo11s,tree
0.3990226554443045,0.23745420501680617,0.4582545137776223,0.4011772215568463,,0.47793902989443254,0.7827221641492552,0.0275,0.3079294277335301,,o1t5,16,byfarm_fold3,1,yolo11s,tree
0.3487488917437555,0.23489612656126652,0.37665466733341996,0.38063076204924723,,0.655577524641084,0.42209226926706067,0.004583333333333333,0.31274243973354393,,o1t5,16,byfarm_fold3,2,yolo11s,tree
0.42793456096607385,0.287308105084188,0.4449307999336895,0.42836960593165,,0.746866118299108,0.6520433985186205,0.05777777777777778,0.25505094926878924,,o1t5,16,byfarm_fold3,3,yolo11s,tree
0.41427732950867757,0.25859103936666006,0.5083140829572033,0.38510292868650503,,0.7131644714115015,0.6018520922357844,0.05732558139534884,0.28476717299207543,,o1t5,16,byfarm_fold3,4,yolo11s,tree
0.3456313175115385,0.24321450634870265,0.43494391925677933,0.3386700565318699,,0.6790333901462933,0.3739508335004949,0.05712765957446809,0.2724133868248979,,o1t5,16,byfarm_fold4,42,yolo11s,tree
0.4462512687157139,0.28729271541939055,0.5135367751914759,0.4473042836822928,,0.7300017281899449,0.6834649117125255,0.055,0.3165384349603852,,o1t5,16,byfarm_fold4,1,yolo11s,tree
0.3887267673772682,0.2320547424473336,0.3936062989269695,0.37403254249155704,,0.576548628799193,0.6494890583979229,0.0577027027027027,0.27116667960925434,,o1t5,16,byfarm_fold4,2,yolo11s,tree
0.358212554239316,0.23184625689752175,0.49144690047895845,0.4272377173532501,,0.5849705666882138,0.573182052623639,0.05738095238095238,0.2173166452644588,,o1t5,16,byfarm_fold4,3,yolo11s,tree
0.32453586740147083,0.22436972755499393,0.4019876663983389,0.3358444429957757,,0.5815429531147428,0.46485957849128434,0.06026315789473685,0.19147778010511937,,o1t5,16,byfarm_fold4,4,yolo11s,tree
0.3602739395798226,0.2399405043182022,0.5040461893992517,0.32251429571711987,,0.7211158589936739,0.3975070752393973,0.055,0.2674728240862195,,o1t5,16,byfarm_fold5,42,yolo11s,tree
0.3464719421246112,0.20750031981403919,0.4163614114070924,0.3470566516734485,,0.5987034709633653,0.4961173681866593,0.009166666666666667,0.28190026268175344,,o1t5,16,byfarm_fold5,1,yolo11s,tree
0.4209217726619803,0.2638837411932914,0.5633508246206482,0.40007585482553387,,0.6472069499714019,0.7161218673003473,0.055,0.2653582733761719,,o1t5,16,byfarm_fold5,2,yolo11s,tree
0.3651693649545717,0.2293537884597745,0.5194391708843977,0.3207762450169618,,0.7433720793090799,0.39626954926945934,0.007857142857142858,0.3131786883826049,,o1t5,16,byfarm_fold5,3,yolo11s,tree
0.29024295746680034,0.18795842251474693,0.3271576169354502,0.35441408477856534,,0.39873808896776075,0.5230597607340187,0.01375,0.22542398016542187,,o1t5,16,byfarm_fold5,4,yolo11s,tree
0.32616488739978,0.19628913054190059,0.4070438430212365,0.2873422036730701,,0.48340200497631003,0.4550915615557129,0.055,0.3111659830670972,,o1t5,16,byfarm_fold6,42,yolo11s,tree
0.29377796554813085,0.17367274554378448,0.5110473955363259,0.28082331660637183,,0.6384178874110225,0.1550390325326737,0.055,0.3266549422488271,,o1t5,16,byfarm_fold6,1,yolo11s,tree
0.3411535917432571,0.19712669029964638,0.4798325104968816,0.3463955176721157,,0.638762236883591,0.33365446263724746,0.08833333333333333,0.30386433411885644,,o1t5,16,byfarm_fold6,2,yolo11s,tree
0.32426364265266017,0.19853531560465004,0.39019568234197,0.3724471933714552,,0.6707907282590828,0.3176545282514288,0.0075,0.301109314100129,,o1t5,16,byfarm_fold6,3,yolo11s,tree
0.30225924626913714,0.20131225782698942,0.4386687027110855,0.29045966508908955,,0.580693444988527,0.40735902277147107,0.002697594501718213,0.2182869228148321,,o1t5,16,byfarm_fold6,4,yolo11s,tree
0.280689678614478,0.1767069664695803,0.5208772714087436,0.22870205317808315,,0.3712662479363871,0.5666321446063474,0.0030555555555555553,0.18180476635962203,,o1t5,16,byfarm_fold7,42,yolo11s,tree
0.43734264515168514,0.2770036325641316,0.505618521330361,0.43727389427004315,,0.7529597701149424,0.6159675230644341,0.0034375,0.37700578742736396,,o1t5,16,byfarm_fold7,1,yolo11s,tree
0.34565032772632354,0.2058610196741642,0.387815213039649,0.3332798459563543,,0.5344278359176229,0.5448017057538026,0.05586206896551724,0.24750970026835153,,o1t5,16,byfarm_fold7,2,yolo11s,tree
0.32455039629865745,0.20285672414623032,0.4732400378976257,0.29614015637764035,,0.5079537942591336,0.5196936056595153,0.002391304347826087,0.26816288092815493,,o1t5,16,byfarm_fold7,3,yolo11s,tree
0.429581564174213,0.29989357652897103,0.5256103666230055,0.40263602524319997,,0.757678787878788,0.676525352615509,0.0275,0.2566221162025551,,o1t5,16,byfarm_fold7,4,yolo11s,tree
0.3539699383898212,0.250000691737828,0.6088698191791215,0.31983849003799913,,0.5967777777777779,0.47721075558792353,0.05647058823529412,0.28542063195828943,,o1t5,16,random,42,yolo11s,tree
0.3604838691965455,0.2502986015902218,0.4421176953159881,0.3266928227763498,,0.6430520732883317,0.5407712171521073,0.05666666666666667,0.20144551967907637,,o1t5,16,random,1,yolo11s,tree
0.3824746082618342,0.2531301916090905,0.6021179693561612,0.33508133661596506,,0.6616990418118467,0.5491352093697723,0.056657458563535906,0.26240672330218173,,o1t5,16,random,2,yolo11s,tree
0.38459865599060894,0.2568688542747939,0.555893456869398,0.34039647380559196,,0.6240740740740741,0.5804862115482525,0.05954545454545455,0.2742888837946547,,o1t5,16,random,3,yolo11s,tree
0.3422853366582742,0.2359018617716111,0.5701617766366303,0.26992128566672946,,0.627004048582996,0.438913813095847,0.055609756097560976,0.24761372885669292,,o1t5,16,random,4,yolo11s,tree
0.31558642311125407,0.1921752927279755,0.46128892835890706,0.37040293040293043,0.6524339056754634,0.40092521752868704,0.2881666666666667,0.19928577475333278,0.03712055093212058,,o1t6,18,byfarm_fold0,42,yolo11s,tree
0.39953426704056894,0.24020703698526835,0.6611430766174726,0.4064468864468864,0.7273392720932769,0.5327831128355884,0.4972099591626457,0.2185389911113335,0.0218,,o1t6,18,byfarm_fold0,1,yolo11s,tree
0.4102059737219415,0.25887769950905093,0.4003120180218458,0.5483404555300311,0.7413333333333334,0.45241218115442206,0.516428125129969,0.19301343851260172,0.14784279047938154,,o1t6,18,byfarm_fold0,2,yolo11s,tree
0.3242349783390104,0.21740208976474037,0.6857645326356688,0.3414518613767546,0.5878472222222222,0.4968585280966122,0.32237417372694344,0.20218404810904417,0.011910919540229884,,o1t6,18,byfarm_fold0,3,yolo11s,tree
0.3468089322540847,0.1989226531362379,0.33907447967859783,0.45084249084249084,0.7063106491659122,0.42750826719576723,0.30821402552097943,0.18414906471279147,0.1078626546749735,,o1t6,18,byfarm_fold0,4,yolo11s,tree
0.43907318472217405,0.2628134966670273,0.38137227663936313,0.5003802902643351,0.8229583333333333,0.44696625957601566,0.577659990121359,0.3075881978797383,0.04019314270042364,,o1t6,18,byfarm_fold1,42,yolo11s,tree
0.3401302808181503,0.21944096792008047,0.5844750914133944,0.364462701148907,0.628388222555389,0.5034157370718122,0.38396812507063127,0.183348707148021,0.0015306122448979593,,o1t6,18,byfarm_fold1,1,yolo11s,tree
0.3993125039628809,0.2452584578003192,0.6080653563863446,0.42960441511419384,0.8223985042735042,0.4671462417039667,0.4762294768194022,0.20078829701753137,0.030000000000000002,,o1t6,18,byfarm_fold1,2,yolo11s,tree
0.40453746517372446,0.24912285877764767,0.6688532439058195,0.41132429781120505,0.7217767558528431,0.4788102200642329,0.5453860201399541,0.2105352422459345,0.06617908756565744,,o1t6,18,byfarm_fold1,3,yolo11s,tree
0.3416665966799035,0.21233648005557698,0.4978486428760146,0.3623443223443223,0.7356481481481482,0.45211115856768036,0.27562991924176355,0.18899545104685794,0.05594830639506761,,o1t6,18,byfarm_fold1,4,yolo11s,tree
0.2968538433858574,0.19605476914536382,0.3725137480666464,0.37082338575082063,0.46260617760617767,0.4348956442831216,0.37475373836871273,0.20506319972081805,0.006950456950456951,,o1t6,18,byfarm_fold2,42,yolo11s,tree
0.3645993529102799,0.2406846939828542,0.40429885573862173,0.39479853479853483,0.6605887972192319,0.4774599227400952,0.5074485149036245,0.14804288050578732,0.029456649182660475,,o1t6,18,byfarm_fold2,1,yolo11s,tree
0.4112910890060659,0.25137352306165217,0.81156680746247,0.34095238095238095,0.7661282051282052,0.5082899744477615,0.47278415477318486,0.23701307117644854,0.07224003950472936,,o1t6,18,byfarm_fold2,2,yolo11s,tree
0.37476785026117915,0.21689260773841443,0.6057125766250491,0.4290842490842491,0.7419916666666668,0.3543984351225235,0.49269572935077055,0.26290767893094463,0.02184574123499011,,o1t6,18,byfarm_fold2,3,yolo11s,tree
0.3140655887245315,0.1997053127911029,0.4021107614250751,0.34086310238673645,0.43572697371494773,0.5333373179818193,0.35631309975800235,0.22704283423604615,0.017907717931842093,,o1t6,18,byfarm_fold2,4,yolo11s,tree
0.34205237598927607,0.22436782049449935,0.3596456310178523,0.3293118853536491,0.6128850925950317,0.5013117791511901,0.42502667389341214,0.16792609070883602,0.003112243597910562,,o1t6,18,byfarm_fold3,42,yolo11s,tree
0.33521460134104664,0.20770913400431204,0.43024864132410245,0.32513582869058133,0.5415526240526239,0.3547104946999202,0.49510827358063975,0.27366050557274213,0.011041108799307125,,o1t6,18,byfarm_fold3,1,yolo11s,tree
0.3821086364081674,0.22715908938099028,0.39688656367424413,0.4992274385305902,0.7620238095238097,0.5175014047710517,0.30438428133093,0.3144200132097874,0.012213673205258183,,o1t6,18,byfarm_fold3,2,yolo11s,tree
0.3998944131556001,0.2423869773958176,0.5347728015973623,0.36895055874094024,0.7844341311423355,0.5180565539545514,0.43282477232251915,0.2584353914335425,0.0057212169250520535,,o1t6,18,byfarm_fold3,3,yolo11s,tree
0.3813092334037068,0.2421133170516574,0.3987884638725637,0.3781003939679747,0.8019588141476689,0.4514463357707535,0.4767259013955645,0.16397002411920839,0.012445091585338994,,o1t6,18,byfarm_fold3,4,yolo11s,tree
0.31754567627276836,0.1898626700391018,0.3763427846209725,0.4045421245421245,0.6211684796684797,0.4600635638870934,0.2727531646195893,0.151453580513721,0.08228959267495853,,o1t6,18,byfarm_fold4,42,yolo11s,tree
0.3759242802557662,0.22511976552425664,0.4751043954681191,0.4616117216117216,0.6671065225424982,0.45957179835918555,0.5152420511827356,0.1915589104782105,0.04614211871620117,,o1t6,18,byfarm_fold4,1,yolo11s,tree
0.3517764539541726,0.2155563101927761,0.3998316814168528,0.4740029707850618,0.4640423934813211,0.470057953826845,0.5128011432149351,0.26824275688937776,0.04373802235838401,,o1t6,18,byfarm_fold4,2,yolo11s,tree
0.37686402698470256,0.21692566345926356,0.5031281390491802,0.43699633699633694,0.5471652962260174,0.5071148264745645,0.4626518025293971,0.3123717948717949,0.055016414821738684,,o1t6,18,byfarm_fold4,3,yolo11s,tree
0.30529320500074303,0.19703484029674267,0.3666821750023173,0.3774163287103639,0.6050806240369799,0.4916886323445997,0.2830242558930234,0.13092913845632628,0.015743374272786034,,o1t6,18,byfarm_fold4,4,yolo11s,tree
0.3764878529338014,0.23827697971422837,0.4571865763576694,0.41817031361008483,0.728350871140245,0.529998878243997,0.383509320602671,0.22858570980134177,0.011994484880752039,,o1t6,18,byfarm_fold5,42,yolo11s,tree
0.4049540184873665,0.23679299188286734,0.4531440622347088,0.4246028317298995,0.7919509803921571,0.4743123294249601,0.4036490653383973,0.32497404553510767,0.029883671746210445,,o1t6,18,byfarm_fold5,1,yolo11s,tree
0.3983166465970303,0.2483932794545511,0.6785386774023757,0.44336996336996337,0.7004901960784314,0.4328800959896769,0.5444955722894798,0.2707906342986174,0.04292673432894613,,o1t6,18,byfarm_fold5,2,yolo11s,tree
0.37503455346123415,0.21647393669324178,0.492994635675565,0.4280753432048531,0.6063811572199729,0.4801819224822402,0.3886108445599884,0.35316309614743163,0.0468357468965378,,o1t6,18,byfarm_fold5,3,yolo11s,tree
0.36962300839351336,0.201440237881434,0.563107965055867,0.3786439490966636,0.6482391219891219,0.5273145945049668,0.33524222785825886,0.3186112277150893,0.018707869900129993,,o1t6,18,byfarm_fold5,4,yolo11s,tree
0.2832512669051469,0.16155983283061504,0.2699047659772316,0.381978641813535,0.278054394045968,0.5111985014075178,0.31878824689952767,0.25868008457206876,0.04953510760065244,,o1t6,18,byfarm_fold6,42,yolo11s,tree
0.3156069793922302,0.1830897482308636,0.34817553042923144,0.3237910600005539,0.7104976558837317,0.46556044448164835,0.10250812460793828,0.2880959885862651,0.011372683401567742,,o1t6,18,byfarm_fold6,1,yolo11s,tree
0.32284630581113327,0.19266298471212592,0.42333157686292777,0.42302084786619376,0.6849047619047619,0.4100279770444763,0.19781113043991377,0.29762652080537555,0.023861138861138862,,o1t6,18,byfarm_fold6,2,yolo11s,tree
0.31155863779710485,0.19980435133047814,0.32555410993479594,0.3778720885541698,0.5738036174373131,0.49667826877211513,0.18406558006076273,0.2975575345271451,0.0056881881881881875,,o1t6,18,byfarm_fold6,3,yolo11s,tree
0.31914757056320847,0.20690078271406903,0.6610373530957407,0.30948861804363303,0.6998644619137977,0.5452732974910395,0.1445702491522925,0.15696269519176373,0.04906714906714907,,o1t6,18,byfarm_fold6,4,yolo11s,tree
0.2778299649493702,0.17068727826331487,0.2710080953021719,0.30776556776556774,0.40836329601992405,0.3353883055624599,0.4736491613188363,0.1599207036366754,0.011828358208955225,,o1t6,18,byfarm_fold7,42,yolo11s,tree
0.386881624174776,0.23678229879021528,0.45429559713612616,0.39128205128205124,0.6915599787201703,0.5723074601206061,0.3471980432389146,0.31361330368815177,0.009729335106037029,,o1t6,18,byfarm_fold7,1,yolo11s,tree
0.3864399589097741,0.22820081912313073,0.45966812443646016,0.48776054911544603,0.6870651629072683,0.4495897314552323,0.47245722031111553,0.26503828477239383,0.05804939510286056,,o1t6,18,byfarm_fold7,2,yolo11s,tree
0.39082139779373853,0.21210206913073543,0.5007093613329558,0.3759166661068333,0.7620478968648035,0.45578332522908743,0.3470266011687072,0.3517489404665307,0.03750022523956402,,o1t6,18,byfarm_fold7,3,yolo11s,tree
0.3587758861725648,0.2297479618717531,0.3581398402335009,0.4068521866854201,0.7111394137052032,0.490862913361851,0.3777534068059564,0.17676352709240384,0.03736016989740923,,o1t6,18,byfarm_fold7,4,yolo11s,tree
0.334921867881511,0.21553335324738745,0.6916396697035069,0.3346995923580957,0.6333560241472477,0.45311483679156095,0.37447877914239475,0.20654291100518424,0.007116788321167883,,o1t6,18,random,42,yolo11s,tree
0.30842828926233484,0.20744338673420315,0.35158580715440174,0.3617582417582417,0.6246173890608876,0.5085590375807768,0.28659581288019265,0.11769063536124573,0.004678571428571429,,o1t6,18,random,1,yolo11s,tree
0.3217171333031833,0.19806426442206626,0.463049490587993,0.3435179805260343,0.6992154654654654,0.49044745484400654,0.23469427370928242,0.17918335268464888,0.005045119812513209,,o1t6,18,random,2,yolo11s,tree
0.3147740540633402,0.2060681372240219,0.6102044920219608,0.3217843173077769,0.6829583333333333,0.40106351287601294,0.3607371500986459,0.11469390077547059,0.014417373233238167,,o1t6,18,random,3,yolo11s,tree
0.32232971741730093,0.21366710577811862,0.36962229548124215,0.4132000101683082,0.6336277777777778,0.47959090909090907,0.2718018219528894,0.21608604665757133,0.01054203160735691,,o1t6,18,random,4,yolo11s,tree
0.2175901022459122,0.1441876603414304,0.4898398073072265,0.3087379274887774,0.3749114774114774,0.2709219064916907,0.19841691918948806,0.026110105890992732,,,o1t7,21,byfarm_fold0,42,yolo11s,tree
0.3602994091209521,0.2449178184022675,0.7209124371478859,0.29254754952038065,0.6225862068965518,0.3324383565334921,0.4596982153302842,0.026474857723480277,,,o1t7,21,byfarm_fold0,1,yolo11s,tree
0.3277683709087685,0.21668036227635504,0.5477665752141678,0.3666803880084731,0.3733730158730158,0.3423042385619363,0.4641676350381856,0.1312285941619362,,,o1t7,21,byfarm_fold0,2,yolo11s,tree
0.2961009865398639,0.18426645994685276,0.5330024316007969,0.23573346155155672,0.5023394495412843,0.2907782050963277,0.37732305925524456,0.013963232266598923,,,o1t7,21,byfarm_fold0,3,yolo11s,tree
0.2941674254560699,0.18080645028326098,0.7013980416584351,0.2839412018154391,0.5109947814742334,0.25802917837256606,0.38087594725607254,0.02676979472140763,,,o1t7,21,byfarm_fold0,4,yolo11s,tree
0.45259604559914435,0.2734959849134399,0.4950651551102509,0.4799600033642109,0.46080645161290323,0.34240954002015933,0.4733191088109845,0.5338490819525302,,,o1t7,21,byfarm_fold1,42,yolo11s,tree
0.28996379445060055,0.19241529328813628,0.8009881047518865,0.2711392405063291,0.3639565217391304,0.3664433279659365,0.3679736911642969,0.06148163693303838,,,o1t7,21,byfarm_fold1,1,yolo11s,tree
0.31996548186093915,0.21167597380664144,0.7111786260050375,0.28517128214856563,0.41549689440993787,0.3488823280546221,0.4979607751546352,0.017521929824561404,,,o1t7,21,byfarm_fold1,2,yolo11s,tree
0.3998669083021829,0.2726420988688446,0.6525869485844404,0.3789600342360792,0.43690476190476196,0.39424943223089537,0.48043514074243343,0.2878782983306409,,,o1t7,21,byfarm_fold1,3,yolo11s,tree
0.302761372177794,0.19852125581177846,0.7969458353636121,0.28803822354271674,0.38756613756613756,0.4169671127986073,0.3386366595689789,0.06787557877745207,,,o1t7,21,byfarm_fold1,4,yolo11s,tree
0.34445372756529236,0.21154456370758737,0.6876256406406209,0.2822584652484702,0.3477336860670195,0.3726388048627586,0.34774190210349576,0.3097005172278954,,,o1t7,21,byfarm_fold2,42,yolo11s,tree
0.37526523430467984,0.2464946225845917,0.5373632145749776,0.39569085252573577,0.2283962703962704,0.3783145613661886,0.46705843878959374,0.4272916666666667,,,o1t7,21,byfarm_fold2,1,yolo11s,tree
0.4326056605778813,0.264495448232717,0.7366230730177274,0.4016177209276169,0.2969640563985638,0.3288334186154832,0.5848753313394727,0.5197498359580055,,,o1t7,21,byfarm_fold2,2,yolo11s,tree
0.3760463131210746,0.24614977827204626,0.602339997851214,0.24695386382601836,0.640240059396139,0.3982043109634524,0.42104088212470714,0.044700000000000004,,,o1t7,21,byfarm_fold2,3,yolo11s,tree
0.4290176103352161,0.24726759191875108,0.734265471649181,0.36981012658227846,0.42700000000000005,0.354261059385655,0.3460593819552094,0.58875,,,o1t7,21,byfarm_fold2,4,yolo11s,tree
0.2592183487075534,0.17662650661616786,0.4795127318742888,0.342881459578025,0.12887654320987654,0.4191787014832854,0.3800219136937563,0.10879623644329528,,,o1t7,21,byfarm_fold3,42,yolo11s,tree
0.2897921406502806,0.1827806903305002,0.5286380474796812,0.2565162897065877,0.10540383988070272,0.39804722253086555,0.36469327481750263,0.29102422537205136,,,o1t7,21,byfarm_fold3,1,yolo11s,tree
0.31843122231310605,0.20938477032185304,0.5545257617680044,0.3465916929267688,0.4738362068965517,0.4035677170594833,0.3105862714188382,0.08573469387755098,,,o1t7,21,byfarm_fold3,2,yolo11s,tree
0.2983402576090521,0.1961723478049324,0.4167922933614858,0.4192417387343621,0.3683333333333334,0.44228889251178605,0.34269856875330706,0.040040235837781844,,,o1t7,21,byfarm_fold3,3,yolo11s,tree
0.22818331995019736,0.14827845314060237,0.37377715862758876,0.3044620253164557,0.1144924812030075,0.3834762119783536,0.39383002629222996,0.02093456032719837,,,o1t7,21,byfarm_fold3,4,yolo11s,tree
0.2355854752057689,0.16160701607143363,0.4038179037990327,0.3772871695363493,0.2422105263157895,0.42677109642752364,0.2708348543509488,0.0025254237288135596,,,o1t7,21,byfarm_fold4,42,yolo11s,tree
0.35162469752984016,0.21708065577563787,0.5147391034847075,0.47347970812395995,0.42787719298245624,0.39024080482520274,0.5390704474841156,0.0493103448275862,,,o1t7,21,byfarm_fold4,1,yolo11s,tree
0.33701381303648786,0.20150966376264776,0.4906029844845461,0.4145421275381941,0.22466666666666668,0.4423781759574046,0.4317892391260112,0.2492211703958692,,,o1t7,21,byfarm_fold4,2,yolo11s,tree
0.2791459111079633,0.18911948347382174,0.2988735361657326,0.4817183784286354,0.24371020005635388,0.3978631641090508,0.36803902128488,0.10697125898156823,,,o1t7,21,byfarm_fold4,3,yolo11s,tree
0.2103574885409208,0.1374939446236214,0.4434911418318007,0.20767050270787318,0.19463056915393362,0.3447150432791101,0.25799193248971525,0.044092409240924085,,,o1t7,21,byfarm_fold4,4,yolo11s,tree
0.26323335206200893,0.17494819205270623,0.4748879871221093,0.349720215964382,0.3113382594417076,0.4053553938255474,0.2496636960631726,0.08657605891760822,,,o1t7,21,byfarm_fold5,42,yolo11s,tree
0.34277499974069414,0.21015012469947675,0.4912154861641034,0.3266265228301925,0.4683333333333334,0.3167082013712625,0.32210200780172427,0.2639564564564564,,,o1t7,21,byfarm_fold5,1,yolo11s,tree
0.291116849467202,0.19491218956610776,0.4256664413791891,0.4201253195161129,0.2407432432432433,0.41477616062608547,0.3819837082851936,0.1269642857142857,,,o1t7,21,byfarm_fold5,2,yolo11s,tree
0.26256808473373733,0.15628278652974367,0.682036625727255,0.228197744545856,0.28500000000000003,0.38519471322956333,0.12371398934174965,0.2563636363636364,,,o1t7,21,byfarm_fold5,3,yolo11s,tree
0.30022674828652757,0.17228016907861754,0.44489048064804254,0.3741977346736647,0.40855932203389833,0.3273984327692798,0.3544364178301117,0.11051282051282049,,,o1t7,21,byfarm_fold5,4,yolo11s,tree
0.3778740780938323,0.23377517022966945,0.5537897571616889,0.30843858483444264,0.6129054054054054,0.38745759056335116,0.25600181616785167,0.2551315002387209,,,o1t7,21,byfarm_fold6,42,yolo11s,tree
0.27432236814466254,0.16781401075443422,0.4882699412137635,0.3528936726136633,0.366164021164021,0.3824512222132428,0.09718716023586917,0.2514870689655172,,,o1t7,21,byfarm_fold6,1,yolo11s,tree
0.26189806596421966,0.1604512670215938,0.4940529751487724,0.36995375978877126,0.4039763488543976,0.34265025680937927,0.0784656581931018,0.2225,,,o1t7,21,byfarm_fold6,2,yolo11s,tree
0.16735433516769688,0.11742240394892396,0.32655430407347913,0.3608227848101266,0.11945349792010682,0.3927345110840984,0.1265040428347466,0.030725288831835687,,,o1t7,21,byfarm_fold6,3,yolo11s,tree
0.27550591398201246,0.1768757329608105,0.8444127056847232,0.2362199460523316,0.6159218766040446,0.3320324802280731,0.10033768482860356,0.05373161426732855,,,o1t7,21,byfarm_fold6,4,yolo11s,tree
0.26163196342782513,0.16695583756181373,0.4983775228244844,0.24554815577631878,0.09461108177355315,0.2939386116440743,0.5126142056654933,0.14536395462817972,,,o1t7,21,byfarm_fold7,42,yolo11s,tree
0.21842529974248034,0.1425924187602436,0.34913663200832673,0.2865654696997481,0.11989655172413793,0.40919902675338843,0.3359914939907304,0.008614126501664494,,,o1t7,21,byfarm_fold7,1,yolo11s,tree
0.37479328186611155,0.2554451041793471,0.7439467668715727,0.31030713233922613,0.46260160474446177,0.43349869790329676,0.35303588894852034,0.25003693586816733,,,o1t7,21,byfarm_fold7,2,yolo11s,tree
0.2455831324790452,0.15524360897715428,0.4397390935586427,0.29001091229127524,0.268463229909741,0.33724969392524573,0.36337886639228034,0.013240739688913756,,,o1t7,21,byfarm_fold7,3,yolo11s,tree
0.35446096478024414,0.2214674804182139,0.44956841093695715,0.36585366858022395,0.3180171923842002,0.4342474120632591,0.3877704834782065,0.27780877119531083,,,o1t7,21,byfarm_fold7,4,yolo11s,tree
0.2586411950413121,0.17217755847002575,0.525672458156188,0.3237126857917256,0.2992142857142857,0.3784068665013445,0.27606343544708534,0.08088019250253292,,,o1t7,21,random,42,yolo11s,tree
0.26576978737005147,0.17944228352479938,0.4895822897193489,0.3582673152305817,0.37927128427128426,0.35663700858943914,0.26010690313111035,0.0670639534883721,,,o1t7,21,random,1,yolo11s,tree
0.24855213296776393,0.16042238651444207,0.7479378039905479,0.24531168805250467,0.3161749482401655,0.42624024682336703,0.23585316017769148,0.015940176629831798,,,o1t7,21,random,2,yolo11s,tree
0.29201892888087067,0.18200513125768647,0.4817038492832109,0.317883877883098,0.4553593117408907,0.31112329356630003,0.28709849724220127,0.1144946129740906,,,o1t7,21,random,3,yolo11s,tree
0.20207023620840803,0.13455258424108724,0.4695563049549606,0.2645265147815342,0.30803745105469243,0.3441137780348307,0.11932127418566749,0.036808441558441554,,,o1t7,21,random,4,yolo11s,tree
0.22360214521603455,0.1254025387402483,0.3409074008392348,0.25160683027537895,0.4226074055612957,0.2192,0.1936996874962953,0.24861441775880994,0.03388921526377193,,o1t8,12,byfarm_fold0,42,yolo11s,tree
0.23819921726984292,0.12345369104553772,0.4193719228925694,0.18093485941244505,0.34007296688901445,0.268152086867393,0.3499012417227428,0.22151118081168097,0.011358610058383269,,o1t8,12,byfarm_fold0,1,yolo11s,tree
0.3390667524297449,0.1896431714340181,0.49188692586953825,0.28366812625433313,0.7210711583998233,0.3672349121466768,0.3877082588531271,0.20930600537896316,0.010013427370134274,,o1t8,12,byfarm_fold0,2,yolo11s,tree
0.32481397588475863,0.17461002370338735,0.7634620679670583,0.26207975605122336,0.5512554158995562,0.40902390591864274,0.3839532852421266,0.26578971284128894,0.01404755952217869,,o1t8,12,byfarm_fold0,3,yolo11s,tree
0.31761479322455244,0.17717030889963625,0.3908213382165635,0.2617536010208346,0.686984882120623,0.23076623376623379,0.42256562029015543,0.22127946718612793,0.026477762759621687,,o1t8,12,byfarm_fold0,4,yolo11s,tree
0.30025139365601977,0.16882188088183925,0.3274751512192187,0.3165086090977462,0.6274465118263248,0.4474503737976858,0.2135162959924985,0.18938274129520125,0.02346104536838864,,o1t8,12,byfarm_fold1,42,yolo11s,tree
0.26440033042655325,0.14671894963939283,0.6550609585087124,0.22884963814274845,0.5424390701706675,0.2791726998491705,0.2998540828080132,0.19524401044861023,0.005291788856304985,,o1t8,12,byfarm_fold1,1,yolo11s,tree
0.3273081651944397,0.18868507402401258,0.6425937869349897,0.30180806422185735,0.5787511937240446,0.5126172714801841,0.33646405897894593,0.2087083017890241,0.0,,o1t8,12,byfarm_fold1,2,yolo11s,tree
0.3123501287024493,0.17630484155495396,0.6389860478873486,0.2632329711308886,0.6392151247747854,0.4685283589297788,0.2329077218960448,0.20599581096863262,0.015103626943005183,,o1t8,12,byfarm_fold1,3,yolo11s,tree
0.27719436285942556,0.15774103308301943,0.3720994432301946,0.24929009810052055,0.5957622495536958,0.3263074194324195,0.2826556761652438,0.16497236723961045,0.01627410190615836,,o1t8,12,byfarm_fold1,4,yolo11s,tree
0.26702727641967783,0.14075807497022555,0.42963280283439653,0.2204095969424094,0.21457117853806598,0.42546243952126306,0.4337875014780666,0.24837468307086527,0.01294057949012806,,o1t8,12,byfarm_fold2,42,yolo11s,tree
0.25906114364001465,0.14249993329832647,0.32450170519967875,0.2448574321725979,0.5477456361971191,0.17406666666666668,0.3404842392759308,0.22230860564222066,0.010700570418135788,,o1t8,12,byfarm_fold2,1,yolo11s,tree
0.2900275999475467,0.1576267109501958,0.30074720776386615,0.24878381467506375,0.6968000021050218,0.20805555555555558,0.3027730387746885,0.19849371065833776,0.04401569264412965,,o1t8,12,byfarm_fold2,2,yolo11s,tree
0.264178315991406,0.14664902014623105,0.3677540228736932,0.25071193184030754,0.5654820285899442,0.2543204536389886,0.3084951740968664,0.17833838238080293,0.01425554125042792,,o1t8,12,byfarm_fold2,3,yolo11s,tree
0.24852237424853416,0.1262876859081669,0.38964452374226255,0.25820613711589013,0.48629650329100416,0.1492857142857143,0.34545046129521495,0.2198943089546232,0.04168488341611408,,o1t8,12,byfarm_fold2,4,yolo11s,tree
0.2631734273168046,0.13408030835473636,0.3912662997549613,0.2870488961868272,0.45186897761705946,0.3423008917539445,0.2878993219372743,0.20495780567659522,0.02884013959914949,,o1t8,12,byfarm_fold3,42,yolo11s,tree
0.2944248386727271,0.154094415949862,0.530057805525243,0.25774109559209046,0.3820780804100695,0.43961250916942624,0.4103908219699611,0.2206678200215142,0.01937496179266462,,o1t8,12,byfarm_fold3,1,yolo11s,tree
0.30333821439775943,0.15979754836707274,0.4575328594338325,0.2609397778201016,0.5334154789345089,0.3355403356333589,0.39319731966186566,0.2281542655149299,0.026383672244133866,,o1t8,12,byfarm_fold3,2,yolo11s,tree
0.27726726957962766,0.14944221084068282,0.3879912290559823,0.2700152203952955,0.6338140853393912,0.3404961348707479,0.22801095631596766,0.171744910551282,0.012270260820749345,,o1t8,12,byfarm_fold3,3,yolo11s,tree
0.3130226064251867,0.16030918412525724,0.4063913274035703,0.3031673052362707,0.5333546423008682,0.30066966696955577,0.4736128224914972,0.21835175627774478,0.03912414408626756,,o1t8,12,byfarm_fold3,4,yolo11s,tree
0.2640716964513893,0.14004539351337558,0.4502450727958819,0.20877523500212325,0.48696001253737187,0.3926881953240649,0.2223072898895655,0.20179233492123483,0.016610649584709647,,o1t8,12,byfarm_fold4,42,yolo11s,tree
0.31559718073940213,0.18612001348351556,0.36409937617943433,0.3213081554460865,0.6175208056912276,0.4067444466288857,0.31810593190034053,0.2115164747508257,0.024098244725731306,,o1t8,12,byfarm_fold4,1,yolo11s,tree
0.3327593428616191,0.19106309751263217,0.50523197562571,0.31815953808739494,0.5163148982940005,0.6367412801146408,0.29444441725616566,0.1982145940723749,0.018081524570913658,,o1t8,12,byfarm_fold4,2,yolo11s,tree
0.3207111474895826,0.16096956502727178,0.36746914010141735,0.31354314906039044,0.6541971665920907,0.5796351718873544,0.18226562415231945,0.1534976047206953,0.03396017009545356,,o1t8,12,byfarm_fold4,3,yolo11s,tree
0.2336718079767112,0.1282969957967354,0.3726304609979429,0.2130931556524196,0.561986637659416,0.376058327637275,0.032442819384402515,0.17275583446652767,0.02511542073593482,,o1t8,12,byfarm_fold4,4,yolo11s,tree
0.24425084755792517,0.1370942888751117,0.44459448782082445,0.2531976814925968,0.5305219385032985,0.27675853584085297,0.12496749478506146,0.23084666087204406,0.058159607788368775,,o1t8,12,byfarm_fold5,42,yolo11s,tree
0.2960304080726899,0.16903197294405917,0.3406538593663754,0.2667752234993614,0.6633144667225246,0.5115446604582694,0.10180957689653342,0.17916491576262195,0.024318420523500105,,o1t8,12,byfarm_fold5,1,yolo11s,tree
0.20582014045507063,0.11857545122462004,0.25139578643248894,0.23451438172612687,0.6728956955066067,0.053674333418519474,0.06882601550846408,0.20180908157456673,0.0318955762671963,,o1t8,12,byfarm_fold5,2,yolo11s,tree
0.24842731281946628,0.13338889691441813,0.5557916541791068,0.21652224232558895,0.6143952999302789,0.23045957402812242,0.08974143656601685,0.27680600123639687,0.030734252336516332,,o1t8,12,byfarm_fold5,3,yolo11s,tree
0.35760851344955447,0.18309565131723957,0.5586258013455417,0.32335837459232375,0.583924774597335,0.5578705503387791,0.39151518252065454,0.2143125968178867,0.04041946297311701,,o1t8,12,byfarm_fold5,4,yolo11s,tree
0.32126969943634565,0.18228880516653218,0.4137318376321792,0.3325882640881262,0.5147158714688758,0.5074868963786505,0.32080411055648217,0.2250707501555801,0.038270868622139895,,o1t8,12,byfarm_fold6,42,yolo11s,tree
0.26375740801810454,0.14229367958773126,0.40502907453946957,0.30711731435869366,0.6362681864570818,0.22579239841339768,0.19410489315083018,0.20899389096201754,0.05362767110719553,,o1t8,12,byfarm_fold6,1,yolo11s,tree
0.22950936082757728,0.12012767427526783,0.4402867440732841,0.19833059660645866,0.4399236199897157,0.28112476557434474,0.177964350036188,0.2384150209185904,0.010119047619047618,,o1t8,12,byfarm_fold6,2,yolo11s,tree
0.2121453787040653,0.1099381775671495,0.2578001926806408,0.2706659368728334,0.2542129280954367,0.40164552776723417,0.1522907928186455,0.20502099188778458,0.04755665295122537,,o1t8,12,byfarm_fold6,3,yolo11s,tree
0.25839810005347574,0.13473926141291417,0.3064242824037259,0.25772121875570153,0.41337590319422823,0.5249126565732029,0.1014942628115496,0.238682376340263,0.013525301348134875,,o1t8,12,byfarm_fold6,4,yolo11s,tree
0.2650500119675142,0.14378915438307419,0.7071933834316844,0.23661740558292282,0.5954874473140963,0.22057495918750705,0.3527633416743885,0.14598260285135817,0.010441708810220923,,o1t8,12,byfarm_fold7,42,yolo11s,tree
0.2494804974751808,0.1417115482696136,0.4316384352024757,0.1955037736166724,0.41844512595245575,0.28103505644682114,0.2748130244092407,0.23794010445636615,0.035169176111020134,,o1t8,12,byfarm_fold7,1,yolo11s,tree
0.295845038395501,0.17015306831782223,0.6146836653429493,0.23973742184628882,0.6905914965108714,0.27454545454545454,0.25031576059663807,0.24510243914688173,0.018670041177659254,,o1t8,12,byfarm_fold7,2,yolo11s,tree
0.3011538085895431,0.1702119089327664,0.4996327005247748,0.2473676197718251,0.6432040397870068,0.40879565965677506,0.22775322850367544,0.20754459344838438,0.01847152155187387,,o1t8,12,byfarm_fold7,3,yolo11s,tree
0.3242924446802179,0.17228990859348423,0.43514498675844476,0.2824819312565331,0.6935411732216856,0.452230653903101,0.23939838920978235,0.2272118135965161,0.009080193470004102,,o1t8,12,byfarm_fold7,4,yolo11s,tree
0.21518009280888828,0.11614526194951581,0.2632004584439457,0.23287265097609927,0.520945944071205,0.23875757575757575,0.07330948174429668,0.22435630487241348,0.018531157598950625,,o1t8,12,random,42,yolo11s,tree
0.1712873223995042,0.09054683688425279,0.4018643245668033,0.20422591626711548,0.35005963365398574,0.14425133689839573,0.1523506966312123,0.18905053464219362,0.0207244101717335,,o1t8,12,random,1,yolo11s,tree
0.21656311097174305,0.12065137812315807,0.3291869053780965,0.19938879766465972,0.37634383703874197,0.23003076288281682,0.22733854800406283,0.22473476868733072,0.024367638245762848,,o1t8,12,random,2,yolo11s,tree
0.2553815629012332,0.13979204045960006,0.47428211169160794,0.24405137752014278,0.5444743766671774,0.1792185117967332,0.31257058494224244,0.2165733335763238,0.024071007523689427,,o1t8,12,random,3,yolo11s,tree
0.2205171665008608,0.1252969914371206,0.4909424526287857,0.1976360343874938,0.41235016855206674,0.20613333333333334,0.20871801012242996,0.24010551984200262,0.03527880065447156,,o1t8,12,random,4,yolo11s,tree
0.36636947380758295,0.23464543085497275,0.4519725726126957,0.31525951793560114,0.23551597624351828,0.3336153846153846,0.4221420117285275,0.47420452264290147,,,o1t9,8,byfarm_fold0,42,yolo11s,tree
0.5543578328775195,0.38251384786592685,0.6614973189573774,0.49347330811959894,0.3389800111993016,0.7340756302521008,0.7422727272727272,0.4021029627859485,,,o1t9,8,byfarm_fold0,1,yolo11s,tree
0.5782835573869883,0.3788052747428718,0.6659871144998173,0.4709341540022258,0.49127107536544734,0.7468571428571429,0.6246148501091919,0.45039116121617095,,,o1t9,8,byfarm_fold0,2,yolo11s,tree
0.4727703561569022,0.30484389310965404,0.6248888334630543,0.3320119225037258,0.3712435605389376,0.5213461538461539,0.5963131313131312,0.40217857892938624,,,o1t9,8,byfarm_fold0,3,yolo11s,tree
0.3189460275695871,0.1872651903407185,0.4766244716914746,0.26878851398904297,0.3977174049707113,0.29833333333333334,0.1208544335670935,0.45887893840721034,,,o1t9,8,byfarm_fold0,4,yolo11s,tree
0.3105035240856005,0.1818968871802083,0.45029958896936617,0.24932935916542476,0.40454926986623924,0.29948863636363643,0.06854247104247105,0.4694337190700553,,,o1t9,8,byfarm_fold1,42,yolo11s,tree
0.36005112651802906,0.23441407263678116,0.6101609952448113,0.2707445610173784,0.24143954246279709,0.44728571428571434,0.28763213530655396,0.4638471140170508,,,o1t9,8,byfarm_fold1,1,yolo11s,tree
0.3629309430437542,0.21864945856274826,0.4744870059632939,0.35156225432137655,0.35174833204331246,0.5409368131868131,0.0535031017369727,0.5055355252079184,,,o1t9,8,byfarm_fold1,2,yolo11s,tree
0.4765451895399296,0.3043673137748705,0.6527558764262292,0.40392227759285276,0.34605366311591756,0.3997555385790681,0.665,0.49537155646473274,,,o1t9,8,byfarm_fold1,3,yolo11s,tree
0.30002342199931537,0.16956675839263036,0.4413899358394349,0.2676934708649084,0.4156740830534291,0.26484962406015045,0.0007603686635944702,0.5188096122200874,,,o1t9,8,byfarm_fold1,4,yolo11s,tree
0.26133523436921813,0.15619189915225867,0.33753055708860685,0.28588404208626716,0.22197278214565597,0.36000000000000004,0.065,0.3983681553312165,,,o1t9,8,byfarm_fold2,42,yolo11s,tree
0.3188890193505399,0.20791918157714645,0.4762288163775407,0.35020519228137836,0.3767821169513372,0.21071428571428572,0.28254385964912276,0.40551581508741397,,,o1t9,8,byfarm_fold2,1,yolo11s,tree
0.4361426056749857,0.2813030752535548,0.661178597713243,0.37067369294743885,0.47876763428600155,0.15386363636363637,0.6993290043290044,0.4126101477213004,,,o1t9,8,byfarm_fold2,2,yolo11s,tree
0.4110713821590912,0.2543812691924831,0.6201879677387083,0.3846453364585589,0.49461208115282107,0.275,0.48165517241379313,0.39301827506975073,,,o1t9,8,byfarm_fold2,3,yolo11s,tree
0.3337553322368526,0.20324785291714584,0.6120496062139288,0.27226755973913297,0.3872759621525882,0.13826923076923078,0.35978260869565215,0.44969352732993917,,,o1t9,8,byfarm_fold2,4,yolo11s,tree
0.4224434675292459,0.26076024535518894,0.647499237797291,0.35820186865269266,0.2609406548649614,0.29375,0.665,0.47008321525202224,,,o1t9,8,byfarm_fold3,42,yolo11s,tree
0.3638542954051363,0.21357403318129853,0.3386363493899458,0.3781754052042561,0.26314239871624007,0.35933184739788515,0.3325,0.5004429355064199,,,o1t9,8,byfarm_fold3,1,yolo11s,tree
0.3687440540659482,0.2271781250156537,0.748589423288605,0.3402994469671477,0.4175719684259346,0.2591515151515152,0.35363406856231727,0.44461866412402545,,,o1t9,8,byfarm_fold3,2,yolo11s,tree
0.2888290191053965,0.16452714764217427,0.39242986868161683,0.24752608047690014,0.2816411410881286,0.365,0.00832232893157263,0.500352606401885,,,o1t9,8,byfarm_fold3,3,yolo11s,tree
0.39178419254612346,0.24883001629997747,0.682411130674704,0.3238370961717304,0.3122090925234793,0.3392857142857143,0.4240708117443868,0.4915711516309133,,,o1t9,8,byfarm_fold3,4,yolo11s,tree
0.342033577109334,0.21176505979338467,0.5968801279167765,0.3078292132254248,0.3361486671223513,0.41000000000000003,0.17945652173913046,0.4425291195758542,,,o1t9,8,byfarm_fold4,42,yolo11s,tree
0.39290279031481007,0.24820840235142622,0.5862397664205732,0.41426056466153194,0.3669124290741938,0.26931155112493144,0.5258333333333334,0.4095538477267817,,,o1t9,8,byfarm_fold4,1,yolo11s,tree
0.3065648715751298,0.18476418934083108,0.27109639773036015,0.3165824374559558,0.3896833445689412,0.2500239234449761,0.2499206349206349,0.336631583365967,,,o1t9,8,byfarm_fold4,2,yolo11s,tree
0.30571859007165303,0.17729736179131855,0.3871476646281246,0.2533457526080477,0.4793403392167356,0.3206923076923077,0.017367839188582448,0.4054738741889864,,,o1t9,8,byfarm_fold4,3,yolo11s,tree
0.40344190070757313,0.26350051709391337,0.6872593457184148,0.3670340432267302,0.41118067226890753,0.3699090909090909,0.3822261072261073,0.4504517324261868,,,o1t9,8,byfarm_fold4,4,yolo11s,tree
0.29594310846959204,0.1763513258071067,0.34310232173520216,0.25932935916542477,0.32630565839428755,0.37343616393925994,0.05795137232122482,0.4260792392235958,,,o1t9,8,byfarm_fold5,42,yolo11s,tree
0.2841019532146325,0.1429750009952649,0.6207277311350387,0.2963030808267684,0.491245699148249,0.14310668746608787,0.012641509433962264,0.4894139168102307,,,o1t9,8,byfarm_fold5,1,yolo11s,tree
0.4729115303385827,0.30988566351394514,0.7798445731936527,0.36633202899493356,0.47832237321276894,0.5435849056603774,0.4473076923076923,0.42243115017349187,,,o1t9,8,byfarm_fold5,2,yolo11s,tree
0.3386462784269521,0.20207165544583647,0.5719051670723669,0.2743293591654248,0.3563780381024963,0.3937824675324675,0.1460926640926641,0.45833194398018057,,,o1t9,8,byfarm_fold5,3,yolo11s,tree
0.3845822537570592,0.2439718570527996,0.6764319331121826,0.3418664267942634,0.35688584954726466,0.19958636629297064,0.5473076923076923,0.4345491068803092,,,o1t9,8,byfarm_fold5,4,yolo11s,tree
0.33597468390457486,0.19277830352266628,0.3879006477491602,0.35120570609491936,0.32124925320065245,0.23842727272727274,0.3371919879062736,0.4470302217841008,,,o1t9,8,byfarm_fold6,42,yolo11s,tree
0.29184938204361255,0.14980960596763943,0.6610809068819333,0.26892958014463886,0.4292086680882869,0.25179927760577914,0.02689218681798342,0.45949739566240055,,,o1t9,8,byfarm_fold6,1,yolo11s,tree
0.27278357006187537,0.14950029636065257,0.3515781656563682,0.23648934400733668,0.23910263616980038,0.3730769230769231,0.019840124504810416,0.45911459649596764,,,o1t9,8,byfarm_fold6,2,yolo11s,tree
0.284566269669542,0.1700239128625841,0.6805427442111411,0.30145486796780263,0.20877295695179643,0.4652857142857143,0.005694366197183099,0.4585120412434741,,,o1t9,8,byfarm_fold6,3,yolo11s,tree
0.3534983277761566,0.21572151806302936,0.5881142323828181,0.3277672122570079,0.39030723064912054,0.32,0.2605194660734149,0.4431666143820909,,,o1t9,8,byfarm_fold6,4,yolo11s,tree
0.31177049143069635,0.15601409452581838,0.33783875441266115,0.31578829171211176,0.4140339917679088,0.26564516129032256,0.1914314400458979,0.3759713726186561,,,o1t9,8,byfarm_fold7,42,yolo11s,tree
0.3249105514883084,0.19994180635967873,0.7330337879795273,0.23507203179334327,0.31159379129276044,0.28884615384615386,0.23427944862155392,0.4649228121927654,,,o1t9,8,byfarm_fold7,1,yolo11s,tree
0.2959190581032936,0.1640749474716085,0.6426655973519456,0.23982688637121485,0.4574847831450407,0.30296428571428574,0.010416666666666668,0.41281049688718136,,,o1t9,8,byfarm_fold7,2,yolo11s,tree
0.31157151218006185,0.17183051397368634,0.4227525362911345,0.2546038354629869,0.43372103115415406,0.35825,0.04407134109001838,0.41024367647607496,,,o1t9,8,byfarm_fold7,3,yolo11s,tree
0.34670814672288985,0.19274240561925937,0.3722769268569977,0.36692001987083955,0.38963145510001174,0.32786263736263743,0.18232827569983534,0.487010218729075,,,o1t9,8,byfarm_fold7,4,yolo11s,tree
0.38548127524356196,0.2550817771905871,0.48532263638063566,0.32267886856335604,0.28555330217786384,0.5475714285714286,0.2638205128205128,0.4449798574044428,,,o1t9,8,random,42,yolo11s,tree
0.24578411301553277,0.15338563893227083,0.5542624217529971,0.29187252124037,0.26805912189791037,0.275,0.06796871674824431,0.37210861341597634,,,o1t9,8,random,1,yolo11s,tree
0.3247949615037322,0.199457611679147,0.6249805124013953,0.2930778375761832,0.3677888245941564,0.24,0.2705783783783784,0.4208126430423941,,,o1t9,8,random,2,yolo11s,tree
0.3556317358242299,0.20082792172748848,0.6233782642452378,0.2873671137605564,0.42124507503931957,0.257,0.2548558558558559,0.489426012401744,,,o1t9,8,random,3,yolo11s,tree
0.31316130417457366,0.171242942071371,0.3455226287424309,0.26672380324712935,0.27365542132459303,0.4684659090909092,0.05049864565377986,0.4600252406290126,,,o1t9,8,random,4,yolo11s,tree
0.327076241790818,0.21355517323586842,0.43951030081045883,0.304128992460981,0.6210705610179296,0.46922222222222226,0.21801218392312022,0.0,,,o2t1,15,byfarm_fold0,42,yolo11s,tree
0.30875035945467677,0.18529560164663236,0.44546652724171654,0.31592117018220467,0.4533260933157817,0.6107568732911611,0.1709184712117642,0.0,,,o2t1,15,byfarm_fold0,1,yolo11s,tree
0.36729431362317627,0.19025522463880834,0.4887245832301969,0.39842293687197405,0.6723822605965462,0.5169416758183556,0.23235331807780324,0.0475,,,o2t1,15,byfarm_fold0,2,yolo11s,tree
0.31080900166085973,0.18682522835037993,0.5514357283928151,0.2849281836868214,0.5807692307692309,0.3980874434030819,0.26437933247112605,0.0,,,o2t1,15,byfarm_fold0,3,yolo11s,tree
0.35090369915853425,0.2070442430102363,0.47241053108907066,0.3692133355926459,0.6324706425649822,0.46989570123091334,0.20624845283824159,0.095,,,o2t1,15,byfarm_fold0,4,yolo11s,tree
0.36496455074779016,0.22041277420735125,0.38337195435436805,0.34416303933161185,0.5528277972027973,0.6653986812581696,0.19413172453019356,0.0475,,,o2t1,15,byfarm_fold1,42,yolo11s,tree
0.4312992862888177,0.23873055419189976,0.5651766403637101,0.34218630856561894,0.8053000196734211,0.6321092796092797,0.19278784587256992,0.095,,,o2t1,15,byfarm_fold1,1,yolo11s,tree
0.37581091414725304,0.19687766536673762,0.44640810230375877,0.3267876810980259,0.5915865384615384,0.5182917613801947,0.29836535674727893,0.095,,,o2t1,15,byfarm_fold1,2,yolo11s,tree
0.3439440980594449,0.18076372988734374,0.4456892400854516,0.3765922221367491,0.5491944444444445,0.4967624458874459,0.23481950190588935,0.095,,,o2t1,15,byfarm_fold1,3,yolo11s,tree
0.3487816545272807,0.2178563090023041,0.4138428369701248,0.3569418887668534,0.4663388157894737,0.6250964253138167,0.20869137700583246,0.095,,,o2t1,15,byfarm_fold1,4,yolo11s,tree
0.3291016552332064,0.19153198390044737,0.47294397153108364,0.3107452444518015,0.683683066361556,0.383165364047717,0.24955819052355271,0.0,,,o2t1,15,byfarm_fold2,42,yolo11s,tree
0.2746964285310197,0.15910693481290683,0.3903123786936188,0.31936045964315496,0.50396120633152,0.3519113374834937,0.1479131703090652,0.095,,,o2t1,15,byfarm_fold2,1,yolo11s,tree
0.34044779756788796,0.1896417558224975,0.4259833223335283,0.31528625513469993,0.5915970932293515,0.565725654555871,0.10946844248632942,0.095,,,o2t1,15,byfarm_fold2,2,yolo11s,tree
0.26395364880552685,0.1334298075684595,0.31048959590255815,0.3095674828433449,0.6176060606060607,0.3088148282074334,0.08189370640861324,0.0475,,,o2t1,15,byfarm_fold2,3,yolo11s,tree
0.291132936322888,0.1750367914646088,0.45274036583871496,0.31178200663408195,0.6955941558441556,0.31807098517965915,0.15086660426773715,0.0,,,o2t1,15,byfarm_fold2,4,yolo11s,tree
0.37857707126425943,0.2275958322962325,0.4614180445927609,0.37122893116091304,0.7144571428571427,0.5474038416107299,0.2524473005891651,0.0,,,o2t1,15,byfarm_fold3,42,yolo11s,tree
0.34576647704776015,0.1981859707430706,0.36332836033646376,0.37687463476150207,0.7273322580645162,0.46037800587047617,0.19535564425604823,0.0,,,o2t1,15,byfarm_fold3,1,yolo11s,tree
0.4184244643621902,0.25520809860134747,0.45586446743603704,0.4148304019453211,0.7909277108433737,0.6107154480424198,0.2720546985629675,0.0,,,o2t1,15,byfarm_fold3,2,yolo11s,tree
0.4220624651032776,0.2441312174284837,0.4700613441877698,0.40308864300190417,0.7152469635627532,0.7024292322506744,0.17557366459968282,0.095,,,o2t1,15,byfarm_fold3,3,yolo11s,tree
0.3946701678733053,0.22926252594502933,0.4739452609892273,0.37647604395913037,0.7355576923076923,0.620193076081007,0.19917990310452188,0.02375,,,o2t1,15,byfarm_fold3,4,yolo11s,tree
0.3934869580992547,0.24127975495818427,0.45330350802434816,0.36458251610356246,0.7542952736918255,0.6054166666666667,0.2142358920385265,0.0,,,o2t1,15,byfarm_fold4,42,yolo11s,tree
0.37852634278176733,0.1948185613299293,0.4237086093889689,0.4157585453146957,0.654669876316394,0.596773434509168,0.16766206030150754,0.095,,,o2t1,15,byfarm_fold4,1,yolo11s,tree
0.32154095262240084,0.19752425530200174,0.37456266243115216,0.2164915699398458,0.5443386486803085,0.587773128316472,0.15405203349282298,0.0,,,o2t1,15,byfarm_fold4,2,yolo11s,tree
0.30233375272090957,0.18103062164503858,0.4190888460875818,0.2683020060879481,0.5478706293706294,0.4333335661444883,0.1806308153685205,0.0475,,,o2t1,15,byfarm_fold4,3,yolo11s,tree
0.2990885821960125,0.1722720437087971,0.4415153968368535,0.30737947979327285,0.49033885807287353,0.5211679894179895,0.1848474812931868,0.0,,,o2t1,15,byfarm_fold4,4,yolo11s,tree
0.3689841858765873,0.2046619464770319,0.5054010182529054,0.3260896839496201,0.6524665334665334,0.6342633365089521,0.18920687353086374,0.0,,,o2t1,15,byfarm_fold5,42,yolo11s,tree
0.353849876038327,0.19769060013453518,0.3205065838506004,0.3557076118307664,0.707406015037594,0.6318903483038755,0.0761031408118387,0.0,,,o2t1,15,byfarm_fold5,1,yolo11s,tree
0.29451932776246736,0.16182235426264122,0.44452948456814695,0.26552713627434754,0.670861407249467,0.4224261473541765,0.08478975644622587,0.0,,,o2t1,15,byfarm_fold5,2,yolo11s,tree
0.29350188173125813,0.18299226476537217,0.3430108089807048,0.32085301776744646,0.669368131868132,0.4626211807516156,0.04201821430528482,0.0,,,o2t1,15,byfarm_fold5,3,yolo11s,tree
0.3366728387892528,0.17524887771762035,0.4045756843079052,0.4294734389561976,0.7173310504425058,0.4920357905558951,0.10565784749194361,0.03166666666666666,,,o2t1,15,byfarm_fold5,4,yolo11s,tree
0.34866481149200423,0.20144859037397245,0.40445760711926065,0.3569444410404955,0.5984346504559273,0.5427022613556981,0.2535223341563917,0.0,,,o2t1,15,byfarm_fold6,42,yolo11s,tree
0.27431705243689264,0.1557780129659637,0.34480782824910716,0.29537550427890563,0.46568848641971294,0.4933774228655817,0.09070230046227572,0.0475,,,o2t1,15,byfarm_fold6,1,yolo11s,tree
0.39684115338236337,0.22160319377413423,0.48918983072265054,0.3746664138213549,0.7836219363886364,0.5635303030303029,0.24021237411051416,0.0,,,o2t1,15,byfarm_fold6,2,yolo11s,tree
0.34728167713110253,0.21493242475156188,0.5143817219698292,0.3446332462001448,0.5599649168399171,0.5695834376321887,0.2595783540523044,0.0,,,o2t1,15,byfarm_fold6,3,yolo11s,tree
0.3782980129631962,0.21950717165845085,0.47795928193278614,0.3466231532912244,0.7208333333333334,0.5839285714285715,0.20843014709087976,0.0,,,o2t1,15,byfarm_fold6,4,yolo11s,tree
0.21711219506476637,0.13628494519268158,0.2673456797884949,0.2063098364822503,0.2894527962043668,0.42641832242681327,0.10507766162788539,0.0475,,,o2t1,15,byfarm_fold7,42,yolo11s,tree
0.3330386789250312,0.1988602592492598,0.4240428502052602,0.3378562991070784,0.6281414237935978,0.4733279122128228,0.2306853796937041,0.0,,,o2t1,15,byfarm_fold7,1,yolo11s,tree
0.3765953165120375,0.23215366585996203,0.5163335266317753,0.3681267474370923,0.7284411764705885,0.5715921255429453,0.20634796403461614,0.0,,,o2t1,15,byfarm_fold7,2,yolo11s,tree
0.3194988244730033,0.17033052346479632,0.34943440830074735,0.3912040726566975,0.5441760563380282,0.5526764019730117,0.16214283958097347,0.019,,,o2t1,15,byfarm_fold7,3,yolo11s,tree
0.35453909924058963,0.21786014585390437,0.45888166524231355,0.33941994356369887,0.6580161943319839,0.5303799581691259,0.22976024446124874,0.0,,,o2t1,15,byfarm_fold7,4,yolo11s,tree
0.33273619617576056,0.20395840961723014,0.4507110682265281,0.36723376619905623,0.5901385991058122,0.4882962195299957,0.25250996606723436,0.0,,,o2t1,15,random,42,yolo11s,tree
0.3289511888217322,0.21340536635913604,0.4588113684741209,0.3723062900463374,0.5607697368421053,0.5274041835357626,0.22763083490906072,0.0,,,o2t1,15,random,1,yolo11s,tree
0.27785259220807795,0.1625726005977258,0.4219885424541624,0.29200203338134373,0.49598985801217044,0.40488636363636366,0.21053414718377772,0.0,,,o2t1,15,random,2,yolo11s,tree
0.3216683090642301,0.16907331599724434,0.48027314200617977,0.3583199186647462,0.5670034843205575,0.4622203442870595,0.25744940764930346,0.0,,,o2t1,15,random,3,yolo11s,tree
0.33651450741909533,0.2062305960560642,0.42315196473945826,0.27929273403811605,0.5164655172413792,0.600002065357713,0.22959044707728918,0.0,,,o2t1,15,random,4,yolo11s,tree
0.4813783068783069,0.27221238576238577,0.7280957845063757,0.38690476190476186,0.8823015873015875,0.5283333333333333,0.0335,,,,o2t2,5,byfarm_fold0,42,yolo11s,tree
0.37503951140960684,0.2169353784078731,0.3606186774873256,0.33928571428571425,0.8611835748792271,0.2639349593495935,0.0,,,,o2t2,5,byfarm_fold0,1,yolo11s,tree
0.5651873911529085,0.27136293974225006,0.6309598827430246,0.5674603174603173,0.7214242424242425,0.4191379310344827,0.555,,,,o2t2,5,byfarm_fold0,2,yolo11s,tree
0.43163458110516933,0.24048712121212118,0.8850001657227825,0.25,0.8277272727272726,0.29967647058823527,0.1675,,,,o2t2,5,byfarm_fold0,3,yolo11s,tree
0.6396203703703703,0.31945024216524215,0.8003485443913828,0.4947615614378848,0.835,0.46011111111111114,0.62375,,,,o2t2,5,byfarm_fold0,4,yolo11s,tree
0.5717542087542088,0.3212651515151515,0.4626666916264655,0.6781732615448933,0.8617777777777779,0.5218181818181818,0.33166666666666667,,,,o2t2,5,byfarm_fold1,42,yolo11s,tree
0.32059605911330047,0.18036820607553364,0.5382995607640356,0.24727255192736278,0.5378571428571428,0.401,0.022931034482758624,,,,o2t2,5,byfarm_fold1,1,yolo11s,tree
0.3375506535947712,0.18832784214695977,0.2574358974358974,0.621031746031746,0.49875,0.43566666666666665,0.07823529411764706,,,,o2t2,5,byfarm_fold1,2,yolo11s,tree
0.4791056998556999,0.2883757575757576,0.5996476964492747,0.43501110658780195,0.8122337662337662,0.6083333333333334,0.01675,,,,o2t2,5,byfarm_fold1,3,yolo11s,tree
0.45689365842490853,0.2741245268620269,0.6271454499618806,0.3452380952380952,0.9325961538461539,0.40900000000000003,0.02908482142857143,,,,o2t2,5,byfarm_fold1,4,yolo11s,tree
0.24422875816993464,0.13248169934640525,0.6206351279069139,0.16666666666666666,0.632686274509804,0.0,0.1,,,,o2t2,5,byfarm_fold2,42,yolo11s,tree
0.3331640211640211,0.16542275132275128,0.5566436675329623,0.25,0.8517142857142855,0.0,0.14777777777777779,,,,o2t2,5,byfarm_fold2,1,yolo11s,tree
0.45352298278683195,0.24482312044335847,0.67964449480134,0.39246717761972344,0.8850505050505053,0.36106696651674164,0.11445147679324895,,,,o2t2,5,byfarm_fold2,2,yolo11s,tree
0.4255096665580537,0.2187246097689646,0.7476431821990976,0.3611111111111111,0.9333838383838385,0.16499999999999998,0.1781451612903226,,,,o2t2,5,byfarm_fold2,3,yolo11s,tree
0.26522095959595965,0.12552613636363638,0.6076416518840053,0.3194444444444444,0.6839962121212122,0.0,0.11166666666666666,,,,o2t2,5,byfarm_fold2,4,yolo11s,tree
0.5116450216450216,0.29576695526695523,0.6413016149890175,0.4024726363197,0.896298701298701,0.6386363636363637,0.0,,,,o2t2,5,byfarm_fold3,42,yolo11s,tree
0.2733293650793651,0.15112389770723103,0.4001659414982164,0.30627794819757015,0.4397103174603175,0.27208333333333334,0.10819444444444445,,,,o2t2,5,byfarm_fold3,1,yolo11s,tree
0.4306855482933914,0.24096079548628568,0.9320846865780125,0.35042047108977137,0.6210566448801742,0.671,0.0,,,,o2t2,5,byfarm_fold3,2,yolo11s,tree
0.38344935064935065,0.20374968253968256,0.476679043600067,0.4510879490229141,0.5313480519480519,0.3973333333333333,0.2216666666666667,,,,o2t2,5,byfarm_fold3,3,yolo11s,tree
0.46773809523809523,0.2439904151404151,0.6487020059696326,0.49368617069399506,0.3887142857142857,0.715,0.2995,,,,o2t2,5,byfarm_fold3,4,yolo11s,tree
0.4275303130886266,0.26802822343699595,0.6177380844025294,0.4254337958770175,0.7981092436974789,0.369,0.11548169556840077,,,,o2t2,5,byfarm_fold4,42,yolo11s,tree
0.4137996106457646,0.2587894134711443,0.3635374480844811,0.42229323326463103,0.7106363636363638,0.479,0.051762468300929856,,,,o2t2,5,byfarm_fold4,1,yolo11s,tree
0.5477496706192359,0.3262446310935442,0.4945533139879563,0.5183253331520855,0.8917272727272726,0.7515217391304349,0.0,,,,o2t2,5,byfarm_fold4,2,yolo11s,tree
0.4269023672687466,0.22037667592732033,0.4714790625942123,0.27777777777777773,0.6760344827586207,0.22842261904761904,0.37625,,,,o2t2,5,byfarm_fold4,3,yolo11s,tree
0.4204683019452841,0.2254075023205458,0.4837012775832162,0.36866571419713473,0.6002685421994887,0.4936363636363636,0.1675,,,,o2t2,5,byfarm_fold4,4,yolo11s,tree
0.41365013774104686,0.25570405352223535,0.5078667563267983,0.35210465940078706,0.5995454545454546,0.6386363636363637,0.0027685950413223145,,,,o2t2,5,byfarm_fold5,42,yolo11s,tree
0.5865598290598292,0.30838418803418804,0.56508935063991,0.7023497175288406,0.886346153846154,0.5958333333333334,0.2775,,,,o2t2,5,byfarm_fold5,1,yolo11s,tree
0.3758751982372674,0.20722323101269882,0.4338453542573175,0.4606423963460155,0.591952517788725,0.4011538461538462,0.13451923076923078,,,,o2t2,5,byfarm_fold5,2,yolo11s,tree
0.4634497354497354,0.27406386584282927,0.41963898612766926,0.3100452558644887,0.7180158730158731,0.587,0.08533333333333332,,,,o2t2,5,byfarm_fold5,3,yolo11s,tree
0.45574619618343326,0.24557810179535283,0.4057585418296175,0.6250237493593632,0.1941407624633431,0.5493478260869566,0.62375,,,,o2t2,5,byfarm_fold5,4,yolo11s,tree
0.6132783882783883,0.267830463980464,0.5899710841648835,0.5109958403090366,0.7098351648351651,0.575,0.555,,,,o2t2,5,byfarm_fold6,42,yolo11s,tree
0.4092659345391903,0.18596743316975878,0.3236734462030771,0.5421629331665748,0.6044089147286821,0.523888888888889,0.0995,,,,o2t2,5,byfarm_fold6,1,yolo11s,tree
0.39926587301587296,0.22334920634920635,0.8831556533256565,0.2980830680146706,0.8148809523809525,0.355,0.027916666666666666,,,,o2t2,5,byfarm_fold6,2,yolo11s,tree
0.5852622498274672,0.309806884057971,0.7002152298903219,0.503968253968254,0.8517391304347828,0.569047619047619,0.335,,,,o2t2,5,byfarm_fold6,3,yolo11s,tree
0.5612301587301588,0.31733778998779,0.41581196581196583,0.8095238095238096,0.8083333333333333,0.425,0.4503571428571428,,,,o2t2,5,byfarm_fold6,4,yolo11s,tree
0.4058863008971705,0.1971275362318841,0.7483427124963445,0.38888888888888884,0.7486231884057971,0.23833333333333334,0.23070238095238094,,,,o2t2,5,byfarm_fold7,42,yolo11s,tree
0.6041203703703705,0.31636018518518516,0.5174443177329479,0.5804313576979682,0.9120833333333335,0.6227777777777778,0.2775,,,,o2t2,5,byfarm_fold7,1,yolo11s,tree
0.5953439153439154,0.31109404761904763,0.5132534716878588,0.5434220060863559,0.9672222222222222,0.5971428571428571,0.2216666666666667,,,,o2t2,5,byfarm_fold7,2,yolo11s,tree
0.5164841269841269,0.2326191414917221,0.48969520814111495,0.4821041856910624,0.7368333333333332,0.3833333333333333,0.4292857142857142,,,,o2t2,5,byfarm_fold7,3,yolo11s,tree
0.47086477411477407,0.24864596052096052,0.6106369592667927,0.4979767394262066,0.7916904761904762,0.47115384615384615,0.14975,,,,o2t2,5,byfarm_fold7,4,yolo11s,tree
0.3160645942468523,0.1884915768232509,0.9852702255838041,0.16666666666666666,0.6303277777777778,0.285,0.032866004962779166,,,,o2t2,5,random,42,yolo11s,tree
0.2663343253968254,0.1431393849206349,0.5267780972298235,0.3055555555555555,0.2969196428571429,0.30833333333333335,0.19375,,,,o2t2,5,random,1,yolo11s,tree
0.276770202020202,0.16872146464646462,0.5552385822205906,0.2490490799951053,0.766060606060606,0.06425,0.0,,,,o2t2,5,random,2,yolo11s,tree
0.3393333333333333,0.17094444444444443,0.263986013986014,0.503968253968254,0.6513333333333333,0.255,0.11166666666666666,,,,o2t2,5,random,3,yolo11s,tree
0.2475057471264368,0.1501313439434129,0.5280879314608308,0.26663493131353583,0.2505172413793104,0.425,0.067,,,,o2t2,5,random,4,yolo11s,tree
