stem,image,farm,farm_source,matched_file,n_boxes,classes,primary,split_random,split_farm_fold0,split_farm_fold1,split_farm_fold2,split_farm_fold3,split_farm_fold4,split_farm_fold5,split_farm_fold6,split_farm_fold7,split_gps_fold0,split_gps_fold1,split_gps_fold2,split_gps_fold3,split_gps_fold4,split_gps_fold5,split_gps_fold6,split_gps_fold7
IMG_0002,dataset_store/merged_peninsula/images/IMG_0002.jpg,0,gps,IMG_0002.HEIC,21,0,0,train,val,train,train,train,train,train,train,train,val,train,train,train,train,train,train,train
IMG_0003,dataset_store/merged_peninsula/images/IMG_0003.jpg,0,gps,IMG_0003.HEIC,0,,-1,train,val,train,train,train,train,train,train,train,val,train,train,train,train,train,train,train
IMG_0008,dataset_store/merged_peninsula/images/IMG_0008.jpg,0,gps,IMG_0008.HEIC,0,,-1,train,val,train,train,train,train,train,train,train,val,train,train,train,train,train,train,train
IMG_0016,dataset_store/merged_peninsula/images/IMG_0016.jpg,0,gps,IMG_0016.HEIC,0,,-1,train,val,train,train,train,train,train,train,train,val,train,train,train,train,train,train,train
IMG_0028,dataset_store/merged_peninsula/images/IMG_0028.jpg,0,gps,IMG_0028.HEIC,0,,-1,val,val,train,train,train,train,train,train,train,val,train,train,train,train,train,train,train
IMG_0034,dataset_store/merged_peninsula/images/IMG_0034.jpg,0,gps,IMG_0034.HEIC,0,,-1,train,val,train,train,train,train,train,train,train,val,train,train,train,train,train,train,train
IMG_0040,dataset_store/merged_peninsula/images/IMG_0040.jpg,0,gps,IMG_0040.HEIC,0,,-1,train,val,train,train,train,train,train,train,train,val,train,train,train,train,train,train,train
IMG_0046,dataset_store/merged_peninsula/images/IMG_0046.jpg,0,gps,IMG_0046.HEIC,0,,-1,val,val,train,train,train,train,train,train,train,val,train,train,train,train,train,train,train
IMG_0051,dataset_store/merged_peninsula/images/IMG_0051.jpg,0,gps,IMG_0051.HEIC,0,,-1,train,val,train,train,train,train,train,train,train,val,train,train,train,train,train,train,train
IMG_0066,dataset_store/merged_peninsula/images/IMG_0066.jpg,3,gps,IMG_0066.HEIC,0,,-1,train,train,train,train,val,train,train,train,train,train,train,train,val,train,train,train,train
IMG_0069,dataset_store/merged_peninsula/images/IMG_0069.jpg,3,gps,IMG_0069.HEIC,6,0,0,val,train,train,train,val,train,train,train,train,train,train,train,val,train,train,train,train
IMG_0070,dataset_store/merged_peninsula/images/IMG_0070.jpg,3,gps,IMG_0070.HEIC,5,0,0,train,train,train,train,val,train,train,train,train,train,train,train,val,train,train,train,train
IMG_0072,dataset_store/merged_peninsula/images/IMG_0072.jpg,3,gps,IMG_0072.HEIC,5,"0,5",0,train,train,train,train,val,train,train,train,train,train,train,train,val,train,train,train,train
IMG_0073,dataset_store/merged_peninsula/images/IMG_0073.jpg,3,gps,IMG_0073.HEIC,9,0,0,train,train,train,train,val,train,train,train,train,train,train,train,val,train,train,train,train
IMG_0074,dataset_store/merged_peninsula/images/IMG_0074.jpg,3,gps,IMG_0074.HEIC,11,"0,3",0,train,train,train,train,val,train,train,train,train,train,train,train,val,train,train,train,train
IMG_0077,dataset_store/merged_peninsula/images/IMG_0077.jpg,3,gps,IMG_0077.HEIC,12,0,0,train,train,train,train,val,train,train,train,train,train,train,train,val,train,train,train,train
IMG_0078,dataset_store/merged_peninsula/images/IMG_0078.jpg,3,gps,IMG_0078.HEIC,13,0,0,train,train,train,train,val,train,train,train,train,train,train,train,val,train,train,train,train
IMG_0080,dataset_store/merged_peninsula/images/IMG_0080.jpg,3,gps,IMG_0080.HEIC,1,1,1,train,train,train,train,val,train,train,train,train,train,train,train,val,train,train,train,train
IMG_0083-HEIC,dataset_store/merged_peninsula/images/IMG_0083-HEIC.jpg,3,gps,IMG_0083.HEIC,1,1,1,train,train,train,train,val,train,train,train,train,train,train,train,val,train,train,train,train
IMG_0084,dataset_store/merged_peninsula/images/IMG_0084.jpg,3,gps,IMG_0084.HEIC,10,0,0,train,train,train,train,val,train,train,train,train,train,train,train,val,train,train,train,train
IMG_0089,dataset_store/merged_peninsula/images/IMG_0089.jpg,3,gps,IMG_0089.HEIC,7,0,0,train,train,train,train,val,train,train,train,train,train,train,train,val,train,train,train,train
IMG_0090,dataset_store/merged_peninsula/images/IMG_0090.jpg,3,gps,IMG_0090.HEIC,3,0,0,train,train,train,train,val,train,train,train,train,train,train,train,val,train,train,train,train
IMG_0091,dataset_store/merged_peninsula/images/IMG_0091.jpg,3,gps,IMG_0091.HEIC,2,0,0,train,train,train,train,val,train,train,train,train,train,train,train,val,train,train,train,train
IMG_0095,dataset_store/merged_peninsula/images/IMG_0095.jpg,3,gps,IMG_0095.HEIC,0,,-1,val,train,train,train,val,train,train,train,train,train,train,train,val,train,train,train,train
IMG_0102,dataset_store/merged_peninsula/images/IMG_0102.jpg,3,gps,IMG_0102.HEIC,0,,-1,train,train,train,train,val,train,train,train,train,train,train,train,val,train,train,train,train
IMG_0104-HEIC,dataset_store/merged_peninsula/images/IMG_0104-HEIC.jpg,3,gps,IMG_0104.HEIC,3,5,5,train,train,train,train,val,train,train,train,train,train,train,train,val,train,train,train,train
IMG_0105-HEIC,dataset_store/merged_peninsula/images/IMG_0105-HEIC.jpg,3,gps,IMG_0105.HEIC,1,5,5,train,train,train,train,val,train,train,train,train,train,train,train,val,train,train,train,train
IMG_0106-HEIC,dataset_store/merged_peninsula/images/IMG_0106-HEIC.jpg,3,gps,IMG_0106.HEIC,1,5,5,train,train,train,train,val,train,train,train,train,train,train,train,val,train,train,train,train
IMG_0108-HEIC,dataset_store/merged_peninsula/images/IMG_0108-HEIC.jpg,3,gps,IMG_0108.HEIC,1,5,5,val,train,train,train,val,train,train,train,train,train,train,train,val,train,train,train,train
IMG_0109-HEIC,dataset_store/merged_peninsula/images/IMG_0109-HEIC.jpg,3,gps,IMG_0109.HEIC,1,5,5,train,train,train,train,val,train,train,train,train,train,train,train,val,train,train,train,train
IMG_0111-HEIC,dataset_store/merged_peninsula/images/IMG_0111-HEIC.jpg,3,gps,IMG_0111.HEIC,2,5,5,val,train,train,train,val,train,train,train,train,train,train,train,val,train,train,train,train
IMG_0116-HEIC,dataset_store/merged_peninsula/images/IMG_0116-HEIC.jpg,3,gps,IMG_0116.HEIC,0,,-1,val,train,train,train,val,train,train,train,train,train,train,train,val,train,train,train,train
IMG_0126-HEIC,dataset_store/merged_peninsula/images/IMG_0126-HEIC.jpg,3,gps,IMG_0126.HEIC,1,5,5,train,train,train,train,val,train,train,train,train,train,train,train,val,train,train,train,train
IMG_0136,dataset_store/merged_peninsula/images/IMG_0136.jpg,3,gps,IMG_0136.HEIC,0,,-1,train,train,train,train,val,train,train,train,train,train,train,train,val,train,train,train,train
IMG_0142,dataset_store/merged_peninsula/images/IMG_0142.jpg,3,gps,IMG_0142(1).HEIC,0,,-1,train,train,train,train,val,train,train,train,train,train,train,train,val,train,train,train,train
IMG_0148,dataset_store/merged_peninsula/images/IMG_0148.jpg,3,gps,IMG_0148.HEIC,0,,-1,train,train,train,train,val,train,train,train,train,train,train,train,val,train,train,train,train
IMG_0153,dataset_store/merged_peninsula/images/IMG_0153.jpg,3,gps,IMG_0153.HEIC,0,,-1,train,train,train,train,val,train,train,train,train,train,train,train,val,train,train,train,train
IMG_0159,dataset_store/merged_peninsula/images/IMG_0159.jpg,3,gps,IMG_0159.HEIC,0,,-1,train,train,train,train,val,train,train,train,train,train,train,train,val,train,train,train,train
IMG_0165,dataset_store/merged_peninsula/images/IMG_0165.jpg,3,gps,IMG_0165.HEIC,0,,-1,train,train,train,train,val,train,train,train,train,train,train,train,val,train,train,train,train
IMG_0173,dataset_store/merged_peninsula/images/IMG_0173.jpg,3,gps,IMG_0173.HEIC,4,0,0,train,train,train,train,val,train,train,train,train,train,train,train,val,train,train,train,train
IMG_0174,dataset_store/merged_peninsula/images/IMG_0174.jpg,3,gps,IMG_0174.HEIC,9,0,0,train,train,train,train,val,train,train,train,train,train,train,train,val,train,train,train,train
IMG_0175,dataset_store/merged_peninsula/images/IMG_0175.jpg,3,gps,IMG_0175.HEIC,7,0,0,train,train,train,train,val,train,train,train,train,train,train,train,val,train,train,train,train
IMG_0177,dataset_store/merged_peninsula/images/IMG_0177.jpg,3,gps,IMG_0177.HEIC,6,0,0,train,train,train,train,val,train,train,train,train,train,train,train,val,train,train,train,train
IMG_0178,dataset_store/merged_peninsula/images/IMG_0178.jpg,3,gps,IMG_0178.HEIC,9,0,0,train,train,train,train,val,train,train,train,train,train,train,train,val,train,train,train,train
IMG_0179,dataset_store/merged_peninsula/images/IMG_0179.jpg,3,gps,IMG_0178.HEIC,9,0,0,train,train,train,train,val,train,train,train,train,train,train,train,val,train,train,train,train
IMG_0182-HEIC,dataset_store/merged_peninsula/images/IMG_0182-HEIC.jpg,3,gps,IMG_0182.HEIC,9,0,0,train,train,train,train,val,train,train,train,train,train,train,train,val,train,train,train,train
IMG_0184,dataset_store/merged_peninsula/images/IMG_0184.jpg,3,gps,IMG_0184.HEIC,4,0,0,train,train,train,train,val,train,train,train,train,train,train,train,val,train,train,train,train
IMG_0185,dataset_store/merged_peninsula/images/IMG_0185.jpg,3,gps,IMG_0185.HEIC,3,0,0,train,train,train,train,val,train,train,train,train,train,train,train,val,train,train,train,train
IMG_0187-HEIC,dataset_store/merged_peninsula/images/IMG_0187-HEIC.jpg,3,gps,IMG_0187.HEIC,3,0,0,train,train,train,train,val,train,train,train,train,train,train,train,val,train,train,train,train
IMG_0192,dataset_store/merged_peninsula/images/IMG_0192.jpg,3,gps,IMG_0192.HEIC,0,,-1,train,train,train,train,val,train,train,train,train,train,train,train,val,train,train,train,train
IMG_0198,dataset_store/merged_peninsula/images/IMG_0198.jpg,3,gps,IMG_0198.HEIC,0,,-1,train,train,train,train,val,train,train,train,train,train,train,train,val,train,train,train,train
IMG_0204,dataset_store/merged_peninsula/images/IMG_0204.jpg,3,gps,IMG_0204.HEIC,0,,-1,train,train,train,train,val,train,train,train,train,train,train,train,val,train,train,train,train
IMG_0209,dataset_store/merged_peninsula/images/IMG_0209.jpg,3,gps,IMG_0209.HEIC,4,0,0,train,train,train,train,val,train,train,train,train,train,train,train,val,train,train,train,train
IMG_0210,dataset_store/merged_peninsula/images/IMG_0210.jpg,3,gps,IMG_0210.HEIC,3,0,0,train,train,train,train,val,train,train,train,train,train,train,train,val,train,train,train,train
IMG_0211,dataset_store/merged_peninsula/images/IMG_0211.jpg,3,gps,IMG_0211.HEIC,3,0,0,train,train,train,train,val,train,train,train,train,train,train,train,val,train,train,train,train
IMG_0218,dataset_store/merged_peninsula/images/IMG_0218.jpg,3,gps,IMG_0218.HEIC,8,0,0,train,train,train,train,val,train,train,train,train,train,train,train,val,train,train,train,train
IMG_0219,dataset_store/merged_peninsula/images/IMG_0219.jpg,3,gps,IMG_0219.HEIC,9,0,0,train,train,train,train,val,train,train,train,train,train,train,train,val,train,train,train,train
IMG_0220,dataset_store/merged_peninsula/images/IMG_0220.jpg,3,gps,IMG_0220.HEIC,8,0,0,train,train,train,train,val,train,train,train,train,train,train,train,val,train,train,train,train
IMG_0223,dataset_store/merged_peninsula/images/IMG_0223.jpg,3,gps,IMG_0223.HEIC,0,,-1,train,train,train,train,val,train,train,train,train,train,train,train,val,train,train,train,train
IMG_0230,dataset_store/merged_peninsula/images/IMG_0230.jpg,3,gps,IMG_0230.HEIC,0,,-1,train,train,train,train,val,train,train,train,train,train,train,train,val,train,train,train,train
IMG_0235,dataset_store/merged_peninsula/images/IMG_0235.jpg,3,gps,IMG_0235.HEIC,0,,-1,train,train,train,train,val,train,train,train,train,train,train,train,val,train,train,train,train
IMG_0238,dataset_store/merged_peninsula/images/IMG_0238.jpg,3,gps,IMG_0238.HEIC,3,1,1,val,train,train,train,val,train,train,train,train,train,train,train,val,train,train,train,train
IMG_0256,dataset_store/merged_peninsula/images/IMG_0256.jpg,3,gps,IMG_0256.HEIC,4,1,1,train,train,train,train,val,train,train,train,train,train,train,train,val,train,train,train,train
IMG_0257,dataset_store/merged_peninsula/images/IMG_0257.jpg,3,gps,IMG_0257.HEIC,1,1,1,val,train,train,train,val,train,train,train,train,train,train,train,val,train,train,train,train
IMG_0260,dataset_store/merged_peninsula/images/IMG_0260.jpg,3,gps,IMG_0260.HEIC,6,0,0,train,train,train,train,val,train,train,train,train,train,train,train,val,train,train,train,train
IMG_0262,dataset_store/merged_peninsula/images/IMG_0262.jpg,3,gps,IMG_0262.HEIC,5,0,0,train,train,train,train,val,train,train,train,train,train,train,train,val,train,train,train,train
IMG_0263,dataset_store/merged_peninsula/images/IMG_0263.jpg,3,gps,IMG_0263.HEIC,5,0,0,val,train,train,train,val,train,train,train,train,train,train,train,val,train,train,train,train
IMG_0267,dataset_store/merged_peninsula/images/IMG_0267.jpg,3,gps,IMG_0267.HEIC,0,,-1,val,train,train,train,val,train,train,train,train,train,train,train,val,train,train,train,train
IMG_0273,dataset_store/merged_peninsula/images/IMG_0273.jpg,3,gps,IMG_0273.HEIC,0,,-1,train,train,train,train,val,train,train,train,train,train,train,train,val,train,train,train,train
IMG_0279,dataset_store/merged_peninsula/images/IMG_0279.jpg,3,gps,IMG_0279.HEIC,0,,-1,val,train,train,train,val,train,train,train,train,train,train,train,val,train,train,train,train
IMG_0284,dataset_store/merged_peninsula/images/IMG_0284.jpg,3,gps,IMG_0284.HEIC,0,,-1,train,train,train,train,val,train,train,train,train,train,train,train,val,train,train,train,train
IMG_0291,dataset_store/merged_peninsula/images/IMG_0291.jpg,0,gps,IMG_0291.HEIC,0,,-1,train,val,train,train,train,train,train,train,train,val,train,train,train,train,train,train,train
IMG_0300,dataset_store/merged_peninsula/images/IMG_0300.jpg,0,gps,IMG_0300.HEIC,0,,-1,train,val,train,train,train,train,train,train,train,val,train,train,train,train,train,train,train
IMG_0305,dataset_store/merged_peninsula/images/IMG_0305.jpg,0,gps,IMG_0305.HEIC,0,,-1,train,val,train,train,train,train,train,train,train,val,train,train,train,train,train,train,train
IMG_0311,dataset_store/merged_peninsula/images/IMG_0311.jpg,0,gps,IMG_0311.HEIC,0,,-1,train,val,train,train,train,train,train,train,train,val,train,train,train,train,train,train,train
IMG_0323,dataset_store/merged_peninsula/images/IMG_0323.jpg,0,gps,IMG_0323.HEIC,0,,-1,val,val,train,train,train,train,train,train,train,val,train,train,train,train,train,train,train
IMG_0328,dataset_store/merged_peninsula/images/IMG_0328.jpg,0,gps,IMG_0328.HEIC,0,,-1,train,val,train,train,train,train,train,train,train,val,train,train,train,train,train,train,train
IMG_0340,dataset_store/merged_peninsula/images/IMG_0340.jpg,0,gps,IMG_0340.HEIC,0,,-1,train,val,train,train,train,train,train,train,train,val,train,train,train,train,train,train,train
IMG_0346,dataset_store/merged_peninsula/images/IMG_0346.jpg,0,gps,IMG_0346.HEIC,0,,-1,train,val,train,train,train,train,train,train,train,val,train,train,train,train,train,train,train
IMG_0351,dataset_store/merged_peninsula/images/IMG_0351.jpg,0,gps,IMG_0351.HEIC,0,,-1,val,val,train,train,train,train,train,train,train,val,train,train,train,train,train,train,train
IMG_0358,dataset_store/merged_peninsula/images/IMG_0358.jpg,0,gps,IMG_0358.HEIC,0,,-1,val,val,train,train,train,train,train,train,train,val,train,train,train,train,train,train,train
IMG_0364,dataset_store/merged_peninsula/images/IMG_0364.jpg,0,gps,IMG_0364.HEIC,0,,-1,train,val,train,train,train,train,train,train,train,val,train,train,train,train,train,train,train
IMG_0370,dataset_store/merged_peninsula/images/IMG_0370.jpg,0,gps,IMG_0370.HEIC,0,,-1,train,val,train,train,train,train,train,train,train,val,train,train,train,train,train,train,train
IMG_0375,dataset_store/merged_peninsula/images/IMG_0375.jpg,0,gps,IMG_0375.HEIC,0,,-1,train,val,train,train,train,train,train,train,train,val,train,train,train,train,train,train,train
IMG_0381,dataset_store/merged_peninsula/images/IMG_0381.jpg,0,gps,IMG_0381.HEIC,0,,-1,train,val,train,train,train,train,train,train,train,val,train,train,train,train,train,train,train
IMG_0387,dataset_store/merged_peninsula/images/IMG_0387.jpg,0,gps,IMG_0387.HEIC,0,,-1,train,val,train,train,train,train,train,train,train,val,train,train,train,train,train,train,train
IMG_0393,dataset_store/merged_peninsula/images/IMG_0393.jpg,0,gps,IMG_0393.HEIC,0,,-1,val,val,train,train,train,train,train,train,train,val,train,train,train,train,train,train,train
IMG_0398,dataset_store/merged_peninsula/images/IMG_0398.jpg,0,gps,IMG_0398.HEIC,0,,-1,val,val,train,train,train,train,train,train,train,val,train,train,train,train,train,train,train
IMG_0404,dataset_store/merged_peninsula/images/IMG_0404.jpg,0,gps,IMG_0404.HEIC,0,,-1,train,val,train,train,train,train,train,train,train,val,train,train,train,train,train,train,train
IMG_0410,dataset_store/merged_peninsula/images/IMG_0410.jpg,0,gps,IMG_0410.HEIC,0,,-1,train,val,train,train,train,train,train,train,train,val,train,train,train,train,train,train,train
IMG_0416,dataset_store/merged_peninsula/images/IMG_0416.jpg,0,gps,IMG_0416.HEIC,0,,-1,train,val,train,train,train,train,train,train,train,val,train,train,train,train,train,train,train
IMG_0421,dataset_store/merged_peninsula/images/IMG_0421.jpg,0,gps,IMG_0421.HEIC,0,,-1,train,val,train,train,train,train,train,train,train,val,train,train,train,train,train,train,train
IMG_0427,dataset_store/merged_peninsula/images/IMG_0427.jpg,0,gps,IMG_0427.HEIC,0,,-1,train,val,train,train,train,train,train,train,train,val,train,train,train,train,train,train,train
IMG_0433,dataset_store/merged_peninsula/images/IMG_0433.jpg,0,gps,IMG_0433.HEIC,0,,-1,train,val,train,train,train,train,train,train,train,val,train,train,train,train,train,train,train
IMG_0439,dataset_store/merged_peninsula/images/IMG_0439.jpg,0,gps,IMG_0439.HEIC,0,,-1,train,val,train,train,train,train,train,train,train,val,train,train,train,train,train,train,train
IMG_0444,dataset_store/merged_peninsula/images/IMG_0444.jpg,0,gps,IMG_0444.HEIC,0,,-1,train,val,train,train,train,train,train,train,train,val,train,train,train,train,train,train,train
IMG_0450,dataset_store/merged_peninsula/images/IMG_0450.jpg,0,gps,IMG_0450.HEIC,0,,-1,val,val,train,train,train,train,train,train,train,val,train,train,train,train,train,train,train
IMG_0457,dataset_store/merged_peninsula/images/IMG_0457.jpg,0,gps,IMG_0457.HEIC,0,,-1,train,val,train,train,train,train,train,train,train,val,train,train,train,train,train,train,train
IMG_0737-HEIC,dataset_store/merged_peninsula/images/IMG_0737-HEIC.jpg,4,time_between,IMG_0737.HEIC,6,"3,4",4,train,train,train,train,train,val,train,train,train,,,,,,,,
IMG_0740-HEIC,dataset_store/merged_peninsula/images/IMG_0740-HEIC.jpg,4,time_between,IMG_0740.HEIC,3,5,5,train,train,train,train,train,val,train,train,train,,,,,,,,
IMG_0741-HEIC,dataset_store/merged_peninsula/images/IMG_0741-HEIC.jpg,4,time_between,IMG_0741.HEIC,2,5,5,train,train,train,train,train,val,train,train,train,,,,,,,,
IMG_0742-HEIC,dataset_store/merged_peninsula/images/IMG_0742-HEIC.jpg,4,time_between,IMG_0742.HEIC,1,5,5,train,train,train,train,train,val,train,train,train,,,,,,,,
IMG_0743-HEIC,dataset_store/merged_peninsula/images/IMG_0743-HEIC.jpg,4,time_between,IMG_0743.HEIC,2,5,5,train,train,train,train,train,val,train,train,train,,,,,,,,
IMG_0751-HEIC,dataset_store/merged_peninsula/images/IMG_0751-HEIC.jpg,4,time_between,IMG_0751.HEIC,1,5,5,val,train,train,train,train,val,train,train,train,,,,,,,,
IMG_0752-HEIC,dataset_store/merged_peninsula/images/IMG_0752-HEIC.jpg,4,time_between,IMG_0752.HEIC,1,5,5,val,train,train,train,train,val,train,train,train,,,,,,,,
IMG_0754-HEIC,dataset_store/merged_peninsula/images/IMG_0754-HEIC.jpg,4,time_between,IMG_0754.HEIC,1,5,5,train,train,train,train,train,val,train,train,train,,,,,,,,
IMG_0755-HEIC,dataset_store/merged_peninsula/images/IMG_0755-HEIC.jpg,4,time_between,IMG_0755.HEIC,1,5,5,val,train,train,train,train,val,train,train,train,,,,,,,,
IMG_0756-HEIC,dataset_store/merged_peninsula/images/IMG_0756-HEIC.jpg,4,time_between,IMG_0756.HEIC,1,5,5,train,train,train,train,train,val,train,train,train,,,,,,,,
IMG_0757-HEIC,dataset_store/merged_peninsula/images/IMG_0757-HEIC.jpg,4,time_between,IMG_0757.HEIC,69,"0,3,4",3,train,train,train,train,train,val,train,train,train,,,,,,,,
IMG_0758-HEIC,dataset_store/merged_peninsula/images/IMG_0758-HEIC.jpg,4,time_between,IMG_0758.HEIC,28,"0,3",3,train,train,train,train,train,val,train,train,train,,,,,,,,
IMG_0759-HEIC,dataset_store/merged_peninsula/images/IMG_0759-HEIC.jpg,4,time_between,IMG_0759.HEIC,30,"0,3",3,train,train,train,train,train,val,train,train,train,,,,,,,,
IMG_0760-HEIC,dataset_store/merged_peninsula/images/IMG_0760-HEIC.jpg,4,time_between,IMG_0760.HEIC,33,"0,3",3,val,train,train,train,train,val,train,train,train,,,,,,,,
IMG_0761-HEIC,dataset_store/merged_peninsula/images/IMG_0761-HEIC.jpg,4,time_between,IMG_0761.HEIC,43,"0,3",3,val,train,train,train,train,val,train,train,train,,,,,,,,
IMG_0763-HEIC,dataset_store/merged_peninsula/images/IMG_0763-HEIC.jpg,4,time_between,IMG_0763.HEIC,26,"0,3",3,train,train,train,train,train,val,train,train,train,,,,,,,,
IMG_0764-HEIC,dataset_store/merged_peninsula/images/IMG_0764-HEIC.jpg,4,time_between,IMG_0764.HEIC,35,3,3,train,train,train,train,train,val,train,train,train,,,,,,,,
IMG_0765-HEIC,dataset_store/merged_peninsula/images/IMG_0765-HEIC.jpg,4,time_between,IMG_0765.HEIC,30,"0,3",3,train,train,train,train,train,val,train,train,train,,,,,,,,
IMG_0766-HEIC,dataset_store/merged_peninsula/images/IMG_0766-HEIC.jpg,4,time_between,IMG_0766.HEIC,48,"0,3",3,train,train,train,train,train,val,train,train,train,,,,,,,,
IMG_0767-HEIC,dataset_store/merged_peninsula/images/IMG_0767-HEIC.jpg,4,time_between,IMG_0767.HEIC,53,3,3,train,train,train,train,train,val,train,train,train,,,,,,,,
IMG_0768-HEIC,dataset_store/merged_peninsula/images/IMG_0768-HEIC.jpg,4,time_between,IMG_0768.HEIC,53,3,3,train,train,train,train,train,val,train,train,train,,,,,,,,
IMG_0769-HEIC,dataset_store/merged_peninsula/images/IMG_0769-HEIC.jpg,4,time_between,IMG_0769.HEIC,47,3,3,val,train,train,train,train,val,train,train,train,,,,,,,,
IMG_0770-HEIC,dataset_store/merged_peninsula/images/IMG_0770-HEIC.jpg,4,time_between,IMG_0770.HEIC,65,3,3,train,train,train,train,train,val,train,train,train,,,,,,,,
IMG_0771-HEIC,dataset_store/merged_peninsula/images/IMG_0771-HEIC.jpg,4,time_between,IMG_0771.HEIC,33,3,3,train,train,train,train,train,val,train,train,train,,,,,,,,
IMG_0772-HEIC,dataset_store/merged_peninsula/images/IMG_0772-HEIC.jpg,4,time_between,IMG_0772.HEIC,45,3,3,train,train,train,train,train,val,train,train,train,,,,,,,,
IMG_0773-HEIC,dataset_store/merged_peninsula/images/IMG_0773-HEIC.jpg,4,time_between,IMG_0773.HEIC,50,"3,4",3,train,train,train,train,train,val,train,train,train,,,,,,,,
IMG_1908,dataset_store/merged_peninsula/images/IMG_1908.jpg,5,time_between,IMG_1908.HEIC,12,4,4,train,train,train,train,train,train,val,train,train,,,,,,,,
IMG_1909,dataset_store/merged_peninsula/images/IMG_1909.jpg,5,time_between,IMG_1909.HEIC,11,"4,5",4,train,train,train,train,train,train,val,train,train,,,,,,,,
IMG_1912,dataset_store/merged_peninsula/images/IMG_1912.jpg,5,time_between,IMG_1912.HEIC,45,"3,4",4,train,train,train,train,train,train,val,train,train,,,,,,,,
IMG_1913,dataset_store/merged_peninsula/images/IMG_1913.jpg,5,time_between,IMG_1913.HEIC,40,"3,4",4,train,train,train,train,train,train,val,train,train,,,,,,,,
IMG_1914,dataset_store/merged_peninsula/images/IMG_1914.jpg,5,time_between,IMG_1914.HEIC,45,"3,4",3,train,train,train,train,train,train,val,train,train,,,,,,,,
IMG_1915,dataset_store/merged_peninsula/images/IMG_1915.jpg,5,time_between,IMG_1915.HEIC,53,"3,4",3,val,train,train,train,train,train,val,train,train,,,,,,,,
IMG_1916,dataset_store/merged_peninsula/images/IMG_1916.jpg,5,time_between,IMG_1916.HEIC,42,"3,4",3,train,train,train,train,train,train,val,train,train,,,,,,,,
IMG_1917,dataset_store/merged_peninsula/images/IMG_1917.jpg,5,time_between,IMG_1917.HEIC,21,4,4,train,train,train,train,train,train,val,train,train,,,,,,,,
IMG_1918,dataset_store/merged_peninsula/images/IMG_1918.jpg,5,time_between,IMG_1918.HEIC,16,4,4,train,train,train,train,train,train,val,train,train,,,,,,,,
IMG_1922,dataset_store/merged_peninsula/images/IMG_1922.jpg,5,time_between,IMG_1922.HEIC,12,"3,4",4,val,train,train,train,train,train,val,train,train,,,,,,,,
IMG_1923,dataset_store/merged_peninsula/images/IMG_1923.jpg,5,time_between,IMG_1923.HEIC,7,"3,4",3,train,train,train,train,train,train,val,train,train,,,,,,,,
IMG_1924,dataset_store/merged_peninsula/images/IMG_1924.jpg,5,time_between,IMG_1924.HEIC,16,"3,4",3,train,train,train,train,train,train,val,train,train,,,,,,,,
IMG_1925,dataset_store/merged_peninsula/images/IMG_1925.jpg,5,time_between,IMG_1925.HEIC,17,"3,4",3,train,train,train,train,train,train,val,train,train,,,,,,,,
IMG_1928,dataset_store/merged_peninsula/images/IMG_1928.jpg,5,time_between,IMG_1928.HEIC,1,0,0,train,train,train,train,train,train,val,train,train,,,,,,,,
IMG_1929,dataset_store/merged_peninsula/images/IMG_1929.jpg,5,time_between,IMG_1929.HEIC,1,0,0,val,train,train,train,train,train,val,train,train,,,,,,,,
IMG_1956,dataset_store/merged_peninsula/images/IMG_1956.jpg,5,time_between,IMG_1956.HEIC,12,2,2,train,train,train,train,train,train,val,train,train,,,,,,,,
IMG_1957,dataset_store/merged_peninsula/images/IMG_1957.jpg,5,time_between,IMG_1957.HEIC,17,2,2,train,train,train,train,train,train,val,train,train,,,,,,,,
IMG_1958,dataset_store/merged_peninsula/images/IMG_1958.jpg,5,time_between,IMG_1958.HEIC,26,2,2,train,train,train,train,train,train,val,train,train,,,,,,,,
IMG_1959,dataset_store/merged_peninsula/images/IMG_1959.jpg,5,time_between,IMG_1959.HEIC,29,"2,3,4",2,train,train,train,train,train,train,val,train,train,,,,,,,,
IMG_1960,dataset_store/merged_peninsula/images/IMG_1960.jpg,5,time_between,IMG_1960.HEIC,24,"2,3,4",2,val,train,train,train,train,train,val,train,train,,,,,,,,
IMG_1961,dataset_store/merged_peninsula/images/IMG_1961.jpg,5,time_between,IMG_1961.HEIC,13,2,2,train,train,train,train,train,train,val,train,train,,,,,,,,
IMG_1962,dataset_store/merged_peninsula/images/IMG_1962.jpg,5,time_between,IMG_1962.HEIC,14,2,2,train,train,train,train,train,train,val,train,train,,,,,,,,
IMG_1963,dataset_store/merged_peninsula/images/IMG_1963.jpg,5,time_between,IMG_1963.HEIC,10,2,2,train,train,train,train,train,train,val,train,train,,,,,,,,
IMG_1964,dataset_store/merged_peninsula/images/IMG_1964.jpg,5,time_between,IMG_1964.HEIC,15,2,2,train,train,train,train,train,train,val,train,train,,,,,,,,
IMG_1965,dataset_store/merged_peninsula/images/IMG_1965.jpg,5,time_between,IMG_1965.HEIC,26,2,2,train,train,train,train,train,train,val,train,train,,,,,,,,
IMG_1966,dataset_store/merged_peninsula/images/IMG_1966.jpg,5,time_between,IMG_1966.HEIC,31,2,2,train,train,train,train,train,train,val,train,train,,,,,,,,
IMG_1968,dataset_store/merged_peninsula/images/IMG_1968.jpg,5,time_between,IMG_1968.HEIC,21,2,2,train,train,train,train,train,train,val,train,train,,,,,,,,
IMG_1969,dataset_store/merged_peninsula/images/IMG_1969.jpg,5,time_between,IMG_1969.HEIC,24,2,2,train,train,train,train,train,train,val,train,train,,,,,,,,
IMG_1970,dataset_store/merged_peninsula/images/IMG_1970.jpg,5,time_between,IMG_1970.HEIC,19,2,2,train,train,train,train,train,train,val,train,train,,,,,,,,
IMG_1971,dataset_store/merged_peninsula/images/IMG_1971.jpg,5,time_between,IMG_1971.HEIC,24,2,2,train,train,train,train,train,train,val,train,train,,,,,,,,
IMG_1993,dataset_store/merged_peninsula/images/IMG_1993.jpg,5,time_between,IMG_1993.HEIC,33,2,2,train,train,train,train,train,train,val,train,train,,,,,,,,
IMG_1996,dataset_store/merged_peninsula/images/IMG_1996.jpg,5,time_between,IMG_1996.HEIC,41,2,2,train,train,train,train,train,train,val,train,train,,,,,,,,
IMG_1997,dataset_store/merged_peninsula/images/IMG_1997.jpg,5,time_between,IMG_1997.HEIC,38,2,2,val,train,train,train,train,train,val,train,train,,,,,,,,
IMG_1998,dataset_store/merged_peninsula/images/IMG_1998.jpg,5,time_between,IMG_1998.HEIC,37,2,2,val,train,train,train,train,train,val,train,train,,,,,,,,
IMG_1999,dataset_store/merged_peninsula/images/IMG_1999.jpg,5,time_between,IMG_1999.HEIC,28,2,2,train,train,train,train,train,train,val,train,train,,,,,,,,
IMG_2001,dataset_store/merged_peninsula/images/IMG_2001.jpg,5,time_between,IMG_2001.HEIC,28,2,2,train,train,train,train,train,train,val,train,train,,,,,,,,
IMG_2002,dataset_store/merged_peninsula/images/IMG_2002.jpg,5,time_between,IMG_2002.HEIC,25,2,2,train,train,train,train,train,train,val,train,train,,,,,,,,
IMG_2009,dataset_store/merged_peninsula/images/IMG_2009.jpg,5,time_between,IMG_2009.HEIC,1,5,5,train,train,train,train,train,train,val,train,train,,,,,,,,
IMG_2010,dataset_store/merged_peninsula/images/IMG_2010.jpg,5,time_between,IMG_2010.HEIC,1,5,5,train,train,train,train,train,train,val,train,train,,,,,,,,
IMG_2011,dataset_store/merged_peninsula/images/IMG_2011.jpg,5,time_between,IMG_2011.HEIC,1,5,5,train,train,train,train,train,train,val,train,train,,,,,,,,
IMG_2012,dataset_store/merged_peninsula/images/IMG_2012.jpg,5,time_between,IMG_2012.HEIC,1,5,5,train,train,train,train,train,train,val,train,train,,,,,,,,
IMG_2013,dataset_store/merged_peninsula/images/IMG_2013.jpg,5,time_between,IMG_2013.HEIC,1,5,5,train,train,train,train,train,train,val,train,train,,,,,,,,
IMG_2014,dataset_store/merged_peninsula/images/IMG_2014.jpg,5,time_between,IMG_2014.HEIC,1,5,5,train,train,train,train,train,train,val,train,train,,,,,,,,
IMG_2015,dataset_store/merged_peninsula/images/IMG_2015.jpg,5,time_between,IMG_2015.HEIC,1,5,5,train,train,train,train,train,train,val,train,train,,,,,,,,
IMG_2016,dataset_store/merged_peninsula/images/IMG_2016.jpg,5,time_between,IMG_2016.HEIC,1,5,5,train,train,train,train,train,train,val,train,train,,,,,,,,
IMG_2018,dataset_store/merged_peninsula/images/IMG_2018.jpg,5,time_between,IMG_2018.HEIC,8,2,2,val,train,train,train,train,train,val,train,train,,,,,,,,
IMG_2019,dataset_store/merged_peninsula/images/IMG_2019.jpg,5,time_between,IMG_2019.HEIC,6,2,2,train,train,train,train,train,train,val,train,train,,,,,,,,
IMG_2022,dataset_store/merged_peninsula/images/IMG_2022.jpg,5,time_between,IMG_2022.HEIC,1,1,1,train,train,train,train,train,train,val,train,train,,,,,,,,
IMG_2023,dataset_store/merged_peninsula/images/IMG_2023.jpg,5,time_between,IMG_2023.HEIC,7,"1,2",2,val,train,train,train,train,train,val,train,train,,,,,,,,
IMG_2024,dataset_store/merged_peninsula/images/IMG_2024.jpg,5,time_between,IMG_2024.HEIC,1,5,5,val,train,train,train,train,train,val,train,train,,,,,,,,
IMG_2025,dataset_store/merged_peninsula/images/IMG_2025.jpg,5,time_between,IMG_2025.HEIC,1,5,5,val,train,train,train,train,train,val,train,train,,,,,,,,
IMG_2026,dataset_store/merged_peninsula/images/IMG_2026.jpg,5,time_between,IMG_2026.HEIC,1,5,5,train,train,train,train,train,train,val,train,train,,,,,,,,
IMG_2030,dataset_store/merged_peninsula/images/IMG_2030.jpg,5,time_between,IMG_2030.HEIC,8,0,0,train,train,train,train,train,train,val,train,train,,,,,,,,
IMG_2031,dataset_store/merged_peninsula/images/IMG_2031.jpg,5,time_between,IMG_2031.HEIC,32,"0,2",2,train,train,train,train,train,train,val,train,train,,,,,,,,
IMG_2032,dataset_store/merged_peninsula/images/IMG_2032.jpg,5,time_between,IMG_2032.HEIC,11,0,0,train,train,train,train,train,train,val,train,train,,,,,,,,
IMG_2037,dataset_store/merged_peninsula/images/IMG_2037.jpg,5,time_between,IMG_2037.HEIC,44,"0,2,3",2,train,train,train,train,train,train,val,train,train,,,,,,,,
IMG_2038,dataset_store/merged_peninsula/images/IMG_2038.jpg,5,time_between,IMG_2038.HEIC,40,"0,2,3",2,train,train,train,train,train,train,val,train,train,,,,,,,,
IMG_2039,dataset_store/merged_peninsula/images/IMG_2039.jpg,5,time_between,IMG_2039.HEIC,43,"0,2,3",2,train,train,train,train,train,train,val,train,train,,,,,,,,
IMG_2040,dataset_store/merged_peninsula/images/IMG_2040.jpg,5,time_between,IMG_2040.HEIC,58,"0,2,3",2,train,train,train,train,train,train,val,train,train,,,,,,,,
IMG_2042,dataset_store/merged_peninsula/images/IMG_2042.jpg,5,time_between,IMG_2042.HEIC,49,"0,2,3",2,train,train,train,train,train,train,val,train,train,,,,,,,,
IMG_2043,dataset_store/merged_peninsula/images/IMG_2043.jpg,5,time_between,IMG_2043.HEIC,76,"0,3,4",3,train,train,train,train,train,train,val,train,train,,,,,,,,
IMG_2044,dataset_store/merged_peninsula/images/IMG_2044.jpg,5,time_between,IMG_2044.HEIC,73,"0,3",3,val,train,train,train,train,train,val,train,train,,,,,,,,
IMG_2045,dataset_store/merged_peninsula/images/IMG_2045.jpg,5,time_between,IMG_2045.HEIC,57,"0,2,3",2,train,train,train,train,train,train,val,train,train,,,,,,,,
IMG_2046,dataset_store/merged_peninsula/images/IMG_2046.jpg,5,time_between,IMG_2046.HEIC,2,2,2,train,train,train,train,train,train,val,train,train,,,,,,,,
IMG_2047,dataset_store/merged_peninsula/images/IMG_2047.jpg,5,time_between,IMG_2047.HEIC,29,"2,3,4",2,val,train,train,train,train,train,val,train,train,,,,,,,,
IMG_2048,dataset_store/merged_peninsula/images/IMG_2048.jpg,5,time_between,IMG_2048.HEIC,24,2,2,train,train,train,train,train,train,val,train,train,,,,,,,,
IMG_2049,dataset_store/merged_peninsula/images/IMG_2049.jpg,5,time_between,IMG_2049.HEIC,36,"0,2",2,train,train,train,train,train,train,val,train,train,,,,,,,,
IMG_2050,dataset_store/merged_peninsula/images/IMG_2050.jpg,5,time_between,IMG_2050.HEIC,48,"1,2",2,val,train,train,train,train,train,val,train,train,,,,,,,,
IMG_2051,dataset_store/merged_peninsula/images/IMG_2051.jpg,5,time_between,IMG_2051.HEIC,13,2,2,val,train,train,train,train,train,val,train,train,,,,,,,,
IMG_2052,dataset_store/merged_peninsula/images/IMG_2052.jpg,5,time_between,IMG_2052.HEIC,9,"0,5",0,train,train,train,train,train,train,val,train,train,,,,,,,,
IMG_2053,dataset_store/merged_peninsula/images/IMG_2053.jpg,5,time_between,IMG_2053.HEIC,2,5,5,train,train,train,train,train,train,val,train,train,,,,,,,,
IMG_2054,dataset_store/merged_peninsula/images/IMG_2054.jpg,5,time_between,IMG_2054.HEIC,2,5,5,train,train,train,train,train,train,val,train,train,,,,,,,,
IMG_2055,dataset_store/merged_peninsula/images/IMG_2055.jpg,5,time_between,IMG_2055.HEIC,2,5,5,val,train,train,train,train,train,val,train,train,,,,,,,,
IMG_2056,dataset_store/merged_peninsula/images/IMG_2056.jpg,5,time_between,IMG_2056.HEIC,1,5,5,train,train,train,train,train,train,val,train,train,,,,,,,,
IMG_2057,dataset_store/merged_peninsula/images/IMG_2057.jpg,5,time_between,IMG_2057.HEIC,24,"0,2",2,train,train,train,train,train,train,val,train,train,,,,,,,,
IMG_2058,dataset_store/merged_peninsula/images/IMG_2058.jpg,2,time_between,IMG_2058.HEIC,25,2,2,train,train,train,val,train,train,train,train,train,,,,,,,,
IMG_2059,dataset_store/merged_peninsula/images/IMG_2059.jpg,2,time_between,IMG_2059.HEIC,16,2,2,train,train,train,val,train,train,train,train,train,,,,,,,,
IMG_2060,dataset_store/merged_peninsula/images/IMG_2060.jpg,2,time_between,IMG_2060.HEIC,19,2,2,train,train,train,val,train,train,train,train,train,,,,,,,,
IMG_2061,dataset_store/merged_peninsula/images/IMG_2061.jpg,2,time_between,IMG_2061.HEIC,14,2,2,train,train,train,val,train,train,train,train,train,,,,,,,,
IMG_2062,dataset_store/merged_peninsula/images/IMG_2062.jpg,2,time_between,IMG_2062.HEIC,14,2,2,val,train,train,val,train,train,train,train,train,,,,,,,,
IMG_2063,dataset_store/merged_peninsula/images/IMG_2063.jpg,2,time_between,IMG_2063.HEIC,20,2,2,train,train,train,val,train,train,train,train,train,,,,,,,,
IMG_2064,dataset_store/merged_peninsula/images/IMG_2064.jpg,2,time_between,IMG_2064.HEIC,33,2,2,train,train,train,val,train,train,train,train,train,,,,,,,,
IMG_2066,dataset_store/merged_peninsula/images/IMG_2066.jpg,2,time_between,IMG_2066.HEIC,16,2,2,train,train,train,val,train,train,train,train,train,,,,,,,,
IMG_2067,dataset_store/merged_peninsula/images/IMG_2067.jpg,2,time_between,IMG_2067.HEIC,77,"0,2,3",2,train,train,train,val,train,train,train,train,train,,,,,,,,
IMG_2068,dataset_store/merged_peninsula/images/IMG_2068.jpg,2,time_between,IMG_2068.HEIC,63,"0,2,3",2,train,train,train,val,train,train,train,train,train,,,,,,,,
IMG_2069,dataset_store/merged_peninsula/images/IMG_2069.jpg,2,time_between,IMG_2069.HEIC,81,"0,2,3",2,val,train,train,val,train,train,train,train,train,,,,,,,,
IMG_2070,dataset_store/merged_peninsula/images/IMG_2070.jpg,2,time_between,IMG_2070.HEIC,56,"0,2,3",2,train,train,train,val,train,train,train,train,train,,,,,,,,
IMG_2071,dataset_store/merged_peninsula/images/IMG_2071.jpg,2,time_between,IMG_2071.HEIC,79,"0,2,3",2,val,train,train,val,train,train,train,train,train,,,,,,,,
IMG_2072,dataset_store/merged_peninsula/images/IMG_2072.jpg,2,time_between,IMG_2072.HEIC,66,"0,2,3",2,train,train,train,val,train,train,train,train,train,,,,,,,,
IMG_2073,dataset_store/merged_peninsula/images/IMG_2073.jpg,2,time_between,IMG_2073.HEIC,26,2,2,train,train,train,val,train,train,train,train,train,,,,,,,,
IMG_2074,dataset_store/merged_peninsula/images/IMG_2074.jpg,2,time_between,IMG_2074.HEIC,23,2,2,train,train,train,val,train,train,train,train,train,,,,,,,,
IMG_2075,dataset_store/merged_peninsula/images/IMG_2075.jpg,2,time_between,IMG_2075.HEIC,31,2,2,val,train,train,val,train,train,train,train,train,,,,,,,,
IMG_2076,dataset_store/merged_peninsula/images/IMG_2076.jpg,2,time_between,IMG_2076.HEIC,25,2,2,train,train,train,val,train,train,train,train,train,,,,,,,,
IMG_2077,dataset_store/merged_peninsula/images/IMG_2077.jpg,2,time_between,IMG_2077.HEIC,25,2,2,val,train,train,val,train,train,train,train,train,,,,,,,,
IMG_2078,dataset_store/merged_peninsula/images/IMG_2078.jpg,2,time_between,IMG_2078.HEIC,18,2,2,val,train,train,val,train,train,train,train,train,,,,,,,,
IMG_2079,dataset_store/merged_peninsula/images/IMG_2079.jpg,2,time_between,IMG_2079.HEIC,32,"2,3,4",2,train,train,train,val,train,train,train,train,train,,,,,,,,
IMG_2080,dataset_store/merged_peninsula/images/IMG_2080.jpg,2,time_between,IMG_2080.HEIC,20,"2,4",2,train,train,train,val,train,train,train,train,train,,,,,,,,
IMG_2081,dataset_store/merged_peninsula/images/IMG_2081.jpg,2,time_between,IMG_2081.HEIC,23,"2,3,4",2,train,train,train,val,train,train,train,train,train,,,,,,,,
IMG_2082,dataset_store/merged_peninsula/images/IMG_2082.jpg,2,time_between,IMG_2082.HEIC,30,"2,4",2,val,train,train,val,train,train,train,train,train,,,,,,,,
IMG_2083,dataset_store/merged_peninsula/images/IMG_2083.jpg,2,time_between,IMG_2083.HEIC,31,2,2,train,train,train,val,train,train,train,train,train,,,,,,,,
IMG_2084,dataset_store/merged_peninsula/images/IMG_2084.jpg,2,time_between,IMG_2084.HEIC,26,2,2,val,train,train,val,train,train,train,train,train,,,,,,,,
IMG_2085,dataset_store/merged_peninsula/images/IMG_2085.jpg,2,time_between,IMG_2085.HEIC,31,2,2,train,train,train,val,train,train,train,train,train,,,,,,,,
IMG_2088,dataset_store/merged_peninsula/images/IMG_2088.jpg,2,time_between,IMG_2088.HEIC,51,"0,1,2",2,train,train,train,val,train,train,train,train,train,,,,,,,,
IMG_2089,dataset_store/merged_peninsula/images/IMG_2089.jpg,2,time_between,IMG_2089.HEIC,42,"1,2",2,val,train,train,val,train,train,train,train,train,,,,,,,,
IMG_2095,dataset_store/merged_peninsula/images/IMG_2095.jpg,2,time_between,IMG_2095.HEIC,0,,-1,train,train,train,val,train,train,train,train,train,,,,,,,,
IMG_2100,dataset_store/merged_peninsula/images/IMG_2100.jpg,2,time_between,IMG_2100.HEIC,0,,-1,train,train,train,val,train,train,train,train,train,,,,,,,,
IMG_2101,dataset_store/merged_peninsula/images/IMG_2101.jpg,2,time_between,IMG_2101.HEIC,20,"0,1",1,train,train,train,val,train,train,train,train,train,,,,,,,,
IMG_2102,dataset_store/merged_peninsula/images/IMG_2102.jpg,2,time_between,IMG_2102.HEIC,18,"0,2",2,val,train,train,val,train,train,train,train,train,,,,,,,,
IMG_2103,dataset_store/merged_peninsula/images/IMG_2103.jpg,2,time_between,IMG_2103.HEIC,14,2,2,train,train,train,val,train,train,train,train,train,,,,,,,,
IMG_2104,dataset_store/merged_peninsula/images/IMG_2104.jpg,2,time_between,IMG_2104.HEIC,3,2,2,train,train,train,val,train,train,train,train,train,,,,,,,,
IMG_2105,dataset_store/merged_peninsula/images/IMG_2105.jpg,2,time_between,IMG_2105.HEIC,45,"2,4",2,train,train,train,val,train,train,train,train,train,,,,,,,,
IMG_2106,dataset_store/merged_peninsula/images/IMG_2106.jpg,2,time_between,IMG_2106.HEIC,44,"1,2,3,4",2,train,train,train,val,train,train,train,train,train,,,,,,,,
IMG_2107,dataset_store/merged_peninsula/images/IMG_2107.jpg,2,time_between,IMG_2107.HEIC,1,1,1,train,train,train,val,train,train,train,train,train,,,,,,,,
IMG_2108,dataset_store/merged_peninsula/images/IMG_2108.jpg,2,time_between,IMG_2108.HEIC,40,"0,1,3",3,train,train,train,val,train,train,train,train,train,,,,,,,,
IMG_2109,dataset_store/merged_peninsula/images/IMG_2109.jpg,2,time_between,IMG_2109.HEIC,26,2,2,train,train,train,val,train,train,train,train,train,,,,,,,,
IMG_2110,dataset_store/merged_peninsula/images/IMG_2110.jpg,2,time_between,IMG_2110.HEIC,19,2,2,train,train,train,val,train,train,train,train,train,,,,,,,,
IMG_2115,dataset_store/merged_peninsula/images/IMG_2115.jpg,2,time_between,IMG_2115.HEIC,31,2,2,val,train,train,val,train,train,train,train,train,,,,,,,,
IMG_2116,dataset_store/merged_peninsula/images/IMG_2116.jpg,2,time_between,IMG_2116.HEIC,34,2,2,train,train,train,val,train,train,train,train,train,,,,,,,,
IMG_2117,dataset_store/merged_peninsula/images/IMG_2117.jpg,2,time_between,IMG_2117.HEIC,26,2,2,train,train,train,val,train,train,train,train,train,,,,,,,,
IMG_2119,dataset_store/merged_peninsula/images/IMG_2119.jpg,2,time_between,IMG_2119.HEIC,13,2,2,val,train,train,val,train,train,train,train,train,,,,,,,,
IMG_2120,dataset_store/merged_peninsula/images/IMG_2120.jpg,2,time_between,IMG_2120.HEIC,20,2,2,train,train,train,val,train,train,train,train,train,,,,,,,,
IMG_2121,dataset_store/merged_peninsula/images/IMG_2121.jpg,2,time_between,IMG_2121.HEIC,18,2,2,train,train,train,val,train,train,train,train,train,,,,,,,,
IMG_2122,dataset_store/merged_peninsula/images/IMG_2122.jpg,2,time_between,IMG_2122(1).HEIC,21,2,2,train,train,train,val,train,train,train,train,train,,,,,,,,
IMG_2130,dataset_store/merged_peninsula/images/IMG_2130.jpg,2,time_between,IMG_2130.HEIC,31,"0,2",2,val,train,train,val,train,train,train,train,train,,,,,,,,
IMG_2131,dataset_store/merged_peninsula/images/IMG_2131.jpg,2,time_between,IMG_2131.HEIC,28,"0,2",2,train,train,train,val,train,train,train,train,train,,,,,,,,
IMG_2131-HEIC,dataset_store/merged_peninsula/images/IMG_2131-HEIC.jpg,7,gps,IMG_2131(1).HEIC,19,4,4,train,train,train,train,train,train,train,train,val,train,train,train,train,train,train,train,val
IMG_2132,dataset_store/merged_peninsula/images/IMG_2132.jpg,2,time_between,IMG_2132.HEIC,22,"0,4",4,val,train,train,val,train,train,train,train,train,,,,,,,,
IMG_2132-HEIC,dataset_store/merged_peninsula/images/IMG_2132-HEIC.jpg,7,gps,IMG_2132(1).HEIC,18,4,4,train,train,train,train,train,train,train,train,val,train,train,train,train,train,train,train,val
IMG_2133,dataset_store/merged_peninsula/images/IMG_2133.jpg,2,time_between,IMG_2133.HEIC,66,"0,2",2,train,train,train,val,train,train,train,train,train,,,,,,,,
IMG_2133-HEIC,dataset_store/merged_peninsula/images/IMG_2133-HEIC.jpg,7,gps,IMG_2133(1).HEIC,18,4,4,train,train,train,train,train,train,train,train,val,train,train,train,train,train,train,train,val
IMG_2134,dataset_store/merged_peninsula/images/IMG_2134.jpg,2,time_between,IMG_2134.HEIC,40,"0,2",2,train,train,train,val,train,train,train,train,train,,,,,,,,
IMG_2134-HEIC,dataset_store/merged_peninsula/images/IMG_2134-HEIC.jpg,7,gps,IMG_2134(1).HEIC,17,4,4,train,train,train,train,train,train,train,train,val,train,train,train,train,train,train,train,val
IMG_2135,dataset_store/merged_peninsula/images/IMG_2135.jpg,2,time_between,IMG_2135.HEIC,3,1,1,val,train,train,val,train,train,train,train,train,,,,,,,,
IMG_2138-HEIC,dataset_store/merged_peninsula/images/IMG_2138-HEIC.jpg,7,gps,IMG_2138.HEIC,15,"3,4",3,train,train,train,train,train,train,train,train,val,train,train,train,train,train,train,train,val
IMG_2139-HEIC,dataset_store/merged_peninsula/images/IMG_2139-HEIC.jpg,7,gps,IMG_2139.HEIC,9,3,3,val,train,train,train,train,train,train,train,val,train,train,train,train,train,train,train,val
IMG_2148-HEIC,dataset_store/merged_peninsula/images/IMG_2148-HEIC.jpg,7,gps,IMG_2148.HEIC,1,5,5,val,train,train,train,train,train,train,train,val,train,train,train,train,train,train,train,val
IMG_2149-HEIC,dataset_store/merged_peninsula/images/IMG_2149-HEIC.jpg,7,gps,IMG_2149.HEIC,1,5,5,train,train,train,train,train,train,train,train,val,train,train,train,train,train,train,train,val
IMG_2150-HEIC,dataset_store/merged_peninsula/images/IMG_2150-HEIC.jpg,7,gps,IMG_2150.HEIC,1,5,5,train,train,train,train,train,train,train,train,val,train,train,train,train,train,train,train,val
IMG_2151-HEIC,dataset_store/merged_peninsula/images/IMG_2151-HEIC.jpg,7,gps,IMG_2151.HEIC,1,5,5,train,train,train,train,train,train,train,train,val,train,train,train,train,train,train,train,val
IMG_2152-HEIC,dataset_store/merged_peninsula/images/IMG_2152-HEIC.jpg,7,gps,IMG_2152.HEIC,1,5,5,train,train,train,train,train,train,train,train,val,train,train,train,train,train,train,train,val
IMG_2153-HEIC,dataset_store/merged_peninsula/images/IMG_2153-HEIC.jpg,7,gps,IMG_2153.HEIC,1,5,5,train,train,train,train,train,train,train,train,val,train,train,train,train,train,train,train,val
IMG_2154-HEIC,dataset_store/merged_peninsula/images/IMG_2154-HEIC.jpg,7,gps,IMG_2154.HEIC,1,5,5,train,train,train,train,train,train,train,train,val,train,train,train,train,train,train,train,val
IMG_2155-HEIC,dataset_store/merged_peninsula/images/IMG_2155-HEIC.jpg,7,gps,IMG_2155.HEIC,0,,-1,val,train,train,train,train,train,train,train,val,train,train,train,train,train,train,train,val
IMG_2156-HEIC,dataset_store/merged_peninsula/images/IMG_2156-HEIC.jpg,7,gps,IMG_2156.HEIC,0,,-1,train,train,train,train,train,train,train,train,val,train,train,train,train,train,train,train,val
IMG_2158-HEIC,dataset_store/merged_peninsula/images/IMG_2158-HEIC.jpg,7,gps,IMG_2158.HEIC,0,,-1,val,train,train,train,train,train,train,train,val,train,train,train,train,train,train,train,val
IMG_2159-HEIC,dataset_store/merged_peninsula/images/IMG_2159-HEIC.jpg,7,gps,IMG_2159.HEIC,0,,-1,val,train,train,train,train,train,train,train,val,train,train,train,train,train,train,train,val
IMG_2168-HEIC,dataset_store/merged_peninsula/images/IMG_2168-HEIC.jpg,7,gps,IMG_2168.HEIC,2,1,1,train,train,train,train,train,train,train,train,val,train,train,train,train,train,train,train,val
IMG_2169-HEIC,dataset_store/merged_peninsula/images/IMG_2169-HEIC.jpg,7,gps,IMG_2169.HEIC,2,1,1,train,train,train,train,train,train,train,train,val,train,train,train,train,train,train,train,val
IMG_2170-HEIC,dataset_store/merged_peninsula/images/IMG_2170-HEIC.jpg,7,gps,IMG_2170.HEIC,2,1,1,val,train,train,train,train,train,train,train,val,train,train,train,train,train,train,train,val
IMG_2174-HEIC,dataset_store/merged_peninsula/images/IMG_2174-HEIC.jpg,7,gps,IMG_2174.HEIC,1,5,5,train,train,train,train,train,train,train,train,val,train,train,train,train,train,train,train,val
IMG_2175-HEIC,dataset_store/merged_peninsula/images/IMG_2175-HEIC.jpg,7,gps,IMG_2175.HEIC,1,5,5,train,train,train,train,train,train,train,train,val,train,train,train,train,train,train,train,val
IMG_2176-HEIC,dataset_store/merged_peninsula/images/IMG_2176-HEIC.jpg,7,gps,IMG_2176.HEIC,1,5,5,train,train,train,train,train,train,train,train,val,train,train,train,train,train,train,train,val
IMG_2177-HEIC,dataset_store/merged_peninsula/images/IMG_2177-HEIC.jpg,7,gps,IMG_2177.HEIC,1,5,5,train,train,train,train,train,train,train,train,val,train,train,train,train,train,train,train,val
IMG_2178-HEIC,dataset_store/merged_peninsula/images/IMG_2178-HEIC.jpg,7,gps,IMG_2178.HEIC,1,5,5,train,train,train,train,train,train,train,train,val,train,train,train,train,train,train,train,val
IMG_2179-HEIC,dataset_store/merged_peninsula/images/IMG_2179-HEIC.jpg,7,gps,IMG_2179.HEIC,29,"1,3,4,5",4,train,train,train,train,train,train,train,train,val,train,train,train,train,train,train,train,val
IMG_2180-HEIC,dataset_store/merged_peninsula/images/IMG_2180-HEIC.jpg,7,gps,IMG_2180.HEIC,21,"1,4,5",4,train,train,train,train,train,train,train,train,val,train,train,train,train,train,train,train,val
IMG_2181-HEIC,dataset_store/merged_peninsula/images/IMG_2181-HEIC.jpg,7,gps,IMG_2181.HEIC,35,"1,4,5",4,train,train,train,train,train,train,train,train,val,train,train,train,train,train,train,train,val
IMG_2182-HEIC,dataset_store/merged_peninsula/images/IMG_2182-HEIC.jpg,7,gps,IMG_2182.HEIC,20,"1,4,5",4,train,train,train,train,train,train,train,train,val,train,train,train,train,train,train,train,val
IMG_2183-HEIC,dataset_store/merged_peninsula/images/IMG_2183-HEIC.jpg,7,gps,IMG_2183.HEIC,32,"1,4,5",4,train,train,train,train,train,train,train,train,val,train,train,train,train,train,train,train,val
IMG_2184-HEIC,dataset_store/merged_peninsula/images/IMG_2184-HEIC.jpg,7,gps,IMG_2184.HEIC,35,"1,4,5",4,train,train,train,train,train,train,train,train,val,train,train,train,train,train,train,train,val
IMG_2185-HEIC,dataset_store/merged_peninsula/images/IMG_2185-HEIC.jpg,7,gps,IMG_2185.HEIC,21,"1,4,5",4,train,train,train,train,train,train,train,train,val,train,train,train,train,train,train,train,val
IMG_2187-HEIC,dataset_store/merged_peninsula/images/IMG_2187-HEIC.jpg,7,gps,IMG_2187.HEIC,1,3,3,train,train,train,train,train,train,train,train,val,train,train,train,train,train,train,train,val
IMG_2188-HEIC,dataset_store/merged_peninsula/images/IMG_2188-HEIC.jpg,7,gps,IMG_2188.HEIC,5,3,3,train,train,train,train,train,train,train,train,val,train,train,train,train,train,train,train,val
IMG_2189-HEIC,dataset_store/merged_peninsula/images/IMG_2189-HEIC.jpg,7,gps,IMG_2189.HEIC,5,3,3,train,train,train,train,train,train,train,train,val,train,train,train,train,train,train,train,val
IMG_2190-HEIC,dataset_store/merged_peninsula/images/IMG_2190-HEIC.jpg,7,gps,IMG_2190.HEIC,2,3,3,train,train,train,train,train,train,train,train,val,train,train,train,train,train,train,train,val
IMG_2191-HEIC,dataset_store/merged_peninsula/images/IMG_2191-HEIC.jpg,7,gps,IMG_2191.HEIC,1,1,1,train,train,train,train,train,train,train,train,val,train,train,train,train,train,train,train,val
IMG_2193-HEIC,dataset_store/merged_peninsula/images/IMG_2193-HEIC.jpg,7,gps,IMG_2193.HEIC,1,1,1,train,train,train,train,train,train,train,train,val,train,train,train,train,train,train,train,val
IMG_2194-HEIC,dataset_store/merged_peninsula/images/IMG_2194-HEIC.jpg,7,gps,IMG_2194.HEIC,1,1,1,val,train,train,train,train,train,train,train,val,train,train,train,train,train,train,train,val
IMG_2195-HEIC,dataset_store/merged_peninsula/images/IMG_2195-HEIC.jpg,7,gps,IMG_2195.HEIC,1,1,1,train,train,train,train,train,train,train,train,val,train,train,train,train,train,train,train,val
IMG_2196-HEIC,dataset_store/merged_peninsula/images/IMG_2196-HEIC.jpg,7,gps,IMG_2196.HEIC,1,1,1,train,train,train,train,train,train,train,train,val,train,train,train,train,train,train,train,val
IMG_2197-HEIC,dataset_store/merged_peninsula/images/IMG_2197-HEIC.jpg,7,gps,IMG_2197.HEIC,1,1,1,train,train,train,train,train,train,train,train,val,train,train,train,train,train,train,train,val
IMG_2198-HEIC,dataset_store/merged_peninsula/images/IMG_2198-HEIC.jpg,7,gps,IMG_2198.HEIC,1,1,1,train,train,train,train,train,train,train,train,val,train,train,train,train,train,train,train,val
IMG_2199-HEIC,dataset_store/merged_peninsula/images/IMG_2199-HEIC.jpg,7,gps,IMG_2199.HEIC,1,1,1,val,train,train,train,train,train,train,train,val,train,train,train,train,train,train,train,val
IMG_2201-HEIC,dataset_store/merged_peninsula/images/IMG_2201-HEIC.jpg,7,gps,IMG_2201.HEIC,38,"3,4",4,train,train,train,train,train,train,train,train,val,train,train,train,train,train,train,train,val
IMG_2202-HEIC,dataset_store/merged_peninsula/images/IMG_2202-HEIC.jpg,7,gps,IMG_2202.HEIC,13,4,4,train,train,train,train,train,train,train,train,val,train,train,train,train,train,train,train,val
IMG_2203-HEIC,dataset_store/merged_peninsula/images/IMG_2203-HEIC.jpg,7,gps,IMG_2203.HEIC,11,4,4,train,train,train,train,train,train,train,train,val,train,train,train,train,train,train,train,val
IMG_2204-HEIC,dataset_store/merged_peninsula/images/IMG_2204-HEIC.jpg,7,gps,IMG_2204.HEIC,9,4,4,val,train,train,train,train,train,train,train,val,train,train,train,train,train,train,train,val
IMG_2205-HEIC,dataset_store/merged_peninsula/images/IMG_2205-HEIC.jpg,7,gps,IMG_2205.HEIC,3,4,4,train,train,train,train,train,train,train,train,val,train,train,train,train,train,train,train,val
IMG_2206-HEIC,dataset_store/merged_peninsula/images/IMG_2206-HEIC.jpg,7,gps,IMG_2206.HEIC,6,4,4,train,train,train,train,train,train,train,train,val,train,train,train,train,train,train,train,val
IMG_2208-HEIC,dataset_store/merged_peninsula/images/IMG_2208-HEIC.jpg,7,gps,IMG_2208.HEIC,10,"3,4",3,train,train,train,train,train,train,train,train,val,train,train,train,train,train,train,train,val
IMG_2209-HEIC,dataset_store/merged_peninsula/images/IMG_2209-HEIC.jpg,7,gps,IMG_2209.HEIC,16,"3,4",3,train,train,train,train,train,train,train,train,val,train,train,train,train,train,train,train,val
IMG_2211-HEIC,dataset_store/merged_peninsula/images/IMG_2211-HEIC.jpg,7,gps,IMG_2211.HEIC,4,"3,4",3,val,train,train,train,train,train,train,train,val,train,train,train,train,train,train,train,val
IMG_2212-HEIC,dataset_store/merged_peninsula/images/IMG_2212-HEIC.jpg,7,gps,IMG_2212.HEIC,13,"3,4",4,train,train,train,train,train,train,train,train,val,train,train,train,train,train,train,train,val
IMG_2213-HEIC,dataset_store/merged_peninsula/images/IMG_2213-HEIC.jpg,7,gps,IMG_2213.HEIC,4,"3,4",3,train,train,train,train,train,train,train,train,val,train,train,train,train,train,train,train,val
IMG_2214-HEIC,dataset_store/merged_peninsula/images/IMG_2214-HEIC.jpg,7,gps,IMG_2214.HEIC,10,"3,4",3,train,train,train,train,train,train,train,train,val,train,train,train,train,train,train,train,val
IMG_2216-HEIC,dataset_store/merged_peninsula/images/IMG_2216-HEIC.jpg,7,gps,IMG_2216.HEIC,4,4,4,val,train,train,train,train,train,train,train,val,train,train,train,train,train,train,train,val
IMG_2239-HEIC,dataset_store/merged_peninsula/images/IMG_2239-HEIC.jpg,4,gps,IMG_2239.HEIC,13,3,3,train,train,train,train,train,val,train,train,train,train,train,train,train,val,train,train,train
IMG_2240-HEIC,dataset_store/merged_peninsula/images/IMG_2240-HEIC.jpg,4,gps,IMG_2240.HEIC,3,3,3,train,train,train,train,train,val,train,train,train,train,train,train,train,val,train,train,train
IMG_2241-HEIC,dataset_store/merged_peninsula/images/IMG_2241-HEIC.jpg,4,gps,IMG_2241.HEIC,4,3,3,train,train,train,train,train,val,train,train,train,train,train,train,train,val,train,train,train
IMG_2242-HEIC,dataset_store/merged_peninsula/images/IMG_2242-HEIC.jpg,4,gps,IMG_2242.HEIC,12,3,3,train,train,train,train,train,val,train,train,train,train,train,train,train,val,train,train,train
IMG_2243-HEIC,dataset_store/merged_peninsula/images/IMG_2243-HEIC.jpg,4,gps,IMG_2243.HEIC,13,3,3,train,train,train,train,train,val,train,train,train,train,train,train,train,val,train,train,train
IMG_2244-HEIC,dataset_store/merged_peninsula/images/IMG_2244-HEIC.jpg,4,gps,IMG_2244.HEIC,19,3,3,train,train,train,train,train,val,train,train,train,train,train,train,train,val,train,train,train
IMG_2245-HEIC,dataset_store/merged_peninsula/images/IMG_2245-HEIC.jpg,4,gps,IMG_2245.HEIC,39,3,3,train,train,train,train,train,val,train,train,train,train,train,train,train,val,train,train,train
IMG_2246-HEIC,dataset_store/merged_peninsula/images/IMG_2246-HEIC.jpg,4,gps,IMG_2246.HEIC,24,3,3,train,train,train,train,train,val,train,train,train,train,train,train,train,val,train,train,train
IMG_2247-HEIC,dataset_store/merged_peninsula/images/IMG_2247-HEIC.jpg,4,gps,IMG_2247.HEIC,50,3,3,train,train,train,train,train,val,train,train,train,train,train,train,train,val,train,train,train
IMG_2248-HEIC,dataset_store/merged_peninsula/images/IMG_2248-HEIC.jpg,4,gps,IMG_2248.HEIC,40,3,3,train,train,train,train,train,val,train,train,train,train,train,train,train,val,train,train,train
IMG_2249-HEIC,dataset_store/merged_peninsula/images/IMG_2249-HEIC.jpg,4,gps,IMG_2249.HEIC,45,3,3,train,train,train,train,train,val,train,train,train,train,train,train,train,val,train,train,train
IMG_2251-HEIC,dataset_store/merged_peninsula/images/IMG_2251-HEIC.jpg,4,gps,IMG_2251.HEIC,28,3,3,train,train,train,train,train,val,train,train,train,train,train,train,train,val,train,train,train
IMG_2252-HEIC,dataset_store/merged_peninsula/images/IMG_2252-HEIC.jpg,4,gps,IMG_2252.HEIC,34,3,3,train,train,train,train,train,val,train,train,train,train,train,train,train,val,train,train,train
IMG_2253-HEIC,dataset_store/merged_peninsula/images/IMG_2253-HEIC.jpg,4,gps,IMG_2253.HEIC,35,3,3,val,train,train,train,train,val,train,train,train,train,train,train,train,val,train,train,train
IMG_2254-HEIC,dataset_store/merged_peninsula/images/IMG_2254-HEIC.jpg,4,gps,IMG_2254.HEIC,33,3,3,train,train,train,train,train,val,train,train,train,train,train,train,train,val,train,train,train
IMG_2255-HEIC,dataset_store/merged_peninsula/images/IMG_2255-HEIC.jpg,4,gps,IMG_2255.HEIC,32,3,3,train,train,train,train,train,val,train,train,train,train,train,train,train,val,train,train,train
IMG_2256-HEIC,dataset_store/merged_peninsula/images/IMG_2256-HEIC.jpg,4,gps,IMG_2256.HEIC,24,3,3,train,train,train,train,train,val,train,train,train,train,train,train,train,val,train,train,train
IMG_2257-HEIC,dataset_store/merged_peninsula/images/IMG_2257-HEIC.jpg,4,gps,IMG_2257.HEIC,26,3,3,train,train,train,train,train,val,train,train,train,train,train,train,train,val,train,train,train
IMG_2258-HEIC,dataset_store/merged_peninsula/images/IMG_2258-HEIC.jpg,4,gps,IMG_2258.HEIC,39,3,3,train,train,train,train,train,val,train,train,train,train,train,train,train,val,train,train,train
IMG_2259-HEIC,dataset_store/merged_peninsula/images/IMG_2259-HEIC.jpg,4,gps,IMG_2259.HEIC,35,3,3,train,train,train,train,train,val,train,train,train,train,train,train,train,val,train,train,train
IMG_2270-HEIC,dataset_store/merged_peninsula/images/IMG_2270-HEIC.jpg,4,gps,IMG_2270.HEIC,26,3,3,train,train,train,train,train,val,train,train,train,train,train,train,train,val,train,train,train
IMG_2273-HEIC,dataset_store/merged_peninsula/images/IMG_2273-HEIC.jpg,4,gps,IMG_2273.HEIC,28,3,3,val,train,train,train,train,val,train,train,train,train,train,train,train,val,train,train,train
IMG_2274-HEIC,dataset_store/merged_peninsula/images/IMG_2274-HEIC.jpg,4,gps,IMG_2274.HEIC,30,3,3,val,train,train,train,train,val,train,train,train,train,train,train,train,val,train,train,train
IMG_2285-HEIC,dataset_store/merged_peninsula/images/IMG_2285-HEIC.jpg,4,gps,IMG_2285.HEIC,3,1,1,val,train,train,train,train,val,train,train,train,train,train,train,train,val,train,train,train
IMG_2286-HEIC,dataset_store/merged_peninsula/images/IMG_2286-HEIC.jpg,4,gps,IMG_2286.HEIC,5,1,1,val,train,train,train,train,val,train,train,train,train,train,train,train,val,train,train,train
IMG_2287-HEIC,dataset_store/merged_peninsula/images/IMG_2287-HEIC.jpg,4,gps,IMG_2287.HEIC,3,1,1,train,train,train,train,train,val,train,train,train,train,train,train,train,val,train,train,train
IMG_2288-HEIC,dataset_store/merged_peninsula/images/IMG_2288-HEIC.jpg,4,gps,IMG_2288.HEIC,3,1,1,train,train,train,train,train,val,train,train,train,train,train,train,train,val,train,train,train
IMG_2289-HEIC,dataset_store/merged_peninsula/images/IMG_2289-HEIC.jpg,4,gps,IMG_2289.HEIC,3,1,1,train,train,train,train,train,val,train,train,train,train,train,train,train,val,train,train,train
IMG_2290-HEIC,dataset_store/merged_peninsula/images/IMG_2290-HEIC.jpg,4,gps,IMG_2290.HEIC,3,1,1,train,train,train,train,train,val,train,train,train,train,train,train,train,val,train,train,train
IMG_2291-HEIC,dataset_store/merged_peninsula/images/IMG_2291-HEIC.jpg,4,gps,IMG_2291.HEIC,3,1,1,train,train,train,train,train,val,train,train,train,train,train,train,train,val,train,train,train
IMG_2293-HEIC,dataset_store/merged_peninsula/images/IMG_2293-HEIC.jpg,4,gps,IMG_2293.HEIC,3,1,1,train,train,train,train,train,val,train,train,train,train,train,train,train,val,train,train,train
IMG_2294-HEIC,dataset_store/merged_peninsula/images/IMG_2294-HEIC.jpg,4,gps,IMG_2294.HEIC,3,1,1,train,train,train,train,train,val,train,train,train,train,train,train,train,val,train,train,train
IMG_2295-HEIC,dataset_store/merged_peninsula/images/IMG_2295-HEIC.jpg,4,gps,IMG_2295.HEIC,3,1,1,train,train,train,train,train,val,train,train,train,train,train,train,train,val,train,train,train
IMG_2296-HEIC,dataset_store/merged_peninsula/images/IMG_2296-HEIC.jpg,4,gps,IMG_2296.HEIC,3,1,1,train,train,train,train,train,val,train,train,train,train,train,train,train,val,train,train,train
IMG_2302-HEIC,dataset_store/merged_peninsula/images/IMG_2302-HEIC.jpg,4,gps,IMG_2302.HEIC,47,"3,4",4,val,train,train,train,train,val,train,train,train,train,train,train,train,val,train,train,train
IMG_2303-HEIC,dataset_store/merged_peninsula/images/IMG_2303-HEIC.jpg,4,gps,IMG_2303.HEIC,46,"3,4",4,train,train,train,train,train,val,train,train,train,train,train,train,train,val,train,train,train
IMG_2304-HEIC,dataset_store/merged_peninsula/images/IMG_2304-HEIC.jpg,4,gps,IMG_2304.HEIC,50,"3,4",4,train,train,train,train,train,val,train,train,train,train,train,train,train,val,train,train,train
IMG_2305-HEIC,dataset_store/merged_peninsula/images/IMG_2305-HEIC.jpg,4,gps,IMG_2305.HEIC,49,"3,4",4,train,train,train,train,train,val,train,train,train,train,train,train,train,val,train,train,train
IMG_2306-HEIC,dataset_store/merged_peninsula/images/IMG_2306-HEIC.jpg,4,gps,IMG_2306.HEIC,26,"3,4",4,val,train,train,train,train,val,train,train,train,train,train,train,train,val,train,train,train
IMG_2307-HEIC,dataset_store/merged_peninsula/images/IMG_2307-HEIC.jpg,4,gps,IMG_2307.HEIC,17,"3,4",4,train,train,train,train,train,val,train,train,train,train,train,train,train,val,train,train,train
IMG_2308-HEIC,dataset_store/merged_peninsula/images/IMG_2308-HEIC.jpg,4,gps,IMG_2308.HEIC,26,"3,4",4,train,train,train,train,train,val,train,train,train,train,train,train,train,val,train,train,train
IMG_2309-HEIC,dataset_store/merged_peninsula/images/IMG_2309-HEIC.jpg,4,gps,IMG_2309.HEIC,28,"3,4",4,val,train,train,train,train,val,train,train,train,train,train,train,train,val,train,train,train
IMG_2310-HEIC,dataset_store/merged_peninsula/images/IMG_2310-HEIC.jpg,4,gps,IMG_2310.HEIC,21,"3,4",4,train,train,train,train,train,val,train,train,train,train,train,train,train,val,train,train,train
IMG_2311-HEIC,dataset_store/merged_peninsula/images/IMG_2311-HEIC.jpg,4,gps,IMG_2311.HEIC,31,"3,4",4,val,train,train,train,train,val,train,train,train,train,train,train,train,val,train,train,train
IMG_2329-HEIC,dataset_store/merged_peninsula/images/IMG_2329-HEIC.jpg,4,gps,IMG_2329.HEIC,1,1,1,train,train,train,train,train,val,train,train,train,train,train,train,train,val,train,train,train
IMG_2330-HEIC,dataset_store/merged_peninsula/images/IMG_2330-HEIC.jpg,4,gps,IMG_2330.HEIC,1,1,1,val,train,train,train,train,val,train,train,train,train,train,train,train,val,train,train,train
IMG_2331-HEIC,dataset_store/merged_peninsula/images/IMG_2331-HEIC.jpg,4,gps,IMG_2331.HEIC,1,1,1,val,train,train,train,train,val,train,train,train,train,train,train,train,val,train,train,train
IMG_2332-HEIC,dataset_store/merged_peninsula/images/IMG_2332-HEIC.jpg,4,gps,IMG_2332.HEIC,1,1,1,train,train,train,train,train,val,train,train,train,train,train,train,train,val,train,train,train
IMG_2333-HEIC,dataset_store/merged_peninsula/images/IMG_2333-HEIC.jpg,4,gps,IMG_2333.HEIC,1,1,1,train,train,train,train,train,val,train,train,train,train,train,train,train,val,train,train,train
IMG_2334-HEIC,dataset_store/merged_peninsula/images/IMG_2334-HEIC.jpg,4,gps,IMG_2334.HEIC,1,1,1,train,train,train,train,train,val,train,train,train,train,train,train,train,val,train,train,train
IMG_2335-HEIC,dataset_store/merged_peninsula/images/IMG_2335-HEIC.jpg,4,gps,IMG_2335.HEIC,1,1,1,train,train,train,train,train,val,train,train,train,train,train,train,train,val,train,train,train
IMG_2336-HEIC,dataset_store/merged_peninsula/images/IMG_2336-HEIC.jpg,4,gps,IMG_2336.HEIC,8,"1,4",4,val,train,train,train,train,val,train,train,train,train,train,train,train,val,train,train,train
IMG_2337-HEIC,dataset_store/merged_peninsula/images/IMG_2337-HEIC.jpg,4,gps,IMG_2337.HEIC,22,"1,4",4,train,train,train,train,train,val,train,train,train,train,train,train,train,val,train,train,train
IMG_2338-HEIC,dataset_store/merged_peninsula/images/IMG_2338-HEIC.jpg,4,gps,IMG_2338.HEIC,22,"1,4",4,val,train,train,train,train,val,train,train,train,train,train,train,train,val,train,train,train
IMG_2339-HEIC,dataset_store/merged_peninsula/images/IMG_2339-HEIC.jpg,4,gps,IMG_2339.HEIC,1,1,1,train,train,train,train,train,val,train,train,train,train,train,train,train,val,train,train,train
IMG_2340-HEIC,dataset_store/merged_peninsula/images/IMG_2340-HEIC.jpg,4,gps,IMG_2340.HEIC,9,"1,4",4,val,train,train,train,train,val,train,train,train,train,train,train,train,val,train,train,train
IMG_2341-HEIC,dataset_store/merged_peninsula/images/IMG_2341-HEIC.jpg,4,gps,IMG_2341.HEIC,47,"1,4",4,train,train,train,train,train,val,train,train,train,train,train,train,train,val,train,train,train
IMG_2342-HEIC,dataset_store/merged_peninsula/images/IMG_2342-HEIC.jpg,4,gps,IMG_2342.HEIC,15,"1,4",4,train,train,train,train,train,val,train,train,train,train,train,train,train,val,train,train,train
IMG_2343-HEIC,dataset_store/merged_peninsula/images/IMG_2343-HEIC.jpg,4,gps,IMG_2343.HEIC,1,1,1,val,train,train,train,train,val,train,train,train,train,train,train,train,val,train,train,train
IMG_2345-HEIC,dataset_store/merged_peninsula/images/IMG_2345-HEIC.jpg,4,gps,IMG_2345.HEIC,1,1,1,val,train,train,train,train,val,train,train,train,train,train,train,train,val,train,train,train
IMG_2346-HEIC,dataset_store/merged_peninsula/images/IMG_2346-HEIC.jpg,4,gps,IMG_2346.HEIC,1,1,1,train,train,train,train,train,val,train,train,train,train,train,train,train,val,train,train,train
IMG_2347-HEIC,dataset_store/merged_peninsula/images/IMG_2347-HEIC.jpg,4,gps,IMG_2347.HEIC,1,1,1,train,train,train,train,train,val,train,train,train,train,train,train,train,val,train,train,train
IMG_2349-HEIC,dataset_store/merged_peninsula/images/IMG_2349-HEIC.jpg,4,gps,IMG_2349.HEIC,1,1,1,train,train,train,train,train,val,train,train,train,train,train,train,train,val,train,train,train
IMG_2351-HEIC,dataset_store/merged_peninsula/images/IMG_2351-HEIC.jpg,4,gps,IMG_2351.HEIC,1,1,1,train,train,train,train,train,val,train,train,train,train,train,train,train,val,train,train,train
IMG_2352-HEIC,dataset_store/merged_peninsula/images/IMG_2352-HEIC.jpg,4,gps,IMG_2352.HEIC,1,1,1,train,train,train,train,train,val,train,train,train,train,train,train,train,val,train,train,train
IMG_2380-HEIC,dataset_store/merged_peninsula/images/IMG_2380-HEIC.jpg,4,gps,IMG_2380.HEIC,1,5,5,train,train,train,train,train,val,train,train,train,train,train,train,train,val,train,train,train
IMG_2381-HEIC,dataset_store/merged_peninsula/images/IMG_2381-HEIC.jpg,4,gps,IMG_2381.HEIC,3,1,1,val,train,train,train,train,val,train,train,train,train,train,train,train,val,train,train,train
IMG_2382-HEIC,dataset_store/merged_peninsula/images/IMG_2382-HEIC.jpg,4,gps,IMG_2382.HEIC,1,5,5,train,train,train,train,train,val,train,train,train,train,train,train,train,val,train,train,train
IMG_2383-HEIC,dataset_store/merged_peninsula/images/IMG_2383-HEIC.jpg,4,gps,IMG_2383.HEIC,36,4,4,train,train,train,train,train,val,train,train,train,train,train,train,train,val,train,train,train
IMG_2384-HEIC,dataset_store/merged_peninsula/images/IMG_2384-HEIC.jpg,4,gps,IMG_2384.HEIC,25,4,4,train,train,train,train,train,val,train,train,train,train,train,train,train,val,train,train,train
IMG_2385-HEIC,dataset_store/merged_peninsula/images/IMG_2385-HEIC.jpg,4,gps,IMG_2385.HEIC,23,4,4,train,train,train,train,train,val,train,train,train,train,train,train,train,val,train,train,train
IMG_2386-HEIC,dataset_store/merged_peninsula/images/IMG_2386-HEIC.jpg,4,gps,IMG_2386.HEIC,49,4,4,train,train,train,train,train,val,train,train,train,train,train,train,train,val,train,train,train
IMG_2389-HEIC,dataset_store/merged_peninsula/images/IMG_2389-HEIC.jpg,4,gps,IMG_2389.HEIC,18,"4,5",4,val,train,train,train,train,val,train,train,train,train,train,train,train,val,train,train,train
IMG_2390-HEIC,dataset_store/merged_peninsula/images/IMG_2390-HEIC.jpg,4,gps,IMG_2390.HEIC,14,"4,5",4,train,train,train,train,train,val,train,train,train,train,train,train,train,val,train,train,train
IMG_2391-HEIC,dataset_store/merged_peninsula/images/IMG_2391-HEIC.jpg,4,gps,IMG_2391.HEIC,13,"4,5",4,train,train,train,train,train,val,train,train,train,train,train,train,train,val,train,train,train
IMG_2395-HEIC,dataset_store/merged_peninsula/images/IMG_2395-HEIC.jpg,1,gps,IMG_2395.HEIC,22,"3,4",4,train,train,val,train,train,train,train,train,train,train,val,train,train,train,train,train,train
IMG_2417-HEIC,dataset_store/merged_peninsula/images/IMG_2417-HEIC.jpg,1,gps,IMG_2417.HEIC,1,1,1,train,train,val,train,train,train,train,train,train,train,val,train,train,train,train,train,train
IMG_2446-HEIC,dataset_store/merged_peninsula/images/IMG_2446-HEIC.jpg,1,gps,IMG_2446.HEIC,0,,-1,train,train,val,train,train,train,train,train,train,train,val,train,train,train,train,train,train
IMG_2452-HEIC,dataset_store/merged_peninsula/images/IMG_2452-HEIC.jpg,1,gps,IMG_2452.HEIC,0,,-1,train,train,val,train,train,train,train,train,train,train,val,train,train,train,train,train,train
IMG_2475-HEIC,dataset_store/merged_peninsula/images/IMG_2475-HEIC.jpg,1,gps,IMG_2475.HEIC,12,4,4,train,train,val,train,train,train,train,train,train,train,val,train,train,train,train,train,train
IMG_2476-HEIC,dataset_store/merged_peninsula/images/IMG_2476-HEIC.jpg,1,gps,IMG_2476.HEIC,16,4,4,train,train,val,train,train,train,train,train,train,train,val,train,train,train,train,train,train
IMG_2477-HEIC,dataset_store/merged_peninsula/images/IMG_2477-HEIC.jpg,1,gps,IMG_2477.HEIC,16,4,4,val,train,val,train,train,train,train,train,train,train,val,train,train,train,train,train,train
IMG_2478-HEIC,dataset_store/merged_peninsula/images/IMG_2478-HEIC.jpg,1,gps,IMG_2478.HEIC,16,4,4,train,train,val,train,train,train,train,train,train,train,val,train,train,train,train,train,train
IMG_2480-HEIC,dataset_store/merged_peninsula/images/IMG_2480-HEIC.jpg,1,gps,IMG_2480.HEIC,16,4,4,val,train,val,train,train,train,train,train,train,train,val,train,train,train,train,train,train
IMG_2481-HEIC,dataset_store/merged_peninsula/images/IMG_2481-HEIC.jpg,1,gps,IMG_2481.HEIC,15,4,4,train,train,val,train,train,train,train,train,train,train,val,train,train,train,train,train,train
IMG_2482-HEIC,dataset_store/merged_peninsula/images/IMG_2482-HEIC.jpg,1,gps,IMG_2482.HEIC,16,4,4,train,train,val,train,train,train,train,train,train,train,val,train,train,train,train,train,train
IMG_2488-HEIC,dataset_store/merged_peninsula/images/IMG_2488-HEIC.jpg,1,gps,IMG_2488.HEIC,30,"3,4,5",3,train,train,val,train,train,train,train,train,train,train,val,train,train,train,train,train,train
IMG_2489-HEIC,dataset_store/merged_peninsula/images/IMG_2489-HEIC.jpg,1,gps,IMG_2489.HEIC,30,"3,5",3,train,train,val,train,train,train,train,train,train,train,val,train,train,train,train,train,train
IMG_2491-HEIC,dataset_store/merged_peninsula/images/IMG_2491-HEIC.jpg,1,gps,IMG_2491.HEIC,18,4,4,train,train,val,train,train,train,train,train,train,train,val,train,train,train,train,train,train
IMG_2492-HEIC,dataset_store/merged_peninsula/images/IMG_2492-HEIC.jpg,1,gps,IMG_2492.HEIC,18,4,4,train,train,val,train,train,train,train,train,train,train,val,train,train,train,train,train,train
IMG_2493-HEIC,dataset_store/merged_peninsula/images/IMG_2493-HEIC.jpg,1,gps,IMG_2493.HEIC,20,4,4,train,train,val,train,train,train,train,train,train,train,val,train,train,train,train,train,train
IMG_2494-HEIC,dataset_store/merged_peninsula/images/IMG_2494-HEIC.jpg,1,gps,IMG_2494.HEIC,21,4,4,train,train,val,train,train,train,train,train,train,train,val,train,train,train,train,train,train
IMG_2495-HEIC,dataset_store/merged_peninsula/images/IMG_2495-HEIC.jpg,1,gps,IMG_2495.HEIC,19,4,4,train,train,val,train,train,train,train,train,train,train,val,train,train,train,train,train,train
IMG_2496-HEIC,dataset_store/merged_peninsula/images/IMG_2496-HEIC.jpg,1,gps,IMG_2496.HEIC,19,4,4,train,train,val,train,train,train,train,train,train,train,val,train,train,train,train,train,train
IMG_2504-HEIC,dataset_store/merged_peninsula/images/IMG_2504-HEIC.jpg,1,gps,IMG_2504.HEIC,0,,-1,train,train,val,train,train,train,train,train,train,train,val,train,train,train,train,train,train
IMG_2513-HEIC,dataset_store/merged_peninsula/images/IMG_2513-HEIC.jpg,1,gps,IMG_2513.HEIC,0,,-1,train,train,val,train,train,train,train,train,train,train,val,train,train,train,train,train,train
IMG_2519-HEIC,dataset_store/merged_peninsula/images/IMG_2519-HEIC.jpg,1,gps,IMG_2519.HEIC,0,,-1,train,train,val,train,train,train,train,train,train,train,val,train,train,train,train,train,train
IMG_2520-HEIC,dataset_store/merged_peninsula/images/IMG_2520-HEIC.jpg,1,gps,IMG_2520.HEIC,8,3,3,train,train,val,train,train,train,train,train,train,train,val,train,train,train,train,train,train
IMG_2521-HEIC,dataset_store/merged_peninsula/images/IMG_2521-HEIC.jpg,1,gps,IMG_2521.HEIC,8,3,3,train,train,val,train,train,train,train,train,train,train,val,train,train,train,train,train,train
IMG_2522-HEIC,dataset_store/merged_peninsula/images/IMG_2522-HEIC.jpg,1,gps,IMG_2522.HEIC,6,3,3,train,train,val,train,train,train,train,train,train,train,val,train,train,train,train,train,train
IMG_2523-HEIC,dataset_store/merged_peninsula/images/IMG_2523-HEIC.jpg,1,gps,IMG_2523.HEIC,6,3,3,train,train,val,train,train,train,train,train,train,train,val,train,train,train,train,train,train
IMG_2524-HEIC,dataset_store/merged_peninsula/images/IMG_2524-HEIC.jpg,1,gps,IMG_2524.HEIC,6,3,3,val,train,val,train,train,train,train,train,train,train,val,train,train,train,train,train,train
IMG_2525-HEIC,dataset_store/merged_peninsula/images/IMG_2525-HEIC.jpg,1,gps,IMG_2525.HEIC,5,3,3,train,train,val,train,train,train,train,train,train,train,val,train,train,train,train,train,train
IMG_2526-HEIC,dataset_store/merged_peninsula/images/IMG_2526-HEIC.jpg,1,gps,IMG_2526.HEIC,5,3,3,train,train,val,train,train,train,train,train,train,train,val,train,train,train,train,train,train
IMG_2533-HEIC,dataset_store/merged_peninsula/images/IMG_2533-HEIC.jpg,1,gps,IMG_2533.HEIC,3,1,1,train,train,val,train,train,train,train,train,train,train,val,train,train,train,train,train,train
IMG_2534-HEIC,dataset_store/merged_peninsula/images/IMG_2534-HEIC.jpg,1,gps,IMG_2534.HEIC,3,1,1,train,train,val,train,train,train,train,train,train,train,val,train,train,train,train,train,train
IMG_2535-HEIC,dataset_store/merged_peninsula/images/IMG_2535-HEIC.jpg,1,gps,IMG_2535.HEIC,3,1,1,train,train,val,train,train,train,train,train,train,train,val,train,train,train,train,train,train
IMG_2536-HEIC,dataset_store/merged_peninsula/images/IMG_2536-HEIC.jpg,1,gps,IMG_2536.HEIC,3,1,1,train,train,val,train,train,train,train,train,train,train,val,train,train,train,train,train,train
IMG_2537-HEIC,dataset_store/merged_peninsula/images/IMG_2537-HEIC.jpg,1,gps,IMG_2537.HEIC,3,1,1,train,train,val,train,train,train,train,train,train,train,val,train,train,train,train,train,train
IMG_2538-HEIC,dataset_store/merged_peninsula/images/IMG_2538-HEIC.jpg,1,gps,IMG_2538.HEIC,25,4,4,val,train,val,train,train,train,train,train,train,train,val,train,train,train,train,train,train
IMG_2539-HEIC,dataset_store/merged_peninsula/images/IMG_2539-HEIC.jpg,1,gps,IMG_2539.HEIC,25,4,4,train,train,val,train,train,train,train,train,train,train,val,train,train,train,train,train,train
IMG_2540-HEIC,dataset_store/merged_peninsula/images/IMG_2540-HEIC.jpg,1,gps,IMG_2540.HEIC,21,4,4,train,train,val,train,train,train,train,train,train,train,val,train,train,train,train,train,train
IMG_2541-HEIC,dataset_store/merged_peninsula/images/IMG_2541-HEIC.jpg,1,gps,IMG_2541.HEIC,23,4,4,train,train,val,train,train,train,train,train,train,train,val,train,train,train,train,train,train
IMG_2542-HEIC,dataset_store/merged_peninsula/images/IMG_2542-HEIC.jpg,1,gps,IMG_2542.HEIC,24,4,4,train,train,val,train,train,train,train,train,train,train,val,train,train,train,train,train,train
IMG_2545-HEIC,dataset_store/merged_peninsula/images/IMG_2545-HEIC.jpg,1,gps,IMG_2545.HEIC,0,,-1,train,train,val,train,train,train,train,train,train,train,val,train,train,train,train,train,train
IMG_2550-HEIC,dataset_store/merged_peninsula/images/IMG_2550-HEIC.jpg,1,gps,IMG_2550.HEIC,0,,-1,train,train,val,train,train,train,train,train,train,train,val,train,train,train,train,train,train
IMG_2557-HEIC,dataset_store/merged_peninsula/images/IMG_2557-HEIC.jpg,1,gps,IMG_2557.HEIC,0,,-1,train,train,val,train,train,train,train,train,train,train,val,train,train,train,train,train,train
IMG_2564-HEIC,dataset_store/merged_peninsula/images/IMG_2564-HEIC.jpg,1,gps,IMG_2564.HEIC,0,,-1,train,train,val,train,train,train,train,train,train,train,val,train,train,train,train,train,train
IMG_2566-HEIC,dataset_store/merged_peninsula/images/IMG_2566-HEIC.jpg,1,gps,IMG_2566.HEIC,1,1,1,train,train,val,train,train,train,train,train,train,train,val,train,train,train,train,train,train
IMG_2567-HEIC,dataset_store/merged_peninsula/images/IMG_2567-HEIC.jpg,1,gps,IMG_2567.HEIC,2,1,1,train,train,val,train,train,train,train,train,train,train,val,train,train,train,train,train,train
IMG_2569-HEIC,dataset_store/merged_peninsula/images/IMG_2569-HEIC.jpg,1,gps,IMG_2569.HEIC,1,1,1,train,train,val,train,train,train,train,train,train,train,val,train,train,train,train,train,train
IMG_2570-HEIC,dataset_store/merged_peninsula/images/IMG_2570-HEIC.jpg,1,gps,IMG_2570.HEIC,1,1,1,train,train,val,train,train,train,train,train,train,train,val,train,train,train,train,train,train
IMG_2571-HEIC,dataset_store/merged_peninsula/images/IMG_2571-HEIC.jpg,1,gps,IMG_2571.HEIC,1,1,1,train,train,val,train,train,train,train,train,train,train,val,train,train,train,train,train,train
IMG_2572-HEIC,dataset_store/merged_peninsula/images/IMG_2572-HEIC.jpg,1,gps,IMG_2572.HEIC,1,1,1,train,train,val,train,train,train,train,train,train,train,val,train,train,train,train,train,train
IMG_2576-HEIC,dataset_store/merged_peninsula/images/IMG_2576-HEIC.jpg,1,gps,IMG_2576.HEIC,7,0,0,train,train,val,train,train,train,train,train,train,train,val,train,train,train,train,train,train
IMG_2577-HEIC,dataset_store/merged_peninsula/images/IMG_2577-HEIC.jpg,1,gps,IMG_2577.HEIC,9,0,0,train,train,val,train,train,train,train,train,train,train,val,train,train,train,train,train,train
IMG_2578-HEIC,dataset_store/merged_peninsula/images/IMG_2578-HEIC.jpg,1,gps,IMG_2578.HEIC,6,0,0,val,train,val,train,train,train,train,train,train,train,val,train,train,train,train,train,train
IMG_2579-HEIC,dataset_store/merged_peninsula/images/IMG_2579-HEIC.jpg,1,gps,IMG_2579.HEIC,4,0,0,val,train,val,train,train,train,train,train,train,train,val,train,train,train,train,train,train
IMG_2580-HEIC,dataset_store/merged_peninsula/images/IMG_2580-HEIC.jpg,1,gps,IMG_2580.HEIC,6,0,0,train,train,val,train,train,train,train,train,train,train,val,train,train,train,train,train,train
IMG_2581-HEIC,dataset_store/merged_peninsula/images/IMG_2581-HEIC.jpg,1,gps,IMG_2581.HEIC,5,0,0,val,train,val,train,train,train,train,train,train,train,val,train,train,train,train,train,train
IMG_2582-HEIC,dataset_store/merged_peninsula/images/IMG_2582-HEIC.jpg,1,gps,IMG_2582.HEIC,6,0,0,val,train,val,train,train,train,train,train,train,train,val,train,train,train,train,train,train
IMG_2583-HEIC,dataset_store/merged_peninsula/images/IMG_2583-HEIC.jpg,1,gps,IMG_2583.HEIC,7,0,0,train,train,val,train,train,train,train,train,train,train,val,train,train,train,train,train,train
IMG_2584-HEIC,dataset_store/merged_peninsula/images/IMG_2584-HEIC.jpg,1,gps,IMG_2584.HEIC,3,0,0,train,train,val,train,train,train,train,train,train,train,val,train,train,train,train,train,train
IMG_2585-HEIC,dataset_store/merged_peninsula/images/IMG_2585-HEIC.jpg,1,gps,IMG_2585.HEIC,4,0,0,train,train,val,train,train,train,train,train,train,train,val,train,train,train,train,train,train
IMG_2586-HEIC,dataset_store/merged_peninsula/images/IMG_2586-HEIC.jpg,1,gps,IMG_2586.HEIC,5,0,0,train,train,val,train,train,train,train,train,train,train,val,train,train,train,train,train,train
IMG_2587-HEIC,dataset_store/merged_peninsula/images/IMG_2587-HEIC.jpg,1,gps,IMG_2587.HEIC,3,0,0,train,train,val,train,train,train,train,train,train,train,val,train,train,train,train,train,train
IMG_2588-HEIC,dataset_store/merged_peninsula/images/IMG_2588-HEIC.jpg,1,gps,IMG_2588.HEIC,3,0,0,train,train,val,train,train,train,train,train,train,train,val,train,train,train,train,train,train
IMG_2589-HEIC,dataset_store/merged_peninsula/images/IMG_2589-HEIC.jpg,1,gps,IMG_2589.HEIC,3,0,0,train,train,val,train,train,train,train,train,train,train,val,train,train,train,train,train,train
IMG_2590-HEIC,dataset_store/merged_peninsula/images/IMG_2590-HEIC.jpg,1,gps,IMG_2590.HEIC,3,0,0,train,train,val,train,train,train,train,train,train,train,val,train,train,train,train,train,train
IMG_2591-HEIC,dataset_store/merged_peninsula/images/IMG_2591-HEIC.jpg,1,gps,IMG_2591.HEIC,3,0,0,val,train,val,train,train,train,train,train,train,train,val,train,train,train,train,train,train
IMG_2592-HEIC,dataset_store/merged_peninsula/images/IMG_2592-HEIC.jpg,1,gps,IMG_2592.HEIC,10,0,0,train,train,val,train,train,train,train,train,train,train,val,train,train,train,train,train,train
IMG_2593-HEIC,dataset_store/merged_peninsula/images/IMG_2593-HEIC.jpg,1,gps,IMG_2593.HEIC,6,0,0,train,train,val,train,train,train,train,train,train,train,val,train,train,train,train,train,train
IMG_2594-HEIC,dataset_store/merged_peninsula/images/IMG_2594-HEIC.jpg,1,gps,IMG_2594.HEIC,7,0,0,train,train,val,train,train,train,train,train,train,train,val,train,train,train,train,train,train
IMG_2595-HEIC,dataset_store/merged_peninsula/images/IMG_2595-HEIC.jpg,1,gps,IMG_2595.HEIC,6,0,0,train,train,val,train,train,train,train,train,train,train,val,train,train,train,train,train,train
IMG_2596-HEIC,dataset_store/merged_peninsula/images/IMG_2596-HEIC.jpg,1,gps,IMG_2596.HEIC,6,0,0,train,train,val,train,train,train,train,train,train,train,val,train,train,train,train,train,train
IMG_2597-HEIC,dataset_store/merged_peninsula/images/IMG_2597-HEIC.jpg,1,gps,IMG_2597.HEIC,10,0,0,train,train,val,train,train,train,train,train,train,train,val,train,train,train,train,train,train
IMG_2598-HEIC,dataset_store/merged_peninsula/images/IMG_2598-HEIC.jpg,1,gps,IMG_2598.HEIC,2,0,0,train,train,val,train,train,train,train,train,train,train,val,train,train,train,train,train,train
IMG_2599-HEIC,dataset_store/merged_peninsula/images/IMG_2599-HEIC.jpg,1,gps,IMG_2599.HEIC,2,0,0,train,train,val,train,train,train,train,train,train,train,val,train,train,train,train,train,train
IMG_2600-HEIC,dataset_store/merged_peninsula/images/IMG_2600-HEIC.jpg,1,gps,IMG_2600.HEIC,3,0,0,val,train,val,train,train,train,train,train,train,train,val,train,train,train,train,train,train
IMG_2603-HEIC,dataset_store/merged_peninsula/images/IMG_2603-HEIC.jpg,1,gps,IMG_2603.HEIC,9,0,0,train,train,val,train,train,train,train,train,train,train,val,train,train,train,train,train,train
IMG_2604-HEIC,dataset_store/merged_peninsula/images/IMG_2604-HEIC.jpg,1,gps,IMG_2604.HEIC,2,0,0,train,train,val,train,train,train,train,train,train,train,val,train,train,train,train,train,train
IMG_2610-HEIC,dataset_store/merged_peninsula/images/IMG_2610-HEIC.jpg,1,gps,IMG_2610.HEIC,0,,-1,train,train,val,train,train,train,train,train,train,train,val,train,train,train,train,train,train
IMG_2615-HEIC,dataset_store/merged_peninsula/images/IMG_2615-HEIC.jpg,1,gps,IMG_2615.HEIC,29,3,3,train,train,val,train,train,train,train,train,train,train,val,train,train,train,train,train,train
IMG_2616-HEIC,dataset_store/merged_peninsula/images/IMG_2616-HEIC.jpg,1,gps,IMG_2616.HEIC,24,3,3,val,train,val,train,train,train,train,train,train,train,val,train,train,train,train,train,train
IMG_2617-HEIC,dataset_store/merged_peninsula/images/IMG_2617-HEIC.jpg,1,gps,IMG_2617.HEIC,7,3,3,train,train,val,train,train,train,train,train,train,train,val,train,train,train,train,train,train
IMG_2618-HEIC,dataset_store/merged_peninsula/images/IMG_2618-HEIC.jpg,1,gps,IMG_2618.HEIC,52,3,3,train,train,val,train,train,train,train,train,train,train,val,train,train,train,train,train,train
IMG_2619-HEIC,dataset_store/merged_peninsula/images/IMG_2619-HEIC.jpg,1,gps,IMG_2619.HEIC,51,3,3,val,train,val,train,train,train,train,train,train,train,val,train,train,train,train,train,train
IMG_2620-HEIC,dataset_store/merged_peninsula/images/IMG_2620-HEIC.jpg,1,gps,IMG_2620.HEIC,50,3,3,val,train,val,train,train,train,train,train,train,train,val,train,train,train,train,train,train
IMG_2621-HEIC,dataset_store/merged_peninsula/images/IMG_2621-HEIC.jpg,1,gps,IMG_2621.HEIC,34,3,3,train,train,val,train,train,train,train,train,train,train,val,train,train,train,train,train,train
IMG_2634-HEIC,dataset_store/merged_peninsula/images/IMG_2634-HEIC.jpg,1,gps,IMG_2634.HEIC,1,1,1,train,train,val,train,train,train,train,train,train,train,val,train,train,train,train,train,train
IMG_2635-HEIC,dataset_store/merged_peninsula/images/IMG_2635-HEIC.jpg,1,gps,IMG_2635.HEIC,1,1,1,train,train,val,train,train,train,train,train,train,train,val,train,train,train,train,train,train
IMG_2636-HEIC,dataset_store/merged_peninsula/images/IMG_2636-HEIC.jpg,1,gps,IMG_2636.HEIC,1,1,1,train,train,val,train,train,train,train,train,train,train,val,train,train,train,train,train,train
IMG_2637-HEIC,dataset_store/merged_peninsula/images/IMG_2637-HEIC.jpg,1,gps,IMG_2637.HEIC,1,1,1,val,train,val,train,train,train,train,train,train,train,val,train,train,train,train,train,train
IMG_2638-HEIC,dataset_store/merged_peninsula/images/IMG_2638-HEIC.jpg,1,gps,IMG_2638.HEIC,1,1,1,train,train,val,train,train,train,train,train,train,train,val,train,train,train,train,train,train
IMG_2643-HEIC,dataset_store/merged_peninsula/images/IMG_2643-HEIC.jpg,1,gps,IMG_2643.HEIC,133,3,3,train,train,val,train,train,train,train,train,train,train,val,train,train,train,train,train,train
IMG_2644-HEIC,dataset_store/merged_peninsula/images/IMG_2644-HEIC.jpg,1,gps,IMG_2644.HEIC,127,3,3,train,train,val,train,train,train,train,train,train,train,val,train,train,train,train,train,train
IMG_2646-HEIC,dataset_store/merged_peninsula/images/IMG_2646-HEIC.jpg,1,gps,IMG_2646.HEIC,42,3,3,val,train,val,train,train,train,train,train,train,train,val,train,train,train,train,train,train
IMG_2647-HEIC,dataset_store/merged_peninsula/images/IMG_2647-HEIC.jpg,1,gps,IMG_2647.HEIC,165,"3,4",3,train,train,val,train,train,train,train,train,train,train,val,train,train,train,train,train,train
IMG_2648-HEIC,dataset_store/merged_peninsula/images/IMG_2648-HEIC.jpg,1,gps,IMG_2648.HEIC,0,,-1,val,train,val,train,train,train,train,train,train,train,val,train,train,train,train,train,train
IMG_2654-HEIC,dataset_store/merged_peninsula/images/IMG_2654-HEIC.jpg,1,gps,IMG_2654.HEIC,0,,-1,val,train,val,train,train,train,train,train,train,train,val,train,train,train,train,train,train
IMG_2660-HEIC,dataset_store/merged_peninsula/images/IMG_2660-HEIC.jpg,1,gps,IMG_2660.HEIC,0,,-1,train,train,val,train,train,train,train,train,train,train,val,train,train,train,train,train,train
IMG_2666-HEIC,dataset_store/merged_peninsula/images/IMG_2666-HEIC.jpg,1,gps,IMG_2666.HEIC,0,,-1,val,train,val,train,train,train,train,train,train,train,val,train,train,train,train,train,train
IMG_2674-HEIC,dataset_store/merged_peninsula/images/IMG_2674-HEIC.jpg,1,gps,IMG_2674.HEIC,0,,-1,train,train,val,train,train,train,train,train,train,train,val,train,train,train,train,train,train
IMG_2680-HEIC,dataset_store/merged_peninsula/images/IMG_2680-HEIC.jpg,1,gps,IMG_2680.HEIC,0,,-1,train,train,val,train,train,train,train,train,train,train,val,train,train,train,train,train,train
IMG_2686-HEIC,dataset_store/merged_peninsula/images/IMG_2686-HEIC.jpg,1,gps,IMG_2686.HEIC,0,,-1,train,train,val,train,train,train,train,train,train,train,val,train,train,train,train,train,train
IMG_2700-HEIC,dataset_store/merged_peninsula/images/IMG_2700-HEIC.jpg,1,gps,IMG_2700.HEIC,3,0,0,train,train,val,train,train,train,train,train,train,train,val,train,train,train,train,train,train
IMG_2701-HEIC,dataset_store/merged_peninsula/images/IMG_2701-HEIC.jpg,1,gps,IMG_2701.HEIC,13,0,0,val,train,val,train,train,train,train,train,train,train,val,train,train,train,train,train,train
IMG_3918,dataset_store/merged_peninsula/images/IMG_3918.jpg,5,gps,IMG_3918.HEIC,22,"3,4",4,train,train,train,train,train,train,val,train,train,train,train,train,train,train,val,train,train
IMG_3919,dataset_store/merged_peninsula/images/IMG_3919.jpg,5,gps,IMG_3919.HEIC,15,"3,4",4,val,train,train,train,train,train,val,train,train,train,train,train,train,train,val,train,train
IMG_3920,dataset_store/merged_peninsula/images/IMG_3920.jpg,5,gps,IMG_3920.HEIC,27,"3,4",4,val,train,train,train,train,train,val,train,train,train,train,train,train,train,val,train,train
IMG_3921,dataset_store/merged_peninsula/images/IMG_3921.jpg,5,gps,IMG_3921.HEIC,5,4,4,train,train,train,train,train,train,val,train,train,train,train,train,train,train,val,train,train
IMG_3923,dataset_store/merged_peninsula/images/IMG_3923.jpg,5,gps,IMG_3923.HEIC,16,4,4,train,train,train,train,train,train,val,train,train,train,train,train,train,train,val,train,train
IMG_3924,dataset_store/merged_peninsula/images/IMG_3924.jpg,5,gps,IMG_3924.HEIC,21,4,4,train,train,train,train,train,train,val,train,train,train,train,train,train,train,val,train,train
IMG_3925,dataset_store/merged_peninsula/images/IMG_3925.jpg,5,gps,IMG_3925.HEIC,16,4,4,train,train,train,train,train,train,val,train,train,train,train,train,train,train,val,train,train
IMG_3926,dataset_store/merged_peninsula/images/IMG_3926.jpg,5,gps,IMG_3926.HEIC,12,"3,4",4,val,train,train,train,train,train,val,train,train,train,train,train,train,train,val,train,train
IMG_3928,dataset_store/merged_peninsula/images/IMG_3928.jpg,5,gps,IMG_3928.HEIC,15,"3,4",3,train,train,train,train,train,train,val,train,train,train,train,train,train,train,val,train,train
IMG_3929,dataset_store/merged_peninsula/images/IMG_3929.jpg,5,gps,IMG_3929.HEIC,27,4,4,train,train,train,train,train,train,val,train,train,train,train,train,train,train,val,train,train
IMG_3930,dataset_store/merged_peninsula/images/IMG_3930.jpg,5,gps,IMG_3930.HEIC,4,4,4,train,train,train,train,train,train,val,train,train,train,train,train,train,train,val,train,train
IMG_3931,dataset_store/merged_peninsula/images/IMG_3931.jpg,5,gps,IMG_3931.HEIC,8,"3,4",4,train,train,train,train,train,train,val,train,train,train,train,train,train,train,val,train,train
IMG_3932,dataset_store/merged_peninsula/images/IMG_3932.jpg,5,gps,IMG_3932.HEIC,8,4,4,train,train,train,train,train,train,val,train,train,train,train,train,train,train,val,train,train
IMG_3961,dataset_store/merged_peninsula/images/IMG_3961.jpg,5,gps,IMG_3961.HEIC,0,,-1,train,train,train,train,train,train,val,train,train,train,train,train,train,train,val,train,train
IMG_3962,dataset_store/merged_peninsula/images/IMG_3962.jpg,5,gps,IMG_3962.HEIC,32,"3,4",4,train,train,train,train,train,train,val,train,train,train,train,train,train,train,val,train,train
IMG_3963,dataset_store/merged_peninsula/images/IMG_3963.jpg,5,gps,IMG_3963.HEIC,23,4,4,train,train,train,train,train,train,val,train,train,train,train,train,train,train,val,train,train
IMG_3965,dataset_store/merged_peninsula/images/IMG_3965.jpg,5,gps,IMG_3965.HEIC,22,4,4,train,train,train,train,train,train,val,train,train,train,train,train,train,train,val,train,train
IMG_3975,dataset_store/merged_peninsula/images/IMG_3975.jpg,5,gps,IMG_3975.HEIC,15,4,4,train,train,train,train,train,train,val,train,train,train,train,train,train,train,val,train,train
IMG_3976,dataset_store/merged_peninsula/images/IMG_3976.jpg,5,gps,IMG_3976.HEIC,20,4,4,train,train,train,train,train,train,val,train,train,train,train,train,train,train,val,train,train
IMG_3977,dataset_store/merged_peninsula/images/IMG_3977.jpg,5,gps,IMG_3977.HEIC,1,5,5,train,train,train,train,train,train,val,train,train,train,train,train,train,train,val,train,train
IMG_3978,dataset_store/merged_peninsula/images/IMG_3978.jpg,5,gps,IMG_3978.HEIC,1,5,5,val,train,train,train,train,train,val,train,train,train,train,train,train,train,val,train,train
IMG_3980,dataset_store/merged_peninsula/images/IMG_3980.jpg,5,gps,IMG_3980.HEIC,1,5,5,train,train,train,train,train,train,val,train,train,train,train,train,train,train,val,train,train
IMG_3981,dataset_store/merged_peninsula/images/IMG_3981.jpg,5,gps,IMG_3981.HEIC,1,5,5,train,train,train,train,train,train,val,train,train,train,train,train,train,train,val,train,train
IMG_3982,dataset_store/merged_peninsula/images/IMG_3982.jpg,5,gps,IMG_3982.HEIC,1,5,5,val,train,train,train,train,train,val,train,train,train,train,train,train,train,val,train,train
IMG_3983,dataset_store/merged_peninsula/images/IMG_3983.jpg,5,gps,IMG_3983.HEIC,1,5,5,train,train,train,train,train,train,val,train,train,train,train,train,train,train,val,train,train
IMG_3984,dataset_store/merged_peninsula/images/IMG_3984.jpg,5,gps,IMG_3984.HEIC,1,5,5,train,train,train,train,train,train,val,train,train,train,train,train,train,train,val,train,train
IMG_3986,dataset_store/merged_peninsula/images/IMG_3986.jpg,5,gps,IMG_3986.HEIC,1,5,5,val,train,train,train,train,train,val,train,train,train,train,train,train,train,val,train,train
IMG_3987,dataset_store/merged_peninsula/images/IMG_3987.jpg,5,gps,IMG_3987.HEIC,0,,-1,train,train,train,train,train,train,val,train,train,train,train,train,train,train,val,train,train
IMG_3992,dataset_store/merged_peninsula/images/IMG_3992.jpg,5,gps,IMG_3992.HEIC,0,,-1,train,train,train,train,train,train,val,train,train,train,train,train,train,train,val,train,train
IMG_3993,dataset_store/merged_peninsula/images/IMG_3993.jpg,5,gps,IMG_3993.HEIC,2,5,5,train,train,train,train,train,train,val,train,train,train,train,train,train,train,val,train,train
IMG_3994,dataset_store/merged_peninsula/images/IMG_3994.jpg,5,gps,IMG_3994.HEIC,2,5,5,train,train,train,train,train,train,val,train,train,train,train,train,train,train,val,train,train
IMG_3995,dataset_store/merged_peninsula/images/IMG_3995.jpg,5,gps,IMG_3995.HEIC,2,5,5,train,train,train,train,train,train,val,train,train,train,train,train,train,train,val,train,train
IMG_3996,dataset_store/merged_peninsula/images/IMG_3996.jpg,5,gps,IMG_3996.HEIC,2,5,5,train,train,train,train,train,train,val,train,train,train,train,train,train,train,val,train,train
IMG_3997,dataset_store/merged_peninsula/images/IMG_3997.jpg,5,gps,IMG_3997.HEIC,2,5,5,train,train,train,train,train,train,val,train,train,train,train,train,train,train,val,train,train
IMG_3998,dataset_store/merged_peninsula/images/IMG_3998.jpg,5,gps,IMG_3998.HEIC,2,5,5,train,train,train,train,train,train,val,train,train,train,train,train,train,train,val,train,train
IMG_3999,dataset_store/merged_peninsula/images/IMG_3999.jpg,5,gps,IMG_3999.HEIC,34,2,2,train,train,train,train,train,train,val,train,train,train,train,train,train,train,val,train,train
IMG_4001,dataset_store/merged_peninsula/images/IMG_4001.jpg,5,gps,IMG_4001.HEIC,15,2,2,train,train,train,train,train,train,val,train,train,train,train,train,train,train,val,train,train
IMG_4002,dataset_store/merged_peninsula/images/IMG_4002.jpg,5,gps,IMG_4002.HEIC,32,2,2,train,train,train,train,train,train,val,train,train,train,train,train,train,train,val,train,train
IMG_4003,dataset_store/merged_peninsula/images/IMG_4003.jpg,5,gps,IMG_4003.HEIC,29,2,2,val,train,train,train,train,train,val,train,train,train,train,train,train,train,val,train,train
IMG_4004,dataset_store/merged_peninsula/images/IMG_4004.jpg,5,gps,IMG_4004.HEIC,15,2,2,train,train,train,train,train,train,val,train,train,train,train,train,train,train,val,train,train
IMG_4005,dataset_store/merged_peninsula/images/IMG_4005.jpg,5,gps,IMG_4005.HEIC,28,2,2,train,train,train,train,train,train,val,train,train,train,train,train,train,train,val,train,train
IMG_4011,dataset_store/merged_peninsula/images/IMG_4011.jpg,5,gps,IMG_4011.HEIC,53,"0,3",3,train,train,train,train,train,train,val,train,train,train,train,train,train,train,val,train,train
IMG_4012,dataset_store/merged_peninsula/images/IMG_4012.jpg,5,gps,IMG_4012.HEIC,26,"0,2",0,train,train,train,train,train,train,val,train,train,train,train,train,train,train,val,train,train
IMG_4013,dataset_store/merged_peninsula/images/IMG_4013.jpg,5,gps,IMG_4013.HEIC,12,2,2,train,train,train,train,train,train,val,train,train,train,train,train,train,train,val,train,train
IMG_4014,dataset_store/merged_peninsula/images/IMG_4014.jpg,5,gps,IMG_4014.HEIC,13,0,0,val,train,train,train,train,train,val,train,train,train,train,train,train,train,val,train,train
IMG_4015,dataset_store/merged_peninsula/images/IMG_4015.jpg,5,gps,IMG_4015.HEIC,27,"0,2",0,val,train,train,train,train,train,val,train,train,train,train,train,train,train,val,train,train
IMG_4019,dataset_store/merged_peninsula/images/IMG_4019.jpg,5,gps,IMG_4019.HEIC,35,"0,2",2,train,train,train,train,train,train,val,train,train,train,train,train,train,train,val,train,train
IMG_4020,dataset_store/merged_peninsula/images/IMG_4020.jpg,5,gps,IMG_4020.HEIC,34,"0,2",2,val,train,train,train,train,train,val,train,train,train,train,train,train,train,val,train,train
IMG_4024,dataset_store/merged_peninsula/images/IMG_4024.jpg,5,gps,IMG_4024.HEIC,26,"0,2",2,train,train,train,train,train,train,val,train,train,train,train,train,train,train,val,train,train
IMG_4025,dataset_store/merged_peninsula/images/IMG_4025.jpg,5,gps,IMG_4025.HEIC,21,"0,2",2,train,train,train,train,train,train,val,train,train,train,train,train,train,train,val,train,train
IMG_4026,dataset_store/merged_peninsula/images/IMG_4026.jpg,5,gps,IMG_4026.HEIC,4,0,0,train,train,train,train,train,train,val,train,train,train,train,train,train,train,val,train,train
IMG_4029,dataset_store/merged_peninsula/images/IMG_4029.jpg,5,gps,IMG_4029.HEIC,83,"0,2,3",3,train,train,train,train,train,train,val,train,train,train,train,train,train,train,val,train,train
IMG_4031,dataset_store/merged_peninsula/images/IMG_4031.jpg,5,gps,IMG_4031.HEIC,11,2,2,train,train,train,train,train,train,val,train,train,train,train,train,train,train,val,train,train
IMG_4032,dataset_store/merged_peninsula/images/IMG_4032.jpg,5,gps,IMG_4032.HEIC,9,2,2,train,train,train,train,train,train,val,train,train,train,train,train,train,train,val,train,train
IMG_4033,dataset_store/merged_peninsula/images/IMG_4033.jpg,5,gps,IMG_4033.HEIC,5,2,2,train,train,train,train,train,train,val,train,train,train,train,train,train,train,val,train,train
IMG_4034,dataset_store/merged_peninsula/images/IMG_4034.jpg,5,gps,IMG_4034.HEIC,10,2,2,train,train,train,train,train,train,val,train,train,train,train,train,train,train,val,train,train
IMG_4041,dataset_store/merged_peninsula/images/IMG_4041.jpg,5,gps,IMG_4041.HEIC,0,,-1,train,train,train,train,train,train,val,train,train,train,train,train,train,train,val,train,train
IMG_4047,dataset_store/merged_peninsula/images/IMG_4047.jpg,5,gps,IMG_4047.HEIC,0,,-1,train,train,train,train,train,train,val,train,train,train,train,train,train,train,val,train,train
IMG_4053,dataset_store/merged_peninsula/images/IMG_4053.jpg,5,gps,IMG_4053.HEIC,0,,-1,train,train,train,train,train,train,val,train,train,train,train,train,train,train,val,train,train
IMG_4058,dataset_store/merged_peninsula/images/IMG_4058.jpg,5,gps,IMG_4058.HEIC,0,,-1,train,train,train,train,train,train,val,train,train,train,train,train,train,train,val,train,train
IMG_4064,dataset_store/merged_peninsula/images/IMG_4064.jpg,2,gps,IMG_4064.HEIC,26,"0,2",2,train,train,train,val,train,train,train,train,train,train,train,val,train,train,train,train,train
IMG_4065,dataset_store/merged_peninsula/images/IMG_4065.jpg,2,gps,IMG_4065.HEIC,26,"0,2",2,train,train,train,val,train,train,train,train,train,train,train,val,train,train,train,train,train
IMG_4066,dataset_store/merged_peninsula/images/IMG_4066.jpg,2,gps,IMG_4066.HEIC,9,0,0,train,train,train,val,train,train,train,train,train,train,train,val,train,train,train,train,train
IMG_4067,dataset_store/merged_peninsula/images/IMG_4067.jpg,2,gps,IMG_4067.HEIC,5,0,0,train,train,train,val,train,train,train,train,train,train,train,val,train,train,train,train,train
IMG_4068,dataset_store/merged_peninsula/images/IMG_4068.jpg,2,gps,IMG_4068.HEIC,26,"0,2",2,train,train,train,val,train,train,train,train,train,train,train,val,train,train,train,train,train
IMG_4069,dataset_store/merged_peninsula/images/IMG_4069.jpg,2,gps,IMG_4069.HEIC,31,2,2,train,train,train,val,train,train,train,train,train,train,train,val,train,train,train,train,train
IMG_4070,dataset_store/merged_peninsula/images/IMG_4070.jpg,2,gps,IMG_4070.HEIC,45,2,2,val,train,train,val,train,train,train,train,train,train,train,val,train,train,train,train,train
IMG_4071,dataset_store/merged_peninsula/images/IMG_4071.jpg,2,gps,IMG_4071.HEIC,48,2,2,train,train,train,val,train,train,train,train,train,train,train,val,train,train,train,train,train
IMG_4072,dataset_store/merged_peninsula/images/IMG_4072.jpg,2,gps,IMG_4072.HEIC,26,"0,3",3,train,train,train,val,train,train,train,train,train,train,train,val,train,train,train,train,train
IMG_4073,dataset_store/merged_peninsula/images/IMG_4073.jpg,2,gps,IMG_4073.HEIC,20,"0,3",3,train,train,train,val,train,train,train,train,train,train,train,val,train,train,train,train,train
IMG_4075,dataset_store/merged_peninsula/images/IMG_4075.jpg,2,gps,IMG_4075.HEIC,12,"0,1,3",3,train,train,train,val,train,train,train,train,train,train,train,val,train,train,train,train,train
IMG_4085,dataset_store/merged_peninsula/images/IMG_4085.jpg,2,gps,IMG_4085.HEIC,7,0,0,train,train,train,val,train,train,train,train,train,train,train,val,train,train,train,train,train
IMG_4086,dataset_store/merged_peninsula/images/IMG_4086.jpg,2,gps,IMG_4086.HEIC,38,"2,3,4",3,train,train,train,val,train,train,train,train,train,train,train,val,train,train,train,train,train
IMG_4087,dataset_store/merged_peninsula/images/IMG_4087.jpg,2,gps,IMG_4087.HEIC,28,"2,3,4",3,val,train,train,val,train,train,train,train,train,train,train,val,train,train,train,train,train
IMG_4088,dataset_store/merged_peninsula/images/IMG_4088.jpg,2,gps,IMG_4088.HEIC,18,"2,3,4",2,train,train,train,val,train,train,train,train,train,train,train,val,train,train,train,train,train
IMG_4089,dataset_store/merged_peninsula/images/IMG_4089.jpg,2,gps,IMG_4089.HEIC,23,"2,3",3,train,train,train,val,train,train,train,train,train,train,train,val,train,train,train,train,train
IMG_4090,dataset_store/merged_peninsula/images/IMG_4090.jpg,2,gps,IMG_4090.HEIC,23,2,2,train,train,train,val,train,train,train,train,train,train,train,val,train,train,train,train,train
IMG_4091,dataset_store/merged_peninsula/images/IMG_4091.jpg,2,gps,IMG_4091.HEIC,22,2,2,train,train,train,val,train,train,train,train,train,train,train,val,train,train,train,train,train
IMG_4095,dataset_store/merged_peninsula/images/IMG_4095.jpg,2,gps,IMG_4095.HEIC,2,1,1,train,train,train,val,train,train,train,train,train,train,train,val,train,train,train,train,train
IMG_4096,dataset_store/merged_peninsula/images/IMG_4096.jpg,2,gps,IMG_4096.HEIC,2,1,1,train,train,train,val,train,train,train,train,train,train,train,val,train,train,train,train,train
IMG_4098,dataset_store/merged_peninsula/images/IMG_4098.jpg,2,gps,IMG_4098.HEIC,47,"2,3",2,train,train,train,val,train,train,train,train,train,train,train,val,train,train,train,train,train
IMG_4103,dataset_store/merged_peninsula/images/IMG_4103.jpg,2,gps,IMG_4103.HEIC,8,"2,3",2,train,train,train,val,train,train,train,train,train,train,train,val,train,train,train,train,train
IMG_4104,dataset_store/merged_peninsula/images/IMG_4104.jpg,2,gps,IMG_4104.HEIC,12,2,2,train,train,train,val,train,train,train,train,train,train,train,val,train,train,train,train,train
IMG_4105,dataset_store/merged_peninsula/images/IMG_4105.jpg,2,gps,IMG_4105.HEIC,30,2,2,train,train,train,val,train,train,train,train,train,train,train,val,train,train,train,train,train
IMG_4106,dataset_store/merged_peninsula/images/IMG_4106.jpg,2,gps,IMG_4106.HEIC,3,2,2,train,train,train,val,train,train,train,train,train,train,train,val,train,train,train,train,train
IMG_4109,dataset_store/merged_peninsula/images/IMG_4109.jpg,2,gps,IMG_4109.HEIC,34,"2,3",2,train,train,train,val,train,train,train,train,train,train,train,val,train,train,train,train,train
IMG_4110,dataset_store/merged_peninsula/images/IMG_4110.jpg,2,gps,IMG_4110.HEIC,24,"2,3",2,train,train,train,val,train,train,train,train,train,train,train,val,train,train,train,train,train
IMG_4111,dataset_store/merged_peninsula/images/IMG_4111.jpg,2,gps,IMG_4111.HEIC,23,"2,3",2,val,train,train,val,train,train,train,train,train,train,train,val,train,train,train,train,train
IMG_4112,dataset_store/merged_peninsula/images/IMG_4112.jpg,2,gps,IMG_4112.HEIC,30,"2,3",2,train,train,train,val,train,train,train,train,train,train,train,val,train,train,train,train,train
IMG_4113,dataset_store/merged_peninsula/images/IMG_4113.jpg,2,gps,IMG_4113.HEIC,36,"2,3",2,train,train,train,val,train,train,train,train,train,train,train,val,train,train,train,train,train
IMG_4114,dataset_store/merged_peninsula/images/IMG_4114.jpg,2,gps,IMG_4114.HEIC,3,3,3,val,train,train,val,train,train,train,train,train,train,train,val,train,train,train,train,train
IMG_4115,dataset_store/merged_peninsula/images/IMG_4115.jpg,2,gps,IMG_4115.HEIC,50,"2,3",2,train,train,train,val,train,train,train,train,train,train,train,val,train,train,train,train,train
IMG_4116,dataset_store/merged_peninsula/images/IMG_4116.jpg,2,gps,IMG_4116.HEIC,47,2,2,train,train,train,val,train,train,train,train,train,train,train,val,train,train,train,train,train
IMG_4117,dataset_store/merged_peninsula/images/IMG_4117.jpg,2,gps,IMG_4117.HEIC,47,2,2,train,train,train,val,train,train,train,train,train,train,train,val,train,train,train,train,train
IMG_4118,dataset_store/merged_peninsula/images/IMG_4118.jpg,2,gps,IMG_4118.HEIC,37,2,2,val,train,train,val,train,train,train,train,train,train,train,val,train,train,train,train,train
IMG_4120,dataset_store/merged_peninsula/images/IMG_4120.jpg,2,gps,IMG_4120.HEIC,27,2,2,train,train,train,val,train,train,train,train,train,train,train,val,train,train,train,train,train
IMG_4123,dataset_store/merged_peninsula/images/IMG_4123.jpg,2,gps,IMG_4123.HEIC,28,"2,3",2,val,train,train,val,train,train,train,train,train,train,train,val,train,train,train,train,train
IMG_4134,dataset_store/merged_peninsula/images/IMG_4134.jpg,2,gps,IMG_4134.HEIC,0,,-1,train,train,train,val,train,train,train,train,train,train,train,val,train,train,train,train,train
IMG_4143,dataset_store/merged_peninsula/images/IMG_4143.jpg,2,gps,IMG_4143.HEIC,14,0,0,val,train,train,val,train,train,train,train,train,train,train,val,train,train,train,train,train
IMG_4144,dataset_store/merged_peninsula/images/IMG_4144.jpg,2,gps,IMG_4144.HEIC,15,"0,1",0,train,train,train,val,train,train,train,train,train,train,train,val,train,train,train,train,train
IMG_4145,dataset_store/merged_peninsula/images/IMG_4145.jpg,2,gps,IMG_4145.HEIC,11,"0,1",0,val,train,train,val,train,train,train,train,train,train,train,val,train,train,train,train,train
IMG_4146,dataset_store/merged_peninsula/images/IMG_4146.jpg,2,gps,IMG_4146.HEIC,6,0,0,train,train,train,val,train,train,train,train,train,train,train,val,train,train,train,train,train
IMG_4147,dataset_store/merged_peninsula/images/IMG_4147.jpg,2,gps,IMG_4147.HEIC,58,"1,2,3,4",2,val,train,train,val,train,train,train,train,train,train,train,val,train,train,train,train,train
IMG_4148,dataset_store/merged_peninsula/images/IMG_4148.jpg,2,gps,IMG_4148.HEIC,51,"2,4",2,train,train,train,val,train,train,train,train,train,train,train,val,train,train,train,train,train
IMG_4149,dataset_store/merged_peninsula/images/IMG_4149.jpg,2,gps,IMG_4149.HEIC,52,"1,2,4",2,train,train,train,val,train,train,train,train,train,train,train,val,train,train,train,train,train
IMG_4150,dataset_store/merged_peninsula/images/IMG_4150.jpg,2,gps,IMG_4150.HEIC,20,"0,1,2,3",0,train,train,train,val,train,train,train,train,train,train,train,val,train,train,train,train,train
IMG_4151,dataset_store/merged_peninsula/images/IMG_4151.jpg,2,gps,IMG_4151.HEIC,26,"0,2,3",0,train,train,train,val,train,train,train,train,train,train,train,val,train,train,train,train,train
IMG_4152,dataset_store/merged_peninsula/images/IMG_4152.jpg,2,gps,IMG_4152.HEIC,23,"0,2,3",0,val,train,train,val,train,train,train,train,train,train,train,val,train,train,train,train,train
IMG_4153,dataset_store/merged_peninsula/images/IMG_4153.jpg,2,gps,IMG_4153.HEIC,21,"0,1,3,5",0,train,train,train,val,train,train,train,train,train,train,train,val,train,train,train,train,train
IMG_4154,dataset_store/merged_peninsula/images/IMG_4154.jpg,2,gps,IMG_4154.HEIC,36,"0,2,3,5",0,train,train,train,val,train,train,train,train,train,train,train,val,train,train,train,train,train
IMG_4155,dataset_store/merged_peninsula/images/IMG_4155.jpg,2,gps,IMG_4155.HEIC,20,"0,2",2,train,train,train,val,train,train,train,train,train,train,train,val,train,train,train,train,train
IMG_4156,dataset_store/merged_peninsula/images/IMG_4156.jpg,2,gps,IMG_4156.HEIC,17,"0,2",0,train,train,train,val,train,train,train,train,train,train,train,val,train,train,train,train,train
IMG_4157,dataset_store/merged_peninsula/images/IMG_4157.jpg,2,gps,IMG_4157.HEIC,21,"0,2",2,train,train,train,val,train,train,train,train,train,train,train,val,train,train,train,train,train
IMG_4159,dataset_store/merged_peninsula/images/IMG_4159.jpg,2,gps,IMG_4159.HEIC,22,"0,2",0,train,train,train,val,train,train,train,train,train,train,train,val,train,train,train,train,train
IMG_4161,dataset_store/merged_peninsula/images/IMG_4161.jpg,2,gps,IMG_4161.HEIC,24,"0,2",2,train,train,train,val,train,train,train,train,train,train,train,val,train,train,train,train,train
IMG_4162,dataset_store/merged_peninsula/images/IMG_4162.jpg,2,gps,IMG_4162.HEIC,20,"0,2",2,train,train,train,val,train,train,train,train,train,train,train,val,train,train,train,train,train
IMG_4163,dataset_store/merged_peninsula/images/IMG_4163.jpg,2,gps,IMG_4163.HEIC,63,"0,2,3,4",2,train,train,train,val,train,train,train,train,train,train,train,val,train,train,train,train,train
IMG_4164,dataset_store/merged_peninsula/images/IMG_4164.jpg,2,gps,IMG_4164.HEIC,74,"2,3,4",2,val,train,train,val,train,train,train,train,train,train,train,val,train,train,train,train,train
IMG_4165,dataset_store/merged_peninsula/images/IMG_4165.jpg,2,gps,IMG_4165.HEIC,60,"2,4",2,train,train,train,val,train,train,train,train,train,train,train,val,train,train,train,train,train
IMG_4168,dataset_store/merged_peninsula/images/IMG_4168.jpg,2,gps,IMG_4168.HEIC,38,2,2,train,train,train,val,train,train,train,train,train,train,train,val,train,train,train,train,train
IMG_4169,dataset_store/merged_peninsula/images/IMG_4169.jpg,2,gps,IMG_4169.HEIC,19,0,0,train,train,train,val,train,train,train,train,train,train,train,val,train,train,train,train,train
IMG_4170,dataset_store/merged_peninsula/images/IMG_4170.jpg,2,gps,IMG_4170.HEIC,19,0,0,train,train,train,val,train,train,train,train,train,train,train,val,train,train,train,train,train
IMG_4172,dataset_store/merged_peninsula/images/IMG_4172.jpg,2,gps,IMG_4172.HEIC,18,0,0,train,train,train,val,train,train,train,train,train,train,train,val,train,train,train,train,train
IMG_4174,dataset_store/merged_peninsula/images/IMG_4174.jpg,2,gps,IMG_4174.HEIC,22,0,0,val,train,train,val,train,train,train,train,train,train,train,val,train,train,train,train,train
IMG_4176,dataset_store/merged_peninsula/images/IMG_4176.jpg,2,gps,IMG_4176.HEIC,51,2,2,train,train,train,val,train,train,train,train,train,train,train,val,train,train,train,train,train
IMG_4178,dataset_store/merged_peninsula/images/IMG_4178.jpg,2,gps,IMG_4178.HEIC,53,"2,3",2,train,train,train,val,train,train,train,train,train,train,train,val,train,train,train,train,train
IMG_4179,dataset_store/merged_peninsula/images/IMG_4179.jpg,2,gps,IMG_4179.HEIC,51,"2,3,4",2,train,train,train,val,train,train,train,train,train,train,train,val,train,train,train,train,train
IMG_4180,dataset_store/merged_peninsula/images/IMG_4180.jpg,2,gps,IMG_4180.HEIC,56,"0,2,3,4",2,train,train,train,val,train,train,train,train,train,train,train,val,train,train,train,train,train
IMG_4181,dataset_store/merged_peninsula/images/IMG_4181.jpg,2,gps,IMG_4181.HEIC,46,"0,2,3",0,train,train,train,val,train,train,train,train,train,train,train,val,train,train,train,train,train
IMG_4182,dataset_store/merged_peninsula/images/IMG_4182.jpg,2,gps,IMG_4182.HEIC,60,"2,3,4",2,train,train,train,val,train,train,train,train,train,train,train,val,train,train,train,train,train
IMG_4183,dataset_store/merged_peninsula/images/IMG_4183.jpg,2,gps,IMG_4183.HEIC,41,"1,2",2,train,train,train,val,train,train,train,train,train,train,train,val,train,train,train,train,train
IMG_4184,dataset_store/merged_peninsula/images/IMG_4184.jpg,2,gps,IMG_4184.HEIC,37,"1,2",2,train,train,train,val,train,train,train,train,train,train,train,val,train,train,train,train,train
IMG_4185,dataset_store/merged_peninsula/images/IMG_4185.jpg,2,gps,IMG_4185.HEIC,31,"1,2",2,train,train,train,val,train,train,train,train,train,train,train,val,train,train,train,train,train
IMG_4186,dataset_store/merged_peninsula/images/IMG_4186.jpg,2,gps,IMG_4186.HEIC,51,"2,3,4",2,train,train,train,val,train,train,train,train,train,train,train,val,train,train,train,train,train
IMG_4187,dataset_store/merged_peninsula/images/IMG_4187.jpg,2,gps,IMG_4187.HEIC,58,"1,2,4",2,val,train,train,val,train,train,train,train,train,train,train,val,train,train,train,train,train
IMG_4188,dataset_store/merged_peninsula/images/IMG_4188.jpg,2,gps,IMG_4188.HEIC,22,"1,3,4",4,train,train,train,val,train,train,train,train,train,train,train,val,train,train,train,train,train
IMG_4189,dataset_store/merged_peninsula/images/IMG_4189.jpg,2,gps,IMG_4189.HEIC,36,"0,1,2,4",2,train,train,train,val,train,train,train,train,train,train,train,val,train,train,train,train,train
IMG_4190,dataset_store/merged_peninsula/images/IMG_4190.jpg,2,gps,IMG_4190.HEIC,20,"0,3",0,train,train,train,val,train,train,train,train,train,train,train,val,train,train,train,train,train
IMG_4191,dataset_store/merged_peninsula/images/IMG_4191.jpg,2,gps,IMG_4191.HEIC,16,"0,3",0,train,train,train,val,train,train,train,train,train,train,train,val,train,train,train,train,train
IMG_4192,dataset_store/merged_peninsula/images/IMG_4192.jpg,2,gps,IMG_4192.HEIC,22,"0,3,4",0,train,train,train,val,train,train,train,train,train,train,train,val,train,train,train,train,train
IMG_4193,dataset_store/merged_peninsula/images/IMG_4193.jpg,2,gps,IMG_4193.HEIC,37,"2,4,5",2,train,train,train,val,train,train,train,train,train,train,train,val,train,train,train,train,train
IMG_4194,dataset_store/merged_peninsula/images/IMG_4194.jpg,2,gps,IMG_4194.HEIC,54,"2,4",2,train,train,train,val,train,train,train,train,train,train,train,val,train,train,train,train,train
IMG_4200,dataset_store/merged_peninsula/images/IMG_4200.jpg,2,gps,IMG_4200.HEIC,1,5,5,train,train,train,val,train,train,train,train,train,train,train,val,train,train,train,train,train
IMG_4201,dataset_store/merged_peninsula/images/IMG_4201.jpg,2,gps,IMG_4201.HEIC,24,"2,5",2,val,train,train,val,train,train,train,train,train,train,train,val,train,train,train,train,train
IMG_4202,dataset_store/merged_peninsula/images/IMG_4202.jpg,2,gps,IMG_4202.HEIC,17,"2,5",2,train,train,train,val,train,train,train,train,train,train,train,val,train,train,train,train,train
IMG_4203,dataset_store/merged_peninsula/images/IMG_4203.jpg,2,gps,IMG_4203.HEIC,1,5,5,train,train,train,val,train,train,train,train,train,train,train,val,train,train,train,train,train
IMG_4213,dataset_store/merged_peninsula/images/IMG_4213.jpg,2,gps,IMG_4213.HEIC,0,,-1,train,train,train,val,train,train,train,train,train,train,train,val,train,train,train,train,train
IMG_4218,dataset_store/merged_peninsula/images/IMG_4218.jpg,2,gps,IMG_4218.HEIC,0,,-1,train,train,train,val,train,train,train,train,train,train,train,val,train,train,train,train,train
IMG_4219,dataset_store/merged_peninsula/images/IMG_4219.jpg,2,gps,IMG_4219.HEIC,7,3,3,val,train,train,val,train,train,train,train,train,train,train,val,train,train,train,train,train
IMG_4220,dataset_store/merged_peninsula/images/IMG_4220.jpg,2,gps,IMG_4220.HEIC,8,3,3,train,train,train,val,train,train,train,train,train,train,train,val,train,train,train,train,train
IMG_4221,dataset_store/merged_peninsula/images/IMG_4221.jpg,2,gps,IMG_4221.HEIC,5,3,3,val,train,train,val,train,train,train,train,train,train,train,val,train,train,train,train,train
IMG_4256,dataset_store/merged_peninsula/images/IMG_4256.jpg,2,gps,IMG_4256.HEIC,0,,-1,train,train,train,val,train,train,train,train,train,train,train,val,train,train,train,train,train
IMG_4262,dataset_store/merged_peninsula/images/IMG_4262.jpg,2,gps,IMG_4262.HEIC,0,,-1,train,train,train,val,train,train,train,train,train,train,train,val,train,train,train,train,train
IMG_7016-HEIC,dataset_store/merged_peninsula/images/IMG_7016-HEIC.jpg,0,time_between,IMG_7016.HEIC,14,"3,4",3,train,val,train,train,train,train,train,train,train,,,,,,,,
IMG_7021,dataset_store/merged_peninsula/images/IMG_7021.jpg,0,time_between,IMG_7021.HEIC,18,0,0,train,val,train,train,train,train,train,train,train,,,,,,,,
IMG_9763,dataset_store/merged_peninsula/images/IMG_9763.jpg,0,gps,IMG_9763.HEIC,21,0,0,val,val,train,train,train,train,train,train,train,val,train,train,train,train,train,train,train
IMG_9764,dataset_store/merged_peninsula/images/IMG_9764.jpg,0,gps,IMG_9764.HEIC,17,0,0,train,val,train,train,train,train,train,train,train,val,train,train,train,train,train,train,train
IMG_9765,dataset_store/merged_peninsula/images/IMG_9765.jpg,0,gps,IMG_9765.HEIC,19,0,0,train,val,train,train,train,train,train,train,train,val,train,train,train,train,train,train,train
IMG_9766,dataset_store/merged_peninsula/images/IMG_9766.jpg,0,gps,IMG_9766.HEIC,17,0,0,train,val,train,train,train,train,train,train,train,val,train,train,train,train,train,train,train
IMG_9767,dataset_store/merged_peninsula/images/IMG_9767.jpg,0,gps,IMG_9767.HEIC,18,0,0,val,val,train,train,train,train,train,train,train,val,train,train,train,train,train,train,train
IMG_9768,dataset_store/merged_peninsula/images/IMG_9768.jpg,0,gps,IMG_9768.HEIC,13,0,0,train,val,train,train,train,train,train,train,train,val,train,train,train,train,train,train,train
IMG_9769,dataset_store/merged_peninsula/images/IMG_9769.jpg,0,gps,IMG_9769.HEIC,22,0,0,train,val,train,train,train,train,train,train,train,val,train,train,train,train,train,train,train
IMG_9770,dataset_store/merged_peninsula/images/IMG_9770.jpg,0,gps,IMG_9770.HEIC,17,0,0,train,val,train,train,train,train,train,train,train,val,train,train,train,train,train,train,train
IMG_9771,dataset_store/merged_peninsula/images/IMG_9771.jpg,0,gps,IMG_9771.HEIC,7,0,0,train,val,train,train,train,train,train,train,train,val,train,train,train,train,train,train,train
IMG_9773,dataset_store/merged_peninsula/images/IMG_9773.jpg,0,gps,IMG_9773.HEIC,13,0,0,train,val,train,train,train,train,train,train,train,val,train,train,train,train,train,train,train
IMG_9774,dataset_store/merged_peninsula/images/IMG_9774.jpg,0,gps,IMG_9774.HEIC,11,0,0,val,val,train,train,train,train,train,train,train,val,train,train,train,train,train,train,train
IMG_9775,dataset_store/merged_peninsula/images/IMG_9775.jpg,0,gps,IMG_9775.HEIC,12,0,0,train,val,train,train,train,train,train,train,train,val,train,train,train,train,train,train,train
IMG_9777,dataset_store/merged_peninsula/images/IMG_9777.jpg,0,gps,IMG_9777.HEIC,9,0,0,train,val,train,train,train,train,train,train,train,val,train,train,train,train,train,train,train
IMG_9779-HEIC,dataset_store/merged_peninsula/images/IMG_9779-HEIC.jpg,0,gps,IMG_9779.HEIC,14,"3,4",4,train,val,train,train,train,train,train,train,train,val,train,train,train,train,train,train,train
IMG_9783-HEIC,dataset_store/merged_peninsula/images/IMG_9783-HEIC.jpg,0,gps,IMG_9783.HEIC,31,"3,4",4,train,val,train,train,train,train,train,train,train,val,train,train,train,train,train,train,train
IMG_9784-HEIC,dataset_store/merged_peninsula/images/IMG_9784-HEIC.jpg,0,gps,IMG_9784.HEIC,8,"3,4",3,train,val,train,train,train,train,train,train,train,val,train,train,train,train,train,train,train
IMG_9799,dataset_store/merged_peninsula/images/IMG_9799.jpg,0,gps,IMG_9799.HEIC,13,0,0,train,val,train,train,train,train,train,train,train,val,train,train,train,train,train,train,train
IMG_9800,dataset_store/merged_peninsula/images/IMG_9800.jpg,0,gps,IMG_9800.HEIC,14,0,0,train,val,train,train,train,train,train,train,train,val,train,train,train,train,train,train,train
IMG_9801,dataset_store/merged_peninsula/images/IMG_9801.jpg,0,gps,IMG_9801.HEIC,12,0,0,val,val,train,train,train,train,train,train,train,val,train,train,train,train,train,train,train
IMG_9803,dataset_store/merged_peninsula/images/IMG_9803.jpg,0,gps,IMG_9803.HEIC,8,0,0,train,val,train,train,train,train,train,train,train,val,train,train,train,train,train,train,train
IMG_9804,dataset_store/merged_peninsula/images/IMG_9804.jpg,0,gps,IMG_9804.HEIC,18,0,0,train,val,train,train,train,train,train,train,train,val,train,train,train,train,train,train,train
IMG_9805,dataset_store/merged_peninsula/images/IMG_9805.jpg,0,gps,IMG_9805.HEIC,11,0,0,train,val,train,train,train,train,train,train,train,val,train,train,train,train,train,train,train
IMG_9806,dataset_store/merged_peninsula/images/IMG_9806.jpg,0,gps,IMG_9806.HEIC,5,0,0,train,val,train,train,train,train,train,train,train,val,train,train,train,train,train,train,train
IMG_9807,dataset_store/merged_peninsula/images/IMG_9807.jpg,0,gps,IMG_9807.HEIC,16,0,0,train,val,train,train,train,train,train,train,train,val,train,train,train,train,train,train,train
IMG_9808,dataset_store/merged_peninsula/images/IMG_9808.jpg,0,gps,IMG_9808.HEIC,7,0,0,train,val,train,train,train,train,train,train,train,val,train,train,train,train,train,train,train
IMG_9809,dataset_store/merged_peninsula/images/IMG_9809.jpg,0,gps,IMG_9809.HEIC,6,0,0,train,val,train,train,train,train,train,train,train,val,train,train,train,train,train,train,train
IMG_9810,dataset_store/merged_peninsula/images/IMG_9810.jpg,0,gps,IMG_9810.HEIC,22,0,0,val,val,train,train,train,train,train,train,train,val,train,train,train,train,train,train,train
IMG_9811,dataset_store/merged_peninsula/images/IMG_9811.jpg,0,gps,IMG_9811.HEIC,16,0,0,train,val,train,train,train,train,train,train,train,val,train,train,train,train,train,train,train
IMG_9812,dataset_store/merged_peninsula/images/IMG_9812.jpg,0,gps,IMG_9812.HEIC,22,0,0,train,val,train,train,train,train,train,train,train,val,train,train,train,train,train,train,train
IMG_9813,dataset_store/merged_peninsula/images/IMG_9813.jpg,0,gps,IMG_9813.HEIC,18,0,0,train,val,train,train,train,train,train,train,train,val,train,train,train,train,train,train,train
IMG_9814,dataset_store/merged_peninsula/images/IMG_9814.jpg,0,gps,IMG_9814.HEIC,16,0,0,val,val,train,train,train,train,train,train,train,val,train,train,train,train,train,train,train
IMG_9816,dataset_store/merged_peninsula/images/IMG_9816.jpg,0,gps,IMG_9816.HEIC,15,0,0,val,val,train,train,train,train,train,train,train,val,train,train,train,train,train,train,train
IMG_9818,dataset_store/merged_peninsula/images/IMG_9818.jpg,0,gps,IMG_9818.HEIC,20,0,0,train,val,train,train,train,train,train,train,train,val,train,train,train,train,train,train,train
IMG_9819,dataset_store/merged_peninsula/images/IMG_9819.jpg,0,gps,IMG_9819.HEIC,18,0,0,train,val,train,train,train,train,train,train,train,val,train,train,train,train,train,train,train
IMG_9820,dataset_store/merged_peninsula/images/IMG_9820.jpg,0,gps,IMG_9820.HEIC,20,0,0,train,val,train,train,train,train,train,train,train,val,train,train,train,train,train,train,train
IMG_9821,dataset_store/merged_peninsula/images/IMG_9821.jpg,0,gps,IMG_9821.HEIC,17,0,0,train,val,train,train,train,train,train,train,train,val,train,train,train,train,train,train,train
IMG_9822,dataset_store/merged_peninsula/images/IMG_9822.jpg,0,gps,IMG_9822.HEIC,11,0,0,train,val,train,train,train,train,train,train,train,val,train,train,train,train,train,train,train
IMG_9823,dataset_store/merged_peninsula/images/IMG_9823.jpg,0,gps,IMG_9823.HEIC,7,0,0,train,val,train,train,train,train,train,train,train,val,train,train,train,train,train,train,train
IMG_9825,dataset_store/merged_peninsula/images/IMG_9825.jpg,0,gps,IMG_9825.HEIC,19,0,0,val,val,train,train,train,train,train,train,train,val,train,train,train,train,train,train,train
IMG_9826,dataset_store/merged_peninsula/images/IMG_9826.jpg,0,gps,IMG_9826.HEIC,15,0,0,val,val,train,train,train,train,train,train,train,val,train,train,train,train,train,train,train
IMG_9827,dataset_store/merged_peninsula/images/IMG_9827.jpg,0,gps,IMG_9827.HEIC,13,0,0,train,val,train,train,train,train,train,train,train,val,train,train,train,train,train,train,train
IMG_9828,dataset_store/merged_peninsula/images/IMG_9828.jpg,0,gps,IMG_9828.HEIC,13,0,0,train,val,train,train,train,train,train,train,train,val,train,train,train,train,train,train,train
IMG_9829,dataset_store/merged_peninsula/images/IMG_9829.jpg,0,gps,IMG_9829.HEIC,0,,-1,train,val,train,train,train,train,train,train,train,val,train,train,train,train,train,train,train
IMG_9832,dataset_store/merged_peninsula/images/IMG_9832.jpg,0,gps,IMG_9832.HEIC,20,0,0,train,val,train,train,train,train,train,train,train,val,train,train,train,train,train,train,train
IMG_9833,dataset_store/merged_peninsula/images/IMG_9833.jpg,0,gps,IMG_9833.HEIC,14,0,0,val,val,train,train,train,train,train,train,train,val,train,train,train,train,train,train,train
IMG_9834,dataset_store/merged_peninsula/images/IMG_9834.jpg,0,gps,IMG_9834.HEIC,11,0,0,val,val,train,train,train,train,train,train,train,val,train,train,train,train,train,train,train
IMG_9836,dataset_store/merged_peninsula/images/IMG_9836.jpg,0,gps,IMG_9836.HEIC,13,0,0,train,val,train,train,train,train,train,train,train,val,train,train,train,train,train,train,train
IMG_9838,dataset_store/merged_peninsula/images/IMG_9838.jpg,0,gps,IMG_9838.HEIC,12,0,0,train,val,train,train,train,train,train,train,train,val,train,train,train,train,train,train,train
IMG_9839,dataset_store/merged_peninsula/images/IMG_9839.jpg,0,gps,IMG_9839.HEIC,10,0,0,val,val,train,train,train,train,train,train,train,val,train,train,train,train,train,train,train
IMG_9840,dataset_store/merged_peninsula/images/IMG_9840.jpg,0,gps,IMG_9840.HEIC,10,0,0,train,val,train,train,train,train,train,train,train,val,train,train,train,train,train,train,train
IMG_9842,dataset_store/merged_peninsula/images/IMG_9842.jpg,0,gps,IMG_9842.HEIC,12,0,0,train,val,train,train,train,train,train,train,train,val,train,train,train,train,train,train,train
IMG_9843,dataset_store/merged_peninsula/images/IMG_9843.jpg,0,gps,IMG_9843.HEIC,7,0,0,train,val,train,train,train,train,train,train,train,val,train,train,train,train,train,train,train
IMG_9844,dataset_store/merged_peninsula/images/IMG_9844.jpg,0,gps,IMG_9844.HEIC,6,0,0,val,val,train,train,train,train,train,train,train,val,train,train,train,train,train,train,train
IMG_9848,dataset_store/merged_peninsula/images/IMG_9848.jpg,0,gps,IMG_9848.HEIC,0,,-1,train,val,train,train,train,train,train,train,train,val,train,train,train,train,train,train,train
IMG_9854,dataset_store/merged_peninsula/images/IMG_9854.jpg,0,gps,IMG_9854.HEIC,0,,-1,train,val,train,train,train,train,train,train,train,val,train,train,train,train,train,train,train
IMG_9857,dataset_store/merged_peninsula/images/IMG_9857.jpg,0,gps,IMG_9857.HEIC,3,1,1,train,val,train,train,train,train,train,train,train,val,train,train,train,train,train,train,train
IMG_9858,dataset_store/merged_peninsula/images/IMG_9858.jpg,0,gps,IMG_9858.HEIC,3,1,1,train,val,train,train,train,train,train,train,train,val,train,train,train,train,train,train,train
IMG_9859,dataset_store/merged_peninsula/images/IMG_9859.jpg,0,gps,IMG_9859.HEIC,3,1,1,train,val,train,train,train,train,train,train,train,val,train,train,train,train,train,train,train
IMG_9861-HEIC,dataset_store/merged_peninsula/images/IMG_9861-HEIC.jpg,0,gps,IMG_9861.HEIC,3,1,1,train,val,train,train,train,train,train,train,train,val,train,train,train,train,train,train,train
IMG_9864,dataset_store/merged_peninsula/images/IMG_9864.jpg,0,gps,IMG_9864.HEIC,4,1,1,train,val,train,train,train,train,train,train,train,val,train,train,train,train,train,train,train
IMG_9865,dataset_store/merged_peninsula/images/IMG_9865.jpg,0,gps,IMG_9865.HEIC,2,1,1,train,val,train,train,train,train,train,train,train,val,train,train,train,train,train,train,train
IMG_9866,dataset_store/merged_peninsula/images/IMG_9866.jpg,0,gps,IMG_9866.HEIC,2,1,1,train,val,train,train,train,train,train,train,train,val,train,train,train,train,train,train,train
IMG_9867,dataset_store/merged_peninsula/images/IMG_9867.jpg,0,gps,IMG_9867.HEIC,6,1,1,train,val,train,train,train,train,train,train,train,val,train,train,train,train,train,train,train
IMG_9868-HEIC,dataset_store/merged_peninsula/images/IMG_9868-HEIC.jpg,0,gps,IMG_9868.HEIC,3,1,1,train,val,train,train,train,train,train,train,train,val,train,train,train,train,train,train,train
IMG_9869,dataset_store/merged_peninsula/images/IMG_9869.jpg,0,gps,IMG_9869.HEIC,2,1,1,train,val,train,train,train,train,train,train,train,val,train,train,train,train,train,train,train
IMG_9870,dataset_store/merged_peninsula/images/IMG_9870.jpg,0,gps,IMG_9870.HEIC,2,1,1,train,val,train,train,train,train,train,train,train,val,train,train,train,train,train,train,train
IMG_9873,dataset_store/merged_peninsula/images/IMG_9873.jpg,0,gps,IMG_9873.HEIC,3,1,1,val,val,train,train,train,train,train,train,train,val,train,train,train,train,train,train,train
IMG_9874,dataset_store/merged_peninsula/images/IMG_9874.jpg,0,gps,IMG_9874.HEIC,3,1,1,train,val,train,train,train,train,train,train,train,val,train,train,train,train,train,train,train
IMG_9875,dataset_store/merged_peninsula/images/IMG_9875.jpg,0,gps,IMG_9875.HEIC,3,1,1,val,val,train,train,train,train,train,train,train,val,train,train,train,train,train,train,train
IMG_9876,dataset_store/merged_peninsula/images/IMG_9876.jpg,0,gps,IMG_9876.HEIC,0,,-1,val,val,train,train,train,train,train,train,train,val,train,train,train,train,train,train,train
IMG_9879,dataset_store/merged_peninsula/images/IMG_9879.jpg,0,gps,IMG_9879.HEIC,2,1,1,train,val,train,train,train,train,train,train,train,val,train,train,train,train,train,train,train
IMG_9880,dataset_store/merged_peninsula/images/IMG_9880.jpg,0,gps,IMG_9880.HEIC,3,1,1,train,val,train,train,train,train,train,train,train,val,train,train,train,train,train,train,train
IMG_9881,dataset_store/merged_peninsula/images/IMG_9881.jpg,0,gps,IMG_9881.HEIC,3,1,1,train,val,train,train,train,train,train,train,train,val,train,train,train,train,train,train,train
IMG_9885,dataset_store/merged_peninsula/images/IMG_9885.jpg,6,gps,IMG_9885(1).HEIC,13,"1,2",2,train,train,train,train,train,train,train,val,train,train,train,train,train,train,train,val,train
IMG_9886,dataset_store/merged_peninsula/images/IMG_9886.jpg,6,gps,IMG_9886(1).HEIC,19,"1,2",2,train,train,train,train,train,train,train,val,train,train,train,train,train,train,train,val,train
IMG_9887,dataset_store/merged_peninsula/images/IMG_9887.jpg,6,gps,IMG_9887(1).HEIC,12,"1,2",2,train,train,train,train,train,train,train,val,train,train,train,train,train,train,train,val,train
IMG_9888,dataset_store/merged_peninsula/images/IMG_9888.jpg,6,gps,IMG_9888.HEIC,11,"1,2",2,train,train,train,train,train,train,train,val,train,train,train,train,train,train,train,val,train
IMG_9889,dataset_store/merged_peninsula/images/IMG_9889.jpg,6,gps,IMG_9889(1).HEIC,13,2,2,train,train,train,train,train,train,train,val,train,train,train,train,train,train,train,val,train
IMG_9890,dataset_store/merged_peninsula/images/IMG_9890.jpg,6,gps,IMG_9890.HEIC,18,"0,2",2,val,train,train,train,train,train,train,val,train,train,train,train,train,train,train,val,train
IMG_9891,dataset_store/merged_peninsula/images/IMG_9891.jpg,6,gps,IMG_9891.HEIC,32,"0,2",2,train,train,train,train,train,train,train,val,train,train,train,train,train,train,train,val,train
IMG_9892,dataset_store/merged_peninsula/images/IMG_9892.jpg,6,gps,IMG_9892.HEIC,18,"0,2",2,val,train,train,train,train,train,train,val,train,train,train,train,train,train,train,val,train
IMG_9893,dataset_store/merged_peninsula/images/IMG_9893.jpg,6,gps,IMG_9893.HEIC,30,"0,2",2,train,train,train,train,train,train,train,val,train,train,train,train,train,train,train,val,train
IMG_9894,dataset_store/merged_peninsula/images/IMG_9894.jpg,6,gps,IMG_9894(1).HEIC,23,2,2,train,train,train,train,train,train,train,val,train,train,train,train,train,train,train,val,train
IMG_9895,dataset_store/merged_peninsula/images/IMG_9895.jpg,6,gps,IMG_9895(1).HEIC,13,2,2,val,train,train,train,train,train,train,val,train,train,train,train,train,train,train,val,train
IMG_9896,dataset_store/merged_peninsula/images/IMG_9896.jpg,6,gps,IMG_9896(1).HEIC,29,2,2,train,train,train,train,train,train,train,val,train,train,train,train,train,train,train,val,train
IMG_9897,dataset_store/merged_peninsula/images/IMG_9897.jpg,6,gps,IMG_9897(1).HEIC,17,2,2,val,train,train,train,train,train,train,val,train,train,train,train,train,train,train,val,train
IMG_9898,dataset_store/merged_peninsula/images/IMG_9898.jpg,6,gps,IMG_9898(1).HEIC,16,2,2,train,train,train,train,train,train,train,val,train,train,train,train,train,train,train,val,train
IMG_9899,dataset_store/merged_peninsula/images/IMG_9899.jpg,6,gps,IMG_9899(1).HEIC,13,2,2,train,train,train,train,train,train,train,val,train,train,train,train,train,train,train,val,train
IMG_9900,dataset_store/merged_peninsula/images/IMG_9900.jpg,6,gps,IMG_9900(1).HEIC,40,2,2,val,train,train,train,train,train,train,val,train,train,train,train,train,train,train,val,train
IMG_9902,dataset_store/merged_peninsula/images/IMG_9902.jpg,6,gps,IMG_9902(1).HEIC,17,2,2,train,train,train,train,train,train,train,val,train,train,train,train,train,train,train,val,train
IMG_9903,dataset_store/merged_peninsula/images/IMG_9903.jpg,6,gps,IMG_9903(1).HEIC,29,2,2,train,train,train,train,train,train,train,val,train,train,train,train,train,train,train,val,train
IMG_9904,dataset_store/merged_peninsula/images/IMG_9904.jpg,6,gps,IMG_9904(1).HEIC,19,2,2,train,train,train,train,train,train,train,val,train,train,train,train,train,train,train,val,train
IMG_9905,dataset_store/merged_peninsula/images/IMG_9905.jpg,6,gps,IMG_9905.HEIC,38,2,2,train,train,train,train,train,train,train,val,train,train,train,train,train,train,train,val,train
IMG_9905-HEIC,dataset_store/merged_peninsula/images/IMG_9905-HEIC.jpg,0,gps,IMG_9905(1).HEIC,1,5,5,train,val,train,train,train,train,train,train,train,val,train,train,train,train,train,train,train
IMG_9906,dataset_store/merged_peninsula/images/IMG_9906.jpg,6,gps,IMG_9906(1).HEIC,18,2,2,train,train,train,train,train,train,train,val,train,train,train,train,train,train,train,val,train
IMG_9906-HEIC,dataset_store/merged_peninsula/images/IMG_9906-HEIC.jpg,0,gps,IMG_9906.HEIC,1,5,5,train,val,train,train,train,train,train,train,train,val,train,train,train,train,train,train,train
IMG_9907,dataset_store/merged_peninsula/images/IMG_9907.jpg,6,gps,IMG_9907(1).HEIC,8,2,2,train,train,train,train,train,train,train,val,train,train,train,train,train,train,train,val,train
IMG_9907-HEIC,dataset_store/merged_peninsula/images/IMG_9907-HEIC.jpg,0,gps,IMG_9907.HEIC,1,5,5,train,val,train,train,train,train,train,train,train,val,train,train,train,train,train,train,train
IMG_9908,dataset_store/merged_peninsula/images/IMG_9908.jpg,6,gps,IMG_9908.HEIC,30,2,2,train,train,train,train,train,train,train,val,train,train,train,train,train,train,train,val,train
IMG_9909-HEIC,dataset_store/merged_peninsula/images/IMG_9909-HEIC.jpg,0,gps,IMG_9909.HEIC,1,5,5,train,val,train,train,train,train,train,train,train,val,train,train,train,train,train,train,train
IMG_9910,dataset_store/merged_peninsula/images/IMG_9910.jpg,6,gps,IMG_9910(1).HEIC,5,2,2,train,train,train,train,train,train,train,val,train,train,train,train,train,train,train,val,train
IMG_9911,dataset_store/merged_peninsula/images/IMG_9911.jpg,6,gps,IMG_9911.HEIC,17,2,2,val,train,train,train,train,train,train,val,train,train,train,train,train,train,train,val,train
IMG_9911-HEIC,dataset_store/merged_peninsula/images/IMG_9911-HEIC.jpg,0,gps,IMG_9911(1).HEIC,1,5,5,train,val,train,train,train,train,train,train,train,val,train,train,train,train,train,train,train
IMG_9912-HEIC,dataset_store/merged_peninsula/images/IMG_9912-HEIC.jpg,6,gps,IMG_9912.HEIC,1,5,5,train,train,train,train,train,train,train,val,train,train,train,train,train,train,train,val,train
IMG_9914-HEIC,dataset_store/merged_peninsula/images/IMG_9914-HEIC.jpg,6,gps,IMG_9914.HEIC,1,5,5,train,train,train,train,train,train,train,val,train,train,train,train,train,train,train,val,train
IMG_9915,dataset_store/merged_peninsula/images/IMG_9915.jpg,6,gps,IMG_9915.HEIC,37,2,2,train,train,train,train,train,train,train,val,train,train,train,train,train,train,train,val,train
IMG_9915-HEIC,dataset_store/merged_peninsula/images/IMG_9915-HEIC.jpg,0,gps,IMG_9915(1).HEIC,1,5,5,train,val,train,train,train,train,train,train,train,val,train,train,train,train,train,train,train
IMG_9916,dataset_store/merged_peninsula/images/IMG_9916.jpg,6,gps,IMG_9916.HEIC,35,2,2,train,train,train,train,train,train,train,val,train,train,train,train,train,train,train,val,train
IMG_9916-HEIC,dataset_store/merged_peninsula/images/IMG_9916-HEIC.jpg,0,gps,IMG_9916(1).HEIC,1,5,5,train,val,train,train,train,train,train,train,train,val,train,train,train,train,train,train,train
IMG_9917,dataset_store/merged_peninsula/images/IMG_9917.jpg,6,gps,IMG_9917.HEIC,24,2,2,train,train,train,train,train,train,train,val,train,train,train,train,train,train,train,val,train
IMG_9917-HEIC,dataset_store/merged_peninsula/images/IMG_9917-HEIC.jpg,0,gps,IMG_9917(1).HEIC,1,5,5,val,val,train,train,train,train,train,train,train,val,train,train,train,train,train,train,train
IMG_9918,dataset_store/merged_peninsula/images/IMG_9918.jpg,6,gps,IMG_9918.HEIC,33,2,2,train,train,train,train,train,train,train,val,train,train,train,train,train,train,train,val,train
IMG_9918-HEIC,dataset_store/merged_peninsula/images/IMG_9918-HEIC.jpg,0,gps,IMG_9918(1).HEIC,1,5,5,train,val,train,train,train,train,train,train,train,val,train,train,train,train,train,train,train
IMG_9919,dataset_store/merged_peninsula/images/IMG_9919.jpg,6,gps,IMG_9919.HEIC,31,2,2,train,train,train,train,train,train,train,val,train,train,train,train,train,train,train,val,train
IMG_9920,dataset_store/merged_peninsula/images/IMG_9920.jpg,6,gps,IMG_9920.HEIC,46,2,2,train,train,train,train,train,train,train,val,train,train,train,train,train,train,train,val,train
IMG_9920-HEIC,dataset_store/merged_peninsula/images/IMG_9920-HEIC.jpg,0,gps,IMG_9920(1).HEIC,1,5,5,train,val,train,train,train,train,train,train,train,val,train,train,train,train,train,train,train
IMG_9921,dataset_store/merged_peninsula/images/IMG_9921.jpg,6,gps,IMG_9921.HEIC,34,2,2,train,train,train,train,train,train,train,val,train,train,train,train,train,train,train,val,train
IMG_9922,dataset_store/merged_peninsula/images/IMG_9922.jpg,6,gps,IMG_9922.HEIC,50,2,2,train,train,train,train,train,train,train,val,train,train,train,train,train,train,train,val,train
IMG_9923,dataset_store/merged_peninsula/images/IMG_9923.jpg,6,gps,IMG_9923.HEIC,23,2,2,val,train,train,train,train,train,train,val,train,train,train,train,train,train,train,val,train
IMG_9924,dataset_store/merged_peninsula/images/IMG_9924.jpg,6,gps,IMG_9924.HEIC,26,2,2,train,train,train,train,train,train,train,val,train,train,train,train,train,train,train,val,train
IMG_9925,dataset_store/merged_peninsula/images/IMG_9925.jpg,6,gps,IMG_9925(1).HEIC,31,2,2,train,train,train,train,train,train,train,val,train,train,train,train,train,train,train,val,train
IMG_9926,dataset_store/merged_peninsula/images/IMG_9926.jpg,6,gps,IMG_9926(1).HEIC,28,2,2,train,train,train,train,train,train,train,val,train,train,train,train,train,train,train,val,train
IMG_9927,dataset_store/merged_peninsula/images/IMG_9927.jpg,6,gps,IMG_9927(1).HEIC,31,2,2,train,train,train,train,train,train,train,val,train,train,train,train,train,train,train,val,train
IMG_9928,dataset_store/merged_peninsula/images/IMG_9928.jpg,6,gps,IMG_9928(1).HEIC,34,2,2,train,train,train,train,train,train,train,val,train,train,train,train,train,train,train,val,train
IMG_9929,dataset_store/merged_peninsula/images/IMG_9929.jpg,6,gps,IMG_9929(1).HEIC,11,2,2,train,train,train,train,train,train,train,val,train,train,train,train,train,train,train,val,train
IMG_9931,dataset_store/merged_peninsula/images/IMG_9931.jpg,6,gps,IMG_9931(1).HEIC,21,"1,2",2,train,train,train,train,train,train,train,val,train,train,train,train,train,train,train,val,train
IMG_9933,dataset_store/merged_peninsula/images/IMG_9933.jpg,6,gps,IMG_9933(1).HEIC,26,"1,2",2,train,train,train,train,train,train,train,val,train,train,train,train,train,train,train,val,train
IMG_9938,dataset_store/merged_peninsula/images/IMG_9938.jpg,0,gps,IMG_9938.HEIC,10,1,1,val,val,train,train,train,train,train,train,train,val,train,train,train,train,train,train,train
IMG_9939,dataset_store/merged_peninsula/images/IMG_9939.jpg,6,gps,IMG_9939(1).HEIC,21,2,2,train,train,train,train,train,train,train,val,train,train,train,train,train,train,train,val,train
IMG_9940,dataset_store/merged_peninsula/images/IMG_9940.jpg,6,gps,IMG_9940(1).HEIC,19,"1,2",2,train,train,train,train,train,train,train,val,train,train,train,train,train,train,train,val,train
IMG_9941,dataset_store/merged_peninsula/images/IMG_9941.jpg,6,gps,IMG_9941(1).HEIC,16,2,2,train,train,train,train,train,train,train,val,train,train,train,train,train,train,train,val,train
IMG_9942,dataset_store/merged_peninsula/images/IMG_9942.jpg,6,gps,IMG_9942(1).HEIC,14,"1,2",2,train,train,train,train,train,train,train,val,train,train,train,train,train,train,train,val,train
IMG_9943,dataset_store/merged_peninsula/images/IMG_9943.jpg,6,gps,IMG_9943(1).HEIC,14,"1,2",2,train,train,train,train,train,train,train,val,train,train,train,train,train,train,train,val,train
IMG_9944,dataset_store/merged_peninsula/images/IMG_9944.jpg,6,gps,IMG_9944(1).HEIC,17,"1,2",2,train,train,train,train,train,train,train,val,train,train,train,train,train,train,train,val,train
IMG_9946,dataset_store/merged_peninsula/images/IMG_9946.jpg,6,gps,IMG_9946(1).HEIC,13,2,2,val,train,train,train,train,train,train,val,train,train,train,train,train,train,train,val,train
IMG_9947,dataset_store/merged_peninsula/images/IMG_9947.jpg,6,gps,IMG_9947(1).HEIC,12,2,2,train,train,train,train,train,train,train,val,train,train,train,train,train,train,train,val,train
IMG_9947-HEIC,dataset_store/merged_peninsula/images/IMG_9947-HEIC.jpg,0,gps,IMG_9947.HEIC,3,1,1,train,val,train,train,train,train,train,train,train,val,train,train,train,train,train,train,train
IMG_9948,dataset_store/merged_peninsula/images/IMG_9948.jpg,6,gps,IMG_9948.HEIC,9,2,2,train,train,train,train,train,train,train,val,train,train,train,train,train,train,train,val,train
IMG_9948-HEIC,dataset_store/merged_peninsula/images/IMG_9948-HEIC.jpg,0,gps,IMG_9948(1).HEIC,2,1,1,val,val,train,train,train,train,train,train,train,val,train,train,train,train,train,train,train
IMG_9949,dataset_store/merged_peninsula/images/IMG_9949.jpg,6,gps,IMG_9949.HEIC,9,2,2,val,train,train,train,train,train,train,val,train,train,train,train,train,train,train,val,train
IMG_9949-HEIC,dataset_store/merged_peninsula/images/IMG_9949-HEIC.jpg,0,gps,IMG_9949(1).HEIC,2,1,1,train,val,train,train,train,train,train,train,train,val,train,train,train,train,train,train,train
IMG_9951,dataset_store/merged_peninsula/images/IMG_9951.jpg,6,gps,IMG_9951(1).HEIC,9,2,2,val,train,train,train,train,train,train,val,train,train,train,train,train,train,train,val,train
IMG_9951-HEIC,dataset_store/merged_peninsula/images/IMG_9951-HEIC.jpg,0,gps,IMG_9951.HEIC,2,1,1,train,val,train,train,train,train,train,train,train,val,train,train,train,train,train,train,train
IMG_9953,dataset_store/merged_peninsula/images/IMG_9953.jpg,6,gps,IMG_9953.HEIC,10,"1,2",2,train,train,train,train,train,train,train,val,train,train,train,train,train,train,train,val,train
IMG_9955,dataset_store/merged_peninsula/images/IMG_9955.jpg,6,gps,IMG_9955(1).HEIC,7,2,2,train,train,train,train,train,train,train,val,train,train,train,train,train,train,train,val,train
IMG_9955-HEIC,dataset_store/merged_peninsula/images/IMG_9955-HEIC.jpg,0,gps,IMG_9955.HEIC,1,1,1,train,val,train,train,train,train,train,train,train,val,train,train,train,train,train,train,train
IMG_9956,dataset_store/merged_peninsula/images/IMG_9956.jpg,6,gps,IMG_9956(1).HEIC,6,2,2,train,train,train,train,train,train,train,val,train,train,train,train,train,train,train,val,train
IMG_9957,dataset_store/merged_peninsula/images/IMG_9957.jpg,6,gps,IMG_9957(1).HEIC,9,2,2,train,train,train,train,train,train,train,val,train,train,train,train,train,train,train,val,train
IMG_9958,dataset_store/merged_peninsula/images/IMG_9958.jpg,6,gps,IMG_9958(1).HEIC,7,2,2,train,train,train,train,train,train,train,val,train,train,train,train,train,train,train,val,train
IMG_9959,dataset_store/merged_peninsula/images/IMG_9959.jpg,6,gps,IMG_9959(1).HEIC,5,2,2,train,train,train,train,train,train,train,val,train,train,train,train,train,train,train,val,train
IMG_9960,dataset_store/merged_peninsula/images/IMG_9960.jpg,6,gps,IMG_9960(1).HEIC,35,"0,2",2,train,train,train,train,train,train,train,val,train,train,train,train,train,train,train,val,train
IMG_9961,dataset_store/merged_peninsula/images/IMG_9961.jpg,6,gps,IMG_9961(1).HEIC,27,2,2,train,train,train,train,train,train,train,val,train,train,train,train,train,train,train,val,train
IMG_9962,dataset_store/merged_peninsula/images/IMG_9962.jpg,6,gps,IMG_9962(1).HEIC,28,"0,2",2,train,train,train,train,train,train,train,val,train,train,train,train,train,train,train,val,train
IMG_9963,dataset_store/merged_peninsula/images/IMG_9963.jpg,6,gps,IMG_9963(1).HEIC,10,"0,2",2,train,train,train,train,train,train,train,val,train,train,train,train,train,train,train,val,train
IMG_9964,dataset_store/merged_peninsula/images/IMG_9964.jpg,0,gps,IMG_9964.HEIC,4,1,1,train,val,train,train,train,train,train,train,train,val,train,train,train,train,train,train,train
IMG_9965,dataset_store/merged_peninsula/images/IMG_9965.jpg,6,gps,IMG_9965(1).HEIC,20,"1,2",2,train,train,train,train,train,train,train,val,train,train,train,train,train,train,train,val,train
IMG_9966,dataset_store/merged_peninsula/images/IMG_9966.jpg,0,gps,IMG_9966.HEIC,4,1,1,train,val,train,train,train,train,train,train,train,val,train,train,train,train,train,train,train
IMG_9968,dataset_store/merged_peninsula/images/IMG_9968.jpg,6,gps,IMG_9968(1).HEIC,11,"1,2",2,train,train,train,train,train,train,train,val,train,train,train,train,train,train,train,val,train
IMG_9969,dataset_store/merged_peninsula/images/IMG_9969.jpg,6,gps,IMG_9969(1).HEIC,13,"1,2",2,train,train,train,train,train,train,train,val,train,train,train,train,train,train,train,val,train
IMG_9970,dataset_store/merged_peninsula/images/IMG_9970.jpg,6,gps,IMG_9970(1).HEIC,16,"1,2",2,train,train,train,train,train,train,train,val,train,train,train,train,train,train,train,val,train
IMG_9971,dataset_store/merged_peninsula/images/IMG_9971.jpg,0,gps,IMG_9971.HEIC,4,1,1,train,val,train,train,train,train,train,train,train,val,train,train,train,train,train,train,train
IMG_9972,dataset_store/merged_peninsula/images/IMG_9972.jpg,6,gps,IMG_9972(1).HEIC,14,"1,2",2,val,train,train,train,train,train,train,val,train,train,train,train,train,train,train,val,train
IMG_9973,dataset_store/merged_peninsula/images/IMG_9973.jpg,6,gps,IMG_9973.HEIC,8,2,2,val,train,train,train,train,train,train,val,train,train,train,train,train,train,train,val,train
IMG_9977,dataset_store/merged_peninsula/images/IMG_9977.jpg,6,gps,IMG_9977.HEIC,6,2,2,val,train,train,train,train,train,train,val,train,train,train,train,train,train,train,val,train
IMG_9978-HEIC,dataset_store/merged_peninsula/images/IMG_9978-HEIC.jpg,0,gps,IMG_9978.HEIC,1,5,5,train,val,train,train,train,train,train,train,train,val,train,train,train,train,train,train,train
IMG_9979-HEIC,dataset_store/merged_peninsula/images/IMG_9979-HEIC.jpg,0,gps,IMG_9979.HEIC,1,5,5,train,val,train,train,train,train,train,train,train,val,train,train,train,train,train,train,train
IMG_9980,dataset_store/merged_peninsula/images/IMG_9980.jpg,6,gps,IMG_9980.HEIC,8,2,2,train,train,train,train,train,train,train,val,train,train,train,train,train,train,train,val,train
IMG_9981-HEIC,dataset_store/merged_peninsula/images/IMG_9981-HEIC.jpg,0,gps,IMG_9981(1).HEIC,4,5,5,train,val,train,train,train,train,train,train,train,val,train,train,train,train,train,train,train
IMG_9982-HEIC,dataset_store/merged_peninsula/images/IMG_9982-HEIC.jpg,0,gps,IMG_9982(1).HEIC,1,5,5,train,val,train,train,train,train,train,train,train,val,train,train,train,train,train,train,train
IMG_9983,dataset_store/merged_peninsula/images/IMG_9983.jpg,6,gps,IMG_9983.HEIC,14,2,2,val,train,train,train,train,train,train,val,train,train,train,train,train,train,train,val,train
IMG_9984,dataset_store/merged_peninsula/images/IMG_9984.jpg,6,gps,IMG_9984.HEIC,12,2,2,train,train,train,train,train,train,train,val,train,train,train,train,train,train,train,val,train
IMG_9984-HEIC,dataset_store/merged_peninsula/images/IMG_9984-HEIC.jpg,0,gps,IMG_9984(1).HEIC,2,5,5,val,val,train,train,train,train,train,train,train,val,train,train,train,train,train,train,train
IMG_9985,dataset_store/merged_peninsula/images/IMG_9985.jpg,6,gps,IMG_9985.HEIC,11,2,2,train,train,train,train,train,train,train,val,train,train,train,train,train,train,train,val,train
IMG_9985-HEIC,dataset_store/merged_peninsula/images/IMG_9985-HEIC.jpg,0,gps,IMG_9985(1).HEIC,3,5,5,val,val,train,train,train,train,train,train,train,val,train,train,train,train,train,train,train
IMG_9986,dataset_store/merged_peninsula/images/IMG_9986.jpg,6,gps,IMG_9986.HEIC,9,2,2,train,train,train,train,train,train,train,val,train,train,train,train,train,train,train,val,train
IMG_9987,dataset_store/merged_peninsula/images/IMG_9987.jpg,6,gps,IMG_9987.HEIC,9,2,2,train,train,train,train,train,train,train,val,train,train,train,train,train,train,train,val,train
IMG_9988,dataset_store/merged_peninsula/images/IMG_9988.jpg,6,gps,IMG_9988.HEIC,45,2,2,val,train,train,train,train,train,train,val,train,train,train,train,train,train,train,val,train
IMG_9989,dataset_store/merged_peninsula/images/IMG_9989.jpg,6,gps,IMG_9989.HEIC,21,2,2,train,train,train,train,train,train,train,val,train,train,train,train,train,train,train,val,train
IMG_9989-HEIC,dataset_store/merged_peninsula/images/IMG_9989-HEIC.jpg,0,gps,IMG_9989(1).HEIC,1,5,5,val,val,train,train,train,train,train,train,train,val,train,train,train,train,train,train,train
IMG_9990,dataset_store/merged_peninsula/images/IMG_9990.jpg,6,gps,IMG_9990(1).HEIC,25,2,2,train,train,train,train,train,train,train,val,train,train,train,train,train,train,train,val,train
IMG_9990-HEIC,dataset_store/merged_peninsula/images/IMG_9990-HEIC.jpg,0,gps,IMG_9990.HEIC,1,5,5,train,val,train,train,train,train,train,train,train,val,train,train,train,train,train,train,train
IMG_9991,dataset_store/merged_peninsula/images/IMG_9991.jpg,6,gps,IMG_9991(1).HEIC,16,2,2,train,train,train,train,train,train,train,val,train,train,train,train,train,train,train,val,train
IMG_9997,dataset_store/merged_peninsula/images/IMG_9997.jpg,0,gps,IMG_9997.HEIC,14,0,0,train,val,train,train,train,train,train,train,train,val,train,train,train,train,train,train,train
IMG_9998,dataset_store/merged_peninsula/images/IMG_9998.jpg,0,gps,IMG_9998.HEIC,17,0,0,train,val,train,train,train,train,train,train,train,val,train,train,train,train,train,train,train
IMG_9999,dataset_store/merged_peninsula/images/IMG_9999.jpg,0,gps,IMG_9999.HEIC,12,0,0,train,val,train,train,train,train,train,train,train,val,train,train,train,train,train,train,train
